polymer_name,actual_Tg,rf_predicted_Tg,xgb_predicted_Tg
polymer_0,72.0,91.40942100246804,94.47001
polymer_1,85.0,59.755871321677525,67.958305
polymer_2,71.0,61.38175908271301,42.37149
polymer_3,200.0,183.63512665250255,208.20631
polymer_4,200.0,64.85416329912617,84.93813
polymer_5,200.0,152.9203579576418,155.20825
polymer_6,250.0,173.93417238924718,117.714226
polymer_7,200.0,148.92952600278957,103.59994
polymer_8,200.0,152.7566162172259,199.1646
polymer_9,200.0,164.29103468629071,175.44833
polymer_10,136.0,121.46956060561934,144.83807
polymer_11,200.0,121.22537419345586,118.41127
polymer_12,180.0,146.80325721670786,155.60626
polymer_13,160.0,145.22215982368138,167.47357
polymer_14,160.0,44.34372159664877,65.289795
polymer_15,110.0,97.50581026316047,60.611183
polymer_16,60.0,125.35701029969462,101.98243
polymer_17,250.0,124.71023883425588,120.71659
polymer_18,75.0,171.26622523694235,159.26898
polymer_19,200.0,151.83221842827547,164.6893
polymer_20,200.0,147.409162257684,159.23328
polymer_21,200.0,116.20763294850131,125.47253
polymer_22,-5.0,181.51178734618713,197.61913
polymer_23,200.0,86.88746353170144,109.13507
polymer_24,200.0,71.65565865933948,62.677414
polymer_25,190.0,78.69990098913063,93.47193
polymer_26,150.0,81.63032240655185,92.06544
polymer_27,90.0,106.35895432794324,137.71793
polymer_28,215.0,183.71134574315218,186.11325
polymer_29,200.0,78.81961358039528,66.69361
polymer_30,40.0,69.64715853504042,92.91094
polymer_31,110.0,88.03152208962733,76.31176
polymer_32,170.0,108.25684862709659,136.74913
polymer_33,150.0,111.94620967037525,155.50708
polymer_34,72.40000000000003,76.08478173143831,64.47953
polymer_35,20.0,58.3237775062823,50.280495
polymer_36,36.0,58.0431610001587,54.419933
polymer_37,42.0,35.45108609510338,29.169788
polymer_38,200.0,147.091090468641,140.05836
polymer_39,110.0,83.9680601401848,146.95393
polymer_40,420.0,248.36758856226055,265.5782
polymer_41,130.0,133.24367936068003,190.99207
polymer_42,170.0,101.38506327777468,126.08593
polymer_43,180.0,150.5167845826329,161.36139
polymer_44,190.0,150.71307746851136,171.22011
polymer_45,-4.0,-10.401721618896262,-7.433824
polymer_46,-72.99999999999997,109.34471613926023,109.42324
polymer_47,249.0,204.57216135538667,203.4839
polymer_48,232.0,158.55439297146492,166.03474
polymer_49,183.0,183.3363315932751,126.15896
polymer_50,176.0,172.39814466125605,172.08961
polymer_51,167.0,141.22939243488463,183.82616
polymer_52,210.0,216.42986970802914,236.24176
polymer_53,4.0,33.56602135584375,30.778685
polymer_54,120.5,86.68016680801406,88.41042
polymer_55,-17.0,52.93882920497066,41.510437
polymer_56,-3.0,80.00452360075396,47.04477
polymer_57,-7.0,38.93383664543897,22.426994
polymer_58,91.0,69.17360426335021,63.31635
polymer_59,-57.99999999999997,30.948656195699865,37.300846
polymer_60,163.0,102.14316728692829,69.46726
polymer_61,65.0,118.42989685909073,136.02933
polymer_62,74.0,60.322675435397635,52.579914
polymer_63,94.0,60.322675435397635,52.579914
polymer_64,135.0,75.67997105627025,77.45339
polymer_65,2.300000000000012,43.81049883910127,34.77365
polymer_66,83.0,53.701395220915565,50.24878
polymer_67,207.40000000000003,98.33369836795059,108.00087
polymer_68,31.0,117.24714884484494,120.46238
polymer_69,-34.99999999999997,42.92220088560959,24.934528
polymer_70,20.0,-15.067851571921256,-31.907623
polymer_71,-46.99999999999997,-18.125977203264096,-37.919308
polymer_72,-82.99999999999997,-34.1290737711956,-44.67542
polymer_73,-52.99999999999997,-56.06074731733094,-56.145897
polymer_74,-79.99999999999997,-23.914691816604673,-19.394417
polymer_75,39.5,97.08665921949209,46.481327
polymer_76,16.0,60.34187818071684,15.755351
polymer_77,11.0,60.992737221568994,46.49605
polymer_78,0.0,69.28926542146897,34.905304
polymer_79,-77.99999999999997,-34.93597637144293,-47.29991
polymer_80,-52.99999999999997,-34.93597637144293,-47.29991
polymer_81,73.0,33.650098607779924,67.25044
polymer_82,88.20000000000005,37.714969038075715,87.42003
polymer_83,170.0,152.57043708237677,164.54471
polymer_84,220.0,164.0788931075777,199.66228
polymer_85,240.0,241.22015059965096,261.89322
polymer_86,178.0,175.0702120063187,173.1291
polymer_87,199.0,143.5004889442181,202.3285
polymer_88,221.0,142.0762658468895,161.93396
polymer_89,197.0,165.23822366422854,175.07329
polymer_90,239.0,180.12867145383518,153.08675
polymer_91,33.0,43.201994225328825,35.16152
polymer_92,30.0,46.266718791309216,35.398884
polymer_93,85.0,73.05368046278411,83.07802
polymer_94,90.0,93.78879000862797,93.71301
polymer_95,116.0,73.05368046278411,83.07802
polymer_96,17.0,36.10251536085593,22.918617
polymer_97,7.5,35.73805539906104,27.978966
polymer_98,16.0,33.60623170526194,23.492025
polymer_99,39.0,21.117771957030893,12.874543
polymer_100,215.0,104.68110665860314,92.0742
polymer_101,235.0,200.92437675209922,188.31972
polymer_102,190.0,197.32347255017265,196.53731
polymer_103,186.0,197.44289022491202,202.21185
polymer_104,240.0,203.74229520497508,209.45836
polymer_105,190.0,198.04743819530762,200.41782
polymer_106,196.0,199.65679635853968,197.42084
polymer_107,87.0,84.04728633159387,94.31739
polymer_108,63.0,95.9089275378231,98.87979
polymer_109,94.5,95.9089275378231,98.87979
polymer_110,96.40000000000003,92.42751494598836,95.00618
polymer_111,96.70000000000005,91.67663342594658,92.800186
polymer_112,107.8,91.67663342594658,92.800186
polymer_113,117.70000000000005,95.9089275378231,98.87979
polymer_114,122.0,93.99821077777659,75.41874
polymer_115,80.0,43.45689429932077,60.598946
polymer_116,10.0,51.05767995891096,70.16176
polymer_117,45.0,34.562515174674964,28.361715
polymer_118,52.0,100.53603634641823,96.68857
polymer_119,74.0,33.60966418816898,28.324581
polymer_120,55.0,95.6796566405871,82.81364
polymer_121,31.0,57.50673533846195,71.76519
polymer_122,37.0,58.3012295929131,67.98619
polymer_123,18.0,50.32129129328363,40.54632
polymer_124,-19.99999999999997,55.20921937656258,82.78637
polymer_125,82.0,157.63550023303642,139.69716
polymer_126,69.0,80.66620519110627,82.71821
polymer_127,54.0,73.79659923513415,89.91225
polymer_128,22.0,23.890187206362835,27.469944
polymer_129,4.0,8.62138038566615,19.715094
polymer_130,-17.99999999999997,23.325945969206703,52.656796
polymer_131,6.0,-4.981691854571383,0.3568986
polymer_132,-16.0,-6.3181892264504755,-2.0794365
polymer_133,-17.99999999999997,-11.874113087606835,-15.255133
polymer_134,-20.99999999999997,71.61274125593071,52.570923
polymer_135,-55.99999999999997,26.350151163430994,57.146183
polymer_136,-39.99999999999997,-11.819099716336453,-49.96348
polymer_137,32.0,50.31935794533284,37.455353
polymer_138,79.0,60.772375560127465,63.684628
polymer_139,161.0,154.37966813861908,150.73982
polymer_140,178.0,174.97293734477964,157.2946
polymer_141,179.0,178.62768569929042,185.22151
polymer_142,195.0,173.07642554593795,175.31784
polymer_143,198.0,168.56175244300934,175.445
polymer_144,176.0,168.62548206298092,169.12958
polymer_145,171.0,168.21201153420586,169.7518
polymer_146,142.0,113.80070760113158,143.44762
polymer_147,130.0,123.73590467647392,127.2399
polymer_148,110.0,121.83432404114217,126.81793
polymer_149,106.0,93.68028740943438,129.91216
polymer_150,158.0,134.56592642345865,138.4643
polymer_151,157.0,167.4656079318787,168.22731
polymer_152,141.0,154.37966813861908,150.73982
polymer_153,150.0,174.97293734477964,157.2946
polymer_154,177.0,168.56175244300934,175.445
polymer_155,165.0,174.10639898340906,174.36768
polymer_156,248.0,230.6829840423776,232.76878
polymer_157,287.0,187.90084572457891,185.4086
polymer_158,174.0,189.57168257383088,191.68564
polymer_159,162.0,177.95844848892324,179.81027
polymer_160,253.0,215.74482744701447,201.74138
polymer_161,178.0,145.5237587097819,141.76558
polymer_162,179.0,177.14143264672424,177.65485
polymer_163,190.0,237.10600254169492,211.49014
polymer_164,190.0,217.89310794516285,193.71686
polymer_165,133.0,105.77365522317436,115.70062
polymer_166,67.0,76.02467184488866,57.47349
polymer_167,-12.599999999999966,28.71435433984291,70.43628
polymer_168,-16.099999999999966,28.71435433984291,70.43628
polymer_169,-22.99999999999997,28.71435433984291,70.43628
polymer_170,80.0,68.29746720154716,54.108227
polymer_171,130.0,98.24375909676539,113.41441
polymer_172,78.0,84.82828550825394,86.80544
polymer_173,84.0,30.99939584359585,63.750984
polymer_174,96.0,30.99939584359585,63.750984
polymer_175,104.0,31.40961012931013,66.067955
polymer_176,126.0,226.96359042811565,200.39569
polymer_177,72.0,77.84485369313786,96.957016
polymer_178,50.0,67.63953239570054,84.13418
polymer_179,108.0,110.56508187447452,128.80013
polymer_180,167.0,212.72220720463048,225.20949
polymer_181,225.0,211.8347433247609,216.3246
polymer_182,135.0,154.27990170464923,140.78215
polymer_183,187.5,65.88637052939697,72.94379
polymer_184,174.0,63.16931098594431,79.17139
polymer_185,67.0,52.85319936531471,22.741693
polymer_186,-60.49999999999997,82.81621590663846,95.85418
polymer_187,78.0,115.42139745555423,79.843735
polymer_188,56.0,100.92261927434726,81.80068
polymer_189,100.0,76.05272932071937,48.754513
polymer_190,179.0,166.91973582617163,149.27116
polymer_191,152.0,250.4420827034869,229.37944
polymer_192,148.0,178.16916505680152,177.87163
polymer_193,214.5,171.5499123701011,190.87827
polymer_194,193.0,166.9702632766689,187.85077
polymer_195,123.5,151.82265736287962,150.0499
polymer_196,114.5,169.47141699036266,161.53827
polymer_197,128.0,192.77925925925928,194.99396
polymer_198,152.0,135.32434788598255,146.52965
polymer_199,236.0,185.98068723991298,201.98853
polymer_200,200.0,204.16567572742093,227.11945
polymer_201,84.0,88.0795884200136,100.080734
polymer_202,84.0,88.0795884200136,100.080734
polymer_203,89.0,91.6410259532285,97.07833
polymer_204,87.0,83.37401609099129,96.625565
polymer_205,106.0,72.16392052640896,89.74103
polymer_206,86.0,172.28572829303735,150.69785
polymer_207,163.0,187.8392545882584,163.29253
polymer_208,135.0,195.61126772822175,174.48564
polymer_209,200.0,163.69014742063493,154.83682
polymer_210,113.0,80.69544851848441,93.35589
polymer_211,100.0,72.16392052640896,89.74103
polymer_212,123.0,71.34782696484099,89.52302
polymer_213,189.0,121.19597399583733,115.11723
polymer_214,204.0,187.63934281023177,200.31427
polymer_215,192.0,207.0226665022519,208.86325
polymer_216,240.0,177.5084384619919,196.01837
polymer_217,234.0,190.7772037797236,194.51003
polymer_218,203.5,202.3907688657479,213.29974
polymer_219,193.0,211.60889122669366,216.16702
polymer_220,250.0,288.84639628761244,300.3536
polymer_221,166.0,142.88908432539685,162.88828
polymer_222,250.0,208.41756571342984,214.35548
polymer_223,202.0,246.443032311292,250.68471
polymer_224,339.0,312.6386199255286,343.19122
polymer_225,248.5,237.4411957547174,234.47636
polymer_226,251.5,247.93533562287925,264.30048
polymer_227,278.0,256.51102232248275,255.91823
polymer_228,280.0,265.76181542132315,276.2104
polymer_229,271.0,288.7403637047351,279.00388
polymer_230,284.1,289.253889698194,289.472
polymer_231,235.0,256.0172237175658,240.67986
polymer_232,225.0,207.30508710048122,210.02785
polymer_233,240.0,219.142797979798,219.02553
polymer_234,293.5,299.41783568484624,286.60553
polymer_235,344.0,291.1196259633598,300.51968
polymer_236,355.0,257.2853390515668,277.18814
polymer_237,250.0,288.94099546353624,321.25034
polymer_238,166.0,206.8741055870372,205.52045
polymer_239,284.0,292.84031465580546,311.07428
polymer_240,195.0,224.99719725433786,205.05782
polymer_241,150.0,199.66277777777776,203.6731
polymer_242,195.0,199.66277777777776,203.6731
polymer_243,220.0,180.8211270782458,196.71338
polymer_244,235.0,225.8933600718481,211.83522
polymer_245,238.0,204.1115394366748,212.04482
polymer_246,285.0,251.25004489772527,261.40106
polymer_247,302.0,264.74547737348274,247.98468
polymer_248,248.4,218.08446343842783,224.3901
polymer_249,234.20000000000005,209.35153253095743,227.18896
polymer_250,231.70000000000005,216.6318535993515,224.49277
polymer_251,283.4,212.7672857419784,195.92058
polymer_252,321.0,297.6723646343153,296.252
polymer_253,327.0,315.22470153928515,331.76407
polymer_254,166.0,180.01983773433966,188.41379
polymer_255,252.0,255.50355460773352,257.51138
polymer_256,270.0,272.00722955474345,281.86502
polymer_257,244.0,240.93597779297482,245.4815
polymer_258,243.0,248.7069138146021,243.12276
polymer_259,260.0,207.71113970948758,224.3091
polymer_260,255.5,238.83135548898522,238.55484
polymer_261,272.0,268.90143166694065,256.14734
polymer_262,147.5,204.51246654942915,200.0267
polymer_263,181.40000000000003,270.48950050570767,227.32811
polymer_264,207.40000000000003,239.7035032593161,233.19817
polymer_265,208.05,202.48506032140088,216.04893
polymer_266,268.0,233.85639179077154,235.49768
polymer_267,160.0,197.63626406325702,204.72908
polymer_268,200.0,168.357079022829,176.03987
polymer_269,225.0,184.90295288392164,200.84605
polymer_270,240.0,222.8020227030766,221.9398
polymer_271,273.0,253.93379912387317,252.9184
polymer_272,294.5,274.3877229033431,266.49152
polymer_273,305.0,278.3493552949771,280.00443
polymer_274,195.5,247.4478376031457,243.40923
polymer_275,251.0,253.93379912387317,252.9184
polymer_276,230.0,233.85639179077154,235.49768
polymer_277,232.5,245.16164354948947,254.67613
polymer_278,263.0,256.54004229024196,266.8581
polymer_279,283.0,286.96390952614195,275.25912
polymer_280,263.0,197.24215583099203,200.98016
polymer_281,251.0,235.22761837808991,237.31837
polymer_282,230.0,243.3268665948732,229.85538
polymer_283,208.0,261.1140825312202,237.92897
polymer_284,196.0,190.56183187259893,201.40274
polymer_285,300.0,293.0367967951614,277.18314
polymer_286,321.0,309.00474969531507,326.62927
polymer_287,270.0,240.3941729696645,263.6761
polymer_288,176.40000000000003,200.60973122827144,189.8188
polymer_289,198.0,200.78605880528062,192.54367
polymer_290,250.0,288.6519360339628,309.49512
polymer_291,85.0,75.16201295981335,53.65792
polymer_292,124.0,96.00063131969767,84.13395
polymer_293,137.0,95.7978807089829,101.75384
polymer_294,120.0,107.45394777961855,86.596794
polymer_295,-29.99999999999997,71.62232824215407,61.098614
polymer_296,9.0,54.47775919110843,52.206272
polymer_297,17.0,71.10129538893192,76.187195
polymer_298,14.0,82.7252091968005,81.46735
polymer_299,53.0,61.17802179339133,79.83295
polymer_300,60.0,61.17802179339133,79.83295
polymer_301,67.0,88.21116984126985,63.239746
polymer_302,93.0,88.21116984126985,63.239746
polymer_303,61.0,84.69748187830687,69.78757
polymer_304,9.0,13.414532417788156,7.8901725
polymer_305,9.0,10.055136899898386,5.1642137
polymer_306,7.0,12.733918344776114,6.337158
polymer_307,4.0,13.414532417788156,7.8901725
polymer_308,46.0,83.2500150793651,57.65286
polymer_309,83.0,126.39024646658027,104.44805
polymer_310,80.0,95.55063504197898,74.23473
polymer_311,140.0,135.2476139277767,173.70763
polymer_312,119.0,147.05109685906177,151.5044
polymer_313,152.0,119.12871741836634,127.27319
polymer_314,117.0,129.62239708987522,142.01576
polymer_315,152.0,103.8763006069593,122.22354
polymer_316,94.0,116.72537100395215,104.686134
polymer_317,131.0,93.36882944585038,97.764175
polymer_318,94.0,84.2698649424597,93.65627
polymer_319,73.0,104.38280011685066,113.54193
polymer_320,-28.99999999999997,-5.069894462475813,-26.1987
polymer_321,-37.99999999999997,-16.265896758351634,-3.99134
polymer_322,-46.99999999999997,-22.778978994845854,12.760958
polymer_323,-57.99999999999997,-22.778978994845854,12.760958
polymer_324,-58.99999999999997,-22.778978994845854,12.760958
polymer_325,12.5,81.79739832415665,57.949535
polymer_326,99.0,142.35679543293904,101.48448
polymer_327,113.0,85.39122945058968,109.47255
polymer_328,138.0,75.75072400324801,95.69656
polymer_329,289.0,233.31709800475676,247.4234
polymer_330,279.0,263.04896627137214,243.23758
polymer_331,110.0,89.95703985695715,121.09243
polymer_332,96.0,122.77573445394366,115.72828
polymer_333,112.0,72.65918578459844,59.640068
polymer_334,93.0,172.6995519023909,148.37169
polymer_335,134.0,121.67689410093301,169.47113
polymer_336,56.0,87.63008571894599,83.26585
polymer_337,95.0,84.90877273246542,79.21412
polymer_338,126.0,100.32017574887794,107.00722
polymer_339,170.0,110.01343654843882,129.22382
polymer_340,50.0,82.53939071072567,67.716415
polymer_341,96.0,81.6794646925755,73.32551
polymer_342,45.0,150.82099098838796,138.75526
polymer_343,23.0,72.16332893642613,55.495735
polymer_344,275.0,255.01983749116354,264.16162
polymer_345,290.0,274.8938141123128,288.96088
polymer_346,253.0,256.5787359914394,279.55026
polymer_347,275.0,276.6705689436555,277.50348
polymer_348,293.0,273.0479515645229,288.9805
polymer_349,310.0,278.19800821476963,298.93024
polymer_350,266.0,254.6890041578302,264.89926
polymer_351,149.0,202.19023956691194,202.15585
polymer_352,223.0,224.70070820955146,243.2478
polymer_353,192.0,203.8353118812449,219.7802
polymer_354,260.5,277.400971643124,284.46677
polymer_355,258.5,262.8671892561488,244.89796
polymer_356,256.5,263.413107880896,243.82034
polymer_357,266.5,270.79512659499613,275.95596
polymer_358,203.0,237.49169558993506,226.5174
polymer_359,367.0,301.34165041751504,295.61072
polymer_360,311.0,325.84610908550286,345.27368
polymer_361,305.0,314.7300900324337,304.08264
polymer_362,313.0,313.4639729651838,290.28262
polymer_363,258.0,262.98861277217793,267.8179
polymer_364,273.0,254.62005245136132,258.83316
polymer_365,276.0,266.0019488809493,268.96414
polymer_366,186.0,176.21622868155075,181.92236
polymer_367,207.0,217.6745151130491,222.70392
polymer_368,424.0,325.32756000773236,340.25134
polymer_369,301.0,268.19639331445336,263.93668
polymer_370,254.0,280.87268800349244,246.27922
polymer_371,263.0,286.16803121324926,284.38022
polymer_372,253.0,275.6268458335939,283.69772
polymer_373,281.0,266.17874194596686,273.06232
polymer_374,275.5,259.77801403239243,269.30902
polymer_375,350.0,184.66926527624764,186.0831
polymer_376,317.0,193.3377166262493,188.1151
polymer_377,275.0,216.34611957569308,224.77295
polymer_378,213.20000000000005,193.72155780004942,191.24829
polymer_379,287.0,258.4824760473249,247.76312
polymer_380,239.0,254.00809528448139,262.05502
polymer_381,233.0,241.43854666123283,235.10391
polymer_382,203.0,193.3889596133665,211.40877
polymer_383,203.5,197.45116674014716,210.81223
polymer_384,215.0,187.71415160910243,192.12747
polymer_385,248.0,248.30496154227038,254.86613
polymer_386,235.0,215.3166445054421,221.08473
polymer_387,205.0,214.06096634260896,200.36214
polymer_388,173.0,191.08598858305922,196.27591
polymer_389,278.0,243.24151354070176,250.39203
polymer_390,262.0,255.69250270064668,261.84354
polymer_391,259.0,242.57532294724078,241.19356
polymer_392,238.0,237.13073766482222,232.29506
polymer_393,243.0,231.9791524424286,237.9105
polymer_394,120.0,133.4185666301148,136.18587
polymer_395,245.0,246.87564318216104,242.96913
polymer_396,233.0,241.6436487666176,233.4801
polymer_397,200.02500000000003,170.85767656320033,180.58676
polymer_398,152.0,164.61716889366565,161.76779
polymer_399,147.0,184.4106828438127,196.4641
polymer_400,174.0,189.93237636929524,177.86043
polymer_401,166.0,166.74392730831508,153.66287
polymer_402,157.0,165.13341756440386,161.92372
polymer_403,149.0,153.69716771395093,132.06177
polymer_404,122.0,125.33859501945946,107.69818
polymer_405,185.0,166.85346195275045,169.57552
polymer_406,175.0,163.91403286070656,195.75406
polymer_407,197.0,179.28236927387258,202.24426
polymer_408,136.0,86.1301326762805,104.92049
polymer_409,124.0,60.048528460795445,79.07392
polymer_410,83.5,54.67446528535887,54.94806
polymer_411,45.900000000000034,71.26742565311699,70.74736
polymer_412,30.0,73.48006927096102,77.89003
polymer_413,260.0,297.9743924641086,295.20404
polymer_414,285.5,276.56754736492536,271.8059
polymer_415,286.0,294.6660759199321,291.88657
polymer_416,307.0,283.150339065868,294.92236
polymer_417,313.0,244.5505129409894,262.8159
polymer_418,254.0,278.51634650389167,287.35727
polymer_419,268.0,236.73310769023874,245.67987
polymer_420,274.0,250.81450441366206,270.06488
polymer_421,366.0,305.1674983624003,324.46576
polymer_422,345.0,314.98728191772733,303.97873
polymer_423,216.42,191.5911300550679,213.6618
polymer_424,130.0,114.99541051488343,111.0552
polymer_425,75.0,84.22739421108771,59.208027
polymer_426,252.0,232.19614868531363,234.08792
polymer_427,200.0,189.00590808853292,198.97264
polymer_428,259.0,273.55150883929076,275.6088
polymer_429,260.0,266.1775956896021,267.09326
polymer_430,272.0,269.0202821490653,271.76245
polymer_431,290.0,260.54775236210793,260.09283
polymer_432,252.0,258.9903590578677,258.21964
polymer_433,273.5,275.88218649835324,275.14136
polymer_434,245.0,277.72017058602506,291.88742
polymer_435,260.0,277.0304458405683,279.96286
polymer_436,282.0,263.496616973751,279.8348
polymer_437,190.0,216.33075533076598,206.4832
polymer_438,229.0,229.58044169390976,233.41753
polymer_439,205.0,224.22337555458492,220.01378
polymer_440,187.0,185.85445834405135,197.97809
polymer_441,167.0,202.46766314227784,208.76808
polymer_442,225.0,190.884012997681,202.71696
polymer_443,245.0,254.00809528448139,262.05502
polymer_444,276.0,261.34632313720834,266.87338
polymer_445,282.0,266.5357168265439,260.20428
polymer_446,231.0,136.01907472768707,151.25348
polymer_447,230.0,252.97035243027193,260.4235
polymer_448,223.0,229.94955206378367,244.96616
polymer_449,243.0,247.2112432730881,250.60762
polymer_450,268.0,249.26570111208233,250.06273
polymer_451,223.0,240.61794869343075,243.25119
polymer_452,242.0,245.45758088167602,245.15475
polymer_453,313.0,292.5058016045321,305.352
polymer_454,312.0,303.93631594829384,310.0789
polymer_455,179.0,160.5863025758129,169.0935
polymer_456,260.0,257.75371243015684,254.50491
polymer_457,290.0,250.97194341340625,275.94196
polymer_458,169.0,164.61716889366565,161.76779
polymer_459,128.0,126.2587645721352,130.02931
polymer_460,152.0,157.61426586402177,146.90149
polymer_461,222.0,176.08970371596422,198.01323
polymer_462,181.0,175.44146122453844,172.17558
polymer_463,162.0,184.7717997451618,165.34314
polymer_464,190.0,191.24461049601365,174.73033
polymer_465,175.0,167.44213283848538,172.8213
polymer_466,231.0,240.56163839133296,236.5524
polymer_467,229.0,211.2656569805997,204.64107
polymer_468,242.0,292.98375427174636,292.194
polymer_469,214.0,210.343317561626,207.36185
polymer_470,260.0,209.64165059871902,212.28648
polymer_471,252.0,229.55345994735734,228.99785
polymer_472,195.0,235.33474935921743,236.39633
polymer_473,253.0,246.98132974893377,252.33882
polymer_474,215.0,247.2284632480143,234.67343
polymer_475,252.0,241.89638739406894,244.3015
polymer_476,266.0,248.61248135796447,260.01614
polymer_477,243.0,236.73310769023874,245.67987
polymer_478,201.0,208.33769719250537,211.7423
polymer_479,275.5,245.92710456811707,249.04756
polymer_480,145.0,158.16164618846204,149.93492
polymer_481,150.5,163.96329543091616,172.45973
polymer_482,146.0,160.47863415722284,162.39458
polymer_483,146.0,206.21001605227346,201.06822
polymer_484,134.0,156.83119538606653,157.38605
polymer_485,157.0,164.1711985459371,159.6932
polymer_486,225.0,167.14102230140608,175.90869
polymer_487,220.0,215.93010872004334,227.35136
polymer_488,248.0,195.6771324233855,227.13954
polymer_489,124.0,159.97646957179086,159.09232
polymer_490,206.0,224.1909046346755,219.24438
polymer_491,198.0,195.59111149395085,210.42741
polymer_492,186.0,203.41929397817844,209.38814
polymer_493,205.0,195.0963846644535,203.7749
polymer_494,154.0,164.46149737925765,171.95207
polymer_495,389.0,371.56075273882,363.42044
polymer_496,210.0,242.40265908351964,247.68599
polymer_497,194.0,208.71150101576288,212.49191
polymer_498,239.0,239.8470849734733,240.10292
polymer_499,199.0,226.28941092324632,214.89095
polymer_500,247.0,192.5730113703516,193.46552
polymer_501,146.0,149.90075764295412,142.31598
polymer_502,123.0,125.33859501945946,107.69818
polymer_503,198.0,232.84812582787714,224.9778
polymer_504,167.0,199.44754361548138,183.45717
polymer_505,125.0,155.29598978537442,140.71925
polymer_506,216.0,212.6846080715385,207.55289
polymer_507,248.0,245.9589844559385,236.13782
polymer_508,207.0,190.4173849441554,201.36713
polymer_509,207.0,190.99100658125383,196.4128
polymer_510,201.0,182.48938377568768,151.90623
polymer_511,213.5,193.54172259940265,202.47089
polymer_512,262.0,257.6722904611377,249.0749
polymer_513,254.0,248.3881058937768,251.46036
polymer_514,217.0,216.4301924965238,226.53203
polymer_515,213.0,229.03325202989998,238.1989
polymer_516,87.5,122.07628522866224,116.9521
polymer_517,113.0,122.07628522866224,116.9521
polymer_518,127.0,104.4514696889764,106.16068
polymer_519,265.0,290.9660809792071,286.8703
polymer_520,197.0,293.36490291793734,297.66525
polymer_521,274.0,286.88161669796074,264.98398
polymer_522,323.0,292.6846835563503,282.84534
polymer_523,315.0,298.3342469225634,301.4969
polymer_524,253.0,271.8837179975364,256.96146
polymer_525,324.0,305.897312496048,303.46744
polymer_526,194.0,231.9752099101971,231.85329
polymer_527,223.0,224.31405442660156,215.68251
polymer_528,229.0,224.31405442660156,215.68251
polymer_529,262.0,262.0760442555146,263.8862
polymer_530,103.5,140.6073748138843,160.63858
polymer_531,111.5,140.6073748138843,160.63858
polymer_532,128.0,133.31038696146985,114.48478
polymer_533,382.0,291.5024103532983,323.15442
polymer_534,305.0,281.817752795407,303.0967
polymer_535,355.0,289.6787236112452,304.3688
polymer_536,260.0,269.71821156480473,272.45886
polymer_537,254.0,255.64579608620866,252.31671
polymer_538,240.0,273.87629936959877,274.76608
polymer_539,303.0,299.29252573983234,308.1199
polymer_540,229.0,244.51322579013504,238.78218
polymer_541,289.0,291.48266766182047,292.99185
polymer_542,267.5,268.7786415049268,279.5436
polymer_543,262.5,269.90833437688093,273.43182
polymer_544,308.03,307.1204346246335,321.9172
polymer_545,311.0,299.15088715475025,318.09543
polymer_546,282.0,295.69715765945955,303.49005
polymer_547,376.0,302.5907638434219,349.75534
polymer_548,261.0,159.73015862392862,219.11752
polymer_549,302.0,280.9716617676315,297.48627
polymer_550,347.0,280.9716617676315,297.48627
polymer_551,317.0,277.08423367804824,274.92798
polymer_552,241.0,241.70485081307288,242.80423
polymer_553,225.0,255.62013577160135,249.69034
polymer_554,245.0,257.6897808087784,260.59396
polymer_555,281.0,284.5292951619616,290.29474
polymer_556,290.0,287.24579343835023,295.03775
polymer_557,305.0,317.49329305858475,335.21606
polymer_558,270.0,289.20314709706906,289.49414
polymer_559,229.0,247.61051713124562,236.68243
polymer_560,236.0,237.3283471645185,231.47824
polymer_561,214.0,285.3657961283562,297.79218
polymer_562,200.0,160.36350252525253,165.08612
polymer_563,235.0,160.36350252525253,165.08612
polymer_564,246.0,225.84059961360063,231.11967
polymer_565,246.0,253.0102264488147,252.391
polymer_566,314.5,238.4652005541119,211.67085
polymer_567,225.20000000000005,234.15098088924148,200.01552
polymer_568,242.0,237.97706971138828,221.14265
polymer_569,220.0,247.30865097539208,231.2343
polymer_570,156.0,240.32007408578366,247.6196
polymer_571,160.0,162.20572335130245,172.82915
polymer_572,165.0,185.99758400896832,186.41277
polymer_573,155.0,164.88456109643414,166.84665
polymer_574,252.5,252.9074486526213,249.04242
polymer_575,233.0,237.97838941219243,231.5543
polymer_576,220.0,242.22568514608133,237.66046
polymer_577,241.0,239.8902257807481,233.86856
polymer_578,244.0,252.86330096167458,250.32195
polymer_579,296.0,273.6026776909704,283.81876
polymer_580,237.1,247.92270611173782,251.91025
polymer_581,254.5,248.95594127335139,250.6228
polymer_582,249.0,250.0953396268529,250.3948
polymer_583,297.0,241.64468027993877,249.63303
polymer_584,260.0,236.90731314827218,232.34155
polymer_585,280.5,235.92114162538667,235.87498
polymer_586,282.5,253.07262918903095,252.01797
polymer_587,236.0,250.26532872425906,244.11665
polymer_588,307.0,297.03507240257136,320.75357
polymer_589,276.0,265.31374310482886,238.2945
polymer_590,246.0,298.0674572196116,288.68774
polymer_591,412.0,307.20468887023117,306.0603
polymer_592,331.0,306.28114036575613,306.2974
polymer_593,341.5,307.56744158590215,326.10602
polymer_594,294.0,296.53487416105804,292.37338
polymer_595,260.5,264.138995381828,257.1429
polymer_596,251.0,240.1870619272669,226.00246
polymer_597,259.0,273.25462182749584,282.49728
polymer_598,292.0,292.4304046851263,271.766
polymer_599,239.0,286.24875333181194,264.4916
polymer_600,311.0,283.693804247836,298.88483
polymer_601,235.5,265.009749184652,256.00427
polymer_602,240.0,266.3285926739789,258.64212
polymer_603,292.0,283.4651312882566,287.83517
polymer_604,264.5,267.0205596628989,245.32144
polymer_605,259.5,264.8409746213951,272.79004
polymer_606,292.0,291.1658375828993,286.486
polymer_607,290.0,284.2238481386061,269.78275
polymer_608,290.0,279.8681065629728,294.0356
polymer_609,155.0,171.76324999999997,151.97337
polymer_610,191.0,193.6794703277009,178.65117
polymer_611,176.5,241.67779056971673,240.52913
polymer_612,252.0,240.05537150705433,240.08586
polymer_613,232.0,244.3389997217231,245.12236
polymer_614,221.0,238.9524704822293,238.74287
polymer_615,211.0,212.85047032709045,215.4538
polymer_616,264.0,265.0374002653971,261.44202
polymer_617,305.0,271.70201548728903,268.45117
polymer_618,243.0,266.7551213024107,237.12
polymer_619,273.0,242.8299962179374,253.56352
polymer_620,289.0,286.69241745468713,292.31705
polymer_621,259.0,271.4873564332515,273.8537
polymer_622,289.0,284.7547462623714,292.17328
polymer_623,290.0,288.4470476016258,295.96832
polymer_624,258.0,268.2479651116755,265.0816
polymer_625,285.0,271.64944295348954,279.13745
polymer_626,287.0,253.07262918903095,252.01797
polymer_627,259.0,237.9779849457742,249.11134
polymer_628,289.0,266.9368255196437,270.496
polymer_629,320.20000000000005,260.66462766584385,276.47232
polymer_630,198.0,255.27738328800552,249.9729
polymer_631,195.0,197.8645875376925,195.37045
polymer_632,281.0,246.0173337426155,241.55803
polymer_633,248.0,265.4649428882664,261.4632
polymer_634,246.0,237.03235668832804,231.5037
polymer_635,318.0,321.9894232941328,328.34473
polymer_636,325.0,313.35602472949,321.34634
polymer_637,325.0,313.35602472949,321.34634
polymer_638,320.0,323.08447334147337,328.82535
polymer_639,240.0,267.09247834949383,243.65149
polymer_640,255.0,263.53377302780706,252.18488
polymer_641,255.0,266.9461563599031,270.57758
polymer_642,271.0,273.1263618272599,270.0222
polymer_643,155.0,267.02057410372146,257.60367
polymer_644,318.0,323.01979211159215,322.98093
polymer_645,250.0,259.6771897508809,261.41354
polymer_646,159.0,152.33319653548938,159.87
polymer_647,212.0,227.19719353739416,208.36801
polymer_648,154.0,148.13165028679222,141.36786
polymer_649,123.0,159.82096249923117,150.57253
polymer_650,321.0,298.0978078312141,297.28195
polymer_651,276.0,274.6776509586459,241.24785
polymer_652,132.0,161.58360798605224,154.95636
polymer_653,230.0,264.7636710774248,264.21286
polymer_654,243.0,270.5911985156526,269.6428
polymer_655,205.0,203.86562133780998,206.16844
polymer_656,190.0,212.9081034311217,198.60486
polymer_657,174.0,175.69341796590345,175.67877
polymer_658,159.0,187.57143868503297,185.57278
polymer_659,270.0,242.0934112238525,243.64648
polymer_660,256.5,257.41995313476167,249.83809
polymer_661,244.0,235.96937504469523,225.98515
polymer_662,219.0,237.24411176843512,235.5441
polymer_663,202.0,215.7560778603048,216.13782
polymer_664,227.1,285.9888127213111,269.86664
polymer_665,247.0,289.38521443263454,283.88147
polymer_666,324.6,263.193147391546,247.99756
polymer_667,168.10000000000002,153.60672287446215,161.42572
polymer_668,194.0,206.17186361232277,193.93341
polymer_669,223.0,227.41272220502282,214.26668
polymer_670,145.0,122.86747917054684,116.736664
polymer_671,222.0,245.43498713437725,213.04716
polymer_672,222.0,239.68436415247018,227.63036
polymer_673,206.40000000000003,247.60099444693984,212.56804
polymer_674,236.0,237.680873415276,213.5276
polymer_675,226.90000000000003,252.18024629264048,225.45836
polymer_676,192.0,233.0513733335691,214.60904
polymer_677,192.0,220.27327242278858,184.95853
polymer_678,212.20000000000005,227.6788266404753,197.70586
polymer_679,208.0,232.8171379090849,210.77301
polymer_680,208.6,235.210526476037,260.07416
polymer_681,148.0,153.6542696116936,145.8543
polymer_682,195.0,190.52773901140728,193.20895
polymer_683,178.0,190.67680562120134,189.5015
polymer_684,139.0,151.0229971943063,148.05354
polymer_685,147.0,152.21500669370496,141.96674
polymer_686,136.0,129.13988884699893,109.05674
polymer_687,126.0,136.61943114844414,132.27611
polymer_688,114.0,127.32499810492818,108.30447
polymer_689,198.0,189.10688518909546,208.33621
polymer_690,290.0,280.0089298399479,290.96835
polymer_691,260.5,286.9386630645345,294.14706
polymer_692,240.0,278.02495279817447,270.0916
polymer_693,265.5,265.40222980045417,259.29355
polymer_694,242.0,267.85551065651936,271.83273
polymer_695,222.0,242.12073835751,236.92812
polymer_696,242.0,247.83703318026886,243.33128
polymer_697,287.0,283.4985920797977,300.14548
polymer_698,224.0,235.0604355834325,225.9646
polymer_699,232.0,235.52224268161817,235.18958
polymer_700,234.0,254.8552097813362,253.1017
polymer_701,137.0,142.93965640610065,146.50874
polymer_702,210.0,235.1262529823511,241.23172
polymer_703,239.0,234.52727491559892,233.32848
polymer_704,252.0,250.4974790852321,243.1772
polymer_705,248.0,243.51327002616125,240.02513
polymer_706,226.5,212.00203102960276,232.53171
polymer_707,213.0,188.5419640213047,190.17952
polymer_708,269.0,220.98465773398183,230.16899
polymer_709,202.0,208.1894179819013,201.74733
polymer_710,193.0,181.27025511178917,190.83817
polymer_711,178.5,174.31651488851455,187.73076
polymer_712,229.0,237.21723988276605,239.22427
polymer_713,175.0,185.02046194530018,170.10028
polymer_714,321.0,325.2566506649727,309.92175
polymer_715,265.0,289.0327535772603,264.09778
polymer_716,78.0,98.9218316303755,125.455086
polymer_717,50.0,56.12417215890584,65.81336
polymer_718,84.0,47.38502613092235,50.216496
polymer_719,149.0,134.13748601187342,102.12879
polymer_720,194.5,121.66166434135832,124.361305
polymer_721,236.5,123.34786462820354,124.92147
polymer_722,157.0,113.22858565374558,92.78431
polymer_723,116.0,73.3241146378898,67.878426
polymer_724,90.0,60.350440087950325,58.596294
polymer_725,85.0,33.684425848761094,26.767246
polymer_726,150.0,122.25234172924725,106.02324
polymer_727,246.0,154.96351714165112,151.0819
polymer_728,201.0,83.1945546269408,75.69716
polymer_729,212.0,147.43307733029556,157.45596
polymer_730,190.0,194.30858796961138,226.16364
polymer_731,232.5,87.6252794861982,77.761406
polymer_732,158.5,92.91114535099666,79.919334
polymer_733,-10.0,0.33819185293186127,-5.339168
polymer_734,29.0,0.37780480438390357,9.198194
polymer_735,-5.0,30.388023470448438,88.8254
polymer_736,35.0,11.650764706313348,57.257366
polymer_737,194.0,103.82998866939865,127.631996
polymer_738,206.0,91.47404870946973,88.5859
polymer_739,-59.99999999999997,-6.967242024528553,-21.85507
polymer_740,147.0,108.14829170620767,112.92785
polymer_741,198.0,115.48657464763673,112.14939
polymer_742,101.0,171.41893114851098,173.64062
polymer_743,122.0,139.1837405485541,140.80048
polymer_744,165.0,134.1749966534641,139.32152
polymer_745,135.0,163.18813186793292,155.28319
polymer_746,108.0,134.88459004446395,155.43071
polymer_747,31.450000000000045,41.998533800767646,46.986996
polymer_748,-10.0,-5.33556710777282,11.168615
polymer_749,87.0,30.176777465486552,45.286793
polymer_750,-10.0,12.288274336057963,-0.79382735
polymer_751,77.0,2.3970253207035013,20.668234
polymer_752,85.75,61.986408511030774,63.42522
polymer_753,70.0,49.76847213385117,49.44865
polymer_754,140.0,71.90363924825651,79.984245
polymer_755,13.5,33.84415727206303,32.480347
polymer_756,-15.0,39.736220652634216,5.9180803
polymer_757,102.0,59.066282723793705,49.362625
polymer_758,134.0,52.915900171572204,59.985085
polymer_759,94.0,59.88986146384696,75.56216
polymer_760,115.0,70.2286409285072,78.37954
polymer_761,0.0,-7.604963364431318,32.466152
polymer_762,1.0,36.037988457301275,37.170193
polymer_763,85.0,13.661971020444822,38.53791
polymer_764,97.0,52.78538073614027,84.08108
polymer_765,139.0,142.8299888847473,106.08467
polymer_766,-21.99999999999997,54.92347994306215,32.67923
polymer_767,277.0,198.73770291005292,220.63779
polymer_768,170.0,191.3964954596428,209.54292
polymer_769,330.0,112.49639261766369,118.80908
polymer_770,122.0,129.74495764219975,111.01758
polymer_771,100.0,136.9673552400034,131.97589
polymer_772,340.0,359.25917579546314,371.86823
polymer_773,282.0,269.81058112574493,280.50647
polymer_774,293.0,265.0556278460683,278.01144
polymer_775,267.0,265.0556278460683,278.01144
polymer_776,195.0,213.590111763643,218.99295
polymer_777,205.0,169.9785875779525,141.27199
polymer_778,232.0,204.9696870558016,199.03105
polymer_779,43.0,67.18935445606932,75.51273
polymer_780,61.0,76.90355394653841,81.9012
polymer_781,76.0,76.90355394653841,81.9012
polymer_782,75.0,67.18935445606932,75.51273
polymer_783,115.0,67.18935445606932,75.51273
polymer_784,130.0,98.90267748762305,99.6277
polymer_785,150.0,146.76819980206008,161.9985
polymer_786,288.0,192.06339462103517,219.73257
polymer_787,164.0,181.38579108890042,164.10172
polymer_788,167.0,185.07289842637977,191.83139
polymer_789,160.0,186.13848164285073,185.4918
polymer_790,179.0,199.8552185978031,191.55376
polymer_791,169.0,186.71065638200272,168.59093
polymer_792,172.0,196.4528921368164,206.69313
polymer_793,165.0,180.73285090983052,162.93187
polymer_794,183.0,207.6721662001038,194.7449
polymer_795,259.0,243.23385876308953,262.56973
polymer_796,230.0,159.20983592626968,191.58195
polymer_797,181.0,75.63662572410391,119.56558
polymer_798,335.0,229.01552591822053,243.00734
polymer_799,175.0,175.13780742349536,176.58823
polymer_800,195.0,187.58281230562446,197.62302
polymer_801,155.0,191.76177222606128,222.818
polymer_802,209.0,132.52041328274498,145.62753
polymer_803,328.0,93.03279475305445,155.27885
polymer_804,320.0,163.8547129110462,215.2036
polymer_805,300.0,156.464799578351,257.86182
polymer_806,260.0,220.84523715026253,283.5673
polymer_807,200.0,51.44731439862616,71.70215
polymer_808,254.0,117.5602974455042,108.177345
polymer_809,277.0,97.88897019279393,99.32005
polymer_810,176.0,106.75678759873936,87.1904
polymer_811,145.0,172.54940869677318,149.069
polymer_812,61.400000000000034,131.44596711035402,114.635666
polymer_813,305.0,260.35842486397405,299.11462
polymer_814,333.0,221.834706075321,264.33572
polymer_815,307.0,217.65618021214956,267.7091
polymer_816,350.0,174.89664408508168,196.38681
polymer_817,303.0,142.57887255941225,187.97836
polymer_818,134.0,148.07434110701112,203.94646
polymer_819,148.0,58.47050285960647,118.98895
polymer_820,33.0,183.9560321789762,236.52597
polymer_821,240.0,147.59834585655406,150.12074
polymer_822,327.0,219.64361849875078,228.55086
polymer_823,278.0,215.7621215741395,218.80779
polymer_824,58.05000000000001,68.04918823483732,42.93312
polymer_825,125.5,88.18621636464583,117.65939
polymer_826,311.0,260.29913638041546,267.8997
polymer_827,275.0,262.62079810527626,284.60397
polymer_828,278.0,278.09826943578815,282.40088
polymer_829,266.0,261.07850621140267,258.19278
polymer_830,220.0,92.6091642885306,112.47914
polymer_831,235.0,204.54089028978868,255.01656
polymer_832,252.0,178.6276522097362,199.45993
polymer_833,239.0,206.63699362367154,251.73747
polymer_834,65.10000000000002,104.15090236117773,107.20909
polymer_835,260.0,183.46873502348691,216.47623
polymer_836,257.0,230.53878975877578,234.57518
polymer_837,238.0,238.8575523839435,243.74129
polymer_838,217.0,247.5442008100778,249.05032
polymer_839,256.5,229.82187019196294,251.67174
polymer_840,215.0,239.42440751013268,215.06624
polymer_841,263.0,226.17473962731083,241.15805
polymer_842,108.0,92.64152083997121,79.60781
polymer_843,77.0,76.94120568974215,62.68298
polymer_844,131.0,97.77587203349458,122.25501
polymer_845,188.5,69.09818701372416,46.236767
polymer_846,256.0,98.09074666340138,93.69483
polymer_847,210.0,191.80270717693824,201.07431
polymer_848,125.0,125.67833657751042,160.53752
polymer_849,65.20000000000005,73.38080074671056,65.956085
polymer_850,250.0,60.87369500915395,47.612663
polymer_851,59.0,74.75233672667423,42.252228
polymer_852,35.0,70.18225819183228,67.64801
polymer_853,87.0,74.75233672667423,42.252228
polymer_854,53.0,74.75233672667423,42.252228
polymer_855,174.0,185.14927276034152,188.8253
polymer_856,198.0,166.17941810120968,173.3766
polymer_857,181.0,185.50862698443458,185.75862
polymer_858,190.0,166.17941810120968,173.3766
polymer_859,72.0,159.5452815022015,141.27132
polymer_860,24.0,95.63987287674873,83.540115
polymer_861,50.85000000000002,198.17837580168052,201.1374
polymer_862,208.0,184.34221780387065,185.99855
polymer_863,201.0,214.06559375120742,217.72119
polymer_864,193.0,203.81567198730596,188.87175
polymer_865,187.0,191.44643775076682,193.31108
polymer_866,208.0,199.9250703029209,203.8843
polymer_867,194.0,193.01926746117303,193.92003
polymer_868,223.0,216.7464259074638,225.30136
polymer_869,93.0,106.4748502078226,98.61514
polymer_870,198.0,210.2129727177469,196.18922
polymer_871,140.0,178.29880518312586,173.53624
polymer_872,48.0,77.73890343915342,74.97374
polymer_873,73.0,70.51241058201057,63.68945
polymer_874,74.0,71.89228825803825,61.52799
polymer_875,75.0,71.89228825803825,61.52799
polymer_876,99.0,157.43573535353534,126.88027
polymer_877,49.0,69.34940863214355,68.51826
polymer_878,62.0,64.87295568113375,64.13204
polymer_879,71.0,59.92062698412696,58.972797
polymer_880,48.05000000000001,80.37160884920637,51.643913
polymer_881,57.860000000000014,190.7666227417426,194.04575
polymer_882,211.75,179.7476274458207,155.93867
polymer_883,60.0,74.45383333333334,72.93835
polymer_884,72.0,61.30217596847594,55.325676
polymer_885,80.0,61.30217596847594,55.325676
polymer_886,109.0,92.60513206346073,88.186615
polymer_887,92.0,41.14464741200401,57.604664
polymer_888,103.0,41.14464741200401,57.604664
polymer_889,102.40000000000003,72.13967620254505,65.14268
polymer_890,265.0,235.4398897847798,224.06653
polymer_891,240.0,255.954615579639,243.92946
polymer_892,104.60000000000002,223.59827205387236,235.83504
polymer_893,238.40000000000003,143.73550456519402,94.518936
polymer_894,60.0,68.78765549895148,72.79531
polymer_895,93.0,-7.327982701097961,-11.971002
polymer_896,89.0,59.002879177066546,69.14126
polymer_897,-10.0,38.226321048833405,36.42226
polymer_898,76.0,52.00787129970041,60.271416
polymer_899,-8.199999999999989,6.371780885353077,-10.062151
polymer_900,65.0,60.796801356215326,67.218864
polymer_901,52.0,62.21380048456005,72.03622
polymer_902,115.0,191.24419444444445,227.68782
polymer_903,6.0,27.36355916459673,36.426216
polymer_904,2.0,37.50207809563912,-5.324218
polymer_905,11.5,34.240963168654055,15.396238
polymer_906,20.5,119.88785984122238,89.77558
polymer_907,21.0,68.65330086729406,54.865818
polymer_908,34.0,60.14952583274371,48.145134
polymer_909,53.0,89.51901014415549,61.93963
polymer_910,-4.0,70.24254995472606,14.088351
polymer_911,-9.0,36.00805302623034,23.098993
polymer_912,52.0,103.27904932227983,80.73096
polymer_913,27.65000000000004,81.73553011294152,82.73191
polymer_914,134.0,99.46326141930457,112.12445
polymer_915,112.0,117.141952696791,124.78696
polymer_916,114.0,105.84226045842765,120.7605
polymer_917,115.0,107.64690255790237,131.37514
polymer_918,130.0,119.79719987953862,134.46704
polymer_919,83.40000000000003,89.38418954527675,96.77414
polymer_920,77.30000000000001,97.10357260892503,95.126274
polymer_921,23.100000000000023,63.42150675131589,56.57265
polymer_922,55.80000000000001,50.784462860077824,27.35375
polymer_923,96.5,135.6471742870218,128.54866
polymer_924,77.0,78.95749661467599,75.94246
polymer_925,121.0,73.28053637083514,74.47551
polymer_926,139.0,136.46863866874764,146.33926
polymer_927,131.0,71.22107886871689,79.14933
polymer_928,99.0,59.475966308316636,62.21973
polymer_929,87.0,64.07113668014108,62.040615
polymer_930,59.0,64.07113668014108,62.040615
polymer_931,56.5,65.88796390456014,66.94633
polymer_932,52.0,65.58088694702346,66.46931
polymer_933,46.0,72.46792208599888,73.87377
polymer_934,50.0,72.46792208599888,73.87377
polymer_935,162.0,204.3603505773998,200.10886
polymer_936,222.0,217.7377519659491,203.69264
polymer_937,206.0,223.97616561364876,223.98064
polymer_938,220.0,202.36373053458854,201.62721
polymer_939,248.0,260.9134034391938,240.67805
polymer_940,53.0,128.00453894718578,139.58981
polymer_941,134.0,84.66468113335904,85.73036
polymer_942,108.0,63.724070861997234,87.16805
polymer_943,87.0,108.94345310903444,107.8102
polymer_944,128.0,136.8687508134472,180.76242
polymer_945,68.0,146.84295763475555,191.11813
polymer_946,211.0,98.8643394825758,114.01109
polymer_947,88.0,108.76903762354745,76.74731
polymer_948,47.0,109.39215997016387,95.00129
polymer_949,120.0,150.83162149453682,177.15161
polymer_950,140.0,74.49956258943483,77.93843
polymer_951,65.0,92.24333876817387,63.73143
polymer_952,51.0,68.2344533646298,80.57563
polymer_953,29.0,106.49070529577435,97.54535
polymer_954,72.60000000000002,178.94263125385658,152.81042
polymer_955,105.0,109.12199330801558,163.62659
polymer_956,113.0,27.542079976442697,49.817673
polymer_957,24.0,81.6889839311308,111.91257
polymer_958,-34.99999999999997,-21.216663606906625,-29.321095
polymer_959,23.0,41.72111568700802,25.60833
polymer_960,-10.5,-50.596856068928304,-69.71718
polymer_961,71.0,44.89411599777915,102.61374
polymer_962,70.10000000000002,38.310613663216216,114.52414
polymer_963,215.0,217.42951847368494,230.78778
polymer_964,28.0,104.68000185081263,65.3138
polymer_965,-35.99999999999997,130.50039056836277,115.51781
polymer_966,-9.0,78.21647755874615,53.32321
polymer_967,85.0,89.8482124421526,68.54057
polymer_968,113.0,80.52537587760976,86.66377
polymer_969,110.0,80.01124674777644,86.938416
polymer_970,21.0,66.74058294130084,64.74819
polymer_971,66.0,102.36025889115136,102.09693
polymer_972,50.0,64.34430180349455,51.016666
polymer_973,122.0,110.14055408853913,130.5913
polymer_974,163.0,110.82803609523137,126.19413
polymer_975,79.0,103.05990337493863,105.76836
polymer_976,174.0,143.23752050971143,157.62291
polymer_977,54.5,72.73079235038814,63.295525
polymer_978,65.0,63.19229169871893,81.44608
polymer_979,14.300000000000011,82.08179946295782,57.774666
polymer_980,60.0,53.449166546533704,52.561436
polymer_981,58.0,55.099669803631656,55.132107
polymer_982,36.0,61.169283286091776,58.01321
polymer_983,121.0,101.7389643490323,84.81409
polymer_984,68.0,91.08969079726253,82.14182
polymer_985,157.0,160.40217208029225,143.73738
polymer_986,147.0,165.81122288165497,161.91586
polymer_987,175.0,197.8258124054944,209.78957
polymer_988,230.0,103.76944484105954,132.67894
polymer_989,120.0,124.00713581265853,107.84797
polymer_990,243.0,191.462811760535,166.01993
polymer_991,210.0,181.1554222240349,213.4933
polymer_992,63.0,37.25094182984912,41.27189
polymer_993,33.0,34.62765173788374,34.80164
polymer_994,55.700000000000045,46.21881435840471,39.27979
polymer_995,23.40000000000004,53.93715039929881,32.79544
polymer_996,61.10000000000002,79.02838647206222,84.62488
polymer_997,68.5,79.02838647206222,84.62488
polymer_998,69.40000000000003,73.11683000660118,70.83582
polymer_999,90.0,73.11683000660118,70.83582
polymer_1000,153.0,60.04037147680066,51.34162
polymer_1001,78.70000000000005,68.46852996625721,72.93493
polymer_1002,104.0,122.24654155865231,124.67981
polymer_1003,167.0,125.40437246995357,136.87953
polymer_1004,155.0,131.68418555236195,131.38368
polymer_1005,205.0,213.8998805314288,238.35648
polymer_1006,46.0,53.1324814771133,49.224693
polymer_1007,44.0,53.031876724282334,42.46365
polymer_1008,38.0,53.031876724282334,42.46365
polymer_1009,33.0,57.51801479157758,57.181625
polymer_1010,147.0,101.54973497751999,104.15522
polymer_1011,74.0,87.6389256802753,64.305534
polymer_1012,58.0,56.77410627292103,65.68303
polymer_1013,59.0,54.05639981611634,63.163616
polymer_1014,130.0,54.3629639717197,50.031116
polymer_1015,62.0,56.77410627292103,65.68303
polymer_1016,92.0,35.51724646293847,63.026302
polymer_1017,79.5,99.19911112620106,79.082596
polymer_1018,103.0,157.5681236138808,214.25261
polymer_1019,213.0,238.56429354405148,221.80894
polymer_1020,195.0,286.7195284652948,291.9182
polymer_1021,141.0,148.7042312199375,152.85631
polymer_1022,118.0,151.77528826218997,152.4414
polymer_1023,164.0,130.05992635336938,117.49934
polymer_1024,135.0,133.83715399016933,118.364235
polymer_1025,227.0,172.12532781445253,214.88045
polymer_1026,223.0,177.78031569617355,216.18633
polymer_1027,165.0,83.24578001437582,74.57193
polymer_1028,115.0,127.18916510608561,119.87291
polymer_1029,129.0,139.22222525893994,159.73586
polymer_1030,60.0,97.71557053623634,125.6743
polymer_1031,61.0,91.51038152184618,98.6297
polymer_1032,95.0,100.99209449039405,91.64159
polymer_1033,38.10000000000002,46.063796138102795,68.42303
polymer_1034,28.700000000000045,34.97172845098477,43.060555
polymer_1035,34.5,37.47758807316981,47.29015
polymer_1036,9.5,43.40963071446638,30.589985
polymer_1037,257.5,235.74216000925148,218.24489
polymer_1038,178.0,128.51153292554315,130.30508
polymer_1039,165.0,97.63298432388855,66.74442
polymer_1040,134.0,142.02058577941193,152.33687
polymer_1041,156.0,111.75310319530664,109.07623
polymer_1042,145.0,173.4041119929453,149.6844
polymer_1043,143.0,169.9305505320819,140.48206
polymer_1044,-4.7999999999999545,75.27495075399735,54.32329
polymer_1045,5.2000000000000455,114.95394198449382,160.30043
polymer_1046,32.700000000000045,53.3820119780452,31.363932
polymer_1047,23.0,43.846392095367015,40.31688
polymer_1048,158.0,89.05965177439745,120.438736
polymer_1049,110.0,92.0293856113231,87.34295
polymer_1050,72.0,80.62263838863086,85.19706
polymer_1051,125.0,11.731598452941416,52.85549
polymer_1052,55.0,60.223031392325346,62.59615
polymer_1053,91.0,91.941953081351,82.284355
polymer_1054,88.0,86.165600716115,95.48123
polymer_1055,77.0,81.42588105244263,82.856514
polymer_1056,50.0,59.48608709398161,65.11016
polymer_1057,65.0,59.48608709398161,65.11016
polymer_1058,73.0,56.30690938071139,61.8764
polymer_1059,171.0,151.76402085170645,176.85481
polymer_1060,230.0,165.91553328313333,210.68448
polymer_1061,175.0,188.168807906857,186.70744
polymer_1062,208.0,170.3787713783714,204.10675
polymer_1063,249.0,168.24520255627343,182.11472
polymer_1064,222.0,197.24155982217655,231.68666
polymer_1065,27.0,55.4648116940014,48.190685
polymer_1066,3.400000000000034,10.758851057532569,11.441651
polymer_1067,109.0,31.149626324602433,61.186028
polymer_1068,-15.399999999999975,14.185938616042227,1.468189
polymer_1069,-32.99999999999997,-17.53421965562097,-39.15296
polymer_1070,-46.99999999999997,-8.023927508978828,-31.017096
polymer_1071,-49.99999999999997,23.981771886556707,7.6104145
polymer_1072,-35.099999999999966,-6.968072056226791,-24.409544
polymer_1073,16.0,44.13024572734587,6.0489507
polymer_1074,92.40000000000003,63.77943595548888,52.347652
polymer_1075,-37.099999999999966,31.63381222356625,29.587183
polymer_1076,-41.49999999999997,-11.123342897152243,-18.277546
polymer_1077,45.0,40.20833127645497,28.616812
polymer_1078,180.0,137.0133913025854,110.1311
polymer_1079,144.0,48.622223371149495,43.593773
polymer_1080,50.0,51.45145909593725,51.13985
polymer_1081,32.5,48.31590285347623,55.0796
polymer_1082,131.0,82.62205656700229,108.26658
polymer_1083,97.5,31.410668505412954,37.64289
polymer_1084,145.0,133.08104456962204,141.13437
polymer_1085,156.5,133.7173712633016,141.18227
polymer_1086,80.0,130.6419672061796,130.23022
polymer_1087,237.0,183.22916748055627,216.81998
polymer_1088,210.0,194.1627340429485,222.7754
polymer_1089,207.0,164.5677163984577,182.37776
polymer_1090,125.0,128.8498427534721,103.13999
polymer_1091,40.5,12.033906505379987,2.289558
polymer_1092,-14.0,75.3010207219332,24.721767
polymer_1093,75.0,161.30464325255974,165.08388
polymer_1094,37.0,96.97517245061671,60.936573
polymer_1095,16.0,76.22452398749428,79.458374
polymer_1096,-14.0,42.6290671834652,41.796635
polymer_1097,23.0,35.85608384422231,43.988792
polymer_1098,-35.99999999999997,-20.623824254909636,-8.644553
polymer_1099,180.0,129.7682778334964,168.4389
polymer_1100,180.0,139.57495574137363,150.94286
polymer_1101,180.0,146.11817640201755,130.40688
polymer_1102,132.0,31.676883504948474,27.021784
polymer_1103,94.0,65.9741787714165,79.99101
polymer_1104,52.0,26.8250368234903,40.009747
polymer_1105,-71.49999999999997,-54.82630605390184,-53.530262
polymer_1106,-46.99999999999997,-19.474773819081552,-31.007875
polymer_1107,-68.99999999999997,-53.86915672660111,-57.6502
polymer_1108,-66.99999999999997,-68.46931541638901,-68.457954
polymer_1109,-40.99999999999997,-68.46931541638901,-68.457954
polymer_1110,20.0,74.82837182503779,72.67033
polymer_1111,18.0,83.10315337581098,62.38853
polymer_1112,87.5,140.32834226465565,86.44684
polymer_1113,-30.99999999999997,34.31258874527262,1.3714209
polymer_1114,1.0,17.058868672236216,-22.357655
polymer_1115,62.5,156.9061937449398,121.526054
polymer_1116,-23.99999999999997,-25.912740083125982,-40.761845
polymer_1117,-66.99999999999997,85.41708729792803,42.62802
polymer_1118,-42.99999999999997,-19.29958361375224,-40.009785
polymer_1119,-60.99999999999997,-55.642420123056894,-69.11938
polymer_1120,-58.99999999999997,-28.48801667182148,-39.817932
polymer_1121,-78.99999999999997,-68.45266326769158,-67.782875
polymer_1122,-85.49999999999997,-70.4705668527264,-80.28605
polymer_1123,-56.99999999999997,-54.82888732616067,-69.45418
polymer_1124,-15.0,0.17281689614082035,-30.059282
polymer_1125,94.15000000000003,84.97086566083178,80.57907
polymer_1126,111.0,80.93555850728765,55.581776
polymer_1127,20.0,83.55685364784566,74.48454
polymer_1128,42.0,86.50415116696075,49.973114
polymer_1129,64.0,56.47751179606722,68.5144
polymer_1130,57.0,38.85866315215955,45.36941
polymer_1131,43.0,50.39923163574345,49.34728
polymer_1132,37.0,42.00620319240031,46.083096
polymer_1133,39.0,41.32653652573364,44.63201
polymer_1134,85.0,46.21993987845297,40.488438
polymer_1135,-43.99999999999997,-51.33048997883593,-45.90696
polymer_1136,-36.99999999999997,-19.6585922474757,-41.39157
polymer_1137,-56.99999999999997,-40.167180960356845,-52.38172
polymer_1138,-60.99999999999997,-44.48408400310052,-64.383125
polymer_1139,-64.99999999999997,-61.551699096631204,-71.970245
polymer_1140,-67.99999999999997,-60.28360316783017,-79.897575
polymer_1141,-34.99999999999997,53.58925040508732,67.3991
polymer_1142,39.0,70.03926433110587,50.114918
polymer_1143,-5.0,53.999728984373725,68.51772
polymer_1144,28.0,147.87090376270214,126.77246
polymer_1145,17.0,77.04207747389093,70.60001
polymer_1146,152.0,100.62693116284134,152.3529
polymer_1147,118.0,96.46008682895256,98.9323
polymer_1148,98.0,134.9574915498366,122.0523
polymer_1149,72.0,81.65195473779706,82.84012
polymer_1150,72.0,54.6627707213655,35.028564
polymer_1151,48.0,86.9656406937712,123.2931
polymer_1152,70.0,138.65456175297334,134.69958
polymer_1153,150.0,151.29569952490752,167.19443
polymer_1154,150.0,121.78427778888812,119.163
polymer_1155,152.0,136.4261467641643,131.5891
polymer_1156,149.0,140.84843261263077,191.24908
polymer_1157,80.0,89.96779118980048,70.85157
polymer_1158,99.0,99.885961812255,106.48647
polymer_1159,156.0,124.2960808648301,125.64659
polymer_1160,31.0,33.56971425386485,18.854023
polymer_1161,58.0,77.93359381673038,81.49011
polymer_1162,101.0,94.71980544482606,110.952034
polymer_1163,76.0,103.08389453458932,132.14513
polymer_1164,127.0,106.78641788549204,153.46085
polymer_1165,84.0,88.2830065781407,87.61333
polymer_1166,66.0,79.99696286078255,70.54033
polymer_1167,100.0,82.0586295274492,77.36325
polymer_1168,90.0,83.58526255126701,65.72618
polymer_1169,163.5,47.28809436672258,43.534637
polymer_1170,59.5,45.18488487259943,53.010166
polymer_1171,134.0,83.41005421914198,95.06575
polymer_1172,44.5,45.12673805694632,53.48371
polymer_1173,125.5,91.32845903447291,93.46285
polymer_1174,41.0,-14.49634093204073,-12.671486
polymer_1175,-24.99999999999997,75.82443765964756,107.444885
polymer_1176,34.0,24.617867788084364,21.093388
polymer_1177,12.5,65.54278259049183,49.76092
polymer_1178,-2.5,70.68751303154599,53.16256
polymer_1179,147.5,70.5322213130532,90.910164
polymer_1180,66.0,89.66113587080702,133.55661
polymer_1181,115.0,62.610032387931255,77.756256
polymer_1182,51.0,77.47898124060306,86.9948
polymer_1183,117.0,64.31948718824856,79.518234
polymer_1184,102.0,54.66021103833244,87.94529
polymer_1185,121.0,121.61993622062258,124.50344
polymer_1186,45.0,104.3561748661066,93.618515
polymer_1187,73.0,113.55190999079711,104.71291
polymer_1188,110.0,101.88816833935469,108.850685
polymer_1189,131.0,91.9997851909543,105.406
polymer_1190,116.0,120.3236318308537,130.99138
polymer_1191,182.0,96.2198830157514,109.15332
polymer_1192,171.0,129.6302221356711,165.7594
polymer_1193,156.5,111.95122966396082,148.14957
polymer_1194,90.5,150.93004946158635,157.38905
polymer_1195,35.0,205.21632425605236,212.29993
polymer_1196,65.0,104.00536659050373,120.54653
polymer_1197,161.70000000000005,103.97205088419386,102.87096
polymer_1198,75.0,82.98107465582294,88.63185
polymer_1199,108.0,64.6374191666072,66.62152
polymer_1200,112.0,119.87104076682517,102.44317
polymer_1201,85.0,95.71178584498932,89.40934
polymer_1202,80.0,106.30653151032521,92.03387
polymer_1203,49.0,83.24492988487192,68.24454
polymer_1204,60.0,83.86219167490232,85.421036
polymer_1205,165.0,142.75190338075672,156.65485
polymer_1206,196.0,140.88187960146425,160.17677
polymer_1207,110.0,140.82477167788747,149.58669
polymer_1208,194.0,136.4228820282701,159.16963
polymer_1209,183.0,149.3318043538546,154.2779
polymer_1210,125.0,118.55353846102555,109.60123
polymer_1211,147.0,112.08323666844966,96.82144
polymer_1212,199.0,110.33133851041656,182.54668
polymer_1213,180.5,129.29110715471936,127.44925
polymer_1214,100.0,110.90285543674594,107.857994
polymer_1215,109.0,100.5564334903133,96.64502
polymer_1216,119.0,93.28287666177812,100.917534
polymer_1217,145.0,117.93919380686017,142.95946
polymer_1218,89.0,107.93079486493245,137.2843
polymer_1219,75.0,107.52750772102647,108.01663
polymer_1220,85.0,106.5100617375462,90.03246
polymer_1221,185.0,102.8601600795128,108.26698
polymer_1222,153.5,99.51767782038593,93.18391
polymer_1223,101.5,67.83515181536744,109.348595
polymer_1224,58.0,71.64423329479092,67.089806
polymer_1225,57.0,86.73013152859345,99.82395
polymer_1226,91.0,59.654011250465544,63.796696
polymer_1227,144.0,62.4106441752654,82.94378
polymer_1228,128.0,74.43511680217489,84.62675
polymer_1229,128.0,167.03672659894346,193.74423
polymer_1230,92.5,91.71482208109965,92.43401
polymer_1231,118.0,113.99134393859066,125.38181
polymer_1232,140.0,86.6411919936497,92.11842
polymer_1233,-10.0,51.35646895059321,17.55607
polymer_1234,-15.0,52.98558533326768,56.33276
polymer_1235,12.5,52.98558533326768,56.33276
polymer_1236,47.0,31.959029966519203,15.392821
polymer_1237,77.0,40.013272804681144,51.727543
polymer_1238,105.0,99.87452923695136,68.49664
polymer_1239,84.40000000000003,44.848446084922564,32.136635
polymer_1240,108.0,63.92156671526997,66.99592
polymer_1241,142.0,56.53545729822061,64.55083
polymer_1242,105.0,88.87205163022894,94.54271
polymer_1243,200.0,130.12213837964052,152.95522
polymer_1244,127.0,150.62549976549965,160.31172
polymer_1245,114.0,76.38435327862246,82.14755
polymer_1246,105.0,52.86970358460879,55.85863
polymer_1247,68.5,54.0638766828665,54.01005
polymer_1248,124.0,115.11918107584978,98.49579
polymer_1249,115.0,40.717173157742316,40.30286
polymer_1250,130.0,159.28041966974902,111.293816
polymer_1251,35.0,75.8631728817917,68.99801
polymer_1252,31.0,71.07786308326085,76.716095
polymer_1253,143.5,232.76778805766182,232.81874
polymer_1254,94.0,55.905349055296476,55.68515
polymer_1255,52.0,50.54798900971894,69.2152
polymer_1256,91.0,55.180721981972226,39.500637
polymer_1257,1.0,59.99158407648017,52.89569
polymer_1258,47.0,53.13390947680011,47.427456
polymer_1259,23.0,46.814521130208114,38.15911
polymer_1260,110.0,55.765906224994154,69.37303
polymer_1261,27.0,67.97053495788892,73.24373
polymer_1262,57.80000000000001,53.66116599940142,63.546833
polymer_1263,60.0,45.82981167170049,35.796665
polymer_1264,10.0,-51.537525487357826,-43.84682
polymer_1265,23.0,33.3195761226304,26.224787
polymer_1266,23.0,32.34050757487211,24.141306
polymer_1267,43.0,43.97134892055251,55.453064
polymer_1268,40.0,41.43830354836026,41.515446
polymer_1269,43.0,43.63211092813373,45.871002
polymer_1270,45.0,43.496813383917655,38.191402
polymer_1271,40.0,42.690634848610955,38.21636
polymer_1272,50.0,37.849480244313014,35.862675
polymer_1273,44.0,42.35573352535562,41.838013
polymer_1274,84.0,33.3195761226304,26.224787
polymer_1275,23.0,39.527212349171435,30.776276
polymer_1276,-11.0,-43.37092324169937,-35.78347
polymer_1277,-41.14999999999998,46.45108892160189,37.15688
polymer_1278,-39.99999999999997,-34.94289991300667,-35.222076
polymer_1279,-47.89999999999998,7.044464824243357,3.2252536
polymer_1280,-71.99999999999997,7.044464824243357,3.2252536
polymer_1281,133.0,83.44174093784963,74.0486
polymer_1282,95.20000000000005,128.24551964311493,140.58098
polymer_1283,-99.99999999999996,7.044464824243357,3.2252536
polymer_1284,74.5,50.84405851103304,68.90571
polymer_1285,12.0,42.67415378675796,39.46107
polymer_1286,23.0,48.18069618222776,37.5727
polymer_1287,59.0,55.66086023188275,48.897083
polymer_1288,10.0,40.74927270797202,40.53493
polymer_1289,10.0,42.9640848853236,39.44387
polymer_1290,31.0,67.0382515591345,72.9047
polymer_1291,51.0,51.25559666649793,61.875584
polymer_1292,103.20000000000005,108.89074406025969,111.96951
polymer_1293,54.0,57.057920241211974,62.79454
polymer_1294,49.0,64.8186191267256,60.67397
polymer_1295,62.0,54.91830296529768,64.94538
polymer_1296,55.0,61.455587814238484,67.03264
polymer_1297,56.0,52.19974545458983,60.745415
polymer_1298,65.40000000000003,63.256144330446595,55.658344
polymer_1299,87.10000000000002,54.2925574816255,64.8374
polymer_1300,72.0,76.11617913072033,84.56574
polymer_1301,57.0,75.4489437323608,77.78731
polymer_1302,57.0,50.58631283039877,55.44503
polymer_1303,29.0,54.326221446310505,60.69968
polymer_1304,21.0,44.883682568407984,43.51161
polymer_1305,31.0,40.64095983524775,46.38348
polymer_1306,41.0,37.41126396112688,29.268288
polymer_1307,12.0,40.94205066483336,41.416214
polymer_1308,24.0,44.92768194948968,41.70258
polymer_1309,58.0,66.5992649198207,94.7808
polymer_1310,40.0,57.47728093531656,51.711937
polymer_1311,55.0,84.16826007373415,90.52047
polymer_1312,36.0,71.23360784056257,84.25466
polymer_1313,60.0,101.25743364441439,127.4824
polymer_1314,18.0,44.92768194948968,41.70258
polymer_1315,35.0,54.97899040648506,63.88123
polymer_1316,106.20000000000005,102.63374322174444,110.311035
polymer_1317,75.0,74.63462690167053,82.805786
polymer_1318,69.0,69.7784872686297,71.749596
polymer_1319,34.0,38.23990423399772,36.890293
polymer_1320,40.0,35.21011194044286,28.49907
polymer_1321,100.0,63.06500804327586,63.807796
polymer_1322,8.5,41.09824943663167,6.668569
polymer_1323,77.0,63.06050388898365,52.268276
polymer_1324,83.0,66.84577805537033,92.502556
polymer_1325,60.0,66.78525471743667,76.38849
polymer_1326,63.0,46.98316546495478,51.174004
polymer_1327,35.0,48.18069618222776,37.5727
polymer_1328,61.0,54.97899040648506,63.88123
polymer_1329,118.5,97.4920707037251,103.34439
polymer_1330,91.0,54.91830296529768,64.94538
polymer_1331,79.0,52.07782685384991,58.26959
polymer_1332,110.0,50.62779286806658,45.23471
polymer_1333,108.0,50.32470308894643,51.66297
polymer_1334,42.0,62.82501301344998,65.06297
polymer_1335,73.0,56.81183603508907,72.751915
polymer_1336,46.0,46.12849894625821,50.59795
polymer_1337,41.0,48.397506683842956,53.335045
polymer_1338,40.0,52.08870390432757,61.566353
polymer_1339,50.0,49.3013186254977,48.01093
polymer_1340,42.0,54.26448275400367,53.2498
polymer_1341,40.0,63.502796298937284,65.737305
polymer_1342,46.0,45.31675194764905,42.92314
polymer_1343,43.0,38.74461269998832,31.087128
polymer_1344,98.0,66.06896679685224,73.04582
polymer_1345,85.0,60.15541295691692,63.121326
polymer_1346,45.0,49.11063243935186,45.15168
polymer_1347,46.0,44.883682568407984,43.51161
polymer_1348,49.0,51.88168182511522,48.026905
polymer_1349,49.0,41.34787165696192,41.60054
polymer_1350,102.0,54.07616704175118,62.16499
polymer_1351,57.0,52.782968474482935,55.188053
polymer_1352,51.0,44.76093143754965,32.870598
polymer_1353,38.0,42.791007342893266,42.519466
polymer_1354,36.0,40.64095983524775,46.38348
polymer_1355,16.0,40.94205066483336,41.416214
polymer_1356,-1.0,38.413060289505815,35.425488
polymer_1357,39.0,38.23990423399772,36.890293
polymer_1358,38.0,45.48036637499736,20.071749
polymer_1359,31.0,60.41232921756275,58.97269
polymer_1360,194.5,188.3249924516737,203.71086
polymer_1361,73.0,45.834244990836,53.59174
polymer_1362,60.0,50.34082993187785,55.2218
polymer_1363,38.0,42.791007342893266,42.519466
polymer_1364,48.0,42.67415378675796,39.46107
polymer_1365,202.5,185.40351902887207,199.44958
polymer_1366,91.0,45.834244990836,53.59174
polymer_1367,80.0,50.97248168684645,57.169945
polymer_1368,45.0,44.883682568407984,43.51161
polymer_1369,77.0,47.74724905285112,54.147068
polymer_1370,69.0,44.76093143754965,32.870598
polymer_1371,57.0,41.27512160084095,42.43561
polymer_1372,51.0,38.745925744397276,40.414124
polymer_1373,34.0,36.50317396763063,25.853266
polymer_1374,10.0,36.50317396763063,25.853266
polymer_1375,88.0,35.21011194044286,28.49907
polymer_1376,203.5,179.7456059652755,198.50803
polymer_1377,9.0,67.7519979851184,30.625835
polymer_1378,50.0,51.98746401284397,43.04982
polymer_1379,132.0,54.28178971447826,60.627895
polymer_1380,59.200000000000045,67.0382515591345,72.9047
polymer_1381,12.5,38.025446098257646,27.85073
polymer_1382,131.0,81.31002003502044,110.22707
polymer_1383,97.0,58.09335485177005,78.2279
polymer_1384,68.0,104.2754494685484,121.15353
polymer_1385,84.0,47.05890802896641,53.279278
polymer_1386,9.0,66.06297060048263,64.976875
polymer_1387,72.35000000000002,61.133534340089575,46.994152
polymer_1388,85.0,36.83533131447529,16.584776
polymer_1389,211.5,146.96682324649603,194.8746
polymer_1390,113.0,74.9175938885366,100.074455
polymer_1391,90.0,59.966393966136685,80.347046
polymer_1392,28.620000000000005,30.202401533164807,28.189716
polymer_1393,107.0,119.0106006818043,105.338196
polymer_1394,120.0,111.55461432738284,100.06593
polymer_1395,123.0,125.57287710704767,102.889694
polymer_1396,110.0,116.74441466884299,119.61133
polymer_1397,43.0,96.92882926494345,74.67568
polymer_1398,26.0,28.483968709615475,39.89393
polymer_1399,119.0,111.98702723000528,94.07789
polymer_1400,95.0,107.6439772442991,119.76524
polymer_1401,144.0,106.79397181743661,111.599174
polymer_1402,116.0,105.7549163331484,102.683685
polymer_1403,126.0,111.57696353798873,117.26446
polymer_1404,140.0,124.84726811979446,163.83379
polymer_1405,98.0,102.02865331905382,89.55063
polymer_1406,37.5,82.10242628591462,64.676094
polymer_1407,105.0,119.57889881234601,114.79195
polymer_1408,53.0,101.36816778138677,137.66347
polymer_1409,41.0,55.43770596787285,67.01069
polymer_1410,24.0,36.51824414818828,45.435555
polymer_1411,92.0,95.83531221470587,101.06114
polymer_1412,-16.0,29.919293583836705,24.017536
polymer_1413,20.0,41.52001177754751,33.406593
polymer_1414,57.0,-9.752135732878417,-33.246773
polymer_1415,10.0,45.915699583793206,53.575222
polymer_1416,10.0,44.7146122107721,25.970749
polymer_1417,-57.99999999999997,32.456447465058744,26.081907
polymer_1418,20.0,56.617837709422396,53.08249
polymer_1419,37.0,62.94026448884161,35.14715
polymer_1420,27.0,89.2997337996358,95.64595
polymer_1421,57.0,62.94026448884161,35.14715
polymer_1422,95.0,62.07239299633722,31.186384
polymer_1423,55.0,48.06084917675236,54.755917
polymer_1424,89.0,47.94010462449641,53.09711
polymer_1425,115.0,84.48345342253714,89.441124
polymer_1426,109.0,83.70789189080365,103.21424
polymer_1427,109.0,87.51784877250775,94.190544
polymer_1428,112.0,105.81318300360674,113.327354
polymer_1429,137.0,51.421088216508494,34.16483
polymer_1430,142.0,106.97561393363094,116.22757
polymer_1431,25.0,52.17537488487289,47.07804
polymer_1432,-43.99999999999997,-14.77183768083289,-10.898177
polymer_1433,261.0,44.56951242759305,61.09336
polymer_1434,209.5,115.02698840326649,145.0855
polymer_1435,80.0,101.6099036693429,109.339874
polymer_1436,164.0,150.14319118134176,139.98985
polymer_1437,182.0,146.96432844523923,174.3395
polymer_1438,148.0,104.95915571023475,112.539116
polymer_1439,60.0,70.54439324163114,62.06817
polymer_1440,58.900000000000034,73.24716055638008,78.195244
polymer_1441,82.0,78.01131724629437,72.806694
polymer_1442,29.950000000000045,118.88325910203564,112.996605
polymer_1443,27.80000000000001,81.84786782816147,69.75008
polymer_1444,163.0,127.92156583802164,131.33476
polymer_1445,140.0,151.50365933473438,153.77818
polymer_1446,34.450000000000045,55.53799109786971,43.628742
polymer_1447,43.60000000000002,60.321209172970896,55.51421
polymer_1448,19.40000000000004,60.923502358406765,40.145206
polymer_1449,46.0,70.28602668755204,62.988953
polymer_1450,-2.0,7.867830100061698,-13.662472
polymer_1451,-32.99999999999997,33.770404499754385,-18.667439
polymer_1452,-91.99999999999996,33.770404499754385,-18.667439
polymer_1453,38.0,71.53465735893876,63.756542
polymer_1454,136.0,54.58387470928069,108.25968
polymer_1455,87.0,53.606184758034885,51.7772
polymer_1456,73.0,32.93088176238879,30.912687
polymer_1457,45.0,45.94786763816962,40.156998
polymer_1458,29.0,48.59436830127455,46.24944
polymer_1459,25.0,48.59436830127455,46.24944
polymer_1460,26.0,45.11376315829898,42.408367
polymer_1461,23.0,45.94786763816962,40.156998
polymer_1462,56.0,81.8450001371181,69.42426
polymer_1463,18.25,58.548120232992076,41.32025
polymer_1464,42.60000000000002,75.37634671507976,74.46172
polymer_1465,54.10000000000002,66.54155573044318,64.44627
polymer_1466,111.0,74.34226273893762,56.73606
polymer_1467,66.0,85.41149200947724,90.54705
polymer_1468,83.5,49.747588287798074,67.252556
polymer_1469,97.5,65.5602799557057,73.836006
polymer_1470,198.0,117.59977403410353,121.49774
polymer_1471,167.0,115.2572437317088,127.60466
polymer_1472,110.0,101.13459927511795,125.82028
polymer_1473,140.0,136.44734884746484,152.61882
polymer_1474,106.0,105.24977486491211,99.68172
polymer_1475,111.0,113.39756328734339,114.70577
polymer_1476,156.0,106.57290950343862,109.131134
polymer_1477,143.0,114.97211495667982,128.72708
polymer_1478,185.0,128.4883783682048,132.62373
polymer_1479,120.0,95.81844956716712,116.66447
polymer_1480,19.0,53.92318663332559,49.226643
polymer_1481,145.0,127.56712798544335,146.09264
polymer_1482,155.0,139.6587551237467,144.99411
polymer_1483,127.0,127.57348531914353,128.72185
polymer_1484,137.0,120.12675634249072,121.46037
polymer_1485,152.0,101.0743094855705,87.291916
polymer_1486,110.0,95.23577883742324,106.49167
polymer_1487,109.0,100.19091685889539,94.81969
polymer_1488,100.0,102.93411216132203,109.89557
polymer_1489,72.0,119.35469643289946,125.93839
polymer_1490,98.0,106.14410215582213,112.52349
polymer_1491,77.0,87.96113959418963,102.385666
polymer_1492,74.0,108.20851496054237,109.61555
polymer_1493,99.0,91.59230790389802,101.81843
polymer_1494,270.0,105.304411129567,112.78709
polymer_1495,118.0,110.83173373608855,103.27145
polymer_1496,91.0,134.47791616597365,135.21782
polymer_1497,109.0,113.27369746055417,98.661865
polymer_1498,131.0,144.73877006782513,138.37048
polymer_1499,95.3,114.85197318655332,126.62651
polymer_1500,101.0,110.32719381773626,122.18472
polymer_1501,113.5,111.7150419504608,112.84677
polymer_1502,120.0,110.23573947506806,119.21862
polymer_1503,110.0,108.41737397998055,108.54107
polymer_1504,88.70000000000005,103.51227557850453,113.662254
polymer_1505,27.0,19.993816810224743,15.716853
polymer_1506,67.0,-28.030445622256337,-6.7548633
polymer_1507,140.0,143.49360131401414,158.8427
polymer_1508,199.0,120.30555442104027,119.83921
polymer_1509,176.0,144.5544226612945,137.94016
polymer_1510,208.0,131.90823669328023,130.48163
polymer_1511,193.0,135.60177454437837,131.84496
polymer_1512,-74.99999999999997,85.08477482301026,77.060555
polymer_1513,141.0,111.10088466759287,119.0875
polymer_1514,100.0,71.7087368479087,95.025536
polymer_1515,158.0,143.66361126462118,153.7902
polymer_1516,180.0,168.2519717022072,185.66222
polymer_1517,159.0,86.99730830500464,110.998924
polymer_1518,95.0,55.386869877470915,60.690746
polymer_1519,144.0,168.65865470883836,193.41058
polymer_1520,197.0,149.5471007854382,155.56386
polymer_1521,60.0,114.05295600155567,116.42246
polymer_1522,142.0,103.83363829946668,104.77471
polymer_1523,105.0,114.21826671584141,124.32701
polymer_1524,124.0,114.21826671584141,124.32701
polymer_1525,125.0,36.382474698866744,21.855076
polymer_1526,135.0,89.45170618489351,89.5657
polymer_1527,65.5,60.833807933710695,56.180973
polymer_1528,83.0,86.64407289966012,72.47121
polymer_1529,46.5,40.67379882856983,45.116528
polymer_1530,48.0,42.20214356315502,63.773506
polymer_1531,24.0,32.08653037211413,19.11765
polymer_1532,7.0,44.28638467990338,50.10427
polymer_1533,2.0,-2.997781304556317,-7.0573654
polymer_1534,-7.0,-12.998867192586046,-11.122312
polymer_1535,-22.99999999999997,-2.997781304556317,-7.0573654
polymer_1536,-18.99999999999997,-2.997781304556317,-7.0573654
polymer_1537,-13.0,-3.1158336060558134,-9.432605
polymer_1538,47.0,35.6342009071076,28.772722
polymer_1539,-8.0,67.10069183511128,40.494087
polymer_1540,43.0,49.59286208457704,51.828884
polymer_1541,34.0,18.99829193784268,27.78942
polymer_1542,-40.49999999999997,-12.719667835336312,-21.035917
polymer_1543,-18.99999999999997,-9.18579384971423,-34.11488
polymer_1544,-40.49999999999997,-9.18579384971423,-34.11488
polymer_1545,45.0,75.72663832922426,68.38138
polymer_1546,55.0,66.99088768532224,55.272186
polymer_1547,119.5,110.01050994698133,130.824
polymer_1548,110.5,99.55487619772231,112.108315
polymer_1549,94.5,97.2897678048188,124.98695
polymer_1550,73.5,69.88984510113355,97.07149
polymer_1551,111.0,59.32819750466357,70.98185
polymer_1552,132.0,102.632244813054,95.918785
polymer_1553,27.0,71.65594204922428,62.448715
polymer_1554,34.0,56.88578523578156,64.435715
polymer_1555,83.5,64.64867203408623,75.08961
polymer_1556,53.0,35.63849216605385,37.847965
polymer_1557,34.0,51.23824154766771,51.757034
polymer_1558,43.0,57.85346806474984,60.345848
polymer_1559,125.0,126.47207688586226,169.07774
polymer_1560,66.0,42.32473714127498,66.98922
polymer_1561,61.0,57.30206112037387,72.27351
polymer_1562,42.0,42.91662577703344,52.0609
polymer_1563,112.5,73.23101701134618,94.66533
polymer_1564,153.0,79.2836412001904,81.54214
polymer_1565,142.0,76.76573941276989,115.17883
polymer_1566,102.0,86.6283285771263,98.03927
polymer_1567,94.0,84.59023630027451,89.37335
polymer_1568,127.0,60.95155746512988,97.79452
polymer_1569,63.0,56.130408295983564,43.7005
polymer_1570,60.0,40.423493157252885,46.312714
polymer_1571,75.0,49.79044346810282,58.94485
polymer_1572,99.0,52.671660473030244,67.83197
polymer_1573,90.5,62.82287692383094,86.9493
polymer_1574,124.0,63.039735843494626,75.38642
polymer_1575,62.0,55.72711917294859,80.69293
polymer_1576,53.0,57.409202268752004,60.15186
polymer_1577,87.5,57.409202268752004,60.15186
polymer_1578,53.0,58.68290231437313,65.409676
polymer_1579,6.0,56.69657275486312,58.786514
polymer_1580,142.0,70.25076900886225,98.18952
polymer_1581,49.0,40.38888319744679,36.86748
polymer_1582,99.85000000000002,11.387557281597259,18.911386
polymer_1583,-60.14999999999998,37.06144467985846,33.028885
polymer_1584,114.0,55.978912142041835,79.32872
polymer_1585,108.0,99.28411987163571,113.83291
polymer_1586,150.0,76.41562298368889,77.8457
polymer_1587,72.5,43.510905917073984,65.70672
polymer_1588,171.0,79.30546295433686,78.59101
polymer_1589,72.5,72.82667392360592,80.89867
polymer_1590,85.0,78.05014722838604,114.074135
polymer_1591,116.85000000000002,108.83618717660475,130.12439
polymer_1592,68.0,78.60758196840057,23.05879
polymer_1593,-53.14999999999998,59.232225198952555,56.35678
polymer_1594,57.0,64.49790982940604,47.94473
polymer_1595,141.5,92.60204087598507,93.33953
polymer_1596,26.0,66.149663773109,80.199066
polymer_1597,64.0,109.80104289152251,103.848656
polymer_1598,55.0,117.11490645902096,89.2586
polymer_1599,76.0,104.6137412831608,119.93856
polymer_1600,128.0,243.91110085225247,211.0319
polymer_1601,70.0,83.76066866962344,78.36239
polymer_1602,63.0,90.96569787113313,118.03247
polymer_1603,42.30000000000001,26.085875739339155,14.898913
polymer_1604,-5.0,31.273935416428927,28.44043
polymer_1605,-6.0,29.673860890622898,12.623717
polymer_1606,70.5,47.14430618585919,51.908257
polymer_1607,10.0,36.2890312606701,44.20936
polymer_1608,9.0,37.03860931056596,12.143484
polymer_1609,5.0,17.03062848524481,25.664696
polymer_1610,35.0,33.00596855001429,59.47314
polymer_1611,104.0,98.17769551792756,86.41391
polymer_1612,183.0,91.82227139525486,82.34359
polymer_1613,15.0,100.65271812767733,77.808716
polymer_1614,100.0,74.80435078982485,62.35575
polymer_1615,37.0,78.50633568301313,77.98621
polymer_1616,22.850000000000023,-6.302841388484123,4.0525618
polymer_1617,22.0,-14.569445411717844,-3.5617607
polymer_1618,-31.99999999999997,-6.987319251758978,-24.218288
polymer_1619,-7.0,-1.8861646857021537,8.634189
polymer_1620,48.0,87.72959061259299,90.18972
polymer_1621,-17.0,-33.85107379314627,-39.02285
polymer_1622,-38.99999999999997,-20.558280771883847,-27.49797
polymer_1623,-36.99999999999997,-28.31386133482585,-33.696888
polymer_1624,-34.99999999999997,-26.761251049960926,-1.0030019
polymer_1625,-29.99999999999997,-28.829365258029654,-23.633371
polymer_1626,-25.99999999999997,-22.97389003046176,-29.200974
polymer_1627,-67.99999999999997,-15.311989359824166,-19.239222
polymer_1628,-67.99999999999997,-21.695618741000136,-32.078365
polymer_1629,-48.99999999999997,-19.225861954545934,-23.000221
polymer_1630,-54.99999999999997,-32.02985043632956,-30.55372
polymer_1631,-21.99999999999997,-4.107846148349583,-10.451649
polymer_1632,3.1000000000000227,-10.489438434585763,-3.3303103
polymer_1633,50.0,157.38244592914188,106.39759
polymer_1634,42.0,31.169365532948493,16.229433
polymer_1635,4.0,-21.648933092079275,-30.87945
polymer_1636,-55.99999999999997,-20.558117871426347,-26.29176
polymer_1637,52.0,-35.09240090319714,-28.224058
polymer_1638,-12.0,-35.09240090319714,-28.224058
polymer_1639,-56.99999999999997,-49.10568449861283,-55.052746
polymer_1640,-56.99999999999997,-46.19016830364084,-55.701393
polymer_1641,38.0,36.655795103947234,23.09617
polymer_1642,-59.99999999999997,-44.777195336331424,-52.59727
polymer_1643,15.0,35.19188797204484,27.01048
polymer_1644,67.0,50.52971579752417,58.936398
polymer_1645,50.0,43.88596146233642,42.50215
polymer_1646,15.0,45.41204349340036,46.270557
polymer_1647,15.0,34.05052273419178,26.584677
polymer_1648,29.0,69.75917284677813,116.49402
polymer_1649,15.0,35.19188797204484,27.01048
polymer_1650,15.0,34.05052273419178,26.584677
polymer_1651,12.0,44.90914378628731,39.425243
polymer_1652,20.0,35.19188797204484,27.01048
polymer_1653,30.0,31.57511494955684,22.05348
polymer_1654,45.0,39.20069474707855,35.55228
polymer_1655,41.0,45.43121805301837,36.882122
polymer_1656,35.80000000000001,43.757291965223,50.728462
polymer_1657,19.5,34.93538010301936,26.061104
polymer_1658,29.5,36.75865838051392,31.11029
polymer_1659,-58.99999999999997,-30.99906375160486,-24.945562
polymer_1660,48.0,44.90914378628731,39.425243
polymer_1661,30.0,28.431744225095443,20.797743
polymer_1662,53.0,38.24393358821498,35.518166
polymer_1663,40.0,30.652282847081448,20.423388
polymer_1664,30.0,38.95352236432156,42.497368
polymer_1665,36.700000000000045,43.757291965223,50.728462
polymer_1666,-69.99999999999997,-59.278527419460445,-53.326538
polymer_1667,68.0,44.90914378628731,39.425243
polymer_1668,-66.49999999999997,-49.680849351802266,-34.748104
polymer_1669,-61.49999999999997,-54.995000303228665,-58.105373
polymer_1670,54.25,45.238564166541174,49.796864
polymer_1671,45.60000000000002,52.05577123533659,55.99881
polymer_1672,48.0,55.66799790572961,19.94976
polymer_1673,17.0,57.384755203681365,49.192024
polymer_1674,-64.99999999999997,-61.34592600101742,-50.23903
polymer_1675,-75.99999999999997,-52.47814157238274,-59.24225
polymer_1676,-57.99999999999997,-20.310487597048105,-28.970049
polymer_1677,83.0,52.50304734544611,54.00502
polymer_1678,-38.99999999999997,-21.75975558575909,-6.4079747
polymer_1679,102.0,122.17147387584087,103.92016
polymer_1680,87.0,127.76431791805585,140.91852
polymer_1681,20.700000000000045,-40.35195813862638,-34.61284
polymer_1682,-33.99999999999997,-22.83093577118248,-19.94079
polymer_1683,60.80000000000001,73.74821563631035,82.706566
polymer_1684,-21.99999999999997,-27.970761724761026,-23.275732
polymer_1685,-49.99999999999997,-27.564449539864004,-38.49426
polymer_1686,-44.99999999999997,-12.905026742400306,-37.837814
polymer_1687,-37.99999999999997,-16.316753530311065,-16.582378
polymer_1688,-16.0,-37.131156110377624,-56.385937
polymer_1689,-39.99999999999997,-31.320303893485278,-42.95073
polymer_1690,45.0,46.042947295746856,49.61137
polymer_1691,46.0,36.52321041230945,40.72025
polymer_1692,70.0,76.58930698013457,97.05205
polymer_1693,22.0,78.14204683067632,60.336613
polymer_1694,-59.99999999999997,-30.752129795911053,-34.386066
polymer_1695,-70.99999999999997,-53.67305683917879,-60.321365
polymer_1696,-23.99999999999997,-29.906851819734324,-41.980423
polymer_1697,-49.99999999999997,-3.187958202120915,-28.567623
polymer_1698,-57.99999999999997,-25.73770903551954,-39.985306
polymer_1699,-3.0,56.64343716459624,51.09253
polymer_1700,106.8,92.17722035511729,107.18461
polymer_1701,15.0,-1.633328376030749,9.186016
polymer_1702,181.0,56.19228612281811,70.60891
polymer_1703,44.0,106.80602280313654,81.149635
polymer_1704,9.25,53.75910299745048,28.768497
polymer_1705,114.40000000000003,29.046738809714594,57.012005
polymer_1706,145.0,62.70521245786352,48.294575
polymer_1707,64.0,80.47316911572604,61.529762
polymer_1708,54.0,63.93986855289733,38.152027
polymer_1709,110.0,70.25187285343246,79.16867
polymer_1710,140.0,72.45200569357876,83.63014
polymer_1711,134.0,107.62245924344515,106.822174
polymer_1712,92.0,91.47067705247177,200.8656
polymer_1713,125.0,66.79274663083142,72.10409
polymer_1714,67.0,53.74140262849855,49.49247
polymer_1715,37.0,66.9123421587588,76.02786
polymer_1716,13.0,42.80115665658631,38.5477
polymer_1717,16.25,65.2330568159818,70.92882
polymer_1718,47.0,39.94369420680879,37.047592
polymer_1719,48.0,34.972129501503495,40.52353
polymer_1720,78.0,195.5150788585727,255.47794
polymer_1721,71.0,76.32184251714459,86.32828
polymer_1722,42.5,74.49477436309375,85.111145
polymer_1723,330.0,72.0975063986485,74.41508
polymer_1724,60.0,154.12492816353196,202.6637
polymer_1725,50.5,77.19839804325224,82.695984
polymer_1726,73.30000000000001,109.18922465461753,102.74137
polymer_1727,38.0,56.08884968777478,48.28137
polymer_1728,24.0,62.01463457652267,47.053062
polymer_1729,24.5,64.0557522022955,49.292675
polymer_1730,47.0,64.67527146796624,37.82041
polymer_1731,85.0,89.70811199089539,101.614426
polymer_1732,60.0,75.40250802227439,76.27642
polymer_1733,51.5,76.18879719386292,55.39048
polymer_1734,46.0,83.81599009914542,65.71904
polymer_1735,30.0,71.13791784843096,43.41364
polymer_1736,72.0,77.01840771703321,79.78258
polymer_1737,318.0,72.27765933593531,67.84578
polymer_1738,44.0,93.06129100341055,126.11018
polymer_1739,101.5,81.80377069504075,79.042496
polymer_1740,103.5,84.99676407824512,104.98982
polymer_1741,62.5,78.43508806195658,81.176384
polymer_1742,42.0,75.45556011264381,67.14746
polymer_1743,59.5,82.23132397433436,87.05283
polymer_1744,49.25,79.48665639463142,65.22838
polymer_1745,44.0,61.46666437498597,53.26272
polymer_1746,63.0,89.82547099748427,80.42485
polymer_1747,46.0,76.4621306033937,63.35149
polymer_1748,50.10000000000002,98.21488668651611,195.19467
polymer_1749,115.0,57.4517995452309,65.25392
polymer_1750,-48.349999999999966,81.19193819950505,49.99106
polymer_1751,131.0,104.5165599108097,116.3647
polymer_1752,132.0,77.43844372066545,81.87248
polymer_1753,141.0,68.38193124885532,47.800976
polymer_1754,186.0,89.802255988646,91.27182
polymer_1755,190.0,50.65091809975916,41.45919
polymer_1756,35.200000000000045,-7.21567901263323,12.699083
polymer_1757,60.0,87.15223476711782,84.01327
polymer_1758,75.0,68.0808405390406,60.354485
polymer_1759,40.0,107.88863627292227,100.65178
polymer_1760,-49.99999999999997,-22.77724391178866,-16.453203
polymer_1761,-34.99999999999997,-22.403572262335604,-22.868612
polymer_1762,-6.0,-26.62005704016691,-27.998726
polymer_1763,10.0,-26.62005704016691,-27.998726
polymer_1764,-23.99999999999997,-26.62005704016691,-27.998726
polymer_1765,55.0,-32.69595255444117,-32.914555
polymer_1766,-87.99999999999997,-26.62005704016691,-27.998726
polymer_1767,-6.0,17.61993303885295,28.087828
polymer_1768,30.0,0.4252603116811902,26.71217
polymer_1769,70.0,34.74323226678942,41.910545
polymer_1770,132.0,-13.069339063178937,28.395124
polymer_1771,10.0,49.49968371244395,53.96872
polymer_1772,190.0,21.886496450362053,33.281284
polymer_1773,153.0,157.50157039251545,132.32263
polymer_1774,144.0,138.07931527364704,139.73605
polymer_1775,151.0,150.21152039533652,140.31511
polymer_1776,160.0,111.39981654255895,127.38413
polymer_1777,151.0,134.29728645637394,140.5143
polymer_1778,36.0,11.305392455064855,34.759857
polymer_1779,114.0,-11.791205000506233,13.405582
polymer_1780,65.0,66.0409078584253,83.86283
polymer_1781,40.0,68.53101405177397,62.631733
polymer_1782,70.0,40.722817238398974,38.810555
polymer_1783,80.0,51.801739037253846,73.42028
polymer_1784,57.0,42.90691176463153,31.697796
polymer_1785,80.0,58.32760693710326,85.006615
polymer_1786,174.60000000000002,160.4724487229293,166.78378
polymer_1787,120.0,55.78676287527566,55.850967
polymer_1788,150.0,44.14747856535052,72.65795
polymer_1789,127.0,87.84924307981473,75.97427
polymer_1790,120.0,47.79931532913203,49.304462
polymer_1791,90.0,40.62458391188302,47.71446
polymer_1792,55.0,29.960930663259155,46.382042
polymer_1793,55.0,41.27759427079414,16.386885
polymer_1794,10.0,58.902143517831,58.067204
polymer_1795,120.0,38.872175123758204,35.74529
polymer_1796,59.0,61.49361088340622,91.404495
polymer_1797,-17.99999999999997,47.28005237873001,25.325638
polymer_1798,-10.0,47.28005237873001,25.325638
polymer_1799,-9.0,47.28005237873001,25.325638
polymer_1800,20.0,20.08817813086081,2.86292
polymer_1801,27.0,26.164062473025353,31.097439
polymer_1802,42.0,40.6510597269994,31.628136
polymer_1803,86.0,57.00635316829455,75.16457
polymer_1804,54.0,69.03214362246605,95.092926
polymer_1805,36.0,53.76560146925077,51.333263
polymer_1806,66.0,40.724637243822926,45.3931
polymer_1807,76.85000000000002,81.61054766081081,103.33945
polymer_1808,20.0,110.45916631456181,72.180595
polymer_1809,-3.0,32.04665061720876,32.482246
polymer_1810,25.0,17.67618081677262,12.663403
polymer_1811,45.0,66.79686412829619,30.65556
polymer_1812,-10.0,53.67867980400273,40.590424
polymer_1813,20.450000000000045,31.759110836043515,12.386096
polymer_1814,55.0,48.662286751645965,50.369835
polymer_1815,74.0,47.760210392719,57.873188
polymer_1816,57.0,39.91127105510937,29.63532
polymer_1817,37.0,47.249513609884126,3.0948222
polymer_1818,85.5,70.49936578462234,76.91652
polymer_1819,121.0,80.47482705107974,90.34165
polymer_1820,67.70000000000005,81.38435670762965,77.201546
polymer_1821,73.5,77.05731641072217,59.61723
polymer_1822,57.0,68.21262301188845,56.055664
polymer_1823,70.25,85.1080732201523,70.06186
polymer_1824,61.0,79.76212753300669,81.87293
polymer_1825,76.0,73.18959293851839,91.22964
polymer_1826,86.5,74.7243832916862,73.88285
polymer_1827,70.0,72.57750070138918,85.353386
polymer_1828,130.5,63.24094574266558,75.49877
polymer_1829,57.5,77.31485154069641,75.70117
polymer_1830,49.0,67.0150905792231,68.595665
polymer_1831,61.75,69.66775078762254,67.058914
polymer_1832,44.0,74.81765243612205,77.142914
polymer_1833,93.0,97.98757572922447,73.668915
polymer_1834,80.0,56.696721411793305,61.60494
polymer_1835,70.40000000000003,73.94515116306776,79.035515
polymer_1836,42.5,71.62693406758642,69.26639
polymer_1837,55.75,79.84680783401416,55.824352
polymer_1838,65.0,73.27488482844696,51.907127
polymer_1839,59.5,74.89136540986394,66.43512
polymer_1840,86.5,89.55083708242346,76.365616
polymer_1841,98.5,90.5323943373251,94.69419
polymer_1842,150.0,101.70682628593025,92.30844
polymer_1843,65.0,-3.3161417929297836,3.6423023
polymer_1844,9.0,46.20721161536321,27.183968
polymer_1845,-65.99999999999997,-36.46648110950203,-63.189922
polymer_1846,-49.14999999999998,-39.929511735748164,-27.509542
polymer_1847,37.0,34.18949181024529,35.498085
polymer_1848,37.0,39.92087053929836,52.471043
polymer_1849,13.0,33.96906100028606,32.01609
polymer_1850,-75.99999999999997,-34.3691341550627,-58.97054
polymer_1851,47.0,54.051462461588045,42.836597
polymer_1852,61.0,93.81234133872434,85.16658
polymer_1853,54.0,97.2235562115011,95.427414
polymer_1854,38.0,97.86091577180805,94.106445
polymer_1855,37.5,83.86377636690409,86.16749
polymer_1856,25.0,76.08989835710105,84.31923
polymer_1857,88.0,100.72937552274398,101.319725
polymer_1858,32.0,34.29098977621824,17.375998
polymer_1859,27.0,63.442489169594836,67.71911
polymer_1860,127.5,81.82491306222533,100.61258
polymer_1861,128.0,71.33957887534532,117.6721
polymer_1862,-7.0,-2.453205322307885,-12.393343
polymer_1863,-19.99999999999997,-39.68551761225226,-42.951138
polymer_1864,137.0,0.5345868876197172,18.243052
polymer_1865,-23.99999999999997,47.738635779277885,59.811424
polymer_1866,126.0,98.85135435505255,102.036705
polymer_1867,165.0,116.83716143012197,123.53546
polymer_1868,112.0,59.462791946264936,52.602882
polymer_1869,94.0,119.69743068743806,74.883934
polymer_1870,21.0,81.95104389262877,66.777596
polymer_1871,61.0,77.87257308143717,71.16008
polymer_1872,330.0,81.95907432244972,93.85049
polymer_1873,100.0,112.5436244058389,109.994354
polymer_1874,212.5,120.65999761616862,159.9306
polymer_1875,102.0,83.47352469888966,144.34483
polymer_1876,217.5,108.06359495705998,155.58456
polymer_1877,86.0,105.14585306476498,85.93586
polymer_1878,35.0,96.35039548490133,74.37198
polymer_1879,80.0,71.60429881066693,84.04792
polymer_1880,54.0,73.75821283616762,64.60187
polymer_1881,37.0,70.60052852997742,80.319084
polymer_1882,47.0,31.350567786648412,30.524023
polymer_1883,49.0,19.28372974122968,12.940269
polymer_1884,126.0,56.91265122176915,96.51044
polymer_1885,95.0,57.728077148693814,70.79102
polymer_1886,74.0,54.294023633907535,56.776848
polymer_1887,64.0,56.791584279091296,62.13111
polymer_1888,57.0,57.81790923683641,60.35205
polymer_1889,44.0,67.55268784227161,70.36226
polymer_1890,42.0,67.55268784227161,70.36226
polymer_1891,115.0,102.42797277090995,137.60301
polymer_1892,103.60000000000002,58.74494936380719,74.27773
polymer_1893,87.0,125.30890541023744,144.05278
polymer_1894,116.0,116.91946101236613,126.71822
polymer_1895,104.0,108.12964489498422,132.90485
polymer_1896,112.0,110.04797690000318,93.833244
polymer_1897,108.0,122.07724232120985,126.91167
polymer_1898,147.0,105.27724891437818,96.82133
polymer_1899,147.0,108.5692471867256,113.71814
polymer_1900,206.20000000000005,34.98960939761899,74.71919
polymer_1901,78.60000000000002,81.43365211018963,79.786194
polymer_1902,81.25,86.30764222864694,83.13547
polymer_1903,150.0,115.20014371146756,118.44222
polymer_1904,134.0,116.623502731061,114.57216
polymer_1905,111.0,109.07271104928813,83.797585
polymer_1906,84.0,92.56000732917643,85.369644
polymer_1907,245.0,212.0082672498853,246.84819
polymer_1908,230.0,203.56501111882105,235.34486
polymer_1909,220.0,158.36649501261994,196.21234
polymer_1910,275.0,202.89115896404334,195.07008
polymer_1911,238.0,189.99197572593582,197.70909
polymer_1912,240.0,154.48753958127853,184.13809
polymer_1913,180.0,120.57331341110192,112.84424
polymer_1914,95.0,112.86618120610008,114.96625
polymer_1915,102.0,83.72811213669995,97.84402
polymer_1916,74.0,88.54096716971036,110.917625
polymer_1917,70.0,66.78101781998244,62.771637
polymer_1918,66.0,61.619329238231266,58.710976
polymer_1919,50.0,61.619329238231266,58.710976
polymer_1920,38.0,73.25800302199104,56.57985
polymer_1921,41.0,64.9176157090942,46.72561
polymer_1922,78.0,85.29912632791871,84.72237
polymer_1923,125.0,92.12442162013771,103.9905
polymer_1924,102.0,85.87049982991266,83.54325
polymer_1925,114.0,100.89054800039447,118.869385
polymer_1926,127.0,108.36220945727615,117.350464
polymer_1927,95.0,109.62278570964457,120.83198
polymer_1928,90.0,94.08267932098745,82.95919
polymer_1929,94.0,92.20675403897125,90.67403
polymer_1930,92.0,79.3347420521246,95.44185
polymer_1931,76.0,50.92453064689601,50.480614
polymer_1932,66.0,39.48383439069956,45.746227
polymer_1933,91.0,84.49971342653492,81.24088
polymer_1934,74.0,83.15748335034546,77.913086
polymer_1935,103.0,93.99412099714854,99.61664
polymer_1936,98.0,121.04618203926097,134.92464
polymer_1937,170.0,105.3862304210926,117.08763
polymer_1938,190.0,107.58565112781206,132.32892
polymer_1939,135.0,100.01174046061524,124.17796
polymer_1940,90.0,55.91226791470866,76.24232
polymer_1941,100.0,45.73575963232297,60.003426
polymer_1942,115.5,106.28457339875283,111.88398
polymer_1943,62.400000000000034,115.06581090726145,119.58838
polymer_1944,42.0,111.22198112252525,91.11569
polymer_1945,110.0,108.97387053697189,143.48111
polymer_1946,43.0,97.86979889251444,119.52586
polymer_1947,54.0,78.81954061017855,76.468056
polymer_1948,50.0,89.10679273306063,71.76069
polymer_1949,156.0,105.37428774772273,92.42002
polymer_1950,140.0,112.22691435615185,102.437004
polymer_1951,136.0,116.5170456755289,116.52973
polymer_1952,71.40000000000003,97.39243943604437,79.15468
polymer_1953,23.0,64.06638317086696,60.217564
polymer_1954,46.75,82.32195951631444,60.612526
polymer_1955,-26.99999999999997,-13.38704719075605,-16.096298
polymer_1956,-44.99999999999997,-30.140269806526877,-29.465322
polymer_1957,-52.99999999999997,-34.62746852154033,-31.259998
polymer_1958,-64.99999999999997,-13.38704719075605,-16.096298
polymer_1959,-51.99999999999997,-13.38704719075605,-16.096298
polymer_1960,-35.99999999999997,-27.13114979451757,-25.233416
polymer_1961,4.5,-30.140269806526877,-29.465322
polymer_1962,32.0,-34.62746852154033,-31.259998
polymer_1963,113.5,104.5735014285067,121.18154
polymer_1964,40.0,80.46357710077389,56.247704
polymer_1965,-22.99999999999997,62.97061576222849,33.752197
polymer_1966,23.0,46.901940974959174,34.510807
polymer_1967,55.0,26.358536111631278,16.097567
polymer_1968,18.0,51.32639599749659,49.824196
polymer_1969,13.0,50.54703046031703,47.244625
polymer_1970,10.0,17.596372047889474,2.0416625
polymer_1971,-19.99999999999997,18.300797256996624,-13.429132
polymer_1972,20.0,10.868207903977515,5.659344
polymer_1973,46.0,52.3120323209062,56.280937
polymer_1974,0.0,43.97011552060321,26.972624
polymer_1975,-37.99999999999997,14.235547295783523,-2.784913
polymer_1976,-41.99999999999997,9.990948242192042,-14.432605
polymer_1977,122.0,60.568332076100994,80.15942
polymer_1978,117.0,131.19896189567123,147.1497
polymer_1979,130.0,129.4993296786865,155.21083
polymer_1980,132.0,101.52519843012152,93.9832
polymer_1981,82.0,85.17158925177664,86.5374
polymer_1982,114.0,117.67204165441801,94.103806
polymer_1983,128.0,114.59395608280286,100.05863
polymer_1984,132.90000000000003,116.6786911401779,103.12085
polymer_1985,145.0,113.40996904974253,101.14846
polymer_1986,166.0,111.6033614468536,137.92725
polymer_1987,158.0,125.21064525960819,128.65657
polymer_1988,123.5,118.030173573513,101.348206
polymer_1989,142.0,106.38801537703243,116.91321
polymer_1990,115.0,110.13337980531156,108.83951
polymer_1991,86.0,84.98867706402758,88.48811
polymer_1992,57.0,80.54281259889147,92.45555
polymer_1993,-3.0,50.53797286526098,17.698984
polymer_1994,-45.99999999999997,67.77482488950989,50.000587
polymer_1995,85.0,105.01504813354413,91.00397
polymer_1996,217.0,78.1707347441983,93.04982
polymer_1997,105.0,114.22578814401415,115.83572
polymer_1998,136.0,105.47300873088494,101.80181
polymer_1999,147.0,110.07396521591657,113.37411
polymer_2000,180.0,79.82298164063326,79.88742
polymer_2001,35.5,30.66595184050558,61.386112
polymer_2002,-26.99999999999997,72.69077861269199,64.02706
polymer_2003,54.0,45.3962801851065,36.513664
polymer_2004,114.0,55.845721656422114,47.74636
polymer_2005,138.0,117.29392036669684,125.45412
polymer_2006,146.5,123.21079887998349,139.42007
polymer_2007,35.0,98.00914588527928,86.12252
polymer_2008,102.0,122.37373728498464,124.15719
polymer_2009,92.0,87.46757566222806,110.253136
polymer_2010,90.0,113.06062078648368,99.827446
polymer_2011,86.0,150.71945505830945,135.56767
polymer_2012,126.5,109.58824804041151,119.275856
polymer_2013,163.0,122.42004067231169,125.02911
polymer_2014,169.0,112.81554070828624,114.3376
polymer_2015,76.0,116.23524828424364,107.961914
polymer_2016,119.0,120.60016549050104,149.53735
polymer_2017,160.0,116.82142267328284,132.19206
polymer_2018,149.0,107.40924282216957,126.58551
polymer_2019,131.0,120.56518204552235,126.05681
polymer_2020,190.0,125.3086846254265,153.70404
polymer_2021,189.0,159.22689348819904,208.53719
polymer_2022,191.0,148.84868434235318,162.3586
polymer_2023,177.0,116.10079529317687,144.99127
polymer_2024,130.0,113.5858002733307,112.857414
polymer_2025,146.0,101.69472794340997,94.2389
polymer_2026,118.0,93.84007224876186,100.27815
polymer_2027,127.0,90.78315386819592,82.79522
polymer_2028,108.0,77.20751485209358,93.63662
polymer_2029,68.0,84.48554801578648,94.749146
polymer_2030,66.0,64.56822031620345,82.6735
polymer_2031,92.0,42.66863682169413,46.30317
polymer_2032,45.0,61.27175549249678,76.18844
polymer_2033,69.0,91.45901020820165,104.943695
polymer_2034,124.0,109.60080231668985,118.61513
polymer_2035,165.0,108.57037216422975,140.45505
polymer_2036,89.0,97.81921440241491,98.09774
polymer_2037,88.0,76.84416250694349,87.59273
polymer_2038,74.0,70.07441053481514,64.96109
polymer_2039,97.0,72.44948251499628,66.298935
polymer_2040,78.0,71.1467600489113,63.7617
polymer_2041,67.0,35.98008904991076,42.43403
polymer_2042,47.0,31.026262007476046,26.96177
polymer_2043,13.0,43.441341086047686,46.931667
polymer_2044,63.0,77.99315421025358,68.42327
polymer_2045,72.0,74.3566143489439,42.813385
polymer_2046,160.5,121.6243590070341,113.24122
polymer_2047,172.0,124.61375424195717,144.30849
polymer_2048,118.0,97.62564112097269,82.634964
polymer_2049,71.0,116.71010680576941,119.602394
polymer_2050,70.0,74.33139865850424,65.8989
polymer_2051,72.0,96.58563724813595,73.66289
polymer_2052,291.5,167.16448074315358,207.82939
polymer_2053,253.0,91.02530421770759,132.4334
polymer_2054,41.5,69.10107710293974,149.75856
polymer_2055,19.0,97.85664583746862,164.668
polymer_2056,175.0,61.82442970919579,63.28377
polymer_2057,165.0,33.32360319216385,41.871918
polymer_2058,178.0,114.14812840481379,132.69699
polymer_2059,205.0,185.47096825169672,206.44333
polymer_2060,70.0,93.6387146895606,126.38513
polymer_2061,113.0,140.103442530301,166.65343
polymer_2062,137.0,150.0814328526104,139.80675
polymer_2063,149.0,126.67565411492532,152.91925
polymer_2064,130.0,91.92000470794149,95.45483
polymer_2065,172.0,189.4630331419644,188.28328
polymer_2066,237.0,205.02584371922478,229.51222
polymer_2067,208.0,197.4207167075771,206.69937
polymer_2068,194.0,189.19953450681516,142.28581
polymer_2069,221.0,210.87703353544873,227.94173
polymer_2070,-17.99999999999997,-26.443256500549108,-31.856619
polymer_2071,-15.0,-28.127642026832685,-28.556662
polymer_2072,260.0,195.4973908363328,205.09453
polymer_2073,244.0,199.44544833592607,202.48134
polymer_2074,219.0,205.46169263687483,225.98018
polymer_2075,197.0,67.33317467339747,128.91905
polymer_2076,144.0,188.75333956613915,145.17409
polymer_2077,236.0,189.95423699938206,211.10597
polymer_2078,100.0,24.852392887448516,44.235897
polymer_2079,75.0,116.19436638572846,96.32935
polymer_2080,77.0,72.25129543875696,91.63639
polymer_2081,192.0,172.3497594532468,164.43398
polymer_2082,30.0,59.3302478299275,65.85154
polymer_2083,63.0,73.74853658805628,73.88888
polymer_2084,221.0,162.1351658892108,143.28008
polymer_2085,188.0,201.08402978407727,199.95581
polymer_2086,141.0,153.07723870897752,148.67802
polymer_2087,100.0,150.37149393790577,163.31122
polymer_2088,153.5,149.40421498914637,157.97871
polymer_2089,142.0,137.69008291191236,131.81163
polymer_2090,146.0,146.65880247377754,137.84953
polymer_2091,145.0,146.91643948238433,138.27979
polymer_2092,118.0,92.43783538683849,79.4598
polymer_2093,164.0,89.11557180975538,104.11617
polymer_2094,140.0,228.1372514742648,174.40524
polymer_2095,14.5,41.69756216270532,40.841698
polymer_2096,30.5,64.9512661997301,42.03683
polymer_2097,265.0,213.15304963838557,241.28671
polymer_2098,241.0,218.38113192330545,217.80257
polymer_2099,260.0,234.24356024223619,243.12225
polymer_2100,240.0,239.68885923555956,257.2965
polymer_2101,225.0,245.67005772118807,249.78137
polymer_2102,250.0,233.64266395564016,234.32762
polymer_2103,80.0,124.46231215561308,133.31502
polymer_2104,263.0,213.95265836322886,248.02797
polymer_2105,73.0,82.50101822530496,85.532906
polymer_2106,34.0,137.26255773809524,150.4239
polymer_2107,14.0,58.46662427300557,101.629036
polymer_2108,-14.899999999999975,35.466883992009556,6.4142222
polymer_2109,86.0,25.703106734434858,30.236029
polymer_2110,-57.49999999999997,-5.140799486804234,19.93511
polymer_2111,10.0,31.057251299842143,0.7331201
polymer_2112,-1.0,10.171088356598364,-8.7905655
polymer_2113,-29.99999999999997,12.41645046047255,-13.279424
polymer_2114,-1.0,27.238870557592726,8.548025
polymer_2115,-64.99999999999997,-4.515896398913901,15.364224
polymer_2116,-5.0,34.481194949294625,15.5779705
polymer_2117,34.900000000000034,32.184136870083314,32.443005
polymer_2118,30.0,99.14621207748024,85.22466
polymer_2119,44.0,49.642099446017525,51.47036
polymer_2120,45.5,50.274986067945974,50.67993
polymer_2121,52.0,48.02119982539619,45.93212
polymer_2122,17.0,49.66808997703202,33.46907
polymer_2123,93.25,121.01377807872223,112.9644
polymer_2124,57.5,48.45690105907279,47.418007
polymer_2125,220.0,129.4706645103034,157.03621
polymer_2126,77.0,81.5672390818553,73.51324
polymer_2127,-1.0,52.28263241606024,59.611073
polymer_2128,31.0,-39.5459211113273,-44.259235
polymer_2129,-49.99999999999997,4.133748738252867,-16.362709
polymer_2130,-31.99999999999997,4.133748738252867,-16.362709
polymer_2131,-34.69999999999999,-19.51181978446512,-28.787992
polymer_2132,24.0,64.55872710246877,58.37872
polymer_2133,-38.19999999999999,-21.426053403594377,-41.52685
polymer_2134,56.0,85.58271282748841,60.719837
polymer_2135,234.0,131.35603776094348,158.78423
polymer_2136,55.0,73.84832161820404,70.3707
polymer_2137,38.200000000000045,84.73395460241292,85.76619
polymer_2138,31.200000000000045,39.79134916377492,44.66321
polymer_2139,87.0,18.62923192936239,54.97487
polymer_2140,150.0,138.57382802919452,145.93909
polymer_2141,45.0,69.03692703325444,84.00889
polymer_2142,-25.99999999999997,-7.037101433618172,-4.3354917
polymer_2143,149.0,130.6956712242798,120.72738
polymer_2144,-65.99999999999997,-3.3955393796669893,-25.135456
polymer_2145,-82.99999999999997,-90.65084550670188,-99.898285
polymer_2146,-89.99999999999997,-94.47209550670189,-102.96449
polymer_2147,-95.99999999999996,-86.5979011904187,-90.68643
polymer_2148,-105.99999999999996,-86.5979011904187,-90.68643
polymer_2149,70.0,-22.16337100172655,-22.472263
polymer_2150,-11.0,-24.678083648268448,-27.379213
polymer_2151,-27.99999999999997,-24.678083648268448,-27.379213
polymer_2152,-42.99999999999997,-20.77139294883776,-14.656271
polymer_2153,-23.99999999999997,-24.74488776451751,-22.07781
polymer_2154,-24.99999999999997,-24.667158597850847,-25.012321
polymer_2155,-26.99999999999997,-25.390249954097868,-25.797115
polymer_2156,-107.99999999999996,25.369173050841926,47.158546
polymer_2157,-37.99999999999997,-8.363436067818471,-25.486338
polymer_2158,-12.0,8.496528996634199,27.619389
polymer_2159,93.0,77.21368239397727,86.44658
polymer_2160,15.0,67.3087033220175,76.5257
polymer_2161,-47.49999999999997,-21.33116199123441,-24.957502
polymer_2162,104.3,44.451652931888994,64.99873
polymer_2163,27.0,56.810674749094375,66.61753
polymer_2164,-51.62499999999997,74.59886051650744,81.07587
polymer_2165,70.34000000000003,33.03775494425762,3.4967895
polymer_2166,32.900000000000034,67.35300009507051,82.50036
polymer_2167,7.5,71.21635893804256,74.85814
polymer_2168,145.0,116.11287887294377,151.23212
polymer_2169,165.0,110.798570496069,114.422
polymer_2170,122.0,136.2302063730968,153.60321
polymer_2171,150.0,130.1402230406403,140.93735
polymer_2172,141.20000000000005,147.98106930355794,141.94586
polymer_2173,109.20000000000005,144.26474440180752,133.83968
polymer_2174,90.40000000000003,130.89654945301226,130.5075
polymer_2175,67.90000000000003,78.20074403827735,55.910133
polymer_2176,41.5,65.09102933863727,57.49107
polymer_2177,55.400000000000034,61.355566814905345,54.098488
polymer_2178,62.400000000000034,61.355566814905345,54.098488
polymer_2179,65.60000000000002,59.66376621906257,53.6063
polymer_2180,67.10000000000002,57.740273454326854,52.70216
polymer_2181,100.0,107.52694990962583,99.25987
polymer_2182,195.0,169.8078956984419,183.79143
polymer_2183,24.0,46.99831548951183,44.01743
polymer_2184,146.0,116.70885085552638,157.52733
polymer_2185,138.0,103.23441277846969,156.5255
polymer_2186,139.0,87.27034111288624,102.75921
polymer_2187,101.0,84.87471345362256,108.001816
polymer_2188,23.5,40.680787156277475,35.864273
polymer_2189,-6.699999999999989,61.24574547868546,73.13135
polymer_2190,135.0,132.02117011297426,126.46142
polymer_2191,-17.99999999999997,-19.239239742279317,-4.2450757
polymer_2192,-36.49999999999997,-48.71136565569044,-48.58814
polymer_2193,-32.99999999999997,-48.14121638405568,-47.59747
polymer_2194,-54.99999999999997,-40.06982684578855,-50.196697
polymer_2195,60.0,62.13244883351751,54.313522
polymer_2196,68.0,59.38027848799022,39.551147
polymer_2197,52.0,69.73642446474413,58.05879
polymer_2198,207.0,144.63132156964235,167.58127
polymer_2199,50.0,49.80487899838316,37.049774
polymer_2200,-32.99999999999997,28.67635131147997,22.872849
polymer_2201,42.0,-20.605993078275883,-8.514312
polymer_2202,-19.99999999999997,-8.808025389527064,-23.47911
polymer_2203,132.0,116.52405628574292,87.63794
polymer_2204,-22.99999999999997,62.19170030083968,68.79831
polymer_2205,-52.599999999999966,-25.19268733664876,-22.622036
polymer_2206,99.0,53.19363010565388,61.70081
polymer_2207,58.0,64.50266831602072,84.42213
polymer_2208,-62.99999999999997,-34.04394970144555,-41.751007
polymer_2209,119.40000000000003,100.9418945405605,62.011494
polymer_2210,61.0,60.737054762349445,57.192894
polymer_2211,97.5,63.09544856795713,72.80989
polymer_2212,185.0,128.29155704435667,134.54912
polymer_2213,53.400000000000034,49.30512431099639,45.14485
polymer_2214,113.0,81.19797280134493,83.320274
polymer_2215,107.0,93.43943239635452,104.29514
polymer_2216,93.0,72.4800850366781,74.52607
polymer_2217,120.0,105.51466948110583,94.92473
polymer_2218,-12.0,-10.847849639701378,-8.317239
polymer_2219,-7.0,-17.323714604377102,-14.116546
polymer_2220,-15.0,-10.847849639701378,-8.317239
polymer_2221,45.0,53.90480346674191,53.720196
polymer_2222,68.0,50.77301634673109,52.47795
polymer_2223,50.0,53.90480346674191,53.720196
polymer_2224,55.0,50.77301634673109,52.47795
polymer_2225,46.5,53.90480346674191,53.720196
polymer_2226,58.0,53.90480346674191,53.720196
polymer_2227,34.0,44.13152090104552,36.249626
polymer_2228,55.0,90.51202792017925,57.773796
polymer_2229,49.0,91.6936100795185,95.08698
polymer_2230,71.0,52.298365118944524,65.460205
polymer_2231,116.0,78.05265902453831,55.42725
polymer_2232,84.0,95.47939348454548,94.528404
polymer_2233,159.0,94.96295299185256,84.13009
polymer_2234,115.0,113.06297008516333,102.799065
polymer_2235,133.0,131.2955030997249,136.17957
polymer_2236,150.0,103.0349242043065,84.59316
polymer_2237,230.0,156.79134878539477,149.58524
polymer_2238,194.0,134.5388073281554,145.32027
polymer_2239,92.0,95.53122726326244,94.62312
polymer_2240,267.0,236.92075370034232,256.77606
polymer_2241,114.25,113.04426787363033,132.13004
polymer_2242,160.0,124.37550491222156,126.14425
polymer_2243,140.0,113.08417191246139,119.81933
polymer_2244,-39.99999999999997,-4.411639103842725,-10.277235
polymer_2245,77.80000000000001,60.925861721016325,62.09546
polymer_2246,114.0,35.85672238860838,16.120514
polymer_2247,24.0,27.865871634713244,15.434398
polymer_2248,44.0,72.71667953638217,32.53997
polymer_2249,9.0,29.4408770943079,28.719471
polymer_2250,-60.49999999999997,-15.828584770495954,-7.6246495
polymer_2251,37.0,30.776068770209427,28.195532
polymer_2252,19.0,23.01821089682612,15.501057
polymer_2253,69.0,37.09145559147632,21.58411
polymer_2254,-68.99999999999997,-48.22106130460421,-49.014614
polymer_2255,-68.99999999999997,-52.09386333142172,-52.4328
polymer_2256,-19.99999999999997,17.893610982678894,4.541611
polymer_2257,-54.99999999999997,-47.2520879653122,-46.657497
polymer_2258,54.0,61.31011674762487,45.7529
polymer_2259,8.0,17.898519107401047,-5.2126603
polymer_2260,-50.99999999999997,-60.26055813993633,-61.003193
polymer_2261,-48.99999999999997,-59.19880430949482,-59.419735
polymer_2262,115.0,96.7515289672195,103.42598
polymer_2263,128.0,65.85335407562233,68.09056
polymer_2264,166.0,137.5880243678448,145.32956
polymer_2265,60.5,69.87747402289027,65.623344
polymer_2266,90.0,54.66974448496328,53.60669
polymer_2267,55.0,50.90994224497298,30.648317
polymer_2268,169.90000000000003,142.77170785346541,200.95741
polymer_2269,-86.99999999999997,-92.55636152565758,-96.37036
polymer_2270,-93.99999999999996,-97.71862444686516,-99.517395
polymer_2271,-97.99999999999996,-91.57304533994471,-93.06011
polymer_2272,-103.99999999999996,-91.57304533994471,-93.06011
polymer_2273,25.0,4.795425545239783,3.97062
polymer_2274,55.0,52.38521413589755,52.27706
polymer_2275,54.0,53.90480346674191,53.720196
polymer_2276,133.0,133.53907358296934,141.78568
polymer_2277,180.0,168.97195839519338,152.48256
polymer_2278,163.0,149.8580225961772,150.43019
polymer_2279,130.0,134.6778158022451,139.80692
polymer_2280,60.5,50.34797475504915,54.25225
polymer_2281,-45.99999999999997,-48.074938947023334,-49.032463
polymer_2282,-41.49999999999997,-58.01890683865467,-59.65215
polymer_2283,-44.49999999999997,-60.26055813993633,-61.003193
polymer_2284,111.0,89.95386455796941,104.37685
polymer_2285,40.0,50.90994224497298,30.648317
polymer_2286,-17.0,-25.848827548697457,-24.021479
polymer_2287,-65.99999999999997,-54.96247067031026,-53.158157
polymer_2288,-72.99999999999997,-55.57699142181097,-36.203033
polymer_2289,-67.99999999999997,-53.0512801757686,-76.14744
polymer_2290,-68.99999999999997,-66.79171675114172,-79.03813
polymer_2291,-75.99999999999997,-62.13559555344525,-70.619606
polymer_2292,-71.99999999999997,-67.59214306795923,-68.87994
polymer_2293,-64.99999999999997,-69.08003026088409,-76.111694
polymer_2294,16.0,5.999222721420083,5.2793994
polymer_2295,91.0,63.09544856795713,72.80989
polymer_2296,57.0,54.42529377030817,52.50443
polymer_2297,138.0,129.95618439997875,131.7238
polymer_2298,72.5,146.39991331426458,149.06107
polymer_2299,180.0,170.96933622055982,154.73221
polymer_2300,77.0,95.33750230611807,95.66881
polymer_2301,115.5,106.91872533541832,114.02517
polymer_2302,140.0,127.60850555901499,129.68822
polymer_2303,125.0,113.76221838498971,117.55204
polymer_2304,-37.99999999999997,-22.296015060472683,-24.697123
polymer_2305,-25.99999999999997,-51.302607181501934,-51.142677
polymer_2306,-21.99999999999997,-48.22106130460421,-49.014614
polymer_2307,-52.49999999999997,-47.2520879653122,-46.657497
polymer_2308,-1.0,17.898519107401047,-5.2126603
polymer_2309,-65.99999999999997,-58.01890683865467,-59.65215
polymer_2310,158.0,137.5880243678448,145.32956
polymer_2311,28.0,50.90994224497298,30.648317
polymer_2312,-17.99999999999997,-26.32313774956739,-18.11469
polymer_2313,18.0,8.076425071777583,5.666366
polymer_2314,-56.99999999999997,-41.04365707370952,-40.408226
polymer_2315,-3.0,71.12873732889865,119.287224
polymer_2316,140.0,140.72880900400494,144.00505
polymer_2317,130.0,133.53907358296934,141.78568
polymer_2318,160.0,170.96933622055982,154.73221
polymer_2319,178.0,134.5388073281554,145.32027
polymer_2320,120.0,134.6778158022451,139.80692
polymer_2321,125.0,114.08537481417869,118.39214
polymer_2322,-62.49999999999997,-48.12933661474398,-49.3014
polymer_2323,-44.99999999999997,-42.832689641028104,-47.18708
polymer_2324,-70.99999999999997,-59.19880430949482,-59.419735
polymer_2325,150.0,156.21168090789683,165.3952
polymer_2326,25.0,50.12645656283485,37.173042
polymer_2327,-57.99999999999997,-64.14321797442766,-68.26163
polymer_2328,4.0,12.02615798972622,9.892281
polymer_2329,-43.99999999999997,83.90939113896805,62.248577
polymer_2330,-22.99999999999997,103.11153183172996,85.02068
polymer_2331,6.5,34.15369445394781,38.59263
polymer_2332,0.0,-13.869044120087146,-8.686346
polymer_2333,-46.49999999999997,94.98003528655886,115.15819
polymer_2334,82.0,57.0630900730024,61.164204
polymer_2335,44.0,62.93556940242328,48.13971
polymer_2336,46.0,70.45613345015148,63.37631
polymer_2337,74.0,81.31554412738286,86.560394
polymer_2338,144.0,142.01889814291133,154.46465
polymer_2339,116.0,103.7702604853416,106.52575
polymer_2340,47.0,68.50776212920745,69.74824
polymer_2341,66.0,61.00401953995447,58.078636
polymer_2342,89.0,90.69724685588892,96.62246
polymer_2343,73.0,73.6505601373075,96.608025
polymer_2344,85.0,126.61432532776321,123.233925
polymer_2345,40.0,53.90480346674191,53.720196
polymer_2346,60.0,49.789958517132135,47.661278
polymer_2347,54.0,49.789958517132135,47.661278
polymer_2348,40.0,26.111745001267636,29.437637
polymer_2349,105.0,85.24603842635725,88.395615
polymer_2350,115.0,89.68653038200563,95.69732
polymer_2351,34.0,44.997683865576036,45.427708
polymer_2352,38.0,33.850005415495055,34.22033
polymer_2353,45.0,33.850005415495055,34.22033
polymer_2354,20.0,44.997683865576036,45.427708
polymer_2355,56.0,33.850005415495055,34.22033
polymer_2356,22.0,39.748285111481984,36.271416
polymer_2357,63.0,42.65213528879934,40.488
polymer_2358,85.0,139.74948035581517,154.52582
polymer_2359,130.0,170.09569234844102,160.2206
polymer_2360,143.0,149.70733145389175,144.21007
polymer_2361,160.0,133.26662644464906,141.1179
polymer_2362,125.0,133.2038130276957,128.46921
polymer_2363,160.0,156.79134878539477,149.58524
polymer_2364,72.34000000000003,173.34927655325873,174.97896
polymer_2365,93.0,89.69054809657676,89.31161
polymer_2366,86.0,95.53122726326244,94.62312
polymer_2367,148.0,135.99280657592791,144.58026
polymer_2368,141.0,128.07118026307353,131.24925
polymer_2369,144.0,123.91368066635657,133.76334
polymer_2370,265.0,236.0834470797744,255.64645
polymer_2371,110.0,112.09437538289586,125.31747
polymer_2372,125.0,124.37550491222156,126.14425
polymer_2373,112.0,114.08537481417869,118.39214
polymer_2374,60.0,137.08902484611437,99.158165
polymer_2375,-40.99999999999997,-14.287688542484444,11.037967
polymer_2376,66.0,58.84081961880943,65.42045
polymer_2377,3.0,78.15325897125253,69.213135
polymer_2378,60.0,73.32732759974645,55.076435
polymer_2379,60.0,71.99970003750299,66.86196
polymer_2380,60.0,71.98574871686034,57.325558
polymer_2381,-26.49999999999997,-28.651737478230157,-35.816307
polymer_2382,36.0,35.65034615932444,32.867935
polymer_2383,52.0,37.09145559147632,21.58411
polymer_2384,-53.99999999999997,-51.302607181501934,-51.142677
polymer_2385,-37.99999999999997,-52.09386333142172,-52.4328
polymer_2386,-56.99999999999997,-52.09386333142172,-52.4328
polymer_2387,-6.5,17.898519107401047,-5.2126603
polymer_2388,-74.49999999999997,-60.26055813993633,-61.003193
polymer_2389,98.0,94.20696094345168,81.66406
polymer_2390,92.0,104.91497063740857,111.91942
polymer_2391,30.0,69.05507233136842,78.878746
polymer_2392,111.0,65.85335407562233,68.09056
polymer_2393,151.0,143.13373525299852,150.15454
polymer_2394,134.0,109.0430528707163,135.17119
polymer_2395,52.80000000000001,69.2503836528959,63.211
polymer_2396,37.0,55.70832620068612,53.44875
polymer_2397,55.0,64.25393875578709,68.809906
polymer_2398,41.0,58.99657868771157,44.689293
polymer_2399,28.0,44.99227282074868,36.12548
polymer_2400,123.65000000000003,153.07666288385974,138.10677
polymer_2401,-29.99999999999997,-22.01151875380451,-20.403683
polymer_2402,-32.99999999999997,-40.07550800830542,-32.720722
polymer_2403,-12.0,9.239785359100084,8.427815
polymer_2404,96.0,88.02876749237416,87.99667
polymer_2405,110.0,92.67857744468586,97.74234
polymer_2406,150.0,170.96933622055982,154.73221
polymer_2407,110.0,132.73514850327237,130.9395
polymer_2408,136.0,156.21168090789683,165.3952
polymer_2409,-1.0,8.076425071777583,5.666366
polymer_2410,-75.99999999999997,-61.85221927151673,-93.534256
polymer_2411,-35.99999999999997,8.195203460398725,-9.995836
polymer_2412,-36.99999999999997,-50.50295705611098,-50.40948
polymer_2413,-12.0,15.993639809413878,3.964961
polymer_2414,76.0,63.09544856795713,72.80989
polymer_2415,142.0,142.01889814291133,154.46465
polymer_2416,105.0,117.67034305755614,123.607025
polymer_2417,85.0,88.17517319997717,90.26739
polymer_2418,39.0,53.90480346674191,53.720196
polymer_2419,49.0,52.38521413589755,52.27706
polymer_2420,50.0,50.77301634673109,52.47795
polymer_2421,105.0,90.38457115576396,98.47607
polymer_2422,150.0,168.97195839519338,152.48256
polymer_2423,160.0,150.08383222722642,150.44281
polymer_2424,110.0,134.6778158022451,139.80692
polymer_2425,107.0,120.79244977797272,120.10649
polymer_2426,-26.99999999999997,-28.651737478230157,-35.816307
polymer_2427,10.0,31.338245143089033,18.344006
polymer_2428,-8.0,15.531014921403873,5.31471
polymer_2429,-70.99999999999997,-58.01890683865467,-59.65215
polymer_2430,117.0,156.21168090789683,165.3952
polymer_2431,-31.99999999999997,-22.1792847126234,-20.277435
polymer_2432,-4.0,12.02615798972622,9.892281
polymer_2433,-28.99999999999997,24.04492301655544,13.277108
polymer_2434,56.5,50.77301634673109,52.47795
polymer_2435,100.0,95.45031097711858,104.12238
polymer_2436,4.0,12.02615798972622,9.892281
polymer_2437,131.0,149.72634174132304,151.40816
polymer_2438,49.0,50.77301634673109,52.47795
polymer_2439,93.0,88.02876749237416,87.99667
polymer_2440,95.0,69.27955594751191,67.399666
polymer_2441,-1.0,12.02615798972622,9.892281
polymer_2442,90.0,90.38457115576396,98.47607
polymer_2443,46.0,54.42529377030817,52.50443
polymer_2444,45.0,54.42529377030817,52.50443
polymer_2445,52.0,49.789958517132135,47.661278
polymer_2446,40.0,53.90480346674191,53.720196
polymer_2447,50.0,53.90480346674191,53.720196
polymer_2448,48.0,52.38521413589755,52.27706
polymer_2449,46.5,54.42529377030817,52.50443
polymer_2450,46.0,50.77301634673109,52.47795
polymer_2451,36.0,50.77301634673109,52.47795
polymer_2452,47.0,52.38521413589755,52.27706
polymer_2453,75.0,88.02876749237416,87.99667
polymer_2454,75.0,95.45031097711858,104.12238
polymer_2455,-17.0,-52.09386333142172,-52.4328
polymer_2456,-67.99999999999997,-58.01890683865467,-59.65215
polymer_2457,221.6,49.789958517132135,47.661278
polymer_2458,29.0,49.789958517132135,47.661278
polymer_2459,42.0,50.77301634673109,52.47795
polymer_2460,46.0,52.38521413589755,52.27706
polymer_2461,52.0,52.38521413589755,52.27706
polymer_2462,19.0,65.81495825936072,67.399826
polymer_2463,48.0,49.789958517132135,47.661278
polymer_2464,140.0,91.58848311527098,103.67748
polymer_2465,-20.99999999999997,3.1683722225682116,-12.211467
polymer_2466,-54.99999999999997,-48.12933661474398,-49.3014
polymer_2467,-7.0,52.06047430599567,52.80366
polymer_2468,41.0,50.96451774920075,45.563175
polymer_2469,-35.99999999999997,-10.53320500011077,-14.888943
polymer_2470,60.0,96.31086273260719,97.73616
polymer_2471,96.0,114.91994408837682,117.7652
polymer_2472,114.0,107.6697343309606,145.33911
polymer_2473,58.0,91.71723488286928,97.674034
polymer_2474,98.0,97.49187707659061,99.8777
polymer_2475,62.0,79.90991694829967,80.77724
polymer_2476,55.0,77.37840234370351,79.422386
polymer_2477,219.0,167.7058441260425,199.03998
polymer_2478,41.0,56.96089532202926,51.425632
polymer_2479,61.0,101.59743562267634,101.05856
polymer_2480,136.0,179.70316926714716,174.61093
polymer_2481,125.0,146.25942282838412,145.1317
polymer_2482,132.0,158.82489563981238,160.08322
polymer_2483,122.0,161.59649825663558,162.98065
polymer_2484,126.0,161.42251899304568,159.99625
polymer_2485,25.5,54.42529377030817,52.50443
polymer_2486,46.0,52.126681370118014,51.493626
polymer_2487,-46.04999999999998,-24.093768969872254,-21.423145
polymer_2488,58.0,75.3492637163364,78.33846
polymer_2489,65.90000000000003,-60.568080073177214,-76.23874
polymer_2490,66.0,74.99470440745154,72.84581
polymer_2491,110.0,132.8473462920932,157.64005
polymer_2492,50.0,96.33416756514094,97.15291
polymer_2493,48.0,50.96451774920075,45.563175
polymer_2494,-87.99999999999997,-82.80738257760095,-94.07106
polymer_2495,37.0,49.27748439930965,46.27361
polymer_2496,142.5,58.339716020125174,67.183205
polymer_2497,7.5,54.65503635758604,5.2535357
polymer_2498,3.0,38.046539606319136,7.262327
polymer_2499,75.5,96.33416756514094,97.15291
polymer_2500,57.0,90.0725288189277,85.66185
polymer_2501,72.0,70.37886772311002,58.295208
polymer_2502,55.0,128.73761407978122,100.78911
polymer_2503,78.0,79.32617268147752,80.770676
polymer_2504,107.0,101.59743562267634,101.05856
polymer_2505,74.315,91.71723488286928,97.674034
polymer_2506,52.0,50.96451774920075,45.563175
polymer_2507,-14.0,-10.53320500011077,-14.888943
polymer_2508,65.0,81.2412479993947,77.346214
polymer_2509,-89.99999999999997,-74.6917024689106,-88.38302
polymer_2510,118.0,89.70090059604708,97.01068
polymer_2511,122.0,89.31645789715019,93.72536
polymer_2512,89.0,80.44322693994835,93.00998
polymer_2513,113.0,90.04958345188463,93.67847
polymer_2514,187.0,152.5901641607762,147.28656
polymer_2515,200.0,146.25942282838412,145.1317
polymer_2516,195.0,135.15340449972103,138.21675
polymer_2517,158.0,135.15340449972103,138.21675
polymer_2518,170.0,145.43285120543683,136.30045
polymer_2519,19.0,51.06542251720939,32.385498
polymer_2520,-64.99999999999997,-67.95395208735783,-74.61306
polymer_2521,-69.99999999999997,-51.79959194494232,-68.50138
polymer_2522,-75.99999999999997,-51.653072767094045,-73.61069
polymer_2523,-10.399999999999975,4.177980705233973,-16.698092
polymer_2524,82.0,106.65395767194535,104.39069
polymer_2525,87.0,72.60765940443032,55.16495
polymer_2526,91.0,73.42067468473073,80.00355
polymer_2527,98.0,76.40346196444183,64.026306
polymer_2528,120.0,89.79482178353524,81.12016
polymer_2529,91.0,70.37886772311002,58.295208
polymer_2530,211.0,171.75710587666143,208.6377
polymer_2531,123.0,96.31086273260719,97.73616
polymer_2532,89.315,83.26340375956735,88.572586
polymer_2533,59.0,46.158888425814524,28.000366
polymer_2534,-65.99999999999997,-10.364106755175586,-14.008765
polymer_2535,70.0,47.35288059000699,50.83364
polymer_2536,70.0,75.94105598444868,70.402626
polymer_2537,135.0,105.64072415003349,124.9148
polymer_2538,101.0,73.61381453824559,74.6806
polymer_2539,-37.49999999999997,-50.00023528908412,-59.90079
polymer_2540,25.0,44.16571991769619,58.86932
polymer_2541,8.0,32.539129084777834,34.235138
polymer_2542,-16.0,11.539895960939372,4.2919393
polymer_2543,72.0,82.98417410967569,75.000496
polymer_2544,30.0,44.65749975553926,51.2831
polymer_2545,210.0,154.76976552851795,184.34047
polymer_2546,90.0,126.31845713820965,131.90477
polymer_2547,75.0,93.82823961646628,81.81269
polymer_2548,155.0,122.04620691532912,121.53943
polymer_2549,132.0,114.11730629544792,117.55247
polymer_2550,132.0,100.37015038242262,102.61557
polymer_2551,130.0,133.52263836583984,129.26598
polymer_2552,195.0,198.44493784668236,199.94643
polymer_2553,209.0,183.90551063633666,168.95811
polymer_2554,198.0,187.6435064776687,200.38098
polymer_2555,178.0,187.6435064776687,200.38098
polymer_2556,188.0,178.7998376126979,178.20375
polymer_2557,68.0,95.03459376629796,75.456985
polymer_2558,109.0,62.86438164271322,90.0837
polymer_2559,-46.47999999999999,45.83490988033983,39.127415
polymer_2560,82.0,64.20670574602981,75.322754
polymer_2561,77.0,61.636060626254285,65.44907
polymer_2562,5.0,40.352178047701045,38.533897
polymer_2563,33.0,50.778556709752095,58.24108
polymer_2564,71.0,83.4059762585303,40.377174
polymer_2565,12.0,59.03870513722457,60.295727
polymer_2566,70.5,58.76883948163567,64.78051
polymer_2567,63.0,58.906894412179696,70.01376
polymer_2568,157.0,150.19524740013932,176.15437
polymer_2569,153.0,123.36295621511827,105.65254
polymer_2570,150.0,120.17678066566832,105.06847
polymer_2571,135.0,137.25128487794734,107.52524
polymer_2572,152.0,147.55443417111408,148.67209
polymer_2573,155.0,133.7774787916092,137.09535
polymer_2574,153.0,143.94162190809845,162.94196
polymer_2575,62.80000000000001,56.65637719905092,55.70147
polymer_2576,22.0,46.0249612059719,69.15605
polymer_2577,40.5,50.3627979646247,64.912735
polymer_2578,1.5,-19.992996039068135,-21.895039
polymer_2579,-79.99999999999997,-76.00726585740532,-71.22822
polymer_2580,-80.99999999999997,-57.179676336446235,-78.14524
polymer_2581,-73.99999999999997,-56.94668198273937,-71.89091
polymer_2582,-71.99999999999997,-48.67952170393668,-59.581078
polymer_2583,-54.99999999999997,-47.85437786965587,-44.187126
polymer_2584,-45.99999999999997,-38.903715373551115,-57.167747
polymer_2585,-50.99999999999997,3.337862919572472,14.237846
polymer_2586,-4.599999999999966,8.145434982378442,-7.9072604
polymer_2587,-45.49999999999997,7.037014224687458,-20.41312
polymer_2588,10.100000000000025,30.70669336629185,33.09583
polymer_2589,-19.09999999999997,28.165575145184654,-6.234082
polymer_2590,6.5,26.924396527458168,8.243983
polymer_2591,-24.99999999999997,25.346343380197563,5.041843
polymer_2592,-1.5,-1.2139116209334582,-12.39101
polymer_2593,-35.99999999999997,18.314936965749148,18.119888
polymer_2594,38.0,74.63177921477741,39.25301
polymer_2595,47.5,38.1153571348737,64.15382
polymer_2596,52.0,44.21320746365172,14.8386545
polymer_2597,135.0,136.13041763888734,162.74648
polymer_2598,0.0,25.41740721380251,33.607086
polymer_2599,227.0,204.85820822310387,202.41724
polymer_2600,-30.99999999999997,-32.28156132861345,-37.881355
polymer_2601,30.0,46.755335983962624,47.023468
polymer_2602,89.0,84.11868434363555,60.38502
polymer_2603,112.0,109.23194470514431,101.07896
polymer_2604,123.0,125.50590133808424,164.791
polymer_2605,77.0,78.50572297763497,46.39412
polymer_2606,60.0,29.246207038466114,37.68842
polymer_2607,30.0,30.14265276383655,35.279655
polymer_2608,139.0,127.56863067142646,163.76123
polymer_2609,42.0,19.96518681200668,32.780735
polymer_2610,31.0,29.859824654165283,29.913473
polymer_2611,13.0,14.453101230755346,13.561732
polymer_2612,7.0,14.484250989595433,8.365717
polymer_2613,10.0,14.484250989595433,8.365717
polymer_2614,10.0,15.67588990742554,7.45014
polymer_2615,10.0,12.539557890393507,9.274547
polymer_2616,10.0,14.484250989595433,8.365717
polymer_2617,39.0,59.604516768820844,70.36464
polymer_2618,75.0,96.4004849022346,89.18338
polymer_2619,136.0,52.05882458689,73.77925
polymer_2620,122.0,109.6434101520228,98.34789
polymer_2621,122.0,121.78047127293723,137.3716
polymer_2622,135.0,109.29217749359763,105.8113
polymer_2623,124.0,110.03972863592112,114.045235
polymer_2624,121.5,117.95224401744414,110.321655
polymer_2625,65.0,110.24113594128583,104.721825
polymer_2626,97.0,104.47265792226946,106.09509
polymer_2627,105.0,97.16729657242335,96.767975
polymer_2628,106.0,91.44315855214141,90.008934
polymer_2629,110.0,107.16192375107711,115.95792
polymer_2630,112.0,96.11040331916122,110.59454
polymer_2631,101.0,93.80657818063594,93.82348
polymer_2632,102.0,100.14138593890776,105.39015
polymer_2633,104.0,90.46466893647829,102.47658
polymer_2634,108.0,95.39637916372654,101.81951
polymer_2635,100.0,145.76075710756294,125.46727
polymer_2636,130.0,110.91985099891212,124.55855
polymer_2637,97.0,100.33855836411539,113.42356
polymer_2638,110.0,105.66809883180262,123.12016
polymer_2639,111.0,95.21379407916513,125.61657
polymer_2640,109.0,106.40927685432872,117.19077
polymer_2641,80.0,40.8472970793405,37.646946
polymer_2642,-31.99999999999997,31.876687884861223,3.6581545
polymer_2643,16.0,-66.42607924090535,-84.408035
polymer_2644,-64.79999999999998,-0.6454616148121678,-18.167604
polymer_2645,-16.0,73.28085376905732,55.279865
polymer_2646,131.0,168.72906196997243,139.30843
polymer_2647,221.0,242.6292999834074,255.85686
polymer_2648,237.0,240.94556494619601,243.02226
polymer_2649,232.0,227.42468492991873,231.66136
polymer_2650,221.0,236.51441649123535,236.47623
polymer_2651,224.0,230.89354902362882,230.15335
polymer_2652,224.0,170.04895584921616,185.6885
polymer_2653,213.0,185.93801153238175,219.25803
polymer_2654,170.0,194.62082147983597,214.92374
polymer_2655,205.0,183.22348909736755,189.73398
polymer_2656,173.0,134.20105234655125,153.70807
polymer_2657,147.0,167.1754711544029,161.11772
polymer_2658,139.0,145.3685794229593,157.0894
polymer_2659,125.0,142.83032568812703,146.07886
polymer_2660,3.0,50.04014568246631,56.856186
polymer_2661,-71.49999999999997,10.5913555183017,-31.948635
polymer_2662,63.0,116.04690902914064,108.008095
polymer_2663,-78.59999999999997,-44.92567440359762,-63.321014
polymer_2664,146.0,125.66396064833316,130.86763
polymer_2665,75.0,52.85875226879406,72.83418
polymer_2666,121.0,91.85375220498489,114.51963
polymer_2667,158.0,148.17310526534658,123.870476
polymer_2668,171.0,126.49265427350429,149.85948
polymer_2669,148.0,139.65043991175918,143.44298
polymer_2670,159.0,121.6131043987642,106.80878
polymer_2671,135.0,128.4444054332909,128.0649
polymer_2672,137.0,140.1969223172562,144.22224
polymer_2673,98.0,125.78857689061515,89.6835
polymer_2674,115.0,149.23026820782698,144.63599
polymer_2675,130.0,147.1901571400059,141.45924
polymer_2676,60.0,98.2095153193068,103.01572
polymer_2677,130.0,120.77737376501808,90.45794
polymer_2678,92.5,70.311599352602,81.347786
polymer_2679,146.0,152.00823179665957,155.21674
polymer_2680,149.0,144.45714802500203,145.02646
polymer_2681,173.0,143.24409181563934,156.1987
polymer_2682,127.0,96.77473427691938,94.626366
polymer_2683,143.0,115.96011509911838,121.7674
polymer_2684,120.0,110.80437355050749,127.69004
polymer_2685,115.0,91.96263604817469,88.15203
polymer_2686,121.0,100.97719853108246,92.21421
polymer_2687,171.0,181.71497662752992,196.10333
polymer_2688,147.0,141.21705368818445,151.78267
polymer_2689,50.0,116.22070814001786,126.77431
polymer_2690,-23.99999999999997,15.47537150786884,13.277103
polymer_2691,-49.99999999999997,1.239653394886486,29.299887
polymer_2692,-75.99999999999997,-72.65580078148247,-80.24307
polymer_2693,-34.99999999999997,12.658077625844756,-1.602768
polymer_2694,-75.99999999999997,-72.19140507398842,-73.99224
polymer_2695,-83.99999999999997,-70.99873341450909,-65.28285
polymer_2696,-87.99999999999997,-52.931550487572,-56.875137
polymer_2697,175.0,100.27500698931854,154.76642
polymer_2698,260.0,154.15465681295362,144.37181
polymer_2699,201.0,115.66217330260811,131.9994
polymer_2700,199.0,133.53512272247147,158.97934
polymer_2701,188.0,172.4857822535537,189.46321
polymer_2702,218.0,179.6039803386821,194.93723
polymer_2703,29.0,125.8498864047746,73.14074
polymer_2704,43.0,128.66432652460213,140.51184
polymer_2705,-49.99999999999997,47.52018714311431,1.0554925
polymer_2706,-58.99999999999997,50.81366231218758,-11.038693
polymer_2707,27.0,60.99956162445325,34.19351
polymer_2708,-42.99999999999997,-26.551039246117863,-41.30099
polymer_2709,-32.99999999999997,-37.24516607276343,-43.097378
polymer_2710,-34.99999999999997,-38.39679558137321,-49.700657
polymer_2711,-37.99999999999997,-38.39679558137321,-49.700657
polymer_2712,-38.99999999999997,-37.24516607276343,-43.097378
polymer_2713,-72.99999999999997,-38.72556022299709,-46.466362
polymer_2714,-53.49999999999997,60.52016002098904,-4.9438806
polymer_2715,12.0,46.81965388743956,34.5002
polymer_2716,-54.99999999999997,-27.483059400919924,-41.180927
polymer_2717,-87.99999999999997,-64.61997177009466,-59.321266
polymer_2718,-88.99999999999997,-39.530311964655134,-36.00821
polymer_2719,-63.99999999999997,-25.340233114343455,-49.577785
polymer_2720,110.0,74.93662551311247,91.093
polymer_2721,100.0,67.69653951228237,74.42752
polymer_2722,87.0,102.7223689926509,78.65335
polymer_2723,65.0,83.81543017026007,80.17463
polymer_2724,85.0,79.94303088602616,78.66389
polymer_2725,85.0,77.87647614341292,75.555405
polymer_2726,85.0,79.13954675904878,78.60409
polymer_2727,78.0,65.98470708477909,74.987
polymer_2728,66.0,57.986144168455574,55.7731
polymer_2729,54.5,67.65709392653251,60.42543
polymer_2730,47.0,67.65709392653251,60.42543
polymer_2731,42.0,67.65709392653251,60.42543
polymer_2732,76.0,64.79061436296475,73.80453
polymer_2733,55.0,61.29029071707421,60.041176
polymer_2734,72.0,77.42493575315915,71.34397
polymer_2735,160.0,90.5683985940894,86.19991
polymer_2736,80.0,53.39453816472703,96.961914
polymer_2737,90.0,70.28233361390781,95.88991
polymer_2738,25.0,81.44514070165175,77.028275
polymer_2739,20.0,69.83684721783969,59.682636
polymer_2740,75.0,64.48533038291782,90.96641
polymer_2741,25.5,60.1191182234183,81.21835
polymer_2742,26.0,76.5016976066849,79.32825
polymer_2743,9.0,74.96898288559511,82.68137
polymer_2744,160.0,69.53921190211081,106.78401
polymer_2745,78.5,59.02173539883552,81.59741
polymer_2746,109.40000000000003,121.18178286472913,184.33476
polymer_2747,212.0,167.76445794211116,125.29872
polymer_2748,345.0,270.94156580933105,290.24786
polymer_2749,266.0,244.41675150007913,263.93585
polymer_2750,292.0,244.9674285540183,253.28735
polymer_2751,254.0,264.60701906310226,253.84239
polymer_2752,262.0,241.29848140428211,242.69034
polymer_2753,242.0,252.7481307143129,256.80957
polymer_2754,220.0,242.22618511898423,233.0289
polymer_2755,232.0,277.08316248402696,289.99246
polymer_2756,233.0,260.0499502325436,268.63647
polymer_2757,250.0,250.03563440702735,236.45627
polymer_2758,235.0,236.56479124764107,234.1941
polymer_2759,230.0,240.82228506644537,238.79582
polymer_2760,226.0,230.02237160962537,231.64137
polymer_2761,280.0,258.7450245144855,256.09024
polymer_2762,245.0,233.6697483248443,239.56656
polymer_2763,263.0,247.78307915095095,260.5851
polymer_2764,242.0,242.39795808892225,246.49544
polymer_2765,241.0,246.26761636378376,248.14803
polymer_2766,280.0,251.76496428906046,259.73163
polymer_2767,306.0,256.05065089605745,266.3767
polymer_2768,260.0,267.51243957700444,279.32162
polymer_2769,221.0,238.3511026122585,230.09027
polymer_2770,218.0,225.60984989950234,234.88358
polymer_2771,36.0,74.09557427616218,47.83649
polymer_2772,96.0,64.56704495107314,71.421974
polymer_2773,211.0,79.96197619307581,130.29576
polymer_2774,192.0,80.4299688651869,135.54007
polymer_2775,65.0,105.21278766770608,44.204906
polymer_2776,70.0,110.95735524953203,113.294044
polymer_2777,109.0,88.51347030096372,94.493034
polymer_2778,191.0,109.22019861967647,150.63501
polymer_2779,80.0,103.92516462180433,103.01948
polymer_2780,40.0,38.02500218461735,21.194296
polymer_2781,148.0,236.24368477044283,229.72356
polymer_2782,225.0,163.73613382221745,177.526
polymer_2783,209.0,155.96154440805242,179.53146
polymer_2784,188.0,164.0163545680621,162.34128
polymer_2785,231.0,80.06022283147766,84.87377
polymer_2786,208.0,116.1690142987405,169.09944
polymer_2787,247.0,176.3918283347305,196.93149
polymer_2788,-14.0,14.4575469925375,31.033308
polymer_2789,-12.0,43.887149085620244,32.4587
polymer_2790,-9.0,40.15810592163139,51.00193
polymer_2791,1.900000000000034,31.959516583992983,23.839186
polymer_2792,60.0,25.347976001079587,19.991919
polymer_2793,-24.99999999999997,33.112812658863845,31.168135
polymer_2794,40.0,82.25340452700584,47.583946
polymer_2795,105.0,127.37616492854184,156.56378
polymer_2796,106.0,112.12761133840681,124.00148
polymer_2797,30.0,75.01122688487857,91.93315
polymer_2798,30.0,7.554989659963617,8.662867
polymer_2799,-17.99999999999997,-18.4923776479552,0.4522912
polymer_2800,19.0,6.966176525870492,7.113008
polymer_2801,-31.549999999999983,-41.92201559922547,-30.738127
polymer_2802,29.0,37.94700759792884,44.0548
polymer_2803,22.0,40.45688231022279,34.785
polymer_2804,-69.99999999999997,114.56088583451516,46.369797
polymer_2805,8.0,13.11998355676878,12.710245
polymer_2806,-25.99999999999997,44.55690798903804,30.837744
polymer_2807,2.0,16.503286954563666,16.318525
polymer_2808,-68.99999999999997,-24.358041292850373,-21.54601
polymer_2809,73.0,79.23599363917903,86.181885
polymer_2810,80.0,73.7373584704868,66.68276
polymer_2811,81.0,79.28641317562742,77.33833
polymer_2812,0.9000000000000341,16.503286954563666,16.318525
polymer_2813,21.5,34.5781032934861,7.820429
polymer_2814,67.0,31.99332760417295,32.039753
polymer_2815,33.0,67.04481371511228,56.01465
polymer_2816,70.0,55.684260150000625,55.609074
polymer_2817,144.0,90.11336329265019,92.099045
polymer_2818,102.0,89.7744553265836,81.4003
polymer_2819,75.0,82.94204865205508,77.50297
polymer_2820,66.0,108.43637995856211,100.46594
polymer_2821,64.0,87.30225815710219,91.48911
polymer_2822,65.0,82.65769275171263,99.34714
polymer_2823,112.0,62.903654356786475,64.27787
polymer_2824,30.0,69.00529972870973,44.36382
polymer_2825,61.0,87.2995377929826,120.64017
polymer_2826,-25.99999999999997,73.11974926048553,47.070427
polymer_2827,-59.99999999999997,85.05482968004105,72.32538
polymer_2828,90.0,85.14473305514649,99.50944
polymer_2829,94.0,99.34434176031914,91.00217
polymer_2830,114.0,98.24841552913382,110.54465
polymer_2831,18.0,49.14522932026068,46.81594
polymer_2832,-21.99999999999997,11.428190223738424,5.8723984
polymer_2833,-49.99999999999997,4.7812562838322075,9.987968
polymer_2834,128.0,111.44073730364869,146.9963
polymer_2835,61.0,57.99090279245383,68.49771
polymer_2836,95.5,63.61829834342773,68.11616
polymer_2837,50.0,45.7421948659519,49.540356
polymer_2838,53.80000000000001,58.36704912127732,45.074448
polymer_2839,50.900000000000034,107.88719752716628,89.69156
polymer_2840,82.40000000000003,77.2769690546861,65.03062
polymer_2841,49.80000000000001,57.068037535673305,39.79176
polymer_2842,90.90000000000003,90.96554215129453,100.92273
polymer_2843,58.60000000000002,63.31251861110106,57.24897
polymer_2844,54.30000000000001,57.76364409614811,44.532185
polymer_2845,25.0,35.01624047398287,26.237465
polymer_2846,-2.0,62.59249279460545,44.468506
polymer_2847,51.30000000000001,39.440683157047694,64.10684
polymer_2848,10.800000000000011,82.59736331482264,106.896835
polymer_2849,23.5,86.75935067616415,85.223465
polymer_2850,112.0,166.60234610328405,155.68016
polymer_2851,100.0,72.37422434960904,93.14554
polymer_2852,-19.99999999999997,85.99317989526115,76.080574
polymer_2853,141.0,121.19596428841258,120.80187
polymer_2854,101.0,74.15368538615091,86.804726
polymer_2855,99.0,71.61671091048196,66.4965
polymer_2856,95.0,72.06689554299076,89.72498
polymer_2857,84.0,62.20918246015163,49.21722
polymer_2858,80.0,87.28265885746387,74.54114
polymer_2859,37.0,72.16649158960398,59.215374
polymer_2860,98.0,67.95099620080458,67.44101
polymer_2861,117.0,119.8807984817695,107.69507
polymer_2862,122.0,122.38680525533057,123.85499
polymer_2863,119.0,119.83495327243264,110.457924
polymer_2864,65.0,61.95625933580457,52.657467
polymer_2865,105.0,78.67763698244968,79.09921
polymer_2866,37.5,81.01236944772869,57.486862
polymer_2867,32.0,48.77481463766221,35.088062
polymer_2868,30.0,73.11495782579965,53.535824
polymer_2869,16.0,48.81920955457907,13.594171
polymer_2870,-15.5,47.80798171240454,13.594528
polymer_2871,-37.99999999999997,47.80798171240454,13.594528
polymer_2872,-25.99999999999997,47.80798171240454,13.594528
polymer_2873,68.0,72.47370452794561,64.81312
polymer_2874,63.0,69.44754877213916,54.586346
polymer_2875,55.0,69.76814435114396,50.559772
polymer_2876,118.0,173.2077178020493,139.73323
polymer_2877,-9.0,211.31659226310398,176.79271
polymer_2878,91.0,81.54142863741068,100.125824
polymer_2879,36.0,72.30972602170935,68.26839
polymer_2880,73.0,74.33271945697129,68.94792
polymer_2881,138.0,121.37073321913653,125.15473
polymer_2882,135.0,126.17357576312745,121.18659
polymer_2883,77.0,64.94389188622232,56.585705
polymer_2884,119.0,118.8771424106076,110.31037
polymer_2885,-51.99999999999997,95.73964852467158,63.285213
polymer_2886,120.0,119.74348103364503,145.86667
polymer_2887,95.0,65.48539963901062,64.70178
polymer_2888,105.0,108.40943799809159,107.01274
polymer_2889,130.0,107.59770596459164,108.93446
polymer_2890,200.0,103.68101168306963,141.37244
polymer_2891,70.5,81.16769158155952,29.67058
polymer_2892,10.0,43.25428826159765,46.37382
polymer_2893,-22.99999999999997,-17.894210762429573,-25.78524
polymer_2894,25.0,87.4143639160755,90.20986
polymer_2895,-49.99999999999997,-28.61128868899359,-37.658966
polymer_2896,-46.99999999999997,54.73164870212293,49.407265
polymer_2897,62.0,19.049060296472536,16.111088
polymer_2898,-48.99999999999997,-25.15514564954991,-38.90555
polymer_2899,-44.99999999999997,-13.334937455433975,-17.98822
polymer_2900,-40.99999999999997,-2.7685494173086043,-5.361066
polymer_2901,-51.99999999999997,-25.824170919360014,-19.890368
polymer_2902,7.0,57.41693570746532,45.006207
polymer_2903,-17.99999999999997,-28.918569577969865,-49.455456
polymer_2904,-29.99999999999997,87.75809306411259,59.296593
polymer_2905,20.0,15.1443374813241,5.742829
polymer_2906,331.9,14.448124980038987,9.45133
polymer_2907,40.0,18.099014915958385,-0.7327498
polymer_2908,99.0,57.013192214789186,75.63697
polymer_2909,91.0,60.46560660122871,67.665085
polymer_2910,84.0,61.482512379393626,58.26924
polymer_2911,71.0,63.91981925925926,76.13443
polymer_2912,66.0,53.87505555555556,53.90048
polymer_2913,56.0,55.74920937314869,54.619625
polymer_2914,126.0,70.89342342592592,78.36068
polymer_2915,-9.0,-25.91607482130428,-18.929138
polymer_2916,-6.0,-19.860513526394595,-31.332209
polymer_2917,-31.99999999999997,-21.474478395494376,-46.88226
polymer_2918,-32.99999999999997,-23.528148036300237,-39.101543
polymer_2919,-29.99999999999997,38.23780504652688,47.534092
polymer_2920,-54.99999999999997,-34.37343759623429,-60.135353
polymer_2921,-4.0,-48.66050369507965,-38.23243
polymer_2922,17.0,41.31237624066148,43.648426
polymer_2923,50.0,51.03132098717714,70.62864
polymer_2924,-12.599999999999966,-12.587061668891192,-8.877523
polymer_2925,-39.99999999999997,-37.5198054787551,-38.608505
polymer_2926,-52.99999999999997,-41.419202165830214,-38.37021
polymer_2927,-39.99999999999997,-26.009176469461742,-17.560316
polymer_2928,-57.49999999999997,-19.69386342782156,-20.731382
polymer_2929,-63.99999999999997,-58.605782744554396,-62.894005
polymer_2930,217.0,66.65878740521468,64.94683
polymer_2931,9.600000000000025,60.43377515228055,45.698067
polymer_2932,19.90000000000004,58.13169938906337,61.35301
polymer_2933,4.600000000000023,56.77599494725984,31.427221
polymer_2934,100.0,97.15509512736199,132.55507
polymer_2935,60.0,75.67311445715836,56.820423
polymer_2936,60.0,79.87721940155222,70.65913
polymer_2937,110.0,85.40924539538267,96.52213
polymer_2938,107.0,100.07182963561917,115.249054
polymer_2939,69.5,87.87341965672836,101.123024
polymer_2940,143.20000000000005,67.17448556536489,58.242825
polymer_2941,234.0,183.9255021090626,220.41196
polymer_2942,234.0,188.59499838794514,220.02193
polymer_2943,204.0,204.01001889599155,198.15875
polymer_2944,182.0,134.4443183077952,137.89476
polymer_2945,67.0,73.43327873211544,65.38444
polymer_2946,70.0,89.52285347627313,115.28578
polymer_2947,60.0,86.95383977477366,105.572655
polymer_2948,49.0,78.8094377609843,86.77701
polymer_2949,24.0,70.45939442091667,68.95846
polymer_2950,130.0,77.22468040229346,78.23081
polymer_2951,241.0,237.71084619312174,259.6349
polymer_2952,268.0,228.98424947548958,240.5478
polymer_2953,245.0,244.8816784226276,261.8776
polymer_2954,254.0,104.83463417787222,179.94112
polymer_2955,264.0,87.35420138474308,144.55762
polymer_2956,65.0,78.97782118063654,64.76371
polymer_2957,108.5,47.97270348927105,73.04167
polymer_2958,-7.0,90.76960784444776,134.30756
polymer_2959,-49.29999999999998,-7.8236523937277935,-43.262375
polymer_2960,-49.99999999999997,25.713430618225768,29.729614
polymer_2961,-36.24999999999997,4.74896052041063,-0.93181443
polymer_2962,14.0,77.92816366019143,76.063194
polymer_2963,4.800000000000011,36.19340729716461,34.048183
polymer_2964,-26.99999999999997,-22.219509400563837,-33.83721
polymer_2965,23.0,60.114394262761536,60.013096
polymer_2966,39.0,80.8939425024334,74.02228
polymer_2967,8.0,48.484808348813736,46.175503
polymer_2968,-23.99999999999997,3.9782390360175177,-7.4498367
polymer_2969,3.0,39.042718359312175,32.50938
polymer_2970,117.0,122.60956490645107,146.31256
polymer_2971,-67.99999999999997,-24.370913957121445,-30.359972
polymer_2972,-89.99999999999997,-48.29955776104845,-39.745823
polymer_2973,-77.59999999999997,-41.98111441736418,-68.78833
polymer_2974,-31.74999999999997,27.227699319811872,-24.961578
polymer_2975,-73.29999999999998,-66.32461025168537,-73.9027
polymer_2976,71.20000000000005,42.421931145853655,54.276855
polymer_2977,28.0,24.728518422350447,30.97516
polymer_2978,-40.99999999999997,-41.21948907620271,-26.25474
polymer_2979,-29.99999999999997,-51.773159217952774,-70.3677
polymer_2980,-54.99999999999997,-48.50079575208653,-57.940845
polymer_2981,-55.99999999999997,-48.19805208943763,-60.495667
polymer_2982,95.0,96.94613125743057,101.37337
polymer_2983,128.0,83.5215468524651,95.86319
polymer_2984,70.5,85.96130983568216,101.67674
polymer_2985,50.0,86.44568740371614,104.768
polymer_2986,263.0,280.02543408183107,274.5731
polymer_2987,278.5,277.66413219252183,269.74777
polymer_2988,264.0,287.9981973167911,291.41693
polymer_2989,179.0,187.22704385964911,193.8748
polymer_2990,216.0,193.97054385964907,177.22635
polymer_2991,176.0,180.86418518518516,189.44145
polymer_2992,177.0,229.79637223256756,227.10869
polymer_2993,307.5,281.47372372716575,313.47235
polymer_2994,265.0,273.43419161766246,285.49338
polymer_2995,247.0,270.9110667672582,284.26135
polymer_2996,272.0,267.31188330211324,279.96127
polymer_2997,281.0,271.4150133609728,280.7709
polymer_2998,223.0,268.55383612126144,253.7218
polymer_2999,279.0,266.1811619506185,284.62616
polymer_3000,278.0,256.12164293224834,264.935
polymer_3001,280.0,257.7115977174186,260.38812
polymer_3002,299.5,291.09198447447375,283.45496
polymer_3003,310.0,281.9017982366163,280.17178
polymer_3004,303.0,276.1363030062236,279.04266
polymer_3005,298.0,288.4390178677875,288.38712
polymer_3006,232.0,150.7752442438568,171.10037
polymer_3007,420.0,283.1111191479883,287.90463
polymer_3008,264.0,298.2185543992117,308.52786
polymer_3009,248.0,259.49323206426965,260.79367
polymer_3010,266.0,267.6766101482795,269.91418
polymer_3011,245.0,270.02268120593317,280.04755
polymer_3012,276.0,304.17880032640977,309.7505
polymer_3013,287.0,269.06569843959636,275.8115
polymer_3014,243.0,283.4686353561822,271.10657
polymer_3015,259.0,266.81171841559467,265.8519
polymer_3016,270.0,260.58429426328144,268.07852
polymer_3017,269.0,262.2055739218814,263.79874
polymer_3018,188.8,117.1052890882514,127.866135
polymer_3019,266.0,281.0513131661558,280.65103
polymer_3020,269.0,280.37435660040484,281.82715
polymer_3021,248.0,246.2221751330706,245.64682
polymer_3022,257.0,243.82734681405205,247.5267
polymer_3023,221.0,255.09370745549595,244.05472
polymer_3024,252.0,241.53690118237708,241.10129
polymer_3025,226.0,241.23753610301196,241.3124
polymer_3026,233.0,244.6737648766604,244.29053
polymer_3027,240.0,237.14852932585666,238.9011
polymer_3028,40.0,30.584071585773156,37.75466
polymer_3029,272.0,255.4903492063492,255.967
polymer_3030,273.0,240.9651607874522,251.89009
polymer_3031,227.0,238.4556409461824,249.96513
polymer_3032,251.0,257.12562734436955,267.20734
polymer_3033,226.0,246.60559446633,249.40266
polymer_3034,252.0,241.4180755161995,250.81389
polymer_3035,228.0,152.60666356458012,180.0783
polymer_3036,255.0,141.56058652371522,137.70604
polymer_3037,217.0,293.146730497123,303.33072
polymer_3038,274.0,299.6637075359837,299.4607
polymer_3039,354.0,263.0457256249372,274.61295
polymer_3040,104.0,122.78237991548447,118.957985
polymer_3041,103.0,122.78237991548447,118.957985
polymer_3042,84.0,122.78237991548447,118.957985
polymer_3043,109.0,102.83099896709487,119.92945
polymer_3044,24.0,71.41477857586885,55.66508
polymer_3045,47.0,62.221552950108936,61.600494
polymer_3046,274.0,275.48146942507634,249.0822
polymer_3047,78.0,95.32838842783053,101.7419
polymer_3048,110.0,84.00695153097693,88.56505
polymer_3049,95.0,95.32838842783053,101.7419
polymer_3050,65.0,69.75024409761603,60.593536
polymer_3051,340.0,292.9350391679937,274.95242
polymer_3052,324.0,268.5777379432802,271.5149
polymer_3053,213.0,277.1237736465289,293.08374
polymer_3054,274.0,278.2074035387182,288.07318
polymer_3055,269.0,253.3814643253564,244.16603
polymer_3056,216.0,260.61903233282,275.97452
polymer_3057,336.0,284.8618566456974,289.54123
polymer_3058,300.5,279.58970607597024,276.37842
polymer_3059,202.70000000000005,208.59003765459713,214.2474
polymer_3060,158.0,117.4729274036602,127.59399
polymer_3061,130.0,148.88982147420313,149.83316
polymer_3062,92.0,148.88982147420313,149.83316
polymer_3063,175.0,208.24627856629473,219.6651
polymer_3064,53.0,64.38391642955646,68.78775
polymer_3065,75.5,64.76131845240627,78.259056
polymer_3066,59.0,40.817384718066215,45.549107
polymer_3067,51.0,41.65283081655436,49.485977
polymer_3068,82.0,68.72308784689014,80.06333
polymer_3069,75.0,66.86753456167327,69.19767
polymer_3070,91.5,66.30521943825718,84.83672
polymer_3071,75.0,69.22978219720784,71.84818
polymer_3072,78.0,68.31670118579656,81.11092
polymer_3073,67.0,48.65455553287182,55.826584
polymer_3074,53.0,38.05015406901156,45.701553
polymer_3075,48.0,38.05015406901156,45.701553
polymer_3076,40.0,41.378396191785896,49.577152
polymer_3077,34.0,40.33486293650178,36.99472
polymer_3078,63.0,64.56265373724973,57.25348
polymer_3079,38.0,36.30677603708853,28.281029
polymer_3080,30.0,38.70118724765468,30.421558
polymer_3081,45.0,68.52093205290116,60.858845
polymer_3082,35.0,47.052606935775934,40.512627
polymer_3083,65.0,53.869872452144406,54.854393
polymer_3084,42.0,37.39729081441296,37.293076
polymer_3085,38.0,37.15763340937453,38.56387
polymer_3086,68.0,57.18615691857928,59.86175
polymer_3087,52.0,55.011837879075586,52.98572
polymer_3088,76.0,53.56050902604429,58.40999
polymer_3089,62.0,56.14920686037288,50.591774
polymer_3090,70.0,57.35685577380509,59.808277
polymer_3091,56.0,44.92995592023246,48.019676
polymer_3092,43.0,34.396901180288445,33.73067
polymer_3093,32.5,36.82719880286191,35.40653
polymer_3094,27.5,36.55501642917511,38.148556
polymer_3095,21.0,24.668828893666127,20.075758
polymer_3096,63.0,52.55294510126241,49.535973
polymer_3097,36.0,33.57005165590299,27.176966
polymer_3098,28.0,34.89001099327397,29.589619
polymer_3099,56.5,51.414163774566084,53.08092
polymer_3100,50.0,47.73277922844103,40.86806
polymer_3101,70.0,48.20284256915955,54.482807
polymer_3102,56.0,51.76972605565681,44.35283
polymer_3103,61.0,46.86522499692994,51.08644
polymer_3104,46.0,41.3027431172637,34.590015
polymer_3105,37.72500000000002,33.11794774720157,24.643782
polymer_3106,28.0,29.964483498403236,27.336855
polymer_3107,22.0,33.0292537524899,27.942383
polymer_3108,15.0,21.16890189361417,13.050053
polymer_3109,54.0,52.55294510126241,49.535973
polymer_3110,27.0,33.45638665788281,29.153814
polymer_3111,22.0,33.57005165590299,27.176966
polymer_3112,46.0,53.98676364125624,57.92388
polymer_3113,46.0,47.73277922844103,40.86806
polymer_3114,55.5,57.06222786576744,53.580498
polymer_3115,42.0,47.84230463767801,46.05427
polymer_3116,50.0,53.57704046052043,50.18245
polymer_3117,37.0,41.3027431172637,34.590015
polymer_3118,27.0,30.885164733660968,25.492813
polymer_3119,22.0,29.964483498403236,27.336855
polymer_3120,15.0,30.885164733660968,25.492813
polymer_3121,6.0,21.787092630412527,12.10284
polymer_3122,43.0,54.117197776420724,53.787624
polymer_3123,23.0,34.89001099327397,29.589619
polymer_3124,16.0,33.45638665788281,29.153814
polymer_3125,44.0,49.07156445543976,54.004753
polymer_3126,36.0,55.82061371146037,46.42321
polymer_3127,47.0,48.20284256915955,54.482807
polymer_3128,33.0,51.76972605565681,44.35283
polymer_3129,44.0,53.57704046052043,50.18245
polymer_3130,30.0,40.99900171549276,38.462337
polymer_3131,22.0,33.11794774720157,24.643782
polymer_3132,15.5,33.11794774720157,24.643782
polymer_3133,12.5,33.0292537524899,27.942383
polymer_3134,2.0,24.695146099686426,12.987593
polymer_3135,66.0,66.97546964539221,75.605034
polymer_3136,46.0,37.13613392988296,40.48084
polymer_3137,51.0,37.44488657034965,38.152527
polymer_3138,80.0,68.46734634280143,75.59203
polymer_3139,68.0,66.56102402671212,66.78011
polymer_3140,82.0,67.77048064406867,81.61433
polymer_3141,72.0,65.56217851169231,69.14998
polymer_3142,79.0,65.10662662897712,74.45178
polymer_3143,64.0,44.16405134929112,45.203705
polymer_3144,45.0,36.56440916806447,36.474022
polymer_3145,40.0,36.27464735404308,37.243732
polymer_3146,36.0,37.10836006662831,41.70568
polymer_3147,27.0,30.165737871098653,24.104162
polymer_3148,50.0,61.666664353069635,57.621243
polymer_3149,31.0,33.32889144291415,24.864931
polymer_3150,23.0,36.37353871436039,29.219007
polymer_3151,58.0,58.58083980501855,68.734184
polymer_3152,44.0,62.6436061621658,50.031036
polymer_3153,63.0,58.915713963126045,70.8138
polymer_3154,50.0,53.65562017072783,54.705967
polymer_3155,53.0,56.22753506142208,58.192333
polymer_3156,45.0,39.45966572485886,30.06663
polymer_3157,28.0,29.37539238357839,23.476912
polymer_3158,16.0,31.63551192062919,29.471813
polymer_3159,17.0,34.60607263437792,27.111847
polymer_3160,18.0,36.14034243707128,33.078934
polymer_3161,96.0,67.39576986644633,79.40593
polymer_3162,67.0,46.58202301548255,56.07777
polymer_3163,51.5,40.52959846315708,51.341652
polymer_3164,51.0,107.38925728823008,128.423
polymer_3165,117.0,76.57077520832779,70.64649
polymer_3166,198.0,141.32732964641724,139.50342
polymer_3167,147.0,159.48161698842608,185.10094
polymer_3168,143.0,31.687354197581584,55.162052
polymer_3169,54.0,66.0769894781167,70.29699
polymer_3170,138.0,96.29752096635725,112.57515
polymer_3171,157.0,173.95879511403467,166.15038
polymer_3172,188.0,161.15044367325862,181.19373
polymer_3173,190.0,127.706981368737,121.72893
polymer_3174,201.0,135.15778757923613,150.57407
polymer_3175,195.0,155.27926905470193,173.46931
polymer_3176,178.0,164.25509638420849,184.93277
polymer_3177,178.0,152.22906100412945,138.27013
polymer_3178,75.0,65.01486955579504,57.797794
polymer_3179,48.0,50.649951243169504,60.57189
polymer_3180,93.8,54.03326496352831,45.589294
polymer_3181,122.0,68.3264745237145,40.318615
polymer_3182,-27.99999999999997,127.95947601431747,136.99594
polymer_3183,350.0,270.0306469598962,276.81323
polymer_3184,-41.99999999999997,-17.189456521013458,-29.147745
polymer_3185,-19.99999999999997,-29.338844604388584,-48.289516
polymer_3186,-19.99999999999997,-12.64486525237335,-20.87894
polymer_3187,-19.99999999999997,-20.3766759262389,-27.620949
polymer_3188,-19.99999999999997,-15.5588709810378,-42.64541
polymer_3189,55.0,-21.32160467434389,2.756626
polymer_3190,125.0,106.76849756195408,115.49641
polymer_3191,95.5,118.80628074065433,133.07071
polymer_3192,150.0,201.86677151907347,177.60504
polymer_3193,58.0,68.3823764686716,84.409096
polymer_3194,37.0,57.510484343976955,49.472256
polymer_3195,22.0,42.00454745833919,38.89613
polymer_3196,48.0,56.3881577925629,54.787548
polymer_3197,43.0,42.152161916726826,40.77384
polymer_3198,52.0,88.83021836000383,61.413754
polymer_3199,31.0,60.53033647248292,39.01113
polymer_3200,33.0,39.68886080361898,19.735647
polymer_3201,48.0,68.6348596079724,58.791946
polymer_3202,33.0,50.22229693095436,47.55673
polymer_3203,47.0,86.12736041016271,89.24939
polymer_3204,84.0,83.06429604375407,71.64333
polymer_3205,62.0,53.71488087898344,74.09465
polymer_3206,105.0,71.96137720153033,82.88054
polymer_3207,203.0,138.27813959324283,142.2354
polymer_3208,50.0,70.90087736711575,68.23516
polymer_3209,25.0,55.339796457241576,42.011665
polymer_3210,32.0,30.811361126361682,14.394138
polymer_3211,50.0,55.521413570168576,57.768055
polymer_3212,22.0,42.51046299791425,49.679493
polymer_3213,160.0,132.2952482136281,104.72788
polymer_3214,-41.99999999999997,-3.412218206709627,-24.122778
polymer_3215,-50.99999999999997,-15.062507836254841,29.05922
polymer_3216,-68.99999999999997,-20.523944714498686,9.865837
polymer_3217,37.0,170.89387388030005,146.70845
polymer_3218,20.0,80.37033690737888,61.00436
polymer_3219,-39.99999999999997,-11.364696489378808,-8.476875
polymer_3220,10.0,-35.21739892026006,-40.575188
polymer_3221,-62.99999999999997,5.47671124596662,42.18601
polymer_3222,-5.0,28.407190859393886,-4.116633
polymer_3223,-4.0,-14.131080151863841,-6.699104
polymer_3224,19.0,-1.1372092294699636,13.233296
polymer_3225,-16.75,26.561620169308224,48.354923
polymer_3226,30.0,4.327035991955332,-2.3161175
polymer_3227,-14.5,-2.336842518621279,1.2175015
polymer_3228,27.0,-27.702903538491054,-39.292324
polymer_3229,103.45000000000005,48.78912118802922,53.591953
polymer_3230,-66.79999999999998,-11.443464830438808,-34.37288
polymer_3231,1.0,116.79222009060435,103.13906
polymer_3232,-3.849999999999966,7.524611832597393,5.9576173
polymer_3233,-78.99999999999997,-66.70265366148952,-93.88408
polymer_3234,-76.99999999999997,54.29413623147419,11.562593
polymer_3235,-80.99999999999997,-71.08270215925985,-90.99843
polymer_3236,-85.99999999999997,-78.88446973175402,-78.17028
polymer_3237,-80.99999999999997,-72.01004106249928,-94.78485
polymer_3238,-39.99999999999997,-39.81681755658695,-66.81803
polymer_3239,-52.49999999999997,-58.79601584407815,-37.501472
polymer_3240,-65.99999999999997,-45.3276537674888,-57.451035
polymer_3241,-83.99999999999997,-42.35816043629093,-81.09655
polymer_3242,-39.99999999999997,-27.993910831548014,-37.936268
polymer_3243,-39.99999999999997,-27.50723948440142,-31.08429
polymer_3244,-83.99999999999997,-67.95324383005746,-80.64262
polymer_3245,-99.99999999999996,-75.87488584916136,-77.901085
polymer_3246,-104.99999999999996,-78.97286330654168,-68.16604
polymer_3247,-103.99999999999996,-71.37839476113136,-76.46612
polymer_3248,-103.99999999999996,-71.37839476113136,-76.46612
polymer_3249,-93.99999999999996,-78.39328668993834,-82.19946
polymer_3250,-83.99999999999997,-79.30411235506286,-79.921295
polymer_3251,-55.99999999999997,-85.41073025102332,-89.909035
polymer_3252,-43.99999999999997,-88.08327218191674,-92.98096
polymer_3253,-26.09999999999997,-17.673732054774092,-24.401981
polymer_3254,-19.59999999999997,-31.532621658850495,-34.63882
polymer_3255,-46.99999999999997,64.56360617816092,-10.801645
polymer_3256,-77.99999999999997,-65.76727627936314,-64.78068
polymer_3257,-80.99999999999997,-67.92996110640573,-65.506935
polymer_3258,-77.99999999999997,-70.10718235913774,-82.18853
polymer_3259,-83.99999999999997,-72.80852904780984,-76.58474
polymer_3260,-8.0,-76.66608869214473,-78.74775
polymer_3261,-79.99999999999997,-65.78766741076197,-67.14538
polymer_3262,-53.599999999999966,-81.0402205644591,-92.81969
polymer_3263,-78.99999999999997,-76.66608869214473,-78.74775
polymer_3264,-75.99999999999997,-76.66608869214473,-78.74775
polymer_3265,-74.99999999999997,-65.99020387116708,-68.5124
polymer_3266,-37.99999999999997,-53.815759161586904,-80.34322
polymer_3267,-13.299999999999956,37.565600457470595,27.477903
polymer_3268,89.70000000000005,44.55890238126641,54.723522
polymer_3269,111.40000000000003,93.49519904773673,88.581375
polymer_3270,56.200000000000045,65.05400103650423,66.79961
polymer_3271,69.5,51.7160620636993,61.49382
polymer_3272,80.0,43.85337551219421,28.125978
polymer_3273,43.5,61.59524592456606,65.13108
polymer_3274,64.80000000000001,113.71830120583623,79.90305
polymer_3275,30.600000000000023,65.34978370327191,69.354576
polymer_3276,-32.69999999999999,32.53503749709941,-17.485819
polymer_3277,60.0,21.508203523585806,30.833715
polymer_3278,-0.7999999999999545,25.870998472857973,46.977737
polymer_3279,-31.399999999999977,16.50985572993012,-15.4763565
polymer_3280,85.0,22.523719799870392,29.830433
polymer_3281,20.65000000000004,22.77855241518688,17.805653
polymer_3282,-32.99999999999997,123.33316029301311,109.3427
polymer_3283,57.0,17.66785775979355,18.90397
polymer_3284,0.0,29.271493059196235,-3.662369
polymer_3285,-11.5,33.25530054454113,32.599632
polymer_3286,-1.5,17.513086466507552,12.072548
polymer_3287,5.0,16.977195072279773,-8.408189
polymer_3288,73.25,59.18669552244022,133.84062
polymer_3289,-12.5,29.50464439162638,16.677795
polymer_3290,13.300000000000011,52.239883534982674,22.046041
polymer_3291,4.0,23.911855525341455,33.53409
polymer_3292,2.0,21.072872361321814,16.002188
polymer_3293,-4.0,23.65978633459472,48.030876
polymer_3294,43.10000000000002,32.347682511816124,21.630615
polymer_3295,11.300000000000011,31.019456998035906,24.81458
polymer_3296,90.3,33.078509094263524,22.65895
polymer_3297,47.0,26.662917661948487,22.552948
polymer_3298,-2.5,21.463402173201725,27.821077
polymer_3299,-34.99999999999997,0.4517896216544648,-18.08385
polymer_3300,-24.99999999999997,-3.428742334993812,-22.481964
polymer_3301,-23.99999999999997,37.508141807756495,37.075928
polymer_3302,-37.99999999999997,-1.2115607095688543,-4.5428357
polymer_3303,-8.0,22.256061456380735,14.523114
polymer_3304,291.0,84.94440114590202,126.873795
polymer_3305,160.0,61.15950980251676,95.49415
polymer_3306,-54.64999999999998,236.74140693597167,230.84845
polymer_3307,57.650000000000034,68.65789633225539,49.808197
polymer_3308,58.0,39.65976841091771,22.854576
polymer_3309,66.0,40.42918726141196,26.918133
polymer_3310,102.0,83.01646786109781,89.00163
polymer_3311,56.0,52.55195206720275,45.030777
polymer_3312,91.0,93.02004258179142,85.47597
polymer_3313,71.0,58.12003051918317,54.998386
polymer_3314,150.8,88.13991723618258,127.92016
polymer_3315,206.0,150.77054709106577,151.57384
polymer_3316,45.0,54.55203971263966,50.935635
polymer_3317,57.0,50.086345256274356,46.821083
polymer_3318,180.0,161.65047197279102,162.97107
polymer_3319,46.0,54.55203971263966,50.935635
polymer_3320,91.0,85.72785454576862,100.80118
polymer_3321,57.0,52.55195206720275,45.030777
polymer_3322,89.0,88.48988159960486,88.62361
polymer_3323,61.0,58.12003051918317,54.998386
polymer_3324,159.0,172.53598747603866,175.97981
polymer_3325,28.0,55.48681291035596,52.26788
polymer_3326,144.0,161.65047197279102,162.97107
polymer_3327,125.0,172.53598747603866,175.97981
polymer_3328,54.60000000000002,48.967015945437865,21.766607
polymer_3329,227.0,110.66883670985716,147.21307
polymer_3330,274.0,118.38679843189153,156.95941
polymer_3331,281.0,167.45220612569693,254.6691
polymer_3332,269.0,220.78838350576922,213.9264
polymer_3333,279.0,205.0657849550868,234.3628
polymer_3334,212.0,208.61532059007948,228.18571
polymer_3335,-31.99999999999997,59.08685633130711,71.70493
polymer_3336,77.0,74.489046600768,78.86648
polymer_3337,18.0,61.7631154188855,58.36133
polymer_3338,62.0,42.23659480637919,41.402344
polymer_3339,64.0,52.10515564588432,40.442604
polymer_3340,81.0,74.17569066032829,77.43533
polymer_3341,61.0,47.9938756980753,40.433395
polymer_3342,32.0,58.05149010080292,41.13038
polymer_3343,87.0,60.86462002796384,53.252773
polymer_3344,89.0,70.37490148169528,68.60587
polymer_3345,52.0,51.47891201870301,50.52271
polymer_3346,5.100000000000023,36.800473847053986,10.230942
polymer_3347,2.300000000000012,39.62031592977385,17.710289
polymer_3348,-11.299999999999956,44.80539564475824,36.722687
polymer_3349,4.2000000000000455,41.72570819108426,8.798714
polymer_3350,42.0,61.7631154188855,58.36133
polymer_3351,117.0,82.3690199171632,87.167755
polymer_3352,6.0,51.68124283356286,56.76101
polymer_3353,183.0,126.42963708795324,128.6619
polymer_3354,196.0,149.6293359334207,155.29169
polymer_3355,58.5,120.5383380130317,123.20286
polymer_3356,103.0,121.96746537561945,106.499916
polymer_3357,136.0,135.14517613580014,149.56007
polymer_3358,137.0,132.30269370362785,123.269615
polymer_3359,145.0,115.7980801468896,127.873116
polymer_3360,156.0,134.55745549915537,167.38824
polymer_3361,121.0,131.42538855783047,130.73917
polymer_3362,178.0,199.6303894101892,174.02159
polymer_3363,188.0,125.19195881079705,122.98343
polymer_3364,152.0,115.18477089765877,121.93832
polymer_3365,144.0,137.30212838066464,149.9129
polymer_3366,125.0,111.45851068648027,131.09294
polymer_3367,31.90000000000004,92.10101031472935,64.88415
polymer_3368,123.0,122.11835496228936,91.90333
polymer_3369,147.0,128.79813382826805,97.317795
polymer_3370,84.0,110.1197199331813,100.81876
polymer_3371,52.0,94.29496055149414,74.320496
polymer_3372,175.0,121.86076801054037,122.084496
polymer_3373,165.0,128.21512375151315,126.85236
polymer_3374,150.0,159.07450053813957,145.88992
polymer_3375,223.0,220.4686008476048,201.77579
polymer_3376,202.0,239.02023829269984,224.01082
polymer_3377,62.0,118.90759204372979,123.62789
polymer_3378,76.0,68.42768688486844,94.44729
polymer_3379,66.0,88.25933142960304,75.02669
polymer_3380,69.0,54.600104719523074,47.853992
polymer_3381,168.0,141.81993039021165,148.41278
polymer_3382,167.0,167.5765744554401,172.98523
polymer_3383,165.0,158.0992515172736,155.61873
polymer_3384,157.0,165.7493373015873,162.09167
polymer_3385,177.0,170.98230146396816,188.07976
polymer_3386,193.0,164.89159993580765,197.30457
polymer_3387,254.0,213.52639448323475,225.35513
polymer_3388,340.0,201.52694126178378,226.83789
polymer_3389,198.0,184.17723171654052,183.9027
polymer_3390,233.0,216.76899714023958,226.04239
polymer_3391,305.0,217.900767829376,216.70354
polymer_3392,228.5,221.94447777234058,221.22485
polymer_3393,225.0,221.94447777234058,221.22485
polymer_3394,220.0,217.900767829376,216.70354
polymer_3395,280.0,221.94447777234058,221.22485
polymer_3396,205.5,221.94447777234058,221.22485
polymer_3397,199.5,217.900767829376,216.70354
polymer_3398,199.5,228.87453106201792,229.06082
polymer_3399,196.5,221.94447777234058,221.22485
polymer_3400,199.5,228.87453106201792,229.06082
polymer_3401,204.5,224.9949921639492,224.71841
polymer_3402,250.0,228.87453106201792,229.06082
polymer_3403,191.0,228.87453106201792,229.06082
polymer_3404,214.0,220.85608398827944,239.73048
polymer_3405,260.0,209.7049616952971,248.0859
polymer_3406,158.0,179.8955165444988,198.08292
polymer_3407,182.0,193.21010430735936,201.95804
polymer_3408,237.0,209.44112524234558,152.84393
polymer_3409,288.0,317.08557446692976,311.30563
polymer_3410,259.0,293.63427779635686,275.96985
polymer_3411,192.0,165.44246372946733,178.79987
polymer_3412,247.0,218.93929593995506,223.21313
polymer_3413,186.0,188.0861292705535,177.56277
polymer_3414,216.0,217.0664626066217,232.49123
polymer_3415,305.0,248.6026663291562,238.78862
polymer_3416,273.0,279.31563080443317,283.6333
polymer_3417,270.0,264.03474533755474,268.197
polymer_3418,74.15000000000003,47.895646261848405,65.298134
polymer_3419,132.0,133.168758418009,174.63556
polymer_3420,0.0,73.32298058723286,31.995804
polymer_3421,0.0,13.704177248571222,-10.093593
polymer_3422,-10.0,-29.20202282172747,-37.835384
polymer_3423,-15.0,-29.289668350439133,-25.206766
polymer_3424,-19.99999999999997,-54.527212202865016,-50.730465
polymer_3425,-24.99999999999997,-54.527212202865016,-50.730465
polymer_3426,-59.49999999999997,-34.09636554341488,-34.61804
polymer_3427,-61.99999999999997,-33.262065175835964,-35.943146
polymer_3428,26.57000000000005,58.03017368842851,39.786636
polymer_3429,46.900000000000034,69.96853511053583,44.730335
polymer_3430,53.150000000000034,83.9481057394269,44.01028
polymer_3431,17.0,60.03749023663703,27.212378
polymer_3432,225.0,141.46759713398131,143.51706
polymer_3433,40.30000000000001,50.07595743627604,53.016052
polymer_3434,140.0,74.65514636520207,97.352715
polymer_3435,275.0,183.99332593656348,204.13666
polymer_3436,145.0,131.5148896507998,141.3716
polymer_3437,20.0,25.896675259211904,22.842215
polymer_3438,25.0,18.690637083565402,12.596222
polymer_3439,38.0,20.418422528265086,12.236629
polymer_3440,5.0,35.58591588988975,33.952137
polymer_3441,33.0,23.83529719536894,20.277744
polymer_3442,33.0,24.802230619733212,21.889418
polymer_3443,208.0,122.90377566732137,127.92756
polymer_3444,180.0,147.4615047411066,172.68854
polymer_3445,175.0,133.64216458044226,175.68439
polymer_3446,165.0,126.78927084375886,158.22076
polymer_3447,52.0,70.65927481717084,65.429276
polymer_3448,48.0,37.88727007045195,37.840233
polymer_3449,40.0,64.89799417989286,62.208313
polymer_3450,47.0,58.58818591743774,54.860973
polymer_3451,54.0,69.03066808088927,63.615322
polymer_3452,49.0,64.89799417989286,62.208313
polymer_3453,51.0,42.78291900584801,37.220856
polymer_3454,154.0,182.8737280586924,186.48915
polymer_3455,130.0,138.14041802719237,156.18474
polymer_3456,75.0,105.10720808689254,108.973946
polymer_3457,92.0,119.3144132271464,123.63465
polymer_3458,55.0,64.59859395660673,60.80909
polymer_3459,46.0,62.24794018322545,59.542496
polymer_3460,34.0,57.09030659797477,52.76876
polymer_3461,34.0,45.121004674398094,45.17787
polymer_3462,60.80000000000001,43.81457818205332,43.7646
polymer_3463,166.0,182.8737280586924,186.48915
polymer_3464,94.0,102.32589070631191,105.10268
polymer_3465,100.0,119.3144132271464,123.63465
polymer_3466,140.0,140.23072317145815,148.12225
polymer_3467,-49.99999999999997,62.24794018322545,59.542496
polymer_3468,44.0,48.11635942963521,43.017014
polymer_3469,115.0,149.5938191869241,154.89061
polymer_3470,130.0,50.67970162523045,58.327682
polymer_3471,48.0,57.32102491536437,56.89759
polymer_3472,68.0,69.03066808088927,63.615322
polymer_3473,50.0,30.8339064004673,30.848001
polymer_3474,185.0,168.06585844108912,170.72867
polymer_3475,123.0,149.5938191869241,154.89061
polymer_3476,96.0,102.99844077155926,103.031654
polymer_3477,110.0,114.65714769226265,112.594154
polymer_3478,110.0,136.20527281825105,144.21442
polymer_3479,160.0,138.14041802719237,156.18474
polymer_3480,62.0,63.09382376447356,67.50602
polymer_3481,52.0,66.84212622336439,56.025833
polymer_3482,250.0,79.48216949830265,96.45394
polymer_3483,72.0,64.59859395660673,60.80909
polymer_3484,78.0,30.8339064004673,30.848001
polymer_3485,170.0,162.19684404450172,122.72057
polymer_3486,150.0,89.57248083530119,110.85961
polymer_3487,17.0,53.541384954047814,24.979164
polymer_3488,-38.99999999999997,28.34287517200515,25.095545
polymer_3489,-44.99999999999997,33.950957066226216,45.61939
polymer_3490,-2.0,17.756129042347585,12.290294
polymer_3491,16.0,10.979110143968985,6.258899
polymer_3492,9.0,20.230643866126744,10.422313
polymer_3493,39.0,45.59164114914306,44.498455
polymer_3494,36.0,57.09030659797477,52.76876
polymer_3495,55.0,45.121004674398094,45.17787
polymer_3496,58.0,45.59164114914306,44.498455
polymer_3497,58.0,57.09030659797477,52.76876
polymer_3498,55.0,45.121004674398094,45.17787
polymer_3499,168.0,36.420207284751896,37.079338
polymer_3500,-2.3999999999999773,8.030933286890935,-2.183903
polymer_3501,-6.7999999999999545,11.109305761699744,-0.16153334
polymer_3502,-19.19999999999999,47.549936371519564,34.80154
polymer_3503,-4.2999999999999545,5.722032856961671,-7.8766584
polymer_3504,33.0,57.09030659797477,52.76876
polymer_3505,33.5,48.388098475211045,45.12521
polymer_3506,55.0,40.1801051315418,43.88055
polymer_3507,31.90000000000004,51.64537662225998,11.868142
polymer_3508,56.0,48.11635942963521,43.017014
polymer_3509,17.0,-14.284219533743016,-9.183862
polymer_3510,-6.5,10.591657576143707,6.993865
polymer_3511,-17.0,-1.539145271183537,0.30380344
polymer_3512,-30.99999999999997,10.591657576143707,6.993865
polymer_3513,61.0,74.0389939817307,105.61239
polymer_3514,33.0,52.283536832750784,32.468708
polymer_3515,80.0,75.598167765004,81.56895
polymer_3516,72.0,81.76483102586612,77.267845
polymer_3517,282.0,96.92939019452017,92.936516
polymer_3518,201.0,164.29257575816524,162.3262
polymer_3519,132.5,141.3510351117212,151.92241
polymer_3520,112.0,101.08291068478209,103.3308
polymer_3521,116.0,102.13160900297741,103.66672
polymer_3522,112.0,101.82265915604786,108.367195
polymer_3523,113.0,107.9769663740886,109.748116
polymer_3524,108.0,102.32589070631191,105.10268
polymer_3525,121.0,107.65626282886791,109.30192
polymer_3526,80.0,94.31268955397343,120.01023
polymer_3527,225.0,164.5494521867614,195.13849
polymer_3528,122.5,131.18647250939765,135.67278
polymer_3529,224.5,107.09044346100445,112.65096
polymer_3530,52.0,63.01263567212569,101.2641
polymer_3531,67.0,83.45855098414964,85.58833
polymer_3532,95.0,111.10310088433677,129.92041
polymer_3533,177.0,133.82612890650174,146.19295
polymer_3534,55.0,66.84212622336439,56.025833
polymer_3535,74.0,82.3725761551237,84.70488
polymer_3536,190.0,99.74327932708513,76.34967
polymer_3537,120.0,180.27230115012895,213.4062
polymer_3538,16.0,57.09030659797477,52.76876
polymer_3539,7.0,57.09030659797477,52.76876
polymer_3540,125.0,92.9609811400016,98.61001
polymer_3541,136.0,106.43560010156766,107.29726
polymer_3542,215.0,146.57075590650084,152.66183
polymer_3543,141.0,124.69817139364332,136.31604
polymer_3544,82.0,81.39299147194484,80.848274
polymer_3545,180.0,141.7473449969541,156.7337
polymer_3546,92.0,83.41517849199461,89.924614
polymer_3547,26.0,13.562526047827452,15.762472
polymer_3548,72.0,72.7811550756202,74.82479
polymer_3549,142.0,182.64934545223784,206.91428
polymer_3550,165.0,123.32817519929189,139.76279
polymer_3551,178.0,204.70897886874718,208.89601
polymer_3552,224.0,179.08122147540573,176.39342
polymer_3553,178.0,199.103607680477,205.65764
polymer_3554,164.0,101.2098771068472,105.26547
polymer_3555,172.0,96.80112635373408,98.06176
polymer_3556,235.0,209.94581038431906,242.61942
polymer_3557,107.0,108.25714541841373,134.84753
polymer_3558,8.0,117.15050735191619,92.63754
polymer_3559,150.0,75.77497566282696,86.24844
polymer_3560,106.0,81.8435623976458,87.893166
polymer_3561,84.0,101.16062051237742,94.01033
polymer_3562,147.0,120.94150082325024,145.37857
polymer_3563,152.0,88.52787187103812,112.30527
polymer_3564,30.0,82.62364153054514,46.618828
polymer_3565,47.0,32.527984631406625,47.66587
polymer_3566,45.0,32.527984631406625,47.66587
polymer_3567,49.0,44.72681608857603,45.549442
polymer_3568,56.0,32.527984631406625,47.66587
polymer_3569,75.0,80.77454085376743,65.5872
polymer_3570,122.0,100.62198892565954,78.36773
polymer_3571,83.0,135.8893978733215,128.3252
polymer_3572,291.0,123.97139504846187,141.44795
polymer_3573,172.0,143.9535348881918,162.81483
polymer_3574,159.0,138.19411910186886,149.57764
polymer_3575,160.0,174.88042104307016,158.71501
polymer_3576,175.0,201.7934466749851,196.45781
polymer_3577,270.0,204.15221972635547,220.47404
polymer_3578,240.0,238.638024677986,213.29001
polymer_3579,252.0,178.32065731636555,184.18129
polymer_3580,237.0,266.7494555731493,298.73315
polymer_3581,263.0,182.54628700544635,175.56747
polymer_3582,180.0,184.98578136505648,182.99193
polymer_3583,202.1,213.06947937666246,201.4424
polymer_3584,195.0,218.31792057420705,222.03235
polymer_3585,234.0,227.6285860781869,252.22417
polymer_3586,55.0,108.11413432838597,97.20214
polymer_3587,53.0,140.18261987238068,153.62212
polymer_3588,52.0,289.04543123305024,283.8981
polymer_3589,135.0,233.3624688017555,267.89136
polymer_3590,376.0,259.92036666666667,262.75223
polymer_3591,148.0,177.13169864940127,147.77184
polymer_3592,156.0,148.1577935330261,132.58015
polymer_3593,178.0,233.6683806484249,219.57333
polymer_3594,185.0,274.79721701246984,240.56888
polymer_3595,120.0,178.0148912800295,144.40741
polymer_3596,267.5,314.8517178586633,335.6501
polymer_3597,103.0,224.99333268736663,237.1742
polymer_3598,230.0,178.0148912800295,144.40741
polymer_3599,217.0,205.67246282706972,224.8934
polymer_3600,178.0,200.8403591456858,199.4064
polymer_3601,192.0,148.5966717724436,171.51794
polymer_3602,200.0,206.56132146084633,220.40817
polymer_3603,125.0,174.54956086468067,175.2337
polymer_3604,145.0,157.01123761022927,138.08835
polymer_3605,163.0,157.01123761022927,138.08835
polymer_3606,165.0,157.01123761022927,138.08835
polymer_3607,230.0,157.01123761022927,138.08835
polymer_3608,275.0,166.38965169541402,184.95918
polymer_3609,335.0,256.1084148697882,255.20169
polymer_3610,334.0,315.7838472222222,319.35178
polymer_3611,315.0,307.4661031746032,279.98578
polymer_3612,371.0,261.6605015625,275.19482
polymer_3613,368.0,321.9681358405027,345.4109
polymer_3614,164.0,195.01536118804367,181.08821
polymer_3615,361.0,329.2900331917772,328.05273
polymer_3616,155.0,201.54470996745627,185.66684
polymer_3617,255.0,201.19196902909036,168.7769
polymer_3618,90.0,187.68765131205072,207.15825
polymer_3619,185.0,176.87096340144288,154.94409
polymer_3620,305.0,288.98576338198376,285.5959
polymer_3621,111.0,131.42849110149106,123.68826
polymer_3622,121.5,129.94315973917386,124.91046
polymer_3623,290.0,293.62903314904446,299.665
polymer_3624,116.0,129.94315973917386,124.91046
polymer_3625,127.0,131.42849110149106,123.68826
polymer_3626,272.0,247.00664139637504,244.28165
polymer_3627,302.0,250.92465598025709,246.47046
polymer_3628,295.0,298.5784880875827,296.59433
polymer_3629,258.0,243.49749132540498,244.42569
polymer_3630,285.0,274.81538176393013,276.78894
polymer_3631,249.0,226.0400031773856,220.97606
polymer_3632,288.0,275.45753037721374,282.41034
polymer_3633,253.0,261.41123742395854,256.42914
polymer_3634,227.0,259.8903727998401,299.93246
polymer_3635,219.0,175.7657177283696,170.03867
polymer_3636,230.0,282.2447393369269,286.7332
polymer_3637,238.0,267.6429415498909,273.01913
polymer_3638,233.0,264.66566910994845,248.00919
polymer_3639,319.0,295.0253568953566,304.38495
polymer_3640,340.0,287.09788162971233,301.09018
polymer_3641,240.0,242.2330342816163,246.0011
polymer_3642,315.0,274.55960391314505,275.89417
polymer_3643,358.0,331.1088102704651,346.4007
polymer_3644,301.0,286.46002115556234,294.7834
polymer_3645,370.0,301.20609814402803,315.51532
polymer_3646,253.0,252.58125227018132,254.05347
polymer_3647,386.0,270.1261632574408,274.28766
polymer_3648,395.0,253.37815833197732,258.85825
polymer_3649,294.0,269.83562024790393,268.44186
polymer_3650,324.0,271.1346455390229,291.5224
polymer_3651,279.0,265.7643132801046,270.53973
polymer_3652,231.0,188.36709281701744,200.70042
polymer_3653,275.0,278.0505060421788,277.69028
polymer_3654,251.0,233.86428345170614,234.16655
polymer_3655,284.0,257.39529242477437,281.35858
polymer_3656,248.0,264.1783062526101,268.35516
polymer_3657,152.0,279.81441418086746,315.9086
polymer_3658,250.0,224.80170609298114,262.73947
polymer_3659,304.0,280.1917432406965,305.36606
polymer_3660,258.0,216.96686698116702,263.99048
polymer_3661,329.0,328.36233611111106,313.94458
polymer_3662,125.0,156.04755722055722,158.4519
polymer_3663,140.0,147.2489854090354,148.18858
polymer_3664,155.0,148.94064468770958,151.5774
polymer_3665,175.0,147.2489854090354,148.18858
polymer_3666,225.0,182.1877517353,218.06479
polymer_3667,324.0,310.7795555743846,290.56927
polymer_3668,235.0,242.48561204522852,254.70297
polymer_3669,327.0,293.95275820044003,303.76117
polymer_3670,272.0,247.81660983007552,244.49074
polymer_3671,338.0,321.8013805356748,330.20532
polymer_3672,311.0,302.49487399606045,315.82483
polymer_3673,340.0,295.97291698599327,319.97913
polymer_3674,296.0,270.99438547772917,297.63647
polymer_3675,250.0,239.05641073543282,251.93127
polymer_3676,272.0,248.97573005948823,227.42447
polymer_3677,268.0,256.07708419334324,256.16122
polymer_3678,74.0,116.68060459922941,116.48457
polymer_3679,102.0,116.68060459922941,116.48457
polymer_3680,100.0,104.72704938473836,105.10205
polymer_3681,105.0,116.68060459922941,116.48457
polymer_3682,106.0,102.84820847362514,103.077774
polymer_3683,107.0,116.68060459922941,116.48457
polymer_3684,129.0,104.72704938473836,105.10205
polymer_3685,130.0,102.84820847362514,103.077774
polymer_3686,213.0,189.05079290816423,205.01958
polymer_3687,300.0,288.61021178746984,263.77194
polymer_3688,238.0,247.3413646152437,231.68268
polymer_3689,253.20000000000005,250.36037717977237,220.64417
polymer_3690,236.055,189.05079290816423,205.01958
polymer_3691,187.0,200.45298071093046,210.1435
polymer_3692,214.0,188.09320693994692,187.52315
polymer_3693,224.0,197.45420292441509,213.50078
polymer_3694,198.0,197.53818491744914,187.73051
polymer_3695,190.0,190.3530676280867,188.40181
polymer_3696,214.0,193.08846212045933,195.08604
polymer_3697,365.0,337.35892907133075,339.53305
polymer_3698,329.0,254.6296881915953,223.4557
polymer_3699,251.0,248.82376764732723,247.42738
polymer_3700,290.0,294.31457620334777,293.00232
polymer_3701,245.0,248.67002768414352,247.91934
polymer_3702,235.0,255.4458526309244,247.11285
polymer_3703,351.0,300.53227894997127,319.56363
polymer_3704,266.0,232.76182093429014,227.33163
polymer_3705,227.0,237.44430948234546,232.63069
polymer_3706,243.0,239.27576021980047,238.22362
polymer_3707,292.0,268.25747385927383,265.20956
polymer_3708,283.0,259.7198995993371,251.77818
polymer_3709,250.0,306.5227040792141,304.551
polymer_3710,241.0,241.8864234310747,234.45029
polymer_3711,272.0,271.89644588952206,264.4717
polymer_3712,230.0,253.2111025352487,243.72221
polymer_3713,273.5,314.60737253437617,312.27112
polymer_3714,319.0,290.893433928834,289.38614
polymer_3715,370.0,329.6744542966611,350.94897
polymer_3716,319.0,289.4986822994812,303.141
polymer_3717,240.0,281.7241215643342,265.87274
polymer_3718,278.0,262.28979332074994,246.03036
polymer_3719,298.0,240.5474052240518,255.54819
polymer_3720,209.0,299.43288827988306,319.49277
polymer_3721,277.0,270.9779084374816,284.01538
polymer_3722,105.70000000000005,84.33256621068196,86.62236
polymer_3723,74.10000000000002,117.7528280504912,107.062355
polymer_3724,142.0,240.20896338403355,242.49942
polymer_3725,217.0,182.49258481788215,195.92004
polymer_3726,235.0,173.98176732801844,194.86215
polymer_3727,116.90000000000003,100.36515306499065,92.36012
polymer_3728,203.0,209.02293285319908,220.94325
polymer_3729,203.0,222.02846403678015,209.81276
polymer_3730,217.0,212.07572582972583,204.36607
polymer_3731,200.0,213.20897874412904,220.63574
polymer_3732,198.0,177.9195964185534,174.80551
polymer_3733,277.0,234.74855777310924,258.40796
polymer_3734,123.0,277.9269072021846,261.77444
polymer_3735,279.5,282.39696062064917,289.54724
polymer_3736,250.0,252.97663032620548,258.78613
polymer_3737,243.0,257.95867587652845,251.10114
polymer_3738,270.0,248.62897988360095,269.31808
polymer_3739,258.0,243.07097289529415,235.32932
polymer_3740,168.0,214.2275447322936,212.21704
polymer_3741,178.0,209.9622673345961,167.22629
polymer_3742,229.0,256.82885775681365,223.72661
polymer_3743,206.5,246.9932037726737,220.22624
polymer_3744,40.0,92.54626851636968,70.04588
polymer_3745,74.0,102.18408143699256,120.57471
polymer_3746,200.0,188.6099904480587,164.8318
polymer_3747,134.0,97.76740728884442,94.29945
polymer_3748,40.0,73.09791491347978,73.82647
polymer_3749,43.0,75.3992807354981,76.05761
polymer_3750,60.0,74.37787409047226,76.00244
polymer_3751,72.0,71.88042100371749,75.128105
polymer_3752,79.0,69.0248883720838,71.41301
polymer_3753,84.0,75.3992807354981,76.05761
polymer_3754,71.0,74.37787409047226,76.00244
polymer_3755,95.0,69.0248883720838,71.41301
polymer_3756,109.0,73.09791491347978,73.82647
polymer_3757,119.0,82.73065315717383,92.24243
polymer_3758,44.0,109.99238690382714,132.52695
polymer_3759,59.60000000000002,109.99238690382714,132.52695
polymer_3760,136.40000000000003,132.16745351921475,123.52526
polymer_3761,31.90000000000004,84.04041748126693,78.35832
polymer_3762,139.0,100.8458523287296,99.08596
polymer_3763,37.0,99.73442097524263,80.67337
polymer_3764,152.0,130.89654818233296,144.55528
polymer_3765,98.0,115.77719810848406,112.16246
polymer_3766,81.0,88.99029586779449,96.35749
polymer_3767,106.0,91.18504987317175,71.828156
polymer_3768,45.0,106.02626470371099,113.022606
polymer_3769,133.0,103.16080685603139,91.287704
polymer_3770,76.0,110.99931953692273,115.445335
polymer_3771,81.0,121.43393141954262,126.980606
polymer_3772,303.0,274.67213007987084,277.06366
polymer_3773,293.0,285.6662630401266,308.0496
polymer_3774,286.0,289.40278957146336,295.65665
polymer_3775,287.0,274.51707112064844,271.4066
polymer_3776,270.0,234.77812495490605,259.70905
polymer_3777,294.5,270.94103333903246,266.09857
polymer_3778,240.0,236.03836022021162,242.38298
polymer_3779,216.0,249.42475984561418,258.61472
polymer_3780,218.0,211.15233233385624,224.07332
polymer_3781,302.0,195.9373710728233,216.66756
polymer_3782,307.0,190.29993429210407,211.33441
polymer_3783,253.0,200.22402150603276,214.44804
polymer_3784,222.0,271.42526244996856,285.8039
polymer_3785,270.0,253.68121986606434,255.3293
polymer_3786,273.0,257.2516210953195,272.59402
polymer_3787,324.0,274.0929426029476,315.4616
polymer_3788,233.0,256.5706184413958,257.49738
polymer_3789,265.0,235.98658555853507,223.58115
polymer_3790,239.0,252.01774151802397,261.651
polymer_3791,276.0,266.7874742779864,289.119
polymer_3792,324.0,251.96182481374703,256.16568
polymer_3793,120.0,220.34007316846206,189.91049
polymer_3794,335.0,307.82456889075235,317.9257
polymer_3795,215.0,260.7281541428861,240.29494
polymer_3796,233.0,277.97835848787525,263.33725
polymer_3797,212.0,226.28558301194286,226.60522
polymer_3798,211.0,273.5467420254012,242.24281
polymer_3799,216.0,247.92317465163995,241.13872
polymer_3800,205.0,267.96322315053857,219.39003
polymer_3801,205.0,273.8366081186795,249.7399
polymer_3802,224.0,228.8858567248197,224.8575
polymer_3803,300.0,298.0604725480435,309.8233
polymer_3804,247.0,257.04736790460794,241.88277
polymer_3805,308.0,266.2836477720905,272.03317
polymer_3806,184.0,225.03462874470813,257.4816
polymer_3807,190.0,217.3436745757384,248.61603
polymer_3808,272.0,292.1134038360998,295.3301
polymer_3809,292.0,280.02668253968244,274.39413
polymer_3810,243.0,265.92920057255185,262.3506
polymer_3811,308.0,302.73949430640135,304.16534
polymer_3812,365.0,336.770756861462,346.91028
polymer_3813,347.5,280.6994360058806,280.41547
polymer_3814,295.0,286.6080498536684,286.744
polymer_3815,218.0,242.61494427329313,240.14594
polymer_3816,254.0,220.22369099352966,224.27972
polymer_3817,243.0,280.5693870641892,286.30908
polymer_3818,252.0,272.3428415979424,271.7472
polymer_3819,295.0,313.5558258323916,306.2566
polymer_3820,300.0,300.45082420216494,313.0532
polymer_3821,295.0,302.54935714285716,314.39755
polymer_3822,322.0,299.80502147803327,302.5125
polymer_3823,356.0,332.931802964174,348.32327
polymer_3824,333.0,324.8337439496069,324.37225
polymer_3825,297.5,292.66822602199494,279.39667
polymer_3826,208.0,250.27151352574364,238.8353
polymer_3827,307.0,283.9403755284247,289.96564
polymer_3828,368.0,297.79425612842954,302.83698
polymer_3829,341.0,289.8853434484358,292.9279
polymer_3830,204.0,247.3413646152437,242.3287
polymer_3831,257.5,258.1732493818528,231.67813
polymer_3832,295.0,261.3303877997969,255.24022
polymer_3833,328.0,283.95627962853945,287.965
polymer_3834,311.0,295.9587925854425,299.53342
polymer_3835,328.0,287.4552923578711,303.67712
polymer_3836,235.0,202.44341491207186,237.72469
polymer_3837,57.0,260.7153955443408,258.59164
polymer_3838,165.0,260.7153955443408,258.59164
polymer_3839,218.0,142.95742916662866,127.5192
polymer_3840,128.0,160.81137316606362,156.18681
polymer_3841,155.0,150.42268827269226,164.29665
polymer_3842,129.0,162.56434821069456,153.23863
polymer_3843,155.0,143.62628857091246,144.15637
polymer_3844,-3.0,123.75082732324445,115.610466
polymer_3845,34.0,229.32642242916296,217.8163
polymer_3846,296.0,286.38438872453946,306.0396
polymer_3847,232.0,222.83437660813104,217.9234
polymer_3848,262.0,274.55960391314505,275.89417
polymer_3849,267.0,271.25562098777107,274.9258
polymer_3850,310.0,272.87860391151827,275.60373
polymer_3851,254.0,256.2822169235881,259.00204
polymer_3852,292.0,256.6125168958204,270.41287
polymer_3853,270.0,259.94092082111183,252.47913
polymer_3854,275.0,268.40096668875924,279.3738
polymer_3855,280.0,279.74380093109187,285.28586
polymer_3856,285.0,281.2360942564163,298.67206
polymer_3857,245.0,245.6508713715957,262.62552
polymer_3858,282.0,301.3105199977245,279.9856
polymer_3859,160.0,217.41321818115418,218.95541
polymer_3860,170.0,225.6389205667943,206.92145
polymer_3861,145.0,211.7683033504959,207.80772
polymer_3862,126.0,188.1774885526655,196.14752
polymer_3863,114.0,181.19614740662638,198.15712
polymer_3864,225.0,235.96858836054568,231.19684
polymer_3865,232.0,240.22827930765735,246.22423
polymer_3866,283.0,236.06148671543872,206.80872
polymer_3867,243.0,236.63102284171916,232.01138
polymer_3868,293.0,298.8466567293319,304.64465
polymer_3869,163.0,205.63763873365045,211.8823
polymer_3870,250.0,233.63970493976808,237.00148
polymer_3871,254.0,271.33653517484873,262.75034
polymer_3872,250.0,274.859399997473,282.95844
polymer_3873,231.0,282.26647068884665,284.9121
polymer_3874,228.5,239.04901278104114,228.47179
polymer_3875,266.0,278.76050311182996,284.90958
polymer_3876,296.0,266.29074961291633,272.88437
polymer_3877,269.0,237.00926858188808,271.18124
polymer_3878,264.0,244.9130366086013,247.02377
polymer_3879,281.0,276.56773248453993,288.48972
polymer_3880,241.0,250.3054271772352,248.06874
polymer_3881,230.0,258.5376992591871,264.97003
polymer_3882,252.0,245.55488979375306,253.02605
polymer_3883,287.0,275.13562377084423,278.65985
polymer_3884,302.0,255.71270026623165,268.9609
polymer_3885,322.0,311.255468122934,311.13174
polymer_3886,330.0,303.6421325742305,306.52417
polymer_3887,320.0,308.4992096137198,311.83118
polymer_3888,284.0,316.79256451438454,314.07825
polymer_3889,283.0,310.0413568756083,308.09915
polymer_3890,267.0,289.0102542806403,287.34778
polymer_3891,298.0,307.8051478413636,313.40787
polymer_3892,320.0,288.46633903953006,282.47485
polymer_3893,272.0,300.2595699268321,286.1795
polymer_3894,266.0,251.56305540727018,263.65982
polymer_3895,276.0,271.8885240746416,278.34143
polymer_3896,273.0,245.8144876608525,253.21193
polymer_3897,256.0,270.8327000635574,275.48993
polymer_3898,345.0,279.4555945657896,295.40756
polymer_3899,223.0,235.14854114844638,191.18745
polymer_3900,232.0,259.6690827681094,240.91452
polymer_3901,295.0,256.97655089422,264.09662
polymer_3902,262.0,251.68889830761998,252.37065
polymer_3903,231.0,231.60569868297947,244.46555
polymer_3904,253.0,250.962610766974,253.78021
polymer_3905,240.0,234.12294235221037,236.31277
polymer_3906,220.0,247.29315790495875,249.28897
polymer_3907,274.0,225.59987983609312,229.52571
polymer_3908,280.0,238.68491682368165,252.69205
polymer_3909,241.0,278.01769638136716,254.70712
polymer_3910,274.0,272.9774635927744,283.45844
polymer_3911,232.0,184.61141758016188,200.23279
polymer_3912,230.0,242.66604679940272,241.45776
polymer_3913,257.0,235.161800478902,229.95831
polymer_3914,279.0,230.62672258137056,246.82161
polymer_3915,335.0,297.44449006586626,318.82877
polymer_3916,312.0,235.30611732939104,204.16858
polymer_3917,360.0,289.63618771987416,305.50784
polymer_3918,317.5,280.576900101965,277.43127
polymer_3919,280.0,296.1406028161137,277.59406
polymer_3920,274.0,234.95653399749068,232.79222
polymer_3921,240.5,243.0445246519406,238.11201
polymer_3922,322.0,286.3600141549034,296.38092
polymer_3923,274.0,233.54508924974968,226.89134
polymer_3924,219.0,220.16612907625472,220.99046
polymer_3925,254.0,236.74422357352626,229.19284
polymer_3926,250.0,241.41814440859093,271.1837
polymer_3927,320.0,306.3591136840666,319.3076
polymer_3928,296.0,266.9087903566204,254.98462
polymer_3929,251.0,261.0346649065522,262.79233
polymer_3930,250.0,262.8043325420574,277.02106
polymer_3931,325.0,303.6421325742305,306.52417
polymer_3932,282.0,268.1348092057752,269.2489
polymer_3933,345.0,297.1927726740782,305.73907
polymer_3934,369.0,297.5853548721665,305.9431
polymer_3935,278.0,288.662357254358,294.90018
polymer_3936,281.0,262.23172976725414,265.66016
polymer_3937,235.0,271.7791897966803,236.64647
polymer_3938,264.0,241.04556262488342,226.7426
polymer_3939,253.0,258.3618321950781,262.3173
polymer_3940,291.0,262.6557611011106,274.86002
polymer_3941,298.0,267.7018901904686,269.6818
polymer_3942,169.0,156.88261515411494,157.83072
polymer_3943,220.0,194.0749070729895,200.07072
polymer_3944,250.0,268.8902861080507,270.55737
polymer_3945,242.0,256.1047853459107,257.9741
polymer_3946,213.0,244.19643021004072,243.86479
polymer_3947,244.0,256.41412826729567,257.8076
polymer_3948,255.0,225.59987983609312,229.52571
polymer_3949,228.0,216.71864927128803,232.76985
polymer_3950,290.0,235.30611732939104,204.16858
polymer_3951,289.5,280.576900101965,277.43127
polymer_3952,281.5,289.05978810127806,299.73264
polymer_3953,303.0,298.8466567293319,304.64465
polymer_3954,236.0,240.75369966076124,236.20883
polymer_3955,209.0,221.5618845099199,218.4212
polymer_3956,200.5,230.15858732764605,225.75734
polymer_3957,191.0,210.953036205289,222.1189
polymer_3958,303.0,315.5190816491465,321.4437
polymer_3959,257.0,262.8043325420574,277.02106
polymer_3960,300.0,308.4992096137198,311.83118
polymer_3961,260.0,268.1348092057752,269.2489
polymer_3962,285.0,272.520551218928,271.24194
polymer_3963,243.0,269.647210109559,267.4928
polymer_3964,244.0,258.57707443385095,256.79688
polymer_3965,268.0,269.8930542261158,273.70905
polymer_3966,283.0,267.7018901904686,269.6818
polymer_3967,244.0,258.5031717579657,256.26736
polymer_3968,260.0,270.2245618067099,281.55322
polymer_3969,225.0,236.74422357352626,229.19284
polymer_3970,258.0,278.0449225134307,271.43585
polymer_3971,287.0,268.0414779704528,270.65536
polymer_3972,220.0,247.9533589709732,243.50304
polymer_3973,231.0,221.0162233515093,233.47757
polymer_3974,227.0,206.2867873879,207.65419
polymer_3975,302.0,310.0413568756083,308.09915
polymer_3976,274.0,268.14797666183017,263.1701
polymer_3977,260.0,280.6529950502233,284.73145
polymer_3978,260.0,204.67853926711825,170.10686
polymer_3979,258.0,259.5479853664339,253.91325
polymer_3980,263.0,269.9813062682589,273.81876
polymer_3981,252.0,201.96162986681264,191.34998
polymer_3982,236.0,220.70449766631054,225.13144
polymer_3983,224.0,221.51334666368012,218.57336
polymer_3984,218.0,248.716130389465,240.21828
polymer_3985,196.0,227.1868503366467,226.77045
polymer_3986,180.0,227.66065226105206,236.95285
polymer_3987,259.0,218.12031967955318,221.07617
polymer_3988,305.0,272.6649372474521,268.1425
polymer_3989,303.0,275.90611015369734,285.3111
polymer_3990,290.0,291.00143608842313,292.73148
polymer_3991,302.0,282.6829520558238,284.72556
polymer_3992,293.0,289.6539361318187,289.18237
polymer_3993,345.0,317.0170961019813,337.54996
polymer_3994,345.0,298.9676669366786,298.03528
polymer_3995,295.0,310.6364117970718,315.1519
polymer_3996,260.0,302.3361889488918,301.88922
polymer_3997,289.0,289.4079812893269,290.07104
polymer_3998,280.0,185.4847896221149,195.42862
polymer_3999,164.0,189.57367216084197,200.29391
polymer_4000,315.0,288.67020143885685,301.8402
polymer_4001,302.0,268.38120780344974,279.05994
polymer_4002,236.0,236.22952864200784,238.2047
polymer_4003,263.0,246.16362759433483,247.19865
polymer_4004,211.0,240.99534727583426,238.94589
polymer_4005,286.0,274.31097128653704,263.87195
polymer_4006,176.5,234.95070218596194,207.28723
polymer_4007,288.0,289.0102542806403,287.34778
polymer_4008,179.0,246.8744110186299,248.9411
polymer_4009,253.0,249.8767423934522,229.23047
polymer_4010,264.0,256.09459519543725,253.70984
polymer_4011,253.0,256.1032448024058,250.93399
polymer_4012,276.0,293.99373798358897,307.13892
polymer_4013,256.0,217.0095739287728,232.63379
polymer_4014,249.0,254.56919012379518,263.445
polymer_4015,285.0,274.46294906952835,261.36285
polymer_4016,240.0,263.15512945901077,246.9628
polymer_4017,268.0,238.72346435815527,238.24284
polymer_4018,239.0,256.2822169235881,259.00204
polymer_4019,239.0,246.2228164693708,246.40213
polymer_4020,238.0,249.7103016708303,243.19357
polymer_4021,236.0,249.76005656331017,241.93378
polymer_4022,229.0,237.7733683774924,215.3076
polymer_4023,227.0,254.93468564915844,252.84015
polymer_4024,237.0,252.6865159592854,273.6241
polymer_4025,281.0,272.6066180597507,282.02594
polymer_4026,265.0,274.6615357198305,275.92392
polymer_4027,286.0,293.41386828461276,270.06424
polymer_4028,145.0,196.6301228093531,153.38309
polymer_4029,226.0,281.88144182350726,244.26169
polymer_4030,307.0,279.1420025011872,260.36487
polymer_4031,260.0,204.0708989923171,221.13866
polymer_4032,310.0,275.55198959411115,300.67377
polymer_4033,325.0,314.8230820097496,302.38046
polymer_4034,312.0,301.43289002525256,301.8275
polymer_4035,198.0,150.22218597187847,184.67177
polymer_4036,367.0,323.2993841617686,346.18317
polymer_4037,357.0,328.444455069016,347.4111
polymer_4038,340.0,332.7252415493871,360.73303
polymer_4039,252.0,335.4173468836408,331.71655
polymer_4040,275.0,269.647210109559,267.4928
polymer_4041,307.0,338.9254063277122,334.3682
polymer_4042,342.0,315.4208206605964,296.55948
polymer_4043,241.0,262.89141322433034,239.98825
polymer_4044,78.0,282.8924773976118,290.23395
polymer_4045,304.0,278.1389303904945,281.94507
polymer_4046,190.0,147.188291527434,149.55588
polymer_4047,312.0,291.28663900944224,299.4829
polymer_4048,284.0,253.65555382085174,235.23784
polymer_4049,114.0,139.22767329077553,119.14231
polymer_4050,75.30000000000001,233.7763588839631,211.83577
polymer_4051,-71.39999999999998,237.04163561943753,209.41832
polymer_4052,90.0,182.94900749607538,148.38188
polymer_4053,77.0,77.37682413339678,76.40354
polymer_4054,87.0,77.37682413339678,76.40354
polymer_4055,92.0,80.12500564019042,82.00387
polymer_4056,64.5,94.71218153606264,92.97477
polymer_4057,140.0,180.91055953716915,179.94098
polymer_4058,155.0,162.07495238095245,163.30255
polymer_4059,180.0,169.2701583820762,173.73584
polymer_4060,215.0,162.07495238095245,163.30255
polymer_4061,250.0,202.34626537999472,208.53754
polymer_4062,248.0,229.739081647733,224.20998
polymer_4063,248.0,257.3710319232248,250.41016
polymer_4064,254.0,256.20593201047853,273.6682
polymer_4065,283.0,276.30944603127705,285.4155
polymer_4066,297.0,271.98142530841176,281.99323
polymer_4067,214.0,213.83523015873016,211.6611
polymer_4068,218.0,206.6828306878307,205.59158
polymer_4069,285.4,233.6300794386903,284.0385
polymer_4070,287.80000000000007,225.63111719143043,226.80153
polymer_4071,390.0,273.11597333875864,326.58545
polymer_4072,338.0,281.12045073453663,289.3143
polymer_4073,312.0,301.89941666666664,305.1047
polymer_4074,292.0,313.69835294117644,312.08447
polymer_4075,215.0,262.63230812631554,224.57394
polymer_4076,204.0,215.6750836165779,212.88852
polymer_4077,189.0,205.4216949640949,205.75241
polymer_4078,191.0,207.54376982332508,202.87347
polymer_4079,210.0,188.36117952139887,186.30597
polymer_4080,202.0,209.46702346831006,195.93341
polymer_4081,308.0,303.9231719887955,316.46463
polymer_4082,130.0,268.754216296367,193.48912
polymer_4083,311.0,276.9027919631702,276.383
polymer_4084,287.0,244.38017065653108,246.64157
polymer_4085,204.0,288.67668331130193,294.61264
polymer_4086,294.0,273.5515848209546,263.8102
polymer_4087,278.0,176.6451769456439,199.83182
polymer_4088,277.0,259.1235148120656,293.43726
polymer_4089,365.0,225.52337411704013,287.13196
polymer_4090,238.0,225.76192456164398,249.84752
polymer_4091,168.0,210.63563335357625,211.96426
polymer_4092,304.0,323.56144243386245,319.23853
polymer_4093,312.0,294.0276914342355,283.3442
polymer_4094,294.0,311.55835463564216,309.91473
polymer_4095,325.0,292.55969444444446,291.01645
polymer_4096,297.5,302.5163211951447,286.79453
polymer_4097,302.0,322.0063031883128,328.0066
polymer_4098,365.0,307.98450530540896,346.08716
polymer_4099,358.0,324.01890388411016,323.4556
polymer_4100,334.0,302.79693307029527,315.64926
polymer_4101,240.0,281.2937201491125,278.09857
polymer_4102,328.0,290.9644672684998,300.70786
polymer_4103,286.0,263.744187023825,263.01166
polymer_4104,293.0,272.2651158661904,283.17926
polymer_4105,263.0,286.9617034453095,290.05194
polymer_4106,311.0,260.02213788197736,283.91696
polymer_4107,339.0,272.4347690138147,264.18732
polymer_4108,156.0,257.766138522534,268.9619
polymer_4109,275.0,221.46989103927137,251.92331
polymer_4110,331.0,308.1613370681606,285.21063
polymer_4111,122.0,126.43122122125055,128.55908
polymer_4112,117.0,113.81294885562369,116.58182
polymer_4113,135.0,113.59791417000015,114.02865
polymer_4114,131.5,110.49412900623749,117.46981
polymer_4115,116.0,111.09036421354375,112.87708
polymer_4116,111.0,121.36878725515662,118.517845
polymer_4117,140.0,111.09036421354375,112.87708
polymer_4118,128.5,112.74776541815316,109.087585
polymer_4119,275.0,213.7261180122028,211.66876
polymer_4120,245.0,231.79126244817098,260.0851
polymer_4121,234.0,152.3599682860173,168.45282
polymer_4122,154.0,220.1294769783428,181.519
polymer_4123,210.0,229.45695719708326,227.9437
polymer_4124,230.0,225.18485758917788,215.69412
polymer_4125,237.0,179.9251487056573,168.55316
polymer_4126,240.0,230.8297023300653,216.97107
polymer_4127,235.0,228.08053190199203,221.13095
polymer_4128,262.0,250.71769925923945,251.83098
polymer_4129,241.0,250.2243872692833,265.19888
polymer_4130,235.0,269.1775601019967,254.39539
polymer_4131,137.5,224.94844108190838,234.92032
polymer_4132,30.0,123.10294186087762,68.8738
polymer_4133,72.0,198.09877233393448,171.18907
polymer_4134,191.0,155.46963411572466,187.48666
polymer_4135,206.0,209.90507717573848,196.95374
polymer_4136,256.0,256.44225726860816,261.72864
polymer_4137,173.0,226.79295284686071,201.905
polymer_4138,320.0,307.5108380805589,320.964
polymer_4139,247.0,273.3879000424036,274.4351
polymer_4140,261.0,251.78265350925892,267.6561
polymer_4141,305.0,246.47831724304663,293.56973
polymer_4142,299.0,278.0299821655812,300.93515
polymer_4143,325.0,302.5758251683525,316.21637
polymer_4144,193.0,219.26573761438684,184.71613
polymer_4145,215.0,279.8983758770827,280.827
polymer_4146,291.0,276.28445150051374,300.72498
polymer_4147,139.0,257.55230545359933,221.56415
polymer_4148,61.0,64.020819959563,58.136543
polymer_4149,55.0,71.03938935215228,46.44862
polymer_4150,-15.899999999999975,61.62739377872233,28.252539
polymer_4151,169.0,124.6361833257142,115.81584
polymer_4152,186.0,39.702842751319025,95.27318
polymer_4153,88.0,50.798777854532894,47.851875
polymer_4154,60.0,68.61959138478925,65.48785
polymer_4155,71.0,52.329596575153836,52.440453
polymer_4156,72.0,53.83365022327328,49.6893
polymer_4157,59.0,55.034243390487134,56.23921
polymer_4158,44.0,48.4337816477108,37.663475
polymer_4159,23.0,56.67178313825335,53.819195
polymer_4160,110.0,8.27313647383546,93.691376
polymer_4161,45.0,53.35042557261182,43.71258
polymer_4162,38.0,53.35042557261182,43.71258
polymer_4163,27.0,71.35795512204882,74.91571
polymer_4164,33.0,55.85991371962808,65.4555
polymer_4165,31.0,52.397517583480024,43.4027
polymer_4166,18.0,56.92293501443649,42.7554
polymer_4167,57.21000000000004,89.33730964283728,77.10623
polymer_4168,78.0,126.35825132472831,130.96211
polymer_4169,75.76000000000005,76.26173620049855,61.47734
polymer_4170,43.0,47.277056137798766,-5.0760236
polymer_4171,160.0,100.006572682213,111.07082
polymer_4172,154.0,182.72212625404975,187.70107
polymer_4173,165.0,154.09066780602063,131.003
polymer_4174,125.0,186.10471819356266,164.88132
polymer_4175,142.0,157.56798757135346,144.02155
polymer_4176,161.0,153.5544008276955,160.89363
polymer_4177,182.0,157.8492533901423,165.60982
polymer_4178,184.0,223.16359227289718,221.0313
polymer_4179,214.0,171.385791005291,176.88405
polymer_4180,162.0,167.25504870425735,168.48172
polymer_4181,107.0,140.54189431555938,112.67272
polymer_4182,228.0,219.6413996920858,215.12306
polymer_4183,91.0,122.46926785523753,102.77544
polymer_4184,50.0,90.03884984765729,85.73857
polymer_4185,146.0,205.6715781910662,221.09209
polymer_4186,133.0,221.6459236793836,227.4655
polymer_4187,184.0,126.76726215066323,116.36956
polymer_4188,315.0,64.50600490079998,80.37676
polymer_4189,170.0,181.18922114698307,174.8998
polymer_4190,92.0,136.44616698665638,85.54098
polymer_4191,130.0,151.16622704365852,147.51424
polymer_4192,130.0,153.47685255573512,154.45943
polymer_4193,237.0,117.72617628398511,98.49601
polymer_4194,290.0,234.00705336320854,248.23802
polymer_4195,98.0,169.75042054795583,144.17496
polymer_4196,20.0,60.805119070120384,58.95586
polymer_4197,42.5,47.76826515709278,52.39252
polymer_4198,46.0,60.805119070120384,58.95586
polymer_4199,122.0,70.49891799287032,80.637146
polymer_4200,70.0,74.17926836920942,69.21446
polymer_4201,98.0,94.40292375901366,71.60513
polymer_4202,47.0,49.13982793824286,53.553413
polymer_4203,53.0,50.80827000695458,52.14589
polymer_4204,45.0,49.359296906558335,54.351185
polymer_4205,95.0,49.47514986603555,56.690826
polymer_4206,41.0,45.40187153490396,51.608093
polymer_4207,45.0,71.22354189904445,84.13249
polymer_4208,57.0,72.53280772318296,87.14821
polymer_4209,84.0,76.55493687651207,89.61373
polymer_4210,163.0,185.49688291751093,168.16956
polymer_4211,62.0,50.828936539933224,54.765514
polymer_4212,135.0,134.35551772914746,125.00332
polymer_4213,177.0,242.2954650999012,245.16484
polymer_4214,160.0,248.02717506392213,230.158
polymer_4215,189.0,217.96439210726206,195.12119
polymer_4216,179.0,242.18126705139986,221.46175
polymer_4217,180.0,167.3192839586749,172.49677
polymer_4218,163.0,173.0749645611581,162.99306
polymer_4219,138.0,118.47785580741605,110.126076
polymer_4220,129.0,106.3540515847427,101.791176
polymer_4221,97.5,52.33478536957893,59.8033
polymer_4222,67.5,45.51668091791347,40.513863
polymer_4223,50.5,59.52722330298098,52.403152
polymer_4224,41.5,54.38972939768565,48.381893
polymer_4225,34.5,56.805172696548894,50.747128
polymer_4226,25.5,59.52722330298098,52.403152
polymer_4227,245.0,245.23772853987035,252.47159
polymer_4228,130.0,155.8983640359171,146.14516
polymer_4229,61.0,47.171994800847706,43.38558
polymer_4230,20.0,47.171994800847706,43.38558
polymer_4231,53.0,52.25438150698015,40.227875
polymer_4232,106.5,151.1184692161693,146.17334
polymer_4233,15.0,53.63331091371435,51.76627
polymer_4234,95.0,-29.334687533607568,-36.896175
polymer_4235,72.0,75.48313529754212,73.69827
polymer_4236,58.0,62.345592259612424,57.690056
polymer_4237,48.0,75.62804164096748,56.450333
polymer_4238,74.0,93.61872177170424,109.46696
polymer_4239,-72.99999999999997,-34.5730857482334,7.767742
polymer_4240,3.0,-22.26350268818792,-21.268053
polymer_4241,-49.99999999999997,-21.604934693275666,-32.94399
polymer_4242,-54.99999999999997,-29.589884543693636,-37.661243
polymer_4243,-108.99999999999996,-28.698561898742938,-27.544033
polymer_4244,-17.0,-13.799761104942723,-11.746271
polymer_4245,-45.99999999999997,-24.017087335880596,-38.637817
polymer_4246,-9.0,-27.8362997967669,-27.525158
polymer_4247,-47.99999999999997,-41.088572904601115,-45.276176
polymer_4248,-19.49999999999997,64.1528385004093,62.632484
polymer_4249,-40.99999999999997,-70.47313318690337,-52.065056
polymer_4250,-115.99999999999996,-52.85535695679134,-66.63071
polymer_4251,-92.99999999999996,-49.71293376068376,-57.62805
polymer_4252,-53.99999999999997,-55.605094481761114,-67.97142
polymer_4253,-42.99999999999997,-49.71293376068376,-57.62805
polymer_4254,194.0,204.61341067258078,237.9459
polymer_4255,154.60000000000002,157.42328722056922,176.7675
polymer_4256,332.0,169.05090336027249,200.50914
polymer_4257,217.0,177.37654873904407,154.19223
polymer_4258,202.0,166.93138038736242,186.93373
polymer_4259,178.0,149.82892531978533,146.19185
polymer_4260,131.15000000000003,108.91954550002617,81.51895
polymer_4261,208.0,161.71820943297536,156.00743
polymer_4262,78.0,59.98913546566018,45.206463
polymer_4263,113.0,155.6755233822352,165.3144
polymer_4264,207.0,153.37471660739894,142.17133
polymer_4265,113.0,224.93226636623706,228.78555
polymer_4266,207.0,141.1607164530079,142.16182
polymer_4267,139.60000000000002,151.67287767019783,161.2343
polymer_4268,94.3,171.50643702343675,174.74696
polymer_4269,138.0,95.92161587213778,72.88408
polymer_4270,117.3,105.6238454105377,93.73015
polymer_4271,68.5,54.64180754465377,70.73947
polymer_4272,121.0,129.9263701083,133.09981
polymer_4273,98.0,213.02217340187997,216.7877
polymer_4274,255.5,144.4182366109709,134.07211
polymer_4275,192.5,147.75184630796718,160.90459
polymer_4276,30.0,54.501697982605236,54.061817
polymer_4277,33.0,54.501697982605236,54.061817
polymer_4278,43.5,41.79429914702038,34.683956
polymer_4279,140.0,111.49888675865577,124.87935
polymer_4280,143.0,98.29851175170766,108.37157
polymer_4281,21.0,36.19775951911436,25.637533
polymer_4282,32.0,32.870721825312664,27.662191
polymer_4283,42.0,36.19775951911436,25.637533
polymer_4284,53.0,84.92890658621221,104.38259
polymer_4285,45.0,67.41714486125115,50.985077
polymer_4286,-40.99999999999997,31.399142859724975,5.22046
polymer_4287,27.0,62.29049287618063,36.316013
polymer_4288,45.0,52.77023200137244,34.85436
polymer_4289,29.0,48.93625016976189,20.688507
polymer_4290,24.0,49.813014935864,27.764496
polymer_4291,23.5,47.539078402244925,28.67238
polymer_4292,20.0,58.76980918638584,36.807728
polymer_4293,-10.0,66.75540672833434,59.84154
polymer_4294,0.0,69.4918586761609,63.818913
polymer_4295,30.0,76.04821166340157,35.62647
polymer_4296,28.0,86.67962130420452,79.02975
polymer_4297,78.5,66.24656124208482,63.25569
polymer_4298,39.60000000000002,31.519586190838545,5.1854715
polymer_4299,110.0,114.8826584317789,159.5517
polymer_4300,77.0,66.66235035135924,74.68286
polymer_4301,56.900000000000034,88.87542651720295,116.79118
polymer_4302,84.5,70.18578255050932,79.59934
polymer_4303,70.0,65.15552026381104,68.19326
polymer_4304,60.0,91.49926032821676,89.15203
polymer_4305,61.0,82.67718055546376,91.540146
polymer_4306,30.0,84.81238786107176,89.51361
polymer_4307,38.700000000000045,49.82509890655326,46.4908
polymer_4308,75.0,76.17547125857804,93.05685
polymer_4309,139.0,138.53034842196917,142.86247
polymer_4310,150.0,131.80410382027407,132.56839
polymer_4311,126.0,149.67368144428815,145.68668
polymer_4312,44.0,75.81565772973804,79.47031
polymer_4313,-8.0,1.6514693134867409,-2.3141127
polymer_4314,-21.99999999999997,-5.789767605781535,-10.635243
polymer_4315,-9.0,14.903509928498858,15.976579
polymer_4316,50.5,58.86641044271778,64.1998
polymer_4317,68.0,79.4044698836118,84.58513
polymer_4318,47.0,66.59625320325908,69.4357
polymer_4319,105.0,63.67161029753023,78.81424
polymer_4320,45.0,49.71208087121621,52.895496
polymer_4321,89.0,161.04396718120967,144.8212
polymer_4322,0.0,21.544414772854545,11.664133
polymer_4323,49.0,58.86641044271778,64.1998
polymer_4324,49.0,75.81565772973804,79.47031
polymer_4325,43.0,41.86728010037655,48.855083
polymer_4326,64.0,58.81401108665051,75.907906
polymer_4327,68.0,46.98201049892609,57.97424
polymer_4328,35.0,51.5106307785167,48.118416
polymer_4329,3.900000000000034,21.544414772854545,11.664133
polymer_4330,39.0,46.69667368789816,43.988735
polymer_4331,22.0,41.31196026811137,30.173246
polymer_4332,15.0,39.713731037627824,21.417356
polymer_4333,6.5,37.70182648282681,35.527485
polymer_4334,-13.0,2.7588732386721504,-0.34605956
polymer_4335,-21.99999999999997,-9.802817376344175,-8.588595
polymer_4336,-2.0,16.853570825577517,15.772227
polymer_4337,50.0,54.56595442527114,58.308174
polymer_4338,52.0,60.17103122935144,59.088795
polymer_4339,79.0,79.4044698836118,84.58513
polymer_4340,10.5,38.26317265582759,38.11052
polymer_4341,58.0,75.81565772973804,79.47031
polymer_4342,50.5,46.34620066286203,53.25381
polymer_4343,-22.49999999999997,28.99570779260015,20.964962
polymer_4344,-14.0,44.22265925069457,28.599562
polymer_4345,-36.99999999999997,-14.997413483412517,-13.892608
polymer_4346,50.0,55.705176362438046,96.08072
polymer_4347,60.0,46.57641666976009,48.502018
polymer_4348,60.0,47.75045774406655,56.547287
polymer_4349,58.0,54.73739922156039,70.417175
polymer_4350,50.0,54.10365503646159,50.73407
polymer_4351,55.0,51.68817329935041,65.66296
polymer_4352,58.0,84.6454099590407,89.3229
polymer_4353,47.0,76.20919503189278,76.11112
polymer_4354,74.0,92.35294876754843,93.854164
polymer_4355,77.60000000000002,95.88458117250771,45.004295
polymer_4356,-3.0,13.645906230381826,7.069405
polymer_4357,-11.0,-13.23862143452222,-5.663873
polymer_4358,-6.0,-2.8427923394896957,-5.8418946
polymer_4359,-19.99999999999997,-9.802817376344175,-8.588595
polymer_4360,50.5,57.941600941713645,60.8921
polymer_4361,72.0,67.17640615253671,83.11962
polymer_4362,35.0,37.158510018601596,33.206493
polymer_4363,62.0,75.81565772973804,79.47031
polymer_4364,50.0,46.12128106016788,48.233677
polymer_4365,-1.099999999999966,21.544414772854545,11.664133
polymer_4366,19.5,37.70182648282681,35.527485
polymer_4367,-7.699999999999989,2.7588732386721504,-0.34605956
polymer_4368,-17.0,-5.789767605781535,-10.635243
polymer_4369,8.0,10.315322481493613,8.528399
polymer_4370,47.0,60.17103122935144,59.088795
polymer_4371,86.0,60.896696104032,69.280594
polymer_4372,45.0,28.285021118267316,31.53179
polymer_4373,65.0,63.66191249734665,64.23947
polymer_4374,60.0,41.86728010037655,48.855083
polymer_4375,-9.0,28.032398376986038,20.03867
polymer_4376,99.0,66.07924888398951,66.47363
polymer_4377,62.0,76.20919503189278,76.11112
polymer_4378,59.0,72.90613406681265,77.661095
polymer_4379,98.0,78.24973680471803,86.204254
polymer_4380,150.0,103.4373750143988,116.57812
polymer_4381,-12.0,10.962566923891782,10.684172
polymer_4382,-5.0,13.889300400774667,14.38087
polymer_4383,44.0,58.86641044271778,64.1998
polymer_4384,-1.0,38.26317265582759,38.11052
polymer_4385,70.0,35.590038245702424,38.117523
polymer_4386,77.0,60.03765276331644,62.595585
polymer_4387,52.5,41.86728010037655,48.855083
polymer_4388,129.5,128.54838883421752,135.62555
polymer_4389,6.5,10.331066100398685,-2.314061
polymer_4390,73.0,80.47171723845676,70.17596
polymer_4391,71.0,86.50909956181859,78.09423
polymer_4392,61.0,51.0731223000386,56.587658
polymer_4393,76.0,54.35963542506071,52.562263
polymer_4394,66.5,-14.434402378305743,-5.314478
polymer_4395,10.0,13.889300400774667,14.38087
polymer_4396,27.5,25.429761236455988,26.891964
polymer_4397,40.0,65.42848188668886,66.02774
polymer_4398,16.600000000000023,40.119626827894784,31.005358
polymer_4399,-0.2999999999999545,-2.8427923394896957,-5.8418946
polymer_4400,-13.0,-12.629962730594881,-13.18782
polymer_4401,17.0,16.853570825577517,15.772227
polymer_4402,37.0,6.199515475181849,9.3888035
polymer_4403,70.0,50.59056235911041,54.524506
polymer_4404,36.0,11.483405814826948,10.449521
polymer_4405,60.0,50.52963307699645,51.459805
polymer_4406,51.0,54.56595442527114,58.308174
polymer_4407,125.0,60.896696104032,69.280594
polymer_4408,13.0,40.28553782105337,34.75166
polymer_4409,15.0,38.160791208879616,35.674725
polymer_4410,80.5,66.59625320325908,69.4357
polymer_4411,64.0,41.86728010037655,48.855083
polymer_4412,5.5,28.99570779260015,20.964962
polymer_4413,-41.99999999999997,-26.9686104161979,-15.17765
polymer_4414,53.60000000000002,57.788256715173844,59.458958
polymer_4415,109.0,134.76483685862934,140.40036
polymer_4416,23.0,138.15007007142498,100.29835
polymer_4417,7.0,22.258834976810505,17.550568
polymer_4418,16.0,23.739012194929078,10.991286
polymer_4419,16.0,21.842580416235702,18.985296
polymer_4420,21.0,26.52460652272141,18.689507
polymer_4421,17.0,24.221949522829668,19.247839
polymer_4422,19.0,24.567025634429523,18.732742
polymer_4423,78.0,103.65267481824581,101.36469
polymer_4424,76.0,69.81004240492157,57.22854
polymer_4425,75.0,56.701712387846854,53.602654
polymer_4426,71.0,71.18990450774787,75.46402
polymer_4427,104.0,78.85629776234934,80.74821
polymer_4428,117.0,130.13634549581667,146.25928
polymer_4429,-0.1999999999999886,-3.689745434686016,-6.4327707
polymer_4430,2.1000000000000227,-2.8427923394896957,-5.8418946
polymer_4431,16.0,-2.5059340061563624,-3.9871874
polymer_4432,15.0,-2.859161023726604,-6.407279
polymer_4433,17.900000000000034,10.331066100398685,-2.314061
polymer_4434,-11.0,-5.789767605781535,-10.635243
polymer_4435,-8.0,-12.629962730594881,-13.18782
polymer_4436,-6.0,-7.670670434769519,-4.1928887
polymer_4437,-4.0,-8.882295459020762,-13.073433
polymer_4438,84.0,66.86620759880866,58.122223
polymer_4439,77.0,54.35963542506071,52.562263
polymer_4440,-5.0,12.078258384091466,12.351108
polymer_4441,40.0,50.52963307699645,51.459805
polymer_4442,47.5,58.86641044271778,64.1998
polymer_4443,60.0,40.955478573541534,49.88973
polymer_4444,16.0,38.81721659851643,35.806637
polymer_4445,26.0,32.35689654707624,29.722559
polymer_4446,90.0,63.66191249734665,64.23947
polymer_4447,58.5,46.34620066286203,53.25381
polymer_4448,7.0,25.83107812847103,19.867
polymer_4449,-42.94999999999999,-22.257647240427133,-19.049128
polymer_4450,151.0,117.33546686384761,122.588684
polymer_4451,15.400000000000034,10.331066100398685,-2.314061
polymer_4452,95.0,111.52086572642217,122.980835
polymer_4453,104.0,66.86620759880866,58.122223
polymer_4454,-10.5,12.715070841471759,11.291803
polymer_4455,30.0,-0.0012026829589255308,0.9184206
polymer_4456,49.0,18.770938746694654,18.13101
polymer_4457,13.0,16.33291227944929,1.5501566
polymer_4458,180.0,50.52963307699645,51.459805
polymer_4459,70.0,54.56595442527114,58.308174
polymer_4460,91.0,88.2417521629225,97.012344
polymer_4461,38.0,38.160791208879616,35.674725
polymer_4462,100.5,60.03765276331644,62.595585
polymer_4463,66.0,41.86728010037655,48.855083
polymer_4464,-26.99999999999997,-25.53733038174029,-23.025967
polymer_4465,-13.199999999999989,40.45706105306946,9.048067
polymer_4466,25.0,23.454137082495993,13.854813
polymer_4467,130.0,129.2052647547996,134.70389
polymer_4468,79.0,56.701712387846854,53.602654
polymer_4469,24.90000000000004,10.331066100398685,-2.314061
polymer_4470,129.0,85.6279774299265,94.292145
polymer_4471,-32.99999999999997,-3.037987678725961,-22.498608
polymer_4472,-6.0,12.133328444208493,16.155636
polymer_4473,57.0,37.23473581564791,36.11607
polymer_4474,88.0,50.8296834785765,53.15902
polymer_4475,36.0,45.61091234748722,26.193403
polymer_4476,-17.69999999999999,-9.497473155919277,-11.646161
polymer_4477,18.5,57.180202142757906,41.429356
polymer_4478,182.0,119.50031095173802,120.744514
polymer_4479,65.0,59.9252506595821,62.659607
polymer_4480,49.0,55.52377769448472,55.75945
polymer_4481,43.0,45.88040003349336,61.361053
polymer_4482,67.0,36.68101121603914,50.66278
polymer_4483,52.0,48.4374596988556,35.916496
polymer_4484,31.0,56.155634836413206,64.59074
polymer_4485,39.0,52.21946069437974,58.848225
polymer_4486,112.0,186.8244745616449,198.49532
polymer_4487,138.8,118.51504327297347,122.00334
polymer_4488,99.0,95.979182501317,84.87788
polymer_4489,86.0,111.52370595247456,92.86599
polymer_4490,208.0,101.15789715659214,95.44197
polymer_4491,100.0,117.74300478688771,122.305664
polymer_4492,100.0,98.9033699349271,114.867294
polymer_4493,168.0,200.62878392464526,204.1985
polymer_4494,210.0,177.12709718381979,198.79018
polymer_4495,60.0,77.0097178144495,53.199753
polymer_4496,180.70000000000005,173.0995061728391,166.93448
polymer_4497,160.70000000000005,182.31106746031708,181.40694
polymer_4498,352.5,82.39204928380535,51.04509
polymer_4499,0.0,37.242541323013526,33.918274
polymer_4500,25.0,-7.039351077938069,9.253504
polymer_4501,57.0,51.95767138900707,49.116318
polymer_4502,46.0,51.36919460849382,47.111874
polymer_4503,37.0,57.38320499937051,49.578823
polymer_4504,48.0,55.16235676683995,49.88254
polymer_4505,34.0,52.13385964612319,46.693916
polymer_4506,53.0,65.29648367520565,88.823326
polymer_4507,60.0,24.95162056407753,22.86372
polymer_4508,126.0,75.31114072126708,92.322365
polymer_4509,180.0,64.29635712929944,70.70917
polymer_4510,40.0,88.91850187531188,117.37226
polymer_4511,94.0,80.36272235635788,84.78348
polymer_4512,88.95000000000005,76.38654818572864,85.345406
polymer_4513,53.0,40.04083032187252,35.78654
polymer_4514,74.0,66.80368810670348,81.883705
polymer_4515,280.0,138.4189726382811,138.2323
polymer_4516,119.0,78.25145973864515,91.55712
polymer_4517,92.0,74.76983735010646,89.18726
polymer_4518,58.0,65.44266775749367,63.441338
polymer_4519,220.0,142.19796397410573,155.36813
polymer_4520,78.0,70.02586964571107,67.93417
polymer_4521,-27.99999999999997,7.766471741464861,-3.1872506
polymer_4522,-12.0,-5.056246534536521,-15.550631
polymer_4523,46.5,13.894020534334404,9.396535
polymer_4524,111.0,108.20674361046089,128.25754
polymer_4525,113.0,65.19909857432012,51.246906
polymer_4526,50.0,27.896075793366563,23.509
polymer_4527,21.90000000000004,27.156597530616793,14.460505
polymer_4528,77.0,97.04951458988637,81.52795
polymer_4529,101.0,71.2754892255892,63.371468
polymer_4530,16.0,15.270183595348948,-15.675377
polymer_4531,17.0,29.93795885150071,43.190205
polymer_4532,-49.99999999999997,38.26813203400973,35.562862
polymer_4533,-26.99999999999997,-11.29291798644565,-17.040163
polymer_4534,-24.99999999999997,0.0971099621710654,-12.621252
polymer_4535,17.0,13.894020534334404,9.396535
polymer_4536,50.0,27.896075793366563,23.509
polymer_4537,20.0,43.14346623238932,38.26332
polymer_4538,30.0,30.734581340839988,31.97488
polymer_4539,63.0,94.17939380607316,87.941
polymer_4540,9.5,29.025023276175087,28.35214
polymer_4541,40.0,43.14346623238932,38.26332
polymer_4542,4.0,43.26314872594689,41.082783
polymer_4543,30.0,35.616897966864485,35.869884
polymer_4544,52.0,103.72583220856089,91.59791
polymer_4545,-23.49999999999997,29.169699305387173,10.994783
polymer_4546,40.0,27.896075793366563,23.509
polymer_4547,83.5,107.04082059326855,90.44716
polymer_4548,62.0,110.35968658996539,97.01336
polymer_4549,187.0,189.10481395502637,162.04294
polymer_4550,80.0,95.7289663527113,89.136
polymer_4551,84.0,73.96885108836716,89.11064
polymer_4552,120.05,106.40984985846366,108.58579
polymer_4553,97.0,79.61868526350887,89.4282
polymer_4554,59.0,57.39699421193608,57.768612
polymer_4555,46.0,62.85006359418808,39.652973
polymer_4556,52.0,61.969170483772444,51.044266
polymer_4557,56.0,90.90882581763988,72.73161
polymer_4558,49.0,65.16806694231764,63.582077
polymer_4559,143.0,99.98387946632317,97.332855
polymer_4560,-47.99999999999997,-10.541623364323554,-6.40708
polymer_4561,-36.99999999999997,153.65865740784017,103.20013
polymer_4562,-3.3899999999999864,-40.12756245469788,-24.292006
polymer_4563,-67.99999999999997,-68.87017387356173,-28.855934
polymer_4564,-64.99999999999997,-45.66854575952764,-47.190334
polymer_4565,-79.99999999999997,-67.72331024531026,-73.02846
polymer_4566,-51.99999999999997,-49.97616987179487,-57.513412
polymer_4567,-36.99999999999997,-39.4467455524883,-40.381454
polymer_4568,-71.99999999999997,-67.04261338327026,-74.476875
polymer_4569,-61.99999999999997,-54.89775468975469,-59.581776
polymer_4570,-74.99999999999997,-47.69522222222222,-28.945507
polymer_4571,-82.99999999999997,-51.0537671065046,-75.40368
polymer_4572,-41.99999999999997,59.925506449848086,27.214214
polymer_4573,-41.99999999999997,-44.65785600678559,-83.69542
polymer_4574,-15.0,8.708613545238356,11.085513
polymer_4575,-118.99999999999996,-79.22134859545639,-67.86421
polymer_4576,-60.99999999999997,-27.19231893421895,-18.725178
polymer_4577,-28.49999999999997,-4.6446195852326815,-36.092445
polymer_4578,73.0,78.55082038454448,94.858246
polymer_4579,76.0,42.27487269898852,33.947037
polymer_4580,67.0,-11.880957393232391,-16.968937
polymer_4581,-64.99999999999997,47.12271226591158,22.8843
polymer_4582,-62.49999999999997,-49.880687707464254,-50.440025
polymer_4583,-62.99999999999997,-67.48482666666665,-82.23379
polymer_4584,-54.99999999999997,49.28886940827981,29.99229
polymer_4585,-70.99999999999997,-56.477507868845265,-62.423412
polymer_4586,60.0,58.587680752013924,54.109047
polymer_4587,-17.99999999999997,33.93783818957756,23.103552
polymer_4588,220.0,218.76643745775772,223.88766
polymer_4589,232.0,215.2175390785851,209.30173
polymer_4590,190.5,174.02716358518467,212.07103
polymer_4591,208.0,216.08455098480323,231.55493
polymer_4592,217.0,214.86607395400202,200.35602
polymer_4593,165.0,196.38149369192516,195.74721
polymer_4594,29.0,73.85703739869955,91.69956
polymer_4595,118.0,21.114609789857543,28.879787
polymer_4596,26.0,68.59349755481556,94.03498
polymer_4597,65.0,51.6373483249169,37.96349
polymer_4598,-8.0,7.84597764658227,-13.689541
polymer_4599,-2.0,13.075851645228308,18.004213
polymer_4600,-47.99999999999997,29.1128801249837,19.51002
polymer_4601,62.0,61.061471705424715,59.777542
polymer_4602,100.0,46.35477956336145,33.21478
polymer_4603,-85.99999999999997,-49.797242353258596,-56.52033
polymer_4604,-5.5,43.43689173567842,11.861877
polymer_4605,-64.99999999999997,-14.883291224282694,-25.39214
polymer_4606,0.0,41.345261199677935,91.65191
polymer_4607,-124.99999999999996,-71.62126356898861,-18.831924
polymer_4608,90.0,120.39167958297288,117.3935
polymer_4609,60.0,124.52723957473684,137.02878
polymer_4610,-128.99999999999997,-72.9874622304357,-75.07786
polymer_4611,-132.99999999999997,44.86259636330533,12.606194
polymer_4612,-119.99999999999996,-91.1524082418418,-68.54196
polymer_4613,-74.99999999999997,-66.81550968749889,-99.64736
polymer_4614,-68.99999999999997,-75.12845737669221,-54.961502
polymer_4615,-114.99999999999996,-101.19549614215973,-103.35496
polymer_4616,-28.99999999999997,30.741880419416006,7.308165
polymer_4617,-71.99999999999997,35.81808444103537,24.66028
polymer_4618,-81.99999999999997,-28.697807981526456,-39.4956
polymer_4619,-90.99999999999996,-58.03459494292289,-63.6088
polymer_4620,-57.99999999999997,-71.10944008397303,-70.91635
polymer_4621,-111.99999999999996,-100.53339414463515,-102.58401
polymer_4622,-77.99999999999997,-56.33877956318373,-72.72809
polymer_4623,-23.44999999999999,41.369299471095864,32.38922
polymer_4624,-110.84999999999997,-100.80858294649866,-109.97685
polymer_4625,-91.99999999999996,-106.61160872339714,-114.80007
polymer_4626,-77.99999999999997,-56.62458452026367,-69.15704
polymer_4627,-68.99999999999997,-73.07587318711715,-78.54649
polymer_4628,16.5,51.605360058411485,45.96013
polymer_4629,29.200000000000045,50.90758869626656,52.502647
polymer_4630,103.40000000000003,47.732425416190445,52.9545
polymer_4631,61.10000000000002,38.790985849817915,36.025234
polymer_4632,25.0,47.23249729264657,42.193542
polymer_4633,32.400000000000034,52.660021435795024,52.599308
polymer_4634,74.30000000000001,34.40828087764596,36.158073
polymer_4635,26.700000000000045,46.241210351828514,50.436962
polymer_4636,20.700000000000045,35.7941155940039,42.411686
polymer_4637,28.5,30.691463557494153,18.40477
polymer_4638,13.400000000000034,35.81752906279882,27.13645
polymer_4639,27.0,113.97206565613632,110.78808
polymer_4640,-77.99999999999997,-63.66035035246155,-79.04174
polymer_4641,-55.99999999999997,-26.68779615602042,-49.047573
polymer_4642,15.0,37.63928609079649,25.524986
polymer_4643,20.0,38.822673899998556,18.344976
polymer_4644,-54.99999999999997,18.187653466726797,6.841365
polymer_4645,55.0,19.36776796087051,9.273035
polymer_4646,-32.99999999999997,3.9233367599498803,1.8779935
polymer_4647,25.0,25.103559263216617,8.823989
polymer_4648,-44.99999999999997,10.762172074480112,15.065841
polymer_4649,5.5,26.657875763562423,24.856579
polymer_4650,-49.99999999999997,-19.33872621275932,-52.404716
polymer_4651,10.0,22.044732652739363,10.331104
polymer_4652,8.0,22.5148462476138,16.21822
polymer_4653,45.0,10.095635306619092,8.301838
polymer_4654,-9.0,23.246793893771127,9.809235
polymer_4655,-5.0,24.769669179343392,11.277488
polymer_4656,-2.0,30.813235983878993,44.941208
polymer_4657,12.0,14.390351790999473,16.399601
polymer_4658,-5.0,-5.739479898613094,-6.3821783
polymer_4659,52.0,25.596300182751115,28.219198
polymer_4660,7.0,-10.695668139120466,-12.847884
polymer_4661,22.5,17.43541850634443,14.055041
polymer_4662,16.0,12.5837867107454,6.4507456
polymer_4663,-36.99999999999997,-19.561902745967835,-42.424076
polymer_4664,-45.99999999999997,-2.2750775152478173,-36.787155
polymer_4665,-25.899999999999977,36.64172913565036,-1.1365502
polymer_4666,-90.09999999999997,-91.37729928603572,-89.891716
polymer_4667,-64.20499999999998,-91.37729928603572,-89.891716
polymer_4668,30.0,1.2469124155245137,23.269274
polymer_4669,38.0,34.16820810751421,19.229118
polymer_4670,43.30000000000001,45.12789112637102,31.637955
polymer_4671,9.200000000000044,55.06664684399677,58.54608
polymer_4672,61.10000000000002,66.5042049946136,68.30674
polymer_4673,112.60000000000002,78.01612130241725,103.03399
polymer_4674,42.0,53.077222336205956,50.36955
polymer_4675,56.80000000000001,43.739807634366386,47.19158
polymer_4676,60.0,43.86569675900318,41.391285
polymer_4677,61.30000000000001,58.52359855776989,80.43776
polymer_4678,62.80000000000001,52.80049628213691,49.335613
polymer_4679,49.0,52.98840578165649,55.11051
polymer_4680,48.0,48.006683037907095,47.23907
polymer_4681,74.60000000000002,52.9429112313095,60.432507
polymer_4682,57.0,26.587329273066757,19.086569
polymer_4683,38.0,34.18596888381689,29.90101
polymer_4684,45.30000000000001,32.812458295528835,17.66597
polymer_4685,37.0,37.730590872287905,30.137028
polymer_4686,15.0,25.878114651016787,32.461372
polymer_4687,102.0,47.24588144805935,-2.8457062
polymer_4688,129.0,59.7906013306894,93.246826
polymer_4689,55.450000000000045,-4.747242189090273,9.831509
polymer_4690,-4.0,67.73192777108005,58.065437
polymer_4691,28.90000000000004,-31.042885964087503,-22.13545
polymer_4692,156.0,57.4841659508913,80.99531
polymer_4693,111.0,96.62434479676344,109.860535
polymer_4694,96.0,78.10736201106118,101.696724
polymer_4695,92.0,43.139731420860926,39.268192
polymer_4696,76.0,66.72226690054357,104.454384
polymer_4697,39.0,71.00245561044396,51.951256
polymer_4698,44.0,45.786546450027124,56.703777
polymer_4699,30.0,48.257734960747634,46.172153
polymer_4700,-120.09999999999997,-76.76547645433338,-81.94936
polymer_4701,-77.99999999999997,-101.03288358659364,-94.933754
polymer_4702,-24.99999999999997,23.49964669897106,4.5133233
polymer_4703,-17.0,13.264488633811617,19.698734
polymer_4704,-28.149999999999977,39.634640710274695,19.315094
polymer_4705,-138.99999999999997,-66.88948988548057,-74.82087
polymer_4706,-77.49999999999997,-83.12648757098339,-70.25634
polymer_4707,40.60000000000002,81.03267521557645,47.7089
polymer_4708,-54.99999999999997,-68.86057505021229,-70.11037
polymer_4709,-63.39999999999998,-65.70172543324573,-64.73789
polymer_4710,-69.19999999999999,-65.70172543324573,-64.73789
polymer_4711,-69.79999999999998,-65.71865397589985,-68.83473
polymer_4712,-69.69999999999999,-65.70172543324573,-64.73789
polymer_4713,-68.89999999999998,-66.2082298919401,-66.301704
polymer_4714,-66.39999999999998,-66.2082298919401,-66.301704
polymer_4715,56.0,89.25434104118307,78.573586
polymer_4716,94.0,51.676899432146804,69.222626
polymer_4717,130.0,41.86102761648397,19.899664
polymer_4718,240.0,227.28973845186053,231.30884
polymer_4719,218.0,200.59698427506046,226.58537
polymer_4720,219.0,152.97687954835527,173.19022
polymer_4721,220.0,171.01414390236576,198.11545
polymer_4722,211.0,172.96794442383109,165.81596
polymer_4723,206.0,156.1950120289614,159.13206
polymer_4724,152.0,135.63823017433955,150.05484
polymer_4725,146.0,136.46599827198264,128.82045
polymer_4726,151.0,140.86703528974684,142.24489
polymer_4727,154.0,139.94045393668827,152.21085
polymer_4728,140.0,120.53786923140775,122.61772
polymer_4729,319.0,276.67758531746017,285.90176
polymer_4730,283.0,228.94094660380117,251.23843
polymer_4731,196.0,218.7802364004832,202.77692
polymer_4732,196.0,182.58476649951203,168.69492
polymer_4733,152.40000000000003,159.0854396187068,154.82063
polymer_4734,163.0,208.6195595486726,238.81926
polymer_4735,128.0,124.59153083832524,109.154106
polymer_4736,147.0,121.8626936574744,122.053795
polymer_4737,212.0,164.06455611846658,146.8634
polymer_4738,100.0,99.7578772942749,84.7899
polymer_4739,85.0,60.8511288950103,57.126984
polymer_4740,60.0,50.48934991611946,32.750965
polymer_4741,54.0,40.81407934241809,28.884384
polymer_4742,20.0,50.48934991611946,32.750965
polymer_4743,-10.0,54.222734255270446,48.35902
polymer_4744,133.0,134.2025041654257,126.74466
polymer_4745,127.0,137.55014093295432,111.93971
polymer_4746,144.0,129.06057239780017,116.40332
polymer_4747,119.0,130.43609348694775,123.41571
polymer_4748,79.0,120.41047672665177,113.406494
polymer_4749,250.0,182.67445267758805,191.00777
polymer_4750,273.0,217.34430591557202,228.2779
polymer_4751,270.0,216.24271707352383,219.45049
polymer_4752,281.0,273.03248452696727,287.74408
polymer_4753,290.0,230.8953480331351,283.03494
polymer_4754,163.0,212.1505681857233,218.03008
polymer_4755,176.82000000000005,146.16505273472816,177.96863
polymer_4756,120.0,157.6207666306981,162.28275
polymer_4757,309.0,302.4652448239879,296.43463
polymer_4758,300.0,301.8620459969533,299.95258
polymer_4759,278.0,291.84302447199764,303.81876
polymer_4760,312.0,312.84135094381116,333.36813
polymer_4761,174.10000000000002,127.10757706710164,105.00218
polymer_4762,-67.99999999999997,-25.75041482961483,-35.466328
polymer_4763,-37.99999999999997,-25.75041482961483,-35.466328
polymer_4764,-34.99999999999997,-46.19513340548341,-52.31016
polymer_4765,212.0,158.60359429903863,219.0233
polymer_4766,234.0,103.00766516129305,117.21218
polymer_4767,308.0,299.22910637042827,296.27383
polymer_4768,300.0,309.9737197446502,307.92004
polymer_4769,268.5,304.0883701413459,295.0304
polymer_4770,170.0,184.93159845257495,180.62685
polymer_4771,180.0,160.87413704145007,156.48254
polymer_4772,280.15,139.02361064176654,141.79675
polymer_4773,188.5,163.39703177563678,143.68326
polymer_4774,165.0,175.17697859954532,162.08319
polymer_4775,148.0,153.20287306747227,146.91373
polymer_4776,250.0,246.86050596927527,234.37814
polymer_4777,256.0,236.56524339777826,222.22873
polymer_4778,222.0,237.0013457444917,231.58157
polymer_4779,222.5,230.39089977841115,222.9949
polymer_4780,220.5,229.72331713691082,224.46678
polymer_4781,224.5,232.68309549216943,225.01602
polymer_4782,208.0,213.50707937041034,204.60025
polymer_4783,204.0,222.021942520036,216.35841
polymer_4784,237.0,234.49193182138703,236.90482
polymer_4785,226.0,227.77726108432898,218.80318
polymer_4786,225.0,214.6817541340721,237.6155
polymer_4787,260.0,186.16386968104078,204.08699
polymer_4788,147.0,195.00667212774152,194.66853
polymer_4789,72.0,94.18088415768563,92.69667
polymer_4790,168.0,184.9834430500476,183.71657
polymer_4791,184.5,192.24869653411298,153.04951
polymer_4792,132.0,180.64621545252515,171.62025
polymer_4793,267.0,197.1384555210677,204.17017
polymer_4794,141.0,157.16136088747982,175.59027
polymer_4795,97.0,127.27101053053026,134.1004
polymer_4796,117.0,127.27101053053026,134.1004
polymer_4797,133.0,127.27101053053026,134.1004
polymer_4798,147.0,112.86863292377937,111.56814
polymer_4799,126.0,112.86863292377937,111.56814
polymer_4800,70.0,80.15051970921745,78.942924
polymer_4801,109.0,105.85958962376509,102.35533
polymer_4802,232.0,239.27319461999883,247.27254
polymer_4803,185.5,182.92410955437026,175.41023
polymer_4804,119.0,125.93051045193111,130.75311
polymer_4805,112.0,88.21009419605983,100.45068
polymer_4806,161.0,134.7708647861026,129.19417
polymer_4807,116.0,120.88944456476126,114.058556
polymer_4808,112.0,99.36224154000014,103.76765
polymer_4809,-4.0,-12.857444139194131,25.696632
polymer_4810,132.25,88.98923017374148,79.74669
polymer_4811,110.0,108.06522288225625,105.96921
polymer_4812,174.0,210.8249597260984,205.79657
polymer_4813,242.20000000000005,208.6286282337398,228.57304
polymer_4814,220.0,233.57224195862966,230.16397
polymer_4815,229.0,233.57224195862966,230.16397
polymer_4816,222.0,239.58793337439477,237.24083
polymer_4817,208.0,234.4521133338404,236.58528
polymer_4818,206.0,212.20213537018947,203.05316
polymer_4819,205.0,201.82185996020542,205.23978
polymer_4820,247.0,234.0217320610307,233.60275
polymer_4821,227.0,228.223937590769,213.20995
polymer_4822,301.0,159.8568663289439,185.58798
polymer_4823,210.0,242.95007070606147,224.61725
polymer_4824,119.0,220.55045880077935,221.17729
polymer_4825,277.0,254.90924195396195,260.32114
polymer_4826,224.0,229.13661623178447,231.35806
polymer_4827,275.0,254.96773475802362,261.3513
polymer_4828,133.0,237.2321906287426,242.43738
polymer_4829,195.0,237.2321906287426,242.43738
polymer_4830,216.0,193.82441933469693,192.68233
polymer_4831,235.0,193.82441933469693,192.68233
polymer_4832,216.0,237.12760828109046,231.9749
polymer_4833,235.0,209.74975492068253,210.05258
polymer_4834,232.0,209.00109441634478,209.34337
polymer_4835,245.0,185.26811916349183,184.38126
polymer_4836,298.0,296.0111641541624,325.80423
polymer_4837,321.0,291.7890791820705,305.86047
polymer_4838,314.0,306.11945599075045,319.36877
polymer_4839,310.0,315.2947652331182,321.0808
polymer_4840,328.0,319.6906575367541,321.6123
polymer_4841,236.0,212.8397219986883,216.79814
polymer_4842,224.0,201.16056698743077,197.50815
polymer_4843,205.0,223.97550646646408,237.67784
polymer_4844,160.0,162.00820332242378,193.67166
polymer_4845,198.0,140.6913788655394,163.76663
polymer_4846,150.0,183.3992860012672,173.23482
polymer_4847,167.0,200.4393682621944,164.5537
polymer_4848,254.0,248.66055993546087,246.63132
polymer_4849,268.0,242.5024614777334,246.2316
polymer_4850,220.0,214.95784875722117,217.5828
polymer_4851,200.0,234.1522569487302,223.78954
polymer_4852,217.0,236.1848647841785,229.98424
polymer_4853,166.3,165.03808842092775,151.98186
polymer_4854,51.0,73.67320624711346,64.22284
polymer_4855,182.0,155.4006846731879,161.38235
polymer_4856,170.0,215.5394372034408,197.20122
polymer_4857,167.0,171.1629895417367,168.7924
polymer_4858,159.0,170.56408090799292,155.54768
polymer_4859,158.17000000000002,146.66134932641756,160.0075
polymer_4860,163.67000000000002,134.9642408624665,157.45609
polymer_4861,206.0,168.12131690556,177.23807
polymer_4862,228.0,179.8743783799227,204.66327
polymer_4863,162.0,166.3805930768118,164.15813
polymer_4864,177.0,168.74655619809045,181.05836
polymer_4865,151.0,172.9167048401142,163.85884
polymer_4866,250.0,219.58657019084248,227.40782
polymer_4867,230.0,178.73221587570356,182.02782
polymer_4868,73.0,223.98154812707483,153.6786
polymer_4869,26.0,63.58889180006918,31.152481
polymer_4870,135.0,197.0694748297196,209.35146
polymer_4871,89.0,95.84022312877856,92.96871
polymer_4872,181.0,175.8289115025338,163.1037
polymer_4873,162.0,165.15311662309466,151.47357
polymer_4874,183.5,168.07986862469642,164.54611
polymer_4875,176.0,167.435639680978,159.0132
polymer_4876,230.0,184.25627404131865,198.42564
polymer_4877,165.0,168.26803595527144,156.80899
polymer_4878,196.0,176.33908560976326,171.59264
polymer_4879,253.0,215.8513833923627,254.82858
polymer_4880,190.0,185.83591499172422,167.63095
polymer_4881,191.0,123.48945283426525,146.2891
polymer_4882,189.0,208.62062317240958,183.96002
polymer_4883,193.0,221.68408303102504,236.44167
polymer_4884,78.0,125.02684159386978,84.771164
polymer_4885,34.0,97.82362267227026,67.577805
polymer_4886,113.0,110.23390526478555,101.0566
polymer_4887,164.0,179.99893804055233,169.13295
polymer_4888,172.0,219.4190339854967,212.68858
polymer_4889,180.0,148.76806994264163,133.35106
polymer_4890,217.0,235.68210609016072,237.2398
polymer_4891,135.0,168.90906369307007,152.23317
polymer_4892,234.0,259.6737128525587,262.12286
polymer_4893,226.0,255.4567061971931,258.86176
polymer_4894,210.0,212.56416917859954,226.48608
polymer_4895,229.0,185.81355912210987,199.58063
polymer_4896,213.0,188.85363862455583,173.74635
polymer_4897,357.0,392.9784561403509,400.34097
polymer_4898,170.0,175.84052318963626,175.4787
polymer_4899,179.0,111.84496219770736,102.39766
polymer_4900,335.0,286.9235416666666,300.89548
polymer_4901,313.0,261.57978850739454,266.4331
polymer_4902,322.0,251.440709164944,258.13385
polymer_4903,275.0,258.08840133233457,268.10553
polymer_4904,275.0,185.68717759382977,195.72943
polymer_4905,312.0,255.57989290164113,267.22498
polymer_4906,279.0,294.5935048184186,300.75037
polymer_4907,312.0,272.400144613796,258.63492
polymer_4908,285.0,288.6551189455503,333.01984
polymer_4909,400.0,287.10207327189426,309.33148
polymer_4910,342.0,281.1709987998451,298.95346
polymer_4911,252.0,283.7005257749073,315.90707
polymer_4912,250.0,321.55507704064087,267.21283
polymer_4913,270.0,223.92578035423455,238.14214
polymer_4914,256.0,276.709599644109,282.73007
polymer_4915,248.0,237.4579209620868,245.62843
polymer_4916,127.0,224.42655993857426,207.86118
polymer_4917,282.5,265.1198016942078,255.27162
polymer_4918,269.5,290.9066307079108,316.23822
polymer_4919,200.0,254.02867025089606,221.9504
polymer_4920,179.0,170.99552758696709,150.12796
polymer_4921,267.5,245.32222211316864,264.86734
polymer_4922,251.5,268.7502497458968,256.43146
polymer_4923,235.0,271.6758914012357,268.5351
polymer_4924,166.0,190.78954412564693,174.86673
polymer_4925,175.0,159.41603802818474,160.37483
polymer_4926,155.0,189.4852851472691,176.50928
polymer_4927,219.0,302.15273948903905,276.19272
polymer_4928,252.20000000000005,296.6518354610934,284.50616
polymer_4929,355.0,245.8892679062325,292.8251
polymer_4930,79.0,163.61622077205348,169.13156
polymer_4931,155.0,134.56536853274162,99.82805
polymer_4932,228.0,143.6925769772439,166.458
polymer_4933,127.0,176.46371833249228,164.40065
polymer_4934,166.0,52.28847352634834,101.87329
polymer_4935,215.0,219.9163767764955,229.77106
polymer_4936,232.0,260.4684484834865,248.26982
polymer_4937,240.0,267.4885148648656,253.96953
polymer_4938,262.0,240.9220894520312,257.40234
polymer_4939,255.0,241.33617306754974,239.1312
polymer_4940,245.0,244.6428082331924,259.2259
polymer_4941,259.0,248.39319144248483,260.73828
polymer_4942,236.0,235.47552268682824,232.7828
polymer_4943,230.0,243.536746216824,251.62308
polymer_4944,421.0,391.4295238095238,403.42966
polymer_4945,396.0,366.2754522009735,393.0578
polymer_4946,200.0,181.3309854543863,184.1174
polymer_4947,192.0,224.9514758608984,209.286
polymer_4948,241.0,248.6305296296296,276.16434
polymer_4949,238.0,188.74625196859333,197.36075
polymer_4950,112.0,219.1549901678031,216.57114
polymer_4951,79.5,114.44150919234053,116.404816
polymer_4952,150.0,119.38847587007491,131.53168
polymer_4953,133.5,97.14454551079521,105.992256
polymer_4954,95.0,115.63850595224574,115.97883
polymer_4955,94.0,121.77555674778822,122.91363
polymer_4956,293.0,263.3004949580934,283.4625
polymer_4957,257.0,262.62648808006094,273.6531
polymer_4958,274.0,259.18394684705345,266.12903
polymer_4959,265.0,260.6753629342714,262.4746
polymer_4960,271.0,264.4172918080115,279.39035
polymer_4961,293.0,287.161765903585,292.37018
polymer_4962,217.0,205.39191221578284,203.10965
polymer_4963,199.0,214.09674891521453,207.00525
polymer_4964,288.0,258.2420071030573,255.21964
polymer_4965,245.0,234.7628100209799,245.17825
polymer_4966,277.0,265.3546525024622,285.14246
polymer_4967,280.0,259.4571746806987,259.22662
polymer_4968,202.0,201.33105158730152,200.75385
polymer_4969,257.0,259.93772427113765,254.29785
polymer_4970,229.0,244.9818274631818,265.0827
polymer_4971,236.0,243.8044470111937,236.1941
polymer_4972,226.0,243.40189770627248,235.98955
polymer_4973,257.0,242.68606810662658,231.72368
polymer_4974,236.0,251.00012528960602,234.67688
polymer_4975,233.0,243.30582010948862,251.85417
polymer_4976,262.0,239.71670802087672,227.91095
polymer_4977,242.0,261.9374075544557,262.05496
polymer_4978,261.0,280.6721793685588,297.64514
polymer_4979,240.0,242.43835315131273,237.94878
polymer_4980,263.0,273.4145727452927,276.8601
polymer_4981,266.0,265.4127292675768,268.3627
polymer_4982,333.0,250.27659604865815,266.0153
polymer_4983,310.0,258.53358471860815,277.43085
polymer_4984,218.5,228.75986778792523,214.82278
polymer_4985,290.0,258.9784440487702,259.223
polymer_4986,265.0,246.7600425057186,245.02959
polymer_4987,275.0,255.24668248466477,259.3267
polymer_4988,220.0,245.0307222887358,245.8062
polymer_4989,208.0,221.36938831568182,230.2742
polymer_4990,55.0,144.98351684175068,129.1155
polymer_4991,137.0,81.83001663718294,65.95396
polymer_4992,30.0,51.01537630107237,51.875824
polymer_4993,34.0,45.88330777342201,45.257156
polymer_4994,41.0,49.41867588713552,49.6053
polymer_4995,50.0,44.9259263433366,45.422432
polymer_4996,56.0,45.88330777342201,45.257156
polymer_4997,63.0,44.9259263433366,45.422432
polymer_4998,68.0,45.88330777342201,45.257156
polymer_4999,165.0,156.3067089494483,160.49788
polymer_5000,140.0,184.9834430500476,183.71657
polymer_5001,148.0,151.52011953740015,139.3657
polymer_5002,35.0,51.89418684417385,47.019188
polymer_5003,20.0,46.00622299655772,26.976128
polymer_5004,155.8,174.65639239508985,149.03407
polymer_5005,159.3,164.44402719706983,177.40054
polymer_5006,267.0,191.0642934252401,181.4002
polymer_5007,206.0,198.74403242691443,206.78616
polymer_5008,213.0,195.81165104784534,197.1985
polymer_5009,267.0,211.15914922031888,198.31659
polymer_5010,117.0,137.63815444152934,147.65594
polymer_5011,108.0,125.54858773226456,140.8192
polymer_5012,113.0,142.4730125507041,159.5153
polymer_5013,107.0,132.8308296236327,158.64673
polymer_5014,106.0,124.45097718927032,133.40816
polymer_5015,83.0,117.09125469865923,102.64905
polymer_5016,102.0,122.92311377054075,123.57698
polymer_5017,105.0,105.7910240361449,90.969406
polymer_5018,140.0,150.8834981983975,176.32779
polymer_5019,148.0,137.2639011992974,139.31905
polymer_5020,181.0,146.0844542196862,140.9414
polymer_5021,130.0,159.04716041211867,136.9756
polymer_5022,166.0,125.89782734471171,145.32376
polymer_5023,115.0,186.43687257805067,192.89653
polymer_5024,283.0,184.51960768436433,193.18489
polymer_5025,74.0,206.07326050623928,180.61253
polymer_5026,94.3,74.4900826144678,82.780655
polymer_5027,82.70000000000005,86.62422773672367,98.84293
polymer_5028,88.0,88.86352721316105,94.633736
polymer_5029,105.5,82.03197148453533,91.61511
polymer_5030,166.0,169.98059200856707,181.44295
polymer_5031,360.0,228.93789650265452,249.71117
polymer_5032,71.0,77.07589138976198,77.798164
polymer_5033,56.0,77.24452573792207,70.305916
polymer_5034,105.0,120.1222715079365,129.94046
polymer_5035,105.0,107.59615120473843,111.23884
polymer_5036,212.0,241.93152296183135,230.3576
polymer_5037,270.0,233.0981217294645,237.34123
polymer_5038,230.0,255.45449249175823,257.597
polymer_5039,186.0,165.45112456101515,177.82564
polymer_5040,101.0,120.69954145360106,118.42724
polymer_5041,119.0,116.3541807613851,118.05724
polymer_5042,119.0,119.01508806075275,115.31613
polymer_5043,41.0,116.83133598953823,96.38986
polymer_5044,125.0,96.58147957817125,118.91828
polymer_5045,140.0,104.00793375654305,122.12297
polymer_5046,64.0,61.950562242034465,68.45089
polymer_5047,53.0,77.81648328762644,104.34104
polymer_5048,112.0,54.525519717931324,83.36354
polymer_5049,108.0,118.06199869169318,103.13542
polymer_5050,97.0,99.04064553502472,92.32764
polymer_5051,90.0,48.00744582820356,50.935814
polymer_5052,95.0,59.28434480371077,54.22425
polymer_5053,137.0,170.1294713255406,181.3975
polymer_5054,150.0,108.44619918313552,136.7973
polymer_5055,156.0,183.67116469633686,199.97665
polymer_5056,226.0,160.96659336861654,170.9547
polymer_5057,101.0,122.18465218079078,132.74338
polymer_5058,105.0,108.26623469368687,105.36799
polymer_5059,111.0,106.97325311844183,106.9719
polymer_5060,108.0,106.76773166957442,108.13131
polymer_5061,118.0,105.45148371441081,102.05887
polymer_5062,117.0,151.86941911501052,131.53389
polymer_5063,156.0,180.99898524463052,167.93071
polymer_5064,120.0,151.9299908042645,128.16327
polymer_5065,238.0,283.6368596181879,270.22055
polymer_5066,222.0,247.14560033820453,221.03639
polymer_5067,215.0,175.8289115025338,163.1037
polymer_5068,164.5,165.4370502030546,170.91861
polymer_5069,104.0,121.22913313804878,118.53613
polymer_5070,147.0,181.09120862592454,165.32951
polymer_5071,118.0,167.11072764040438,154.32758
polymer_5072,147.0,200.41834720178576,196.24603
polymer_5073,134.0,165.4370502030546,170.91861
polymer_5074,211.0,239.58793337439477,237.24083
polymer_5075,215.0,240.0736780764453,238.3794
polymer_5076,203.0,240.0736780764453,238.3794
polymer_5077,194.0,210.36003903111504,203.40083
polymer_5078,184.0,209.20845785495123,203.59776
polymer_5079,227.0,237.62591473303183,242.72653
polymer_5080,128.0,135.1440499679994,128.55612
polymer_5081,239.0,257.39213923619496,254.92613
polymer_5082,238.0,256.55339964344734,257.28214
polymer_5083,220.0,241.55698197472466,247.12158
polymer_5084,266.0,233.57224195862966,230.16397
polymer_5085,259.0,247.17754495980233,249.26085
polymer_5086,230.0,239.58793337439477,237.24083
polymer_5087,210.0,240.0736780764453,238.3794
polymer_5088,201.0,239.2872927446224,238.9536
polymer_5089,201.0,210.36003903111504,203.40083
polymer_5090,256.0,259.82860021896033,266.40536
polymer_5091,199.0,201.0510579193699,200.37578
polymer_5092,283.0,239.2872927446224,238.9536
polymer_5093,255.0,231.33034981413084,230.7879
polymer_5094,215.0,198.66726530105902,200.2251
polymer_5095,184.0,209.20845785495123,203.59776
polymer_5096,227.0,211.9674103506302,207.40869
polymer_5097,239.0,218.72141543984046,215.49324
polymer_5098,198.0,228.23732130456276,222.53741
polymer_5099,100.0,133.52347921697302,102.422005
polymer_5100,214.0,218.2512899035767,218.29955
polymer_5101,259.0,250.86283915768013,255.01952
polymer_5102,184.0,202.7361120103452,204.90894
polymer_5103,250.0,234.35973150387858,226.68108
polymer_5104,249.0,192.72708407638672,195.39807
polymer_5105,120.0,111.91396728596568,96.9856
polymer_5106,89.0,117.12606948917178,111.43299
polymer_5107,66.0,114.74737666328006,97.97727
polymer_5108,81.0,97.26856270147293,117.28513
polymer_5109,114.0,106.61491211904877,104.18313
polymer_5110,100.5,112.93738861368006,103.03076
polymer_5111,298.20000000000005,263.27170877365,277.72818
polymer_5112,275.4,272.53586888315266,282.76004
polymer_5113,180.5,232.84551780389276,208.84892
polymer_5114,240.0,223.3127116746974,225.14316
polymer_5115,230.0,250.995639173475,241.10541
polymer_5116,415.0,385.3196607142857,396.73056
polymer_5117,374.0,376.00101851851855,371.26843
polymer_5118,260.0,240.28831530383275,240.92444
polymer_5119,219.0,203.46998905959435,206.16193
polymer_5120,265.0,235.4545457612804,236.18124
polymer_5121,205.0,243.27591946358262,239.40387
polymer_5122,267.0,250.16886070103456,253.42706
polymer_5123,230.0,221.71057116227902,226.37335
polymer_5124,266.0,252.25126769315227,258.6068
polymer_5125,300.0,270.1666733023791,269.00168
polymer_5126,260.0,237.3754297604955,228.07344
polymer_5127,194.0,222.21470496454722,210.20868
polymer_5128,267.0,245.37543002153663,244.02597
polymer_5129,216.0,229.68688114730918,231.14731
polymer_5130,119.0,132.04597005557576,130.37514
polymer_5131,78.0,82.66968107950656,100.5194
polymer_5132,386.0,384.87794029850744,362.30713
polymer_5133,346.0,375.21233333333333,356.09024
polymer_5134,218.0,218.72256109339395,207.1684
polymer_5135,257.0,212.20213537018947,203.05316
polymer_5136,238.0,210.36003903111504,203.40083
polymer_5137,205.0,226.77897698426477,220.54828
polymer_5138,217.5,216.0048145069439,213.14934
polymer_5139,212.0,210.36003903111504,203.40083
polymer_5140,201.0,223.05520996918796,215.0911
polymer_5141,186.0,223.05520996918796,215.0911
polymer_5142,178.0,204.8451325421691,190.81705
polymer_5143,209.0,225.83890900860825,222.16135
polymer_5144,190.5,196.36163637691496,182.26775
polymer_5145,231.0,214.3977905511147,204.26047
polymer_5146,234.0,240.42089847903276,230.1007
polymer_5147,202.0,228.25671501039398,211.06429
polymer_5148,231.0,245.6022705399213,243.71033
polymer_5149,128.0,161.66497251467652,149.79338
polymer_5150,212.0,217.0767071943469,231.47833
polymer_5151,219.0,194.6678732234845,186.7475
polymer_5152,209.0,222.67004734291075,239.89314
polymer_5153,234.0,237.1801521820867,227.96628
polymer_5154,230.0,209.72992759186016,205.27931
polymer_5155,85.0,137.52238026443712,132.39014
polymer_5156,294.5,298.249537534078,321.89026
polymer_5157,179.0,156.4457150095276,177.3547
polymer_5158,240.0,231.89750079943084,242.14388
polymer_5159,201.0,219.91708198117607,212.418
polymer_5160,199.0,229.48735347817913,212.61261
polymer_5161,70.0,115.7737840639446,116.80615
polymer_5162,74.0,110.98846168172219,117.44474
polymer_5163,91.5,108.67358037015347,113.54752
polymer_5164,89.0,100.52077017810751,107.345146
polymer_5165,145.0,101.27324434264267,106.565865
polymer_5166,110.0,101.27324434264267,106.565865
polymer_5167,164.0,100.52077017810751,107.345146
polymer_5168,283.0,279.6544806325501,276.3758
polymer_5169,266.0,261.5603439489485,267.9777
polymer_5170,263.0,271.31673292125726,277.68292
polymer_5171,274.0,261.7177981633591,264.87738
polymer_5172,124.0,135.30277259735894,147.67319
polymer_5173,286.0,269.04632899785406,273.5874
polymer_5174,275.0,264.59636303083437,288.65292
polymer_5175,305.0,265.93136346294773,258.37384
polymer_5176,293.0,265.5620879841759,295.54782
polymer_5177,269.0,265.421835902822,270.4267
polymer_5178,373.0,243.5704146466735,272.37686
polymer_5179,271.0,254.25854839500383,272.10703
polymer_5180,146.5,132.46380555555552,124.09131
polymer_5181,275.5,250.0340036093582,250.98718
polymer_5182,262.0,252.01615308594683,244.04437
polymer_5183,245.0,245.89111677224162,243.21748
polymer_5184,264.0,244.87503618703462,240.12613
polymer_5185,228.0,271.0768069446088,261.6491
polymer_5186,251.0,264.072870318219,272.08517
polymer_5187,232.3,238.29934638986137,235.80441
polymer_5188,224.0,242.12463493972115,243.76013
polymer_5189,223.0,236.6261849475924,233.68633
polymer_5190,311.0,270.41396852454,283.58456
polymer_5191,269.0,225.7145548406136,213.58574
polymer_5192,218.0,196.3975930983446,185.12057
polymer_5193,202.65000000000003,255.65056139507385,251.82236
polymer_5194,158.5,240.4719628645049,226.36026
polymer_5195,157.0,230.21481097050696,212.30273
polymer_5196,183.0,243.47587691713358,217.6917
polymer_5197,252.0,250.54904074397118,257.59033
polymer_5198,224.5,247.970213478411,233.83873
polymer_5199,293.0,247.37644584916532,259.12827
polymer_5200,253.0,236.98070196117231,249.66772
polymer_5201,107.0,155.2924222222222,154.48842
polymer_5202,178.5,192.18518143071176,196.01544
polymer_5203,212.0,227.3147562147172,210.97023
polymer_5204,204.0,227.412862732503,221.77222
polymer_5205,240.0,231.77834799661088,224.32956
polymer_5206,248.0,260.1764067724289,253.70442
polymer_5207,290.0,267.2542437863183,295.94385
polymer_5208,228.0,247.36137184076782,235.4969
polymer_5209,251.0,258.4826429209909,244.6256
polymer_5210,264.0,256.135434427529,253.75177
polymer_5211,300.0,260.6214877180017,284.88934
polymer_5212,290.0,260.455727893938,269.65674
polymer_5213,276.0,269.94456344396343,262.13156
polymer_5214,295.0,269.909659195332,270.13272
polymer_5215,136.0,173.69941559027936,188.04161
polymer_5216,151.0,177.89577714311662,153.34677
polymer_5217,147.0,162.3645256681286,175.03596
polymer_5218,125.0,168.67089860785984,175.34825
polymer_5219,145.0,153.60122269644108,167.21375
polymer_5220,68.0,65.21408824533232,69.37542
polymer_5221,105.0,107.49825795861841,114.6241
polymer_5222,125.0,117.78509220968066,107.21231
polymer_5223,413.0,377.3381595899471,372.11462
polymer_5224,218.0,249.69518622924477,254.23083
polymer_5225,230.0,236.98243758894992,234.56126
polymer_5226,249.0,236.70381744968645,236.94981
polymer_5227,230.0,243.48206475830608,243.20322
polymer_5228,225.0,233.17110660329737,226.43501
polymer_5229,160.0,153.45265543788233,152.24637
polymer_5230,142.0,152.1526962116066,158.1428
polymer_5231,246.0,220.4661956018799,229.46703
polymer_5232,235.0,243.87580046637518,259.32986
polymer_5233,256.0,241.96498128196555,235.01494
polymer_5234,231.0,238.8508722432241,239.42838
polymer_5235,245.0,235.83279388474207,233.36823
polymer_5236,228.0,238.5921301794383,241.084
polymer_5237,221.0,233.29567725016696,227.33667
polymer_5238,254.0,235.08306379307734,235.6861
polymer_5239,266.5,258.93265004502507,273.1966
polymer_5240,273.5,259.58503702745185,274.81656
polymer_5241,257.0,261.51758002782316,262.48874
polymer_5242,274.0,264.43328288563464,268.2319
polymer_5243,145.0,105.26081437800795,105.232025
polymer_5244,351.0,325.4082699401256,311.37848
polymer_5245,326.0,308.986492753163,314.86118
polymer_5246,304.0,319.81126009632055,315.1545
polymer_5247,243.0,344.77341563330566,338.9229
polymer_5248,305.0,278.3189532708854,279.50824
polymer_5249,437.0,265.665609612112,265.4271
polymer_5250,270.0,295.68968749666675,288.4621
polymer_5251,410.0,326.65397108497183,326.73
polymer_5252,304.0,319.2218831566691,319.74368
polymer_5253,252.5,313.32904298575295,316.96194
polymer_5254,263.0,265.665609612112,265.4271
polymer_5255,270.0,295.68968749666675,288.4621
polymer_5256,74.0,115.77174584414529,75.0571
polymer_5257,46.0,104.86925289161587,83.07991
polymer_5258,162.0,124.64717794561552,110.926094
polymer_5259,207.0,208.26046684515427,206.20105
polymer_5260,196.0,234.46901378521076,232.7915
polymer_5261,219.0,230.93575963089796,231.9064
polymer_5262,195.8,193.83120604756982,183.77669
polymer_5263,200.1,195.32364617354182,204.7711
polymer_5264,214.0,214.97816847413702,210.31151
polymer_5265,110.0,158.67882163440635,136.20584
polymer_5266,158.0,140.27108569108563,145.4207
polymer_5267,159.0,123.67418410814115,116.719154
polymer_5268,131.0,118.58668465968638,118.11384
polymer_5269,147.0,129.7713480338365,120.52541
polymer_5270,32.0,101.91989874206985,75.90864
polymer_5271,100.0,208.27969412162227,186.18031
polymer_5272,103.0,134.38300277088973,135.7727
polymer_5273,238.0,220.3826139900986,218.44267
polymer_5274,115.0,159.19279874434554,156.4043
polymer_5275,89.0,126.71759041833131,103.03042
polymer_5276,369.5,381.83208333333334,362.71307
polymer_5277,200.0,204.8720755294843,203.87404
polymer_5278,209.0,200.40400405767278,200.2251
polymer_5279,201.0,220.34450590882994,211.21046
polymer_5280,188.0,210.03921682110897,204.88063
polymer_5281,224.0,213.9536553856893,208.28923
polymer_5282,396.5,396.8124561403509,404.85983
polymer_5283,71.0,124.63989059535074,107.62009
polymer_5284,176.0,212.22236689552977,209.55283
polymer_5285,193.0,206.212136424358,199.23442
polymer_5286,82.0,106.0316047185472,87.59685
polymer_5287,145.0,125.3153394007237,100.65536
polymer_5288,226.0,210.03405473765142,217.04584
polymer_5289,193.0,225.15227635280652,220.244
polymer_5290,241.0,235.78641733526942,237.37817
polymer_5291,265.0,236.29502536768138,234.31874
polymer_5292,266.0,248.3491238995019,258.008
polymer_5293,231.0,238.3597064043256,241.77817
polymer_5294,53.0,139.805604541992,138.24413
polymer_5295,62.0,78.61917570280924,75.82595
polymer_5296,171.0,162.21125198130204,155.56772
polymer_5297,138.0,95.79096754076998,107.12678
polymer_5298,134.0,156.12974220155567,96.25
polymer_5299,138.0,127.80114020251725,92.24268
polymer_5300,250.0,258.33235518785307,269.60187
polymer_5301,276.0,245.47282184453803,238.07336
polymer_5302,240.0,242.35586007130914,250.90059
polymer_5303,201.0,249.74524260540716,258.7509
polymer_5304,260.0,253.47904660285872,253.80333
polymer_5305,235.0,237.06803443490222,237.76949
polymer_5306,237.0,281.61129382063535,286.35114
polymer_5307,275.0,264.23894407771166,278.1332
polymer_5308,285.0,253.55807645746697,257.00058
polymer_5309,238.0,281.49267136392535,288.7739
polymer_5310,249.0,259.1146664222693,273.07187
polymer_5311,263.0,246.6744482952014,246.83215
polymer_5312,241.0,281.0259869727156,271.48596
polymer_5313,175.0,109.66333525266467,103.37326
polymer_5314,376.0,400.5109280279011,388.748
polymer_5315,120.0,131.23476919293847,136.40686
polymer_5316,105.0,148.37370212610153,139.32782
polymer_5317,216.0,224.597128102318,211.96246
polymer_5318,204.0,216.9864129034328,213.32063
polymer_5319,208.0,208.02936398914383,195.09909
polymer_5320,191.0,215.90802942498965,187.63513
polymer_5321,241.0,245.75850792761685,255.11722
polymer_5322,212.0,215.69012768669273,207.07297
polymer_5323,202.0,218.18413555728517,208.661
polymer_5324,197.0,209.14785432730307,193.36761
polymer_5325,193.0,224.88858547496528,217.5287
polymer_5326,185.0,222.26378038627698,208.67941
polymer_5327,224.0,225.93976193676073,225.72083
polymer_5328,12.0,90.05981701360608,42.04922
polymer_5329,-117.99999999999996,50.25785363716869,28.051348
polymer_5330,-51.99999999999997,86.94666004887556,66.248886
polymer_5331,-42.99999999999997,78.40236927914675,45.417675
polymer_5332,27.0,76.75976631118863,39.910557
polymer_5333,32.0,90.93799013337633,65.717964
polymer_5334,98.0,169.0953173073724,112.348595
polymer_5335,76.80000000000001,137.41852210200568,122.51118
polymer_5336,198.0,147.07515155801732,126.7927
polymer_5337,141.5,150.8897596915722,167.62526
polymer_5338,298.0,180.30743605078533,170.70221
polymer_5339,117.0,112.55339470192388,101.71392
polymer_5340,310.0,243.78977373205393,247.08047
polymer_5341,258.0,271.13106405234623,281.48572
polymer_5342,320.0,278.09851714427225,308.448
polymer_5343,156.0,176.46339003458732,165.83899
polymer_5344,218.0,253.5140631834619,248.87122
polymer_5345,271.0,247.79122451593565,237.46991
polymer_5346,145.0,134.6212302516171,64.45405
polymer_5347,117.0,146.9179709312733,140.25598
polymer_5348,84.0,133.22178259658784,101.45533
polymer_5349,223.5,212.42120826210788,199.20178
polymer_5350,190.75,195.2871169876955,188.47868
polymer_5351,185.5,193.2030017640405,182.4107
polymer_5352,176.45000000000005,203.9927472275623,205.52577
polymer_5353,177.0,197.29110983197938,167.16011
polymer_5354,69.0,105.10173927151178,63.002197
polymer_5355,242.0,257.11707995860326,245.23924
polymer_5356,266.0,259.92373540873496,266.2139
polymer_5357,265.0,291.6686650514673,282.2667
polymer_5358,258.0,245.10596429694942,220.85246
polymer_5359,273.0,263.1187650738383,267.59937
polymer_5360,154.0,137.20535202843303,104.91117
polymer_5361,209.90000000000003,138.06749134887838,117.21393
polymer_5362,330.0,312.91911916211853,312.608
polymer_5363,250.0,263.6527911966003,273.88556
polymer_5364,104.0,134.5308185500667,118.056244
polymer_5365,-3.0,-14.254542572243885,0.34805217
polymer_5366,-47.99999999999997,55.34935608126655,41.313145
polymer_5367,152.0,93.93846967647781,89.96463
polymer_5368,88.0,60.28120591608336,55.678448
polymer_5369,-40.49999999999997,-26.648764536330262,-34.64861
polymer_5370,-25.99999999999997,-34.80939382801279,-46.380108
polymer_5371,-39.99999999999997,-32.4368643660529,-39.892956
polymer_5372,-69.99999999999997,25.595380532045734,26.118145
polymer_5373,300.0,139.82350191783448,130.0694
polymer_5374,-25.99999999999997,144.7639606883349,113.15613
polymer_5375,137.0,181.063263156908,171.91023
polymer_5376,267.0,189.80192487371414,198.4909
polymer_5377,394.0,343.2210341292019,349.42822
polymer_5378,420.0,345.32752510327606,353.5371
polymer_5379,250.0,299.05502098788565,291.8703
polymer_5380,289.0,314.02700569413645,303.69836
polymer_5381,399.75,352.69084793895564,368.07095
polymer_5382,320.0,315.50798836796343,309.72626
polymer_5383,300.0,307.5396459841625,309.92062
polymer_5384,280.0,307.2372219448349,324.68472
polymer_5385,371.0,343.7122791498127,364.0223
polymer_5386,385.0,358.0223754162169,382.26343
polymer_5387,267.0,291.2407166717015,288.62714
polymer_5388,250.0,322.87718404107517,331.38144
polymer_5389,327.0,294.87734594164743,296.06805
polymer_5390,377.0,351.2358275965104,363.0747
polymer_5391,345.0,277.0804530897331,314.1017
polymer_5392,418.0,349.9251099082078,370.21622
polymer_5393,378.0,280.82728280060206,311.01318
polymer_5394,335.0,321.91945730571337,305.69565
polymer_5395,276.0,299.3525622301,321.54657
polymer_5396,384.0,300.3310925277211,320.19998
polymer_5397,385.0,304.3118550475835,315.21692
polymer_5398,300.0,290.93347494356686,298.35226
polymer_5399,240.0,180.0777633763854,197.87929
polymer_5400,182.0,174.5814243997668,182.05925
polymer_5401,167.0,158.69680646204804,152.73203
polymer_5402,175.0,165.21369372335442,163.58423
polymer_5403,-12.599999999999966,308.3250112747824,288.5069
polymer_5404,-4.2999999999999545,242.88424081594738,192.40685
polymer_5405,322.0,286.85128498204836,286.29507
polymer_5406,180.0,331.1867779311256,328.1827
polymer_5407,130.0,285.2387886038406,254.73468
polymer_5408,95.0,249.6553943192512,280.10867
polymer_5409,124.0,33.17766756445586,61.907223
polymer_5410,56.0,21.41624385977148,11.966043
polymer_5411,22.5,37.53520534361221,30.607147
polymer_5412,-10.0,47.74922578144809,43.40292
polymer_5413,362.0,357.8287189955401,339.79993
polymer_5414,340.0,272.5845331337588,278.81076
polymer_5415,320.0,307.84338025643353,298.89893
polymer_5416,176.0,147.6209998390289,158.37141
polymer_5417,134.0,194.6076934411799,186.5828
polymer_5418,196.0,153.82703399118716,205.41182
polymer_5419,154.0,105.49692320251887,107.108376
polymer_5420,135.5,112.40409333009903,111.22829
polymer_5421,116.0,118.20957884586845,118.14716
polymer_5422,108.0,114.20572448957132,113.66716
polymer_5423,98.0,114.77607595624984,116.41774
polymer_5424,92.0,112.40409333009903,111.22829
polymer_5425,83.5,118.20957884586845,118.14716
polymer_5426,228.5,190.1139585335854,169.65245
polymer_5427,128.0,94.68806705810232,111.88938
polymer_5428,115.0,212.44689083030534,202.3582
polymer_5429,201.0,199.55616666666666,196.49135
polymer_5430,191.0,198.61391962481957,206.15062
polymer_5431,291.0,245.90744200602256,252.4886
polymer_5432,256.9,245.974131117454,251.33337
polymer_5433,245.5,253.37505140950913,255.39534
polymer_5434,245.1,253.37505140950913,255.39534
polymer_5435,243.1,253.37505140950913,255.39534
polymer_5436,247.6,247.90464828042315,252.54388
polymer_5437,270.0,217.69395634920633,268.98206
polymer_5438,268.0,193.0745618918571,191.16774
polymer_5439,360.0,288.0021473227624,288.61725
polymer_5440,368.0,325.74033711673746,323.41058
polymer_5441,314.0,326.3134421769781,329.1689
polymer_5442,366.5,323.3569766573037,332.6656
polymer_5443,258.0,285.2505028695294,307.05527
polymer_5444,321.0,277.89238868868694,279.1414
polymer_5445,129.0,170.25974869985433,144.05627
polymer_5446,254.0,225.53138531746032,247.34122
polymer_5447,249.0,231.80337863504266,230.9418
polymer_5448,219.0,219.0290238095239,256.5219
polymer_5449,219.0,206.27781019906018,199.71992
polymer_5450,187.0,206.27781019906018,199.71992
polymer_5451,151.0,68.07598644230141,97.84187
polymer_5452,230.0,265.33929671973937,268.17242
polymer_5453,154.0,174.34081648586047,155.31038
polymer_5454,282.0,302.9214548829673,285.24612
polymer_5455,-20.09999999999997,222.94531889706252,236.99757
polymer_5456,135.0,154.6750415244742,202.16202
polymer_5457,274.0,309.6974651206793,311.24423
polymer_5458,175.0,204.30352493614433,193.96397
polymer_5459,350.0,338.2487638083056,327.10934
polymer_5460,353.0,331.3947701228316,286.2112
polymer_5461,280.0,352.2348283903992,361.6732
polymer_5462,346.0,313.27751110809385,321.6612
polymer_5463,340.0,365.82052342736955,370.86624
polymer_5464,130.0,180.42155072858725,149.15515
polymer_5465,128.0,169.2695760625522,139.1345
polymer_5466,250.0,296.02527088797945,296.48795
polymer_5467,278.0,265.90292728928983,284.40524
polymer_5468,219.0,262.5069234099454,243.86177
polymer_5469,231.0,241.93912241793853,234.14873
polymer_5470,224.0,242.44754719468494,234.50069
polymer_5471,317.4,298.858664423244,287.57913
polymer_5472,312.9,291.7318232336152,273.6804
polymer_5473,326.0,305.21670490691605,314.91992
polymer_5474,285.0,337.43108647616793,342.1306
polymer_5475,278.0,273.0227738213859,281.76697
polymer_5476,318.0,290.8517079952297,303.00702
polymer_5477,329.0,298.1644401309031,293.55743
polymer_5478,335.0,268.99396787214624,272.52393
polymer_5479,301.1,298.69059213970587,299.91763
polymer_5480,285.0,299.7421407200821,289.46198
polymer_5481,318.0,310.31281556635423,314.11273
polymer_5482,310.0,318.80936075421454,323.3825
polymer_5483,361.0,338.1072217245329,350.24536
polymer_5484,288.0,322.85680892102977,329.41913
polymer_5485,286.1,306.20284839446225,299.2939
polymer_5486,314.0,311.92243163653006,337.50424
polymer_5487,361.0,334.55556224794054,353.52414
polymer_5488,403.0,331.555592066184,321.7763
polymer_5489,370.5,334.66755808720444,351.83362
polymer_5490,308.0,271.04375039878914,257.91052
polymer_5491,280.0,286.631924895595,268.30533
polymer_5492,281.9,278.44445707752527,279.0465
polymer_5493,264.1,274.3814571325751,266.9166
polymer_5494,290.0,333.74469189875987,334.48163
polymer_5495,265.0,259.638635424015,279.60013
polymer_5496,295.0,226.9923715516496,210.97034
polymer_5497,93.0,70.48891474616849,76.73948
polymer_5498,108.0,73.11299174893105,69.736626
polymer_5499,84.0,80.6156210394441,86.38493
polymer_5500,96.0,76.53686288335456,79.53025
polymer_5501,45.0,80.6156210394441,86.38493
polymer_5502,57.0,74.96417895668746,81.004974
polymer_5503,208.0,179.92392878651174,189.56303
polymer_5504,193.0,205.1800125681683,202.316
polymer_5505,239.0,185.44311130879026,197.55788
polymer_5506,287.0,265.93734618047523,285.27063
polymer_5507,186.0,217.21749908686454,205.76814
polymer_5508,212.0,256.3046189989802,236.9442
polymer_5509,194.0,256.8494715862564,233.79312
polymer_5510,176.0,210.10949017081634,193.94305
polymer_5511,327.0,269.1535551775509,290.28604
polymer_5512,187.0,196.57131250760028,188.72672
polymer_5513,261.0,264.3557323611302,260.9055
polymer_5514,315.0,209.42615423563626,227.54663
polymer_5515,130.0,98.36240184415823,107.944244
polymer_5516,145.0,124.21720562051674,128.05376
polymer_5517,152.5,135.02653059346102,135.03929
polymer_5518,100.0,117.93238828774818,103.241295
polymer_5519,137.5,133.64077802802447,113.213135
polymer_5520,145.0,148.69737196139536,147.21712
polymer_5521,145.0,144.67477047120857,162.44704
polymer_5522,248.0,253.82876866902308,231.5366
polymer_5523,162.0,154.21552913529277,156.86287
polymer_5524,173.0,220.6194132680959,199.73695
polymer_5525,142.0,159.114144624696,145.10736
polymer_5526,153.0,161.25936725194686,185.6882
polymer_5527,55.0,119.76714837985564,102.51485
polymer_5528,-16.0,51.06431743624795,36.30559
polymer_5529,14.0,39.688962303872835,11.3059225
polymer_5530,55.0,38.362012525916086,11.721934
polymer_5531,67.0,94.43535907328881,82.20425
polymer_5532,281.1,270.57970937511163,259.42416
polymer_5533,265.4,276.0218975227606,276.38562
polymer_5534,264.80000000000007,277.49880349563944,288.9659
polymer_5535,252.20000000000005,266.1501895972587,268.04672
polymer_5536,315.0,289.3222806692768,282.6481
polymer_5537,251.0,215.41021396741988,235.23097
polymer_5538,246.635,181.34562518348443,203.95529
polymer_5539,270.0,239.90947056358593,227.75044
polymer_5540,180.0,247.78956502525259,255.36555
polymer_5541,224.0,234.99992720734124,220.0224
polymer_5542,229.0,232.68785166436632,250.32806
polymer_5543,233.0,195.52861490738633,208.34558
polymer_5544,201.0,226.0800165207067,198.7342
polymer_5545,229.0,234.9234092677511,220.38605
polymer_5546,217.0,253.1379638786839,235.0334
polymer_5547,289.5,291.94835195168866,281.68762
polymer_5548,272.0,287.5249235149568,278.80438
polymer_5549,308.0,279.99493960371643,285.5243
polymer_5550,232.0,255.31776305278245,229.61086
polymer_5551,270.0,267.38609335379937,271.4757
polymer_5552,276.0,261.8986004400161,266.75134
polymer_5553,230.8,274.95850052319435,275.39294
polymer_5554,248.0,233.6134552239001,232.25253
polymer_5555,196.0,204.5158522570628,209.26384
polymer_5556,197.0,195.60877574727826,220.57153
polymer_5557,231.3,224.31779063129605,232.03578
polymer_5558,187.0,207.5654745290576,186.88089
polymer_5559,280.20000000000005,249.06598691085927,258.72632
polymer_5560,269.0,258.46226567994364,261.64276
polymer_5561,280.0,259.3736939027951,255.39194
polymer_5562,262.0,230.5749494831719,227.77245
polymer_5563,420.0,296.7343494395523,308.42242
polymer_5564,262.0,249.07219223310057,272.60162
polymer_5565,244.0,261.77638497750274,263.80737
polymer_5566,282.0,251.39835249058729,255.74428
polymer_5567,262.0,264.0369290640081,276.01093
polymer_5568,265.0,268.80627241966295,281.88022
polymer_5569,299.0,276.5330425395088,286.8226
polymer_5570,244.0,265.9967539341767,267.22433
polymer_5571,295.0,272.14348927488476,276.4949
polymer_5572,327.0,306.7279395616171,307.35825
polymer_5573,325.0,313.41920221980075,330.80255
polymer_5574,289.0,319.98293203754315,327.46603
polymer_5575,290.0,281.8437595078719,296.24078
polymer_5576,298.0,288.3696518700232,293.40994
polymer_5577,311.0,287.8687165414785,296.5644
polymer_5578,230.0,158.32073312991156,176.66261
polymer_5579,114.20000000000005,176.3600693721858,183.76709
polymer_5580,56.700000000000045,69.69870220120798,59.843594
polymer_5581,64.0,70.99506932363283,49.450024
polymer_5582,102.0,123.72703213123738,91.34445
polymer_5583,19.0,30.521225034512337,38.334778
polymer_5584,61.0,90.09286683941235,90.60331
polymer_5585,37.0,35.27988534039266,33.310246
polymer_5586,50.0,59.81506087290951,47.14286
polymer_5587,45.0,58.26834562464794,63.767178
polymer_5588,10.0,22.749348991489136,2.5095837
polymer_5589,49.0,80.43099303570523,71.29717
polymer_5590,67.5,62.38532574358041,48.779514
polymer_5591,-42.99999999999997,151.45840507404228,137.39369
polymer_5592,73.0,97.69937173407588,73.888336
polymer_5593,100.0,77.09973300574362,82.175316
polymer_5594,227.0,166.00681099708987,193.99225
polymer_5595,140.0,91.79523444065083,106.68188
polymer_5596,200.0,227.47508076087362,217.41483
polymer_5597,135.0,93.43407900818225,76.632904
polymer_5598,255.0,213.94984666392213,184.593
polymer_5599,290.0,285.5653382069859,294.6497
polymer_5600,257.0,274.9020117435321,275.68292
polymer_5601,268.0,269.25249669404286,271.06775
polymer_5602,315.0,296.84471295879825,296.79422
polymer_5603,305.0,339.77726666705274,341.3603
polymer_5604,218.0,281.98660854174074,250.85919
polymer_5605,94.0,73.04051033978223,84.39085
polymer_5606,252.0,203.68100648844637,233.34174
polymer_5607,37.0,57.598124191676376,67.30374
polymer_5608,244.0,221.81294698313513,236.56554
polymer_5609,246.0,205.69634857684045,223.38968
polymer_5610,237.0,222.61819467696586,246.37854
polymer_5611,195.0,178.60522331985894,180.67932
polymer_5612,195.0,165.4179106066962,166.01189
polymer_5613,185.0,166.11226901005753,169.5086
polymer_5614,182.0,186.99982846213527,184.82855
polymer_5615,165.0,194.66051901585448,194.8074
polymer_5616,162.0,188.2079872958927,191.29532
polymer_5617,179.0,186.62345889006502,180.68709
polymer_5618,161.0,194.66051901585448,194.8074
polymer_5619,159.0,188.2079872958927,191.29532
polymer_5620,210.0,204.51315656878958,211.95517
polymer_5621,32.0,32.219927473070925,28.475756
polymer_5622,33.0,35.21825401180495,17.398363
polymer_5623,250.0,214.15685178538794,205.40306
polymer_5624,40.0,90.4574179619263,64.086815
polymer_5625,381.0,345.7305953785845,378.831
polymer_5626,360.0,288.473576234797,329.13806
polymer_5627,370.0,285.05263260494235,324.74377
polymer_5628,365.0,345.6350795307198,380.88718
polymer_5629,348.0,308.3558158152677,330.26022
polymer_5630,348.0,311.18258723544983,316.37665
polymer_5631,490.0,337.26955325565393,321.45508
polymer_5632,90.0,67.1177175294183,105.26673
polymer_5633,121.0,151.6953082983992,139.72125
polymer_5634,128.5,153.18464053780593,127.55836
polymer_5635,370.0,385.78929266713783,372.70493
polymer_5636,311.0,313.0099356446213,318.36032
polymer_5637,110.0,124.54945530031381,126.19397
polymer_5638,300.0,203.62590653817662,199.97226
polymer_5639,417.0,364.1796436138621,377.41873
polymer_5640,395.0,359.10550842426574,356.66797
polymer_5641,385.0,385.201551339496,395.91776
polymer_5642,390.0,373.8762940190295,385.35507
polymer_5643,260.0,297.80796099201825,295.20642
polymer_5644,340.0,277.90871273890826,313.34967
polymer_5645,51.0,33.8111413004806,30.436647
polymer_5646,79.0,65.15119898382162,43.610146
polymer_5647,126.0,168.18733956621512,178.1646
polymer_5648,330.0,318.2937257970247,311.23132
polymer_5649,326.0,318.29327072939634,313.1466
polymer_5650,360.0,388.947846825335,386.51193
polymer_5651,380.0,383.9888861416361,394.8765
polymer_5652,392.0,377.5700874653205,393.00882
polymer_5653,383.0,389.5953049602557,389.8646
polymer_5654,74.0,151.36553658815964,132.0591
polymer_5655,360.0,388.947846825335,386.51193
polymer_5656,300.0,309.0343091678834,306.03613
polymer_5657,355.0,388.947846825335,386.51193
polymer_5658,310.0,312.68237488419885,299.57404
polymer_5659,54.0,62.70313906847886,55.999775
polymer_5660,244.0,283.5965903096042,290.8494
polymer_5661,244.0,255.47515334922363,261.54507
polymer_5662,237.0,311.0477456550231,294.44543
polymer_5663,148.0,157.4134077740172,160.26793
polymer_5664,52.0,57.89969835332829,52.105927
polymer_5665,-1.0,-1.7246749805405852,-11.342953
polymer_5666,1.0,24.107840117379705,18.615568
polymer_5667,364.0,345.85346144902894,346.4528
polymer_5668,364.0,343.4917828622482,355.03973
polymer_5669,176.5,181.30304673633734,167.53539
polymer_5670,45.0,54.73332665120707,49.210464
polymer_5671,-5.0,-0.13593679341615514,-9.219083
polymer_5672,45.0,59.087428664728556,51.141403
polymer_5673,30.0,9.45248277784533,2.9047575
polymer_5674,345.5,360.2286996183237,367.15103
polymer_5675,390.0,300.2848268692937,302.33353
polymer_5676,305.0,369.37242482158354,348.77493
polymer_5677,420.0,390.88815397260146,399.4418
polymer_5678,345.0,300.4187778214808,326.42633
polymer_5679,28.0,66.7841194046125,49.939125
polymer_5680,13.0,31.853159839443208,18.918747
polymer_5681,6.0,18.218922899919427,6.327787
polymer_5682,12.0,19.677827108214228,20.033022
polymer_5683,31.0,11.53933807841819,14.439479
polymer_5684,-10.0,28.574484593799195,6.8454566
polymer_5685,-1.0,14.480948089541094,-3.7471094
polymer_5686,304.0,299.19123937863725,321.08878
polymer_5687,385.0,347.13499955599366,363.10385
polymer_5688,373.0,336.2958791994868,339.30798
polymer_5689,373.0,365.6486435735939,392.64728
polymer_5690,398.0,342.74107761140266,351.0365
polymer_5691,328.0,330.31172371580976,354.6924
polymer_5692,216.0,268.181152206996,268.5498
polymer_5693,264.0,209.8382564189146,205.7478
polymer_5694,287.0,207.90557590840422,210.50964
polymer_5695,297.0,224.53991108639698,244.75523
polymer_5696,209.0,182.87647139409583,197.47801
polymer_5697,225.0,209.8738759981507,221.3315
polymer_5698,85.0,192.9131720091859,216.73538
polymer_5699,180.0,79.07693459735607,64.857
polymer_5700,239.0,186.73490748768694,203.51027
polymer_5701,232.0,203.6346830000279,176.0061
polymer_5702,220.0,370.85892907697365,355.8683
polymer_5703,399.0,336.68569876008155,363.8033
polymer_5704,420.0,363.55402344121563,388.47543
polymer_5705,363.0,347.60414992803993,354.79987
polymer_5706,375.0,371.78721275154203,416.18054
polymer_5707,400.0,366.9281629844345,384.4868
polymer_5708,400.0,350.6279656495921,321.35162
polymer_5709,182.0,285.6896103437782,246.76102
polymer_5710,225.0,257.16109653188437,266.11002
polymer_5711,166.0,245.29486255576504,215.1886
polymer_5712,222.0,231.45023543347682,233.21002
polymer_5713,226.0,241.77493093876197,244.14674
polymer_5714,217.0,238.73480837284762,210.57732
polymer_5715,204.0,239.55171189611653,238.87688
polymer_5716,385.0,300.27826701411743,314.12845
polymer_5717,286.0,320.965502518188,307.05634
polymer_5718,331.0,338.78055234747904,342.8901
polymer_5719,325.0,340.66369161537074,357.49493
polymer_5720,325.0,249.7994350745264,279.51862
polymer_5721,372.0,312.34874905686047,356.07205
polymer_5722,164.0,90.93147920523987,102.56471
polymer_5723,117.0,92.49892617335784,78.601814
polymer_5724,87.0,92.49892617335784,78.601814
polymer_5725,58.0,104.87544059222583,105.87522
polymer_5726,203.5,187.5446862210862,192.77214
polymer_5727,207.5,184.555322141468,189.15471
polymer_5728,237.0,213.80921725159556,235.54782
polymer_5729,164.5,173.76406716635833,175.06459
polymer_5730,45.0,59.37236154178959,53.353462
polymer_5731,285.0,240.94226023317572,229.47493
polymer_5732,-19.99999999999997,20.828085454928015,5.666868
polymer_5733,45.0,52.82098688076239,47.035217
polymer_5734,-10.0,31.69971352978057,18.21265
polymer_5735,86.0,115.68400467041403,119.95339
polymer_5736,89.0,115.11958781491475,117.099556
polymer_5737,103.0,115.11958781491475,117.099556
polymer_5738,104.0,108.72354921797354,115.022804
polymer_5739,120.0,110.91857518992583,115.31731
polymer_5740,135.0,115.11958781491475,117.099556
polymer_5741,141.0,108.72354921797354,115.022804
polymer_5742,118.0,83.75146930065479,81.55457
polymer_5743,79.0,107.79684338277353,111.37218
polymer_5744,106.20000000000005,84.59622185739296,91.15444
polymer_5745,122.0,85.56614819947266,98.22523
polymer_5746,90.0,104.90951032726359,123.62778
polymer_5747,34.0,76.94715504932626,52.923237
polymer_5748,81.0,97.75299160489799,97.22089
polymer_5749,190.0,149.7663784435207,116.06847
polymer_5750,383.0,371.59692289915967,373.11325
polymer_5751,75.0,251.79398324265563,280.82712
polymer_5752,55.0,114.51895099836824,115.487236
polymer_5753,350.0,357.4055577900814,358.94016
polymer_5754,376.0,352.03653703275637,359.48367
polymer_5755,306.0,370.7176947293446,367.9446
polymer_5756,392.0,382.5608812979694,384.25388
polymer_5757,392.0,380.38434533926466,389.88873
polymer_5758,376.0,351.4473182819044,360.9529
polymer_5759,306.0,309.15304387835306,293.49106
polymer_5760,217.0,280.4470337606834,267.31915
polymer_5761,230.0,241.98129718212581,249.8991
polymer_5762,430.0,370.0683566047457,387.11966
polymer_5763,336.0,309.82297950015476,301.5183
polymer_5764,310.0,338.3359769904387,323.9316
polymer_5765,330.0,348.04294383394387,345.63364
polymer_5766,221.0,259.80784561419057,227.75652
polymer_5767,274.0,303.48353228700023,226.81146
polymer_5768,186.0,272.2968315474904,247.18213
polymer_5769,395.0,385.8718282416929,392.04306
polymer_5770,395.0,377.7537553999248,390.99112
polymer_5771,25.0,326.3188142613913,342.5665
polymer_5772,269.0,362.2149284832452,351.26953
polymer_5773,345.0,318.61021911640813,328.0431
polymer_5774,350.0,329.1495400206841,337.32037
polymer_5775,400.0,403.6954308712121,397.29633
polymer_5776,345.0,298.3875422131331,310.4075
polymer_5777,229.0,244.6829134740731,240.4917
polymer_5778,278.0,267.9509882256661,270.00128
polymer_5779,273.0,271.58559366118914,264.05908
polymer_5780,274.0,267.737073504945,275.40384
polymer_5781,272.0,267.51121054870714,267.09872
polymer_5782,276.0,259.20143680680684,276.7446
polymer_5783,380.0,231.8413938615227,234.71031
polymer_5784,262.0,267.737073504945,275.40384
polymer_5785,265.0,262.2643483087084,286.69724
polymer_5786,272.5,251.6131690558812,273.0197
polymer_5787,272.0,272.8551612367062,280.03665
polymer_5788,231.0,138.10143052817932,141.85277
polymer_5789,205.0,160.13981700365764,168.67293
polymer_5790,173.0,171.6936880022446,182.7442
polymer_5791,165.0,170.59542487212389,178.45613
polymer_5792,122.3,53.39410217986045,72.95164
polymer_5793,50.400000000000034,59.28213674868567,49.08996
polymer_5794,59.60000000000002,48.171264860792654,41.41692
polymer_5795,129.0,52.48581693131351,61.583374
polymer_5796,55.30000000000001,75.95037550714846,73.403885
polymer_5797,65.40000000000003,41.77179028333678,50.843132
polymer_5798,58.30000000000001,35.70991869673082,57.40067
polymer_5799,-4.0,25.95613373988097,7.7010617
polymer_5800,16.200000000000045,64.51881061964853,51.93253
polymer_5801,-19.19999999999999,26.837025532253378,13.326275
polymer_5802,26.40000000000004,60.167319154024504,62.449688
polymer_5803,-38.79999999999998,58.935501728937965,34.68535
polymer_5804,0.6000000000000227,29.398052765759658,9.156672
polymer_5805,460.0,347.4494674171006,359.12918
polymer_5806,345.0,248.25162620439994,208.23245
polymer_5807,353.0,360.12395108111565,367.1194
polymer_5808,420.0,368.007400849239,383.7748
polymer_5809,398.5,368.3939337890187,394.64764
polymer_5810,417.0,356.5840526078801,366.43015
polymer_5811,227.0,292.1516487276866,287.37537
polymer_5812,266.0,266.74605281039084,282.09848
polymer_5813,218.0,243.77883214152985,221.05031
polymer_5814,235.0,146.287429958602,158.33754
polymer_5815,228.0,286.46306535755616,256.76736
polymer_5816,162.0,181.10432111230537,172.19246
polymer_5817,174.0,172.91756554702312,161.22617
polymer_5818,163.0,156.32978383570313,183.56859
polymer_5819,129.0,190.5696068693283,202.57776
polymer_5820,72.0,104.91592604726475,98.80466
polymer_5821,83.0,72.26405534938232,80.80383
polymer_5822,101.0,71.81776486454386,80.4644
polymer_5823,65.0,89.08549982740531,78.83958
polymer_5824,165.0,137.56573252432761,170.79352
polymer_5825,170.0,124.90315792345571,139.15007
polymer_5826,232.0,117.97253109683996,133.64072
polymer_5827,164.0,171.81721162126422,185.33698
polymer_5828,190.0,152.7527034994679,163.17085
polymer_5829,182.0,156.49321362453594,173.7568
polymer_5830,150.0,143.48388947574156,131.54376
polymer_5831,115.0,144.88336901139473,166.82367
polymer_5832,320.0,320.4048542939245,332.9835
polymer_5833,337.0,308.1841091149591,354.73706
polymer_5834,300.0,231.0915517498838,250.86963
polymer_5835,338.0,312.0874096924733,317.26337
polymer_5836,304.0,244.31881114128623,237.92099
polymer_5837,315.0,294.4231159412419,301.85303
polymer_5838,303.0,320.58274028806704,322.76486
polymer_5839,378.0,309.1420992618429,311.03714
polymer_5840,289.0,264.2489276725226,263.64218
polymer_5841,293.0,233.9227033531397,257.36032
polymer_5842,270.0,192.32971265001257,231.84131
polymer_5843,220.0,248.89344984474135,248.71991
polymer_5844,230.0,214.0085296236286,207.25043
polymer_5845,219.0,216.6335825152413,220.72327
polymer_5846,200.0,228.48897971777978,225.92516
polymer_5847,251.0,224.26138084264846,226.35736
polymer_5848,213.0,208.01715649818144,189.5516
polymer_5849,220.0,260.3553014452886,243.6278
polymer_5850,220.0,224.2751377289171,219.29234
polymer_5851,260.0,240.75808492374912,231.46107
polymer_5852,184.40000000000003,214.61455692157656,208.50601
polymer_5853,100.0,163.78380193019152,171.85867
polymer_5854,190.15000000000003,216.13552512680718,226.25967
polymer_5855,44.0,67.91435188078458,63.635937
polymer_5856,42.0,77.01673125457673,67.80953
polymer_5857,127.0,138.48320576185975,131.83185
polymer_5858,95.0,105.2960731387438,114.725815
polymer_5859,154.0,103.98986756579838,118.64125
polymer_5860,130.0,173.5459358368639,180.2514
polymer_5861,211.0,151.29376717514265,162.98293
polymer_5862,265.0,239.71790344639672,227.98573
polymer_5863,214.0,251.15024855420887,244.63313
polymer_5864,255.0,237.59550332774836,249.97063
polymer_5865,140.0,128.1220707548971,130.93651
polymer_5866,195.0,167.68149077505765,179.79227
polymer_5867,176.0,160.3914112880532,188.40282
polymer_5868,235.0,198.18232564553065,224.64772
polymer_5869,297.0,237.0518348013984,247.13379
polymer_5870,158.0,146.73049496812467,122.10527
polymer_5871,134.0,160.18709844380604,146.77245
polymer_5872,179.0,165.3498044441066,164.61067
polymer_5873,175.0,160.49531372632228,149.01765
polymer_5874,108.0,177.61577992778857,193.65392
polymer_5875,108.0,207.12902048507374,212.61865
polymer_5876,108.0,115.77524852305334,104.90463
polymer_5877,108.0,160.17835764232805,146.83365
polymer_5878,108.0,124.755322295801,94.4465
polymer_5879,160.0,127.77868917514871,165.0148
polymer_5880,76.95000000000005,159.22612030108337,166.71527
polymer_5881,93.0,146.71281809186897,127.087776
polymer_5882,230.0,183.70406538312167,179.47739
polymer_5883,215.0,202.8359259333571,205.3082
polymer_5884,430.0,353.40108456014786,353.85324
polymer_5885,436.0,318.32251083716324,314.2543
polymer_5886,321.0,368.41237388616855,351.03644
polymer_5887,199.0,206.4331680557002,210.82855
polymer_5888,181.5,155.99418485605398,143.04076
polymer_5889,395.0,329.23587888154026,327.2388
polymer_5890,299.0,254.53112278925036,256.80798
polymer_5891,266.0,244.58032768677114,266.60495
polymer_5892,335.0,336.70720463528994,340.0518
polymer_5893,266.0,334.64404284231335,326.42902
polymer_5894,348.0,345.7387435004506,356.48932
polymer_5895,196.0,189.50123224947353,196.70139
polymer_5896,213.0,218.5110960624951,208.80676
polymer_5897,134.0,160.08057084590067,139.59758
polymer_5898,142.0,144.97884201208183,136.45248
polymer_5899,420.0,367.2213645722536,390.14175
polymer_5900,390.0,397.1241577444143,392.93643
polymer_5901,310.0,304.3828837046482,315.61176
polymer_5902,155.0,137.9516983784086,126.83249
polymer_5903,132.0,94.62151334470164,97.98235
polymer_5904,185.0,235.94672748316498,232.49345
polymer_5905,160.0,201.23503472222225,206.76155
polymer_5906,235.0,212.76136075036086,206.769
polymer_5907,180.0,184.6989694211017,193.34712
polymer_5908,250.0,207.6145739759672,210.35106
polymer_5909,215.0,176.25883333333334,192.97737
polymer_5910,205.0,235.94672748316498,232.49345
polymer_5911,180.0,201.23503472222225,206.76155
polymer_5912,290.0,227.70546392891697,210.42213
polymer_5913,240.0,232.605336726478,231.35057
polymer_5914,196.0,206.90101732965425,219.9353
polymer_5915,137.0,176.33235839273823,153.02356
polymer_5916,220.0,203.62860230064004,194.24658
polymer_5917,129.0,149.37129295793147,137.31245
polymer_5918,134.0,137.58142777777778,131.72585
polymer_5919,116.0,148.54163539066212,140.44398
polymer_5920,129.0,137.13056597872412,122.48048
polymer_5921,45.0,76.56513951723288,82.2236
polymer_5922,20.0,70.346423762995,24.732277
polymer_5923,43.0,90.38873489325614,102.8032
polymer_5924,50.0,58.01466616818542,42.93885
polymer_5925,55.0,46.915196527829416,30.702229
polymer_5926,39.0,40.79757364344362,22.733673
polymer_5927,25.0,59.67572825959535,39.26871
polymer_5928,351.0,323.41588965464575,343.3019
polymer_5929,252.0,214.70987117761624,241.9746
polymer_5930,225.0,235.53118217037675,219.50177
polymer_5931,202.0,179.74098385067606,207.93123
polymer_5932,183.0,114.97501334561197,83.467674
polymer_5933,158.0,170.4598981284002,149.11824
polymer_5934,198.0,223.3902899469358,227.20825
polymer_5935,341.0,280.5062759323702,299.94666
polymer_5936,105.0,170.93481986531987,166.66956
polymer_5937,259.5,236.25179337520515,249.7979
polymer_5938,356.0,175.71466195515947,222.484
polymer_5939,297.0,220.45106350448003,265.60147
polymer_5940,277.0,213.39509809430052,214.96696
polymer_5941,227.5,159.1931242350904,172.7185
polymer_5942,215.0,240.5163438132583,240.44731
polymer_5943,138.0,139.9851991997643,141.27957
polymer_5944,143.0,135.3037713804714,130.40636
polymer_5945,134.0,145.9412230092881,149.91008
polymer_5946,116.0,148.59456344537813,129.02798
polymer_5947,140.0,109.35725660616711,78.42513
polymer_5948,137.0,124.52599387516607,144.92422
polymer_5949,222.0,183.1932560631046,197.25798
polymer_5950,170.0,101.57494080563428,96.429726
polymer_5951,67.0,359.72490736580016,296.51123
polymer_5952,52.0,204.09194656041996,151.33098
polymer_5953,466.0,336.51338361036625,388.84354
polymer_5954,371.0,378.20664478287097,379.2663
polymer_5955,360.0,314.1431944444445,324.99545
polymer_5956,358.0,332.2233243289324,333.90546
polymer_5957,389.0,372.65853350266934,391.33768
polymer_5958,381.5,354.3727306365881,368.49142
polymer_5959,302.0,347.1674413164804,341.3665
polymer_5960,384.0,318.9771096947754,327.30054
polymer_5961,250.0,260.6129983467275,249.31467
polymer_5962,181.0,279.72389680122865,286.634
polymer_5963,331.0,251.35108153135656,253.89105
polymer_5964,342.0,326.4921680264181,324.5642
polymer_5965,322.0,321.4900681493757,309.17615
polymer_5966,316.5,249.12328240074993,201.85944
polymer_5967,315.0,307.0124904305598,297.84055
polymer_5968,362.0,341.9481683426289,375.01898
polymer_5969,347.5,317.47995597867725,326.1718
polymer_5970,365.0,311.4103117764722,307.33408
polymer_5971,320.0,301.8491740432654,267.60605
polymer_5972,339.0,335.30300000000005,329.3406
polymer_5973,235.40000000000003,334.4949828292111,304.79694
polymer_5974,310.0,338.559159234156,308.68607
polymer_5975,299.0,336.2770347153678,349.31854
polymer_5976,321.0,340.23239838688465,330.771
polymer_5977,362.5,354.376340539631,354.6901
polymer_5978,355.0,345.14751850387626,359.6869
polymer_5979,352.0,326.40752953823016,325.4064
polymer_5980,181.0,262.44524364905254,270.84244
polymer_5981,222.0,201.18834999999999,213.8103
polymer_5982,132.0,234.0798395432185,210.0497
polymer_5983,260.0,301.00406571615514,285.98868
polymer_5984,234.0,253.19238906003264,254.7296
polymer_5985,243.0,260.75344224494,260.21255
polymer_5986,279.0,265.3926036502359,281.03806
polymer_5987,264.0,232.28166852376054,226.72734
polymer_5988,274.0,239.8888379391035,246.78876
polymer_5989,315.0,333.26566666666673,342.1408
polymer_5990,265.0,248.31577536432485,247.59103
polymer_5991,304.0,254.000573617982,265.5331
polymer_5992,353.0,313.10420716584736,322.48227
polymer_5993,342.0,310.80090207727085,296.07175
polymer_5994,246.0,244.84127473275052,245.81523
polymer_5995,236.0,245.00524709826269,246.97783
polymer_5996,246.0,241.91237442498232,244.86339
polymer_5997,247.0,242.89234344475398,248.42201
polymer_5998,253.0,258.6097400864518,256.10803
polymer_5999,265.0,246.79590523715248,245.85269
polymer_6000,365.5,362.36453909749565,379.23978
polymer_6001,354.5,351.4252312932822,359.95374
polymer_6002,456.0,364.6472910443329,366.50204
polymer_6003,249.0,249.02486682120542,238.49542
polymer_6004,208.0,196.9904047287734,174.6911
polymer_6005,248.70000000000005,263.1663866778799,295.84756
polymer_6006,113.0,104.86619494178149,114.36806
polymer_6007,119.5,133.54446821208046,131.5683
polymer_6008,140.0,123.27855050880402,119.40269
polymer_6009,311.0,301.4423355727769,289.70023
polymer_6010,308.0,304.3119826199688,296.58286
polymer_6011,303.0,306.54515469967976,326.80283
polymer_6012,287.0,257.53581958418505,252.45576
polymer_6013,303.5,272.87767298409494,287.4621
polymer_6014,275.0,228.3229295697135,211.066
polymer_6015,155.0,165.77978604001407,165.38187
polymer_6016,328.0,298.92921144251034,310.12326
polymer_6017,331.0,306.3471759051849,327.6932
polymer_6018,342.0,280.1173281859694,296.92947
polymer_6019,322.0,312.3683977432506,344.99326
polymer_6020,312.0,294.367262815953,310.12732
polymer_6021,304.0,265.8869257140497,265.82312
polymer_6022,279.0,237.7286854821694,217.48317
polymer_6023,218.20000000000005,219.77712627171854,216.72792
polymer_6024,276.0,286.4029414806698,313.43753
polymer_6025,231.0,309.68322697986935,361.58182
polymer_6026,62.0,184.67306857731154,126.88365
polymer_6027,332.0,183.93279607258998,173.56352
polymer_6028,157.0,186.14669389333022,196.74117
polymer_6029,177.0,174.02739204513333,173.23814
polymer_6030,177.0,170.58558931280345,147.68428
polymer_6031,145.0,185.35735198397796,171.08315
polymer_6032,145.0,214.60455154464952,249.67209
polymer_6033,221.0,206.86171808314913,215.18275
polymer_6034,200.0,176.37607683598395,185.1567
polymer_6035,145.0,160.32107985209444,158.17409
polymer_6036,144.60000000000002,192.2216709137861,185.81105
polymer_6037,269.0,189.01141415018012,207.83858
polymer_6038,145.0,216.2210089060307,191.88887
polymer_6039,206.0,228.61904924408285,239.46745
polymer_6040,150.0,127.92900961482715,135.51425
polymer_6041,215.0,157.3463685319871,195.70741
polymer_6042,230.0,156.28335605011532,208.2535
polymer_6043,181.0,139.82489910107913,149.90184
polymer_6044,197.0,177.9210720891731,197.52274
polymer_6045,54.0,59.70798036310551,49.562443
polymer_6046,33.5,66.08789014558566,54.288998
polymer_6047,150.0,182.74653148750474,173.27615
polymer_6048,14.25,66.56857928094198,66.045815
polymer_6049,88.0,121.53533273726165,101.252235
polymer_6050,97.0,103.76273633570052,99.810356
polymer_6051,93.0,102.08735480570472,101.71703
polymer_6052,104.0,101.67855675826897,99.5493
polymer_6053,110.0,95.33112919468043,96.90135
polymer_6054,152.0,136.86697192879973,122.9332
polymer_6055,85.0,145.9962807439979,137.69046
polymer_6056,34.0,161.94583487631596,135.73593
polymer_6057,62.0,125.07985992948403,89.85031
polymer_6058,130.0,166.91400696779579,157.79301
polymer_6059,124.0,119.78054436018948,111.93196
polymer_6060,149.0,166.40571870264412,184.91075
polymer_6061,172.0,190.53515651094006,201.5077
polymer_6062,194.0,231.4951476637728,220.49158
polymer_6063,90.40000000000003,94.54975053723251,92.74078
polymer_6064,49.5,64.98967709949483,53.94135
polymer_6065,56.5,61.80725775244191,44.613132
polymer_6066,68.10000000000002,63.5138407645017,45.80513
polymer_6067,90.0,103.10130792653295,96.39219
polymer_6068,70.0,95.36591211962698,87.379105
polymer_6069,186.0,183.30950661338807,201.57289
polymer_6070,154.0,145.31017835762586,142.51974
polymer_6071,138.0,171.343637413582,196.47241
polymer_6072,80.0,148.96250018728253,132.95047
polymer_6073,124.0,154.83889197543294,139.10442
polymer_6074,65.0,107.64151390157286,132.8465
polymer_6075,138.0,146.62950642750954,142.66753
polymer_6076,147.0,146.92437657855598,146.43806
polymer_6077,146.0,149.09416734112355,145.2888
polymer_6078,136.0,118.88083075657438,109.83656
polymer_6079,119.0,100.54966080905619,98.10906
polymer_6080,142.0,94.07430916881489,102.92539
polymer_6081,150.0,151.2886831229379,166.10593
polymer_6082,117.0,151.58395860424437,172.40762
polymer_6083,179.0,165.98020383539952,174.23814
polymer_6084,147.0,143.53156726024125,162.17046
polymer_6085,101.0,109.37098281801724,115.8614
polymer_6086,113.0,84.04406672394829,90.92537
polymer_6087,130.0,150.15703333386185,148.77937
polymer_6088,232.0,88.63158973306011,84.077415
polymer_6089,128.0,116.76907441480888,116.32795
polymer_6090,235.5,171.2584138133773,202.17047
polymer_6091,232.0,196.18839565112472,190.75723
polymer_6092,217.0,212.3365328060186,193.09277
polymer_6093,161.0,203.57262566509357,211.92493
polymer_6094,137.5,185.33364443147903,187.0741
polymer_6095,278.0,227.94497988874932,266.53836
polymer_6096,294.0,227.83718238474475,261.7143
polymer_6097,107.8,111.97672170092106,100.93994
polymer_6098,97.0,155.96389555479738,151.56252
polymer_6099,201.70000000000005,233.00410426115442,232.6194
polymer_6100,83.10000000000002,147.8285610969993,129.10275
polymer_6101,58.0,76.91387273833126,78.98048
polymer_6102,90.0,64.40182954940447,44.50175
polymer_6103,154.0,156.62954691598827,148.75673
polymer_6104,145.0,157.5000815474099,159.72322
polymer_6105,140.0,141.3534995363269,133.8292
polymer_6106,90.0,125.37204654367126,123.58292
polymer_6107,178.5,165.09983428210217,159.01314
polymer_6108,160.0,71.85017190940283,62.471397
polymer_6109,190.0,157.09323699578147,167.98766
polymer_6110,180.0,151.03516179148977,158.84552
polymer_6111,243.0,141.560124043779,147.78365
polymer_6112,210.0,176.29478479730022,184.43497
polymer_6113,247.0,212.78624208773783,207.71231
polymer_6114,327.0,267.18356821979376,285.54987
polymer_6115,282.0,237.5640630459856,260.39127
polymer_6116,252.5,245.09496035458218,247.79572
polymer_6117,194.0,165.91690999328435,148.85454
polymer_6118,230.0,167.29898916485587,184.4878
polymer_6119,124.0,170.75437177311815,172.47792
polymer_6120,205.0,128.1220707548971,130.93651
polymer_6121,143.0,185.19716294859748,185.56116
polymer_6122,77.0,70.50619203672522,86.06882
polymer_6123,220.0,165.9927400616037,171.7193
polymer_6124,144.0,186.5664993247975,179.29344
polymer_6125,220.0,191.31490069781583,211.29825
polymer_6126,180.0,176.16249720927226,214.92056
polymer_6127,295.0,173.44229494021818,156.83029
polymer_6128,60.0,125.92355368188105,94.95297
polymer_6129,118.0,199.3100494350077,206.39848
polymer_6130,225.0,246.02348187729604,244.94508
polymer_6131,200.0,239.90686297163538,236.4475
polymer_6132,225.0,235.7461705452227,230.36633
polymer_6133,162.0,158.8077774606373,152.92561
polymer_6134,202.0,153.10329512503134,169.84906
polymer_6135,207.0,235.95812367251347,237.14478
polymer_6136,325.0,295.57217554640613,298.7114
polymer_6137,273.0,238.91506164885084,242.99911
polymer_6138,287.0,194.4914215196646,182.86522
polymer_6139,285.0,248.21980692646073,280.7004
polymer_6140,230.5,232.57215348418313,249.50491
polymer_6141,122.0,100.17958533636258,84.80712
polymer_6142,85.0,153.8613078547913,150.24966
polymer_6143,133.0,148.37541214184606,144.44786
polymer_6144,161.0,167.01361910878973,157.68436
polymer_6145,172.0,160.65272941305182,169.97781
polymer_6146,140.5,148.1947259674498,129.90265
polymer_6147,128.0,125.42372277906274,118.97748
polymer_6148,102.0,128.78169555485437,131.46486
polymer_6149,181.0,167.65570944943974,166.20894
polymer_6150,121.0,129.443130605758,131.95705
polymer_6151,173.0,140.3895435093662,148.19144
polymer_6152,135.0,145.53301958587662,158.72697
polymer_6153,148.0,123.48440219659076,127.82849
polymer_6154,107.0,142.3771643251925,143.7002
polymer_6155,104.0,121.07781231489939,130.87222
polymer_6156,130.0,119.05949331485606,114.266716
polymer_6157,168.0,177.6970468058658,197.96617
polymer_6158,266.5,286.01948771744065,259.23004
polymer_6159,92.0,124.15317361935583,124.85609
polymer_6160,125.0,144.8087427107292,131.31273
polymer_6161,122.5,153.81083849744905,156.39622
polymer_6162,98.0,155.72102279499694,131.5052
polymer_6163,162.20000000000005,219.52011234825036,215.37314
polymer_6164,172.0,202.31290883551307,190.8985
polymer_6165,173.0,207.54650881498407,175.10178
polymer_6166,175.0,237.65145800234367,206.5659
polymer_6167,163.0,270.5255742612732,244.56702
polymer_6168,105.0,101.04764942979949,105.458855
polymer_6169,24.0,108.90427339218907,96.84144
polymer_6170,100.60000000000002,100.56842669952184,100.8305
polymer_6171,107.20000000000005,95.82337515939352,80.69661
polymer_6172,65.0,88.37647889856278,73.06598
polymer_6173,65.0,113.13814038165852,110.41855
polymer_6174,66.0,89.73624922304626,71.28159
polymer_6175,126.0,104.35523220043375,96.45123
polymer_6176,107.0,120.435771552344,134.66318
polymer_6177,320.0,99.92753583880794,81.05745
polymer_6178,59.0,211.211442978255,240.25331
polymer_6179,100.0,118.30207951321506,166.18968
polymer_6180,87.10000000000002,111.27618939371173,110.62926
polymer_6181,76.0,127.62925998325207,106.19456
polymer_6182,94.25,103.14609531364933,105.320015
polymer_6183,100.0,119.50687016356892,88.35706
polymer_6184,32.0,102.23598546880736,96.966125
polymer_6185,70.0,80.8623538532067,70.88287
polymer_6186,34.0,48.062181768241395,33.59765
polymer_6187,35.0,48.062181768241395,33.59765
polymer_6188,30.0,50.4242469786595,33.933247
polymer_6189,25.0,50.4242469786595,33.933247
polymer_6190,97.0,102.70360293542464,96.12386
polymer_6191,100.0,100.678534923357,112.766594
polymer_6192,120.0,110.29809737484378,93.44075
polymer_6193,135.0,130.35759853851636,134.47173
polymer_6194,117.5,147.61200918296166,155.53343
polymer_6195,91.0,96.63112277722286,88.94419
polymer_6196,85.0,116.49970159019186,125.51291
polymer_6197,95.0,115.65007645214382,106.10846
polymer_6198,115.0,116.06139312575856,105.78168
polymer_6199,161.0,128.48530259482624,141.20059
polymer_6200,175.0,113.91058389425542,99.91256
polymer_6201,140.0,123.32396244125678,127.49995
polymer_6202,105.0,115.21748884039049,114.20596
polymer_6203,112.0,114.53075651715815,113.777214
polymer_6204,116.0,111.09623150556496,105.23719
polymer_6205,127.0,135.4174656383389,151.2694
polymer_6206,121.0,135.29013526383523,130.09868
polymer_6207,85.0,121.28287153200188,122.70582
polymer_6208,140.0,140.11432831365423,137.01399
polymer_6209,142.5,134.97817937973977,140.00006
polymer_6210,167.5,157.51611642502078,145.0567
polymer_6211,132.5,156.5719416663612,151.91083
polymer_6212,120.0,135.8041354257379,185.18585
polymer_6213,117.0,146.46515726310727,136.06842
polymer_6214,119.0,111.24960405258433,99.76887
polymer_6215,111.0,99.9362041809482,102.31083
polymer_6216,103.0,99.70100076214479,99.49983
polymer_6217,107.0,104.51531854294589,103.67394
polymer_6218,92.0,104.51531854294589,103.67394
polymer_6219,90.0,104.51531854294589,103.67394
polymer_6220,119.0,125.21746320597292,132.80957
polymer_6221,133.0,142.50307176075555,122.58586
polymer_6222,83.0,99.06382714499941,91.09629
polymer_6223,105.0,156.42852270578646,141.51715
polymer_6224,134.0,107.82264683859165,124.21867
polymer_6225,306.70000000000005,277.55026671808326,268.32388
polymer_6226,186.0,179.29187841895916,191.32072
polymer_6227,37.0,63.38560112153801,67.935425
polymer_6228,42.5,91.76402629049845,89.90982
polymer_6229,90.0,74.1625045617011,74.84109
polymer_6230,27.80000000000001,62.918957323821594,64.56595
polymer_6231,19.600000000000023,59.34576581529846,55.55208
polymer_6232,175.0,139.72082134238312,148.63737
polymer_6233,150.3,182.69635836799205,192.50282
polymer_6234,198.0,121.05515257816258,157.23885
polymer_6235,36.0,59.34576581529846,55.55208
polymer_6236,85.0,82.23907418446193,80.63972
polymer_6237,140.0,167.69152914063045,152.68138
polymer_6238,207.0,188.90561111111109,188.50294
polymer_6239,177.0,213.01731544735222,199.62724
polymer_6240,162.0,212.07061838624338,194.76695
polymer_6241,225.0,200.6109005847953,199.08415
polymer_6242,215.0,194.1805751879699,192.88226
polymer_6243,205.0,183.31288288661338,210.14679
polymer_6244,215.0,190.18703672889959,205.43855
polymer_6245,202.0,215.00695818895818,216.82036
polymer_6246,199.0,203.69733119658122,211.77986
polymer_6247,200.0,159.1553353185609,164.25069
polymer_6248,234.0,208.6907973856209,227.8
polymer_6249,220.0,201.41656965964322,222.4463
polymer_6250,57.0,92.2838550655103,80.618
polymer_6251,127.0,96.16094334256118,91.89771
polymer_6252,220.0,211.9887240797028,197.63062
polymer_6253,211.0,209.66162037037034,205.06873
polymer_6254,83.0,100.15792902848376,104.20155
polymer_6255,194.0,134.1687804634872,148.43253
polymer_6256,123.0,97.97173704865148,105.8724
polymer_6257,90.0,104.49264018549924,82.31041
polymer_6258,178.0,210.92466297019976,207.40051
polymer_6259,73.13,158.14835164805953,152.16336
polymer_6260,76.75,124.21757067312086,111.96518
polymer_6261,86.0,113.65388052258243,104.760544
polymer_6262,130.0,106.79779223743745,88.13029
polymer_6263,94.0,141.95463057166398,131.55411
polymer_6264,96.0,101.60588544107418,104.42491
polymer_6265,71.0,115.72586572760677,104.292915
polymer_6266,74.5,133.83837289194005,113.0516
polymer_6267,141.0,231.9971823908971,219.85222
polymer_6268,122.0,155.1661174408218,152.08388
polymer_6269,124.0,120.10318614722159,103.57211
polymer_6270,147.0,134.78176028771136,113.41864
polymer_6271,45.0,85.27715950925487,110.19741
polymer_6272,58.0,106.31253813427617,103.27972
polymer_6273,171.0,163.37455182142716,194.54356
polymer_6274,253.0,295.78504195977143,280.91248
polymer_6275,175.0,171.3114913740812,199.02402
polymer_6276,215.0,259.06172925413694,275.94943
polymer_6277,98.0,106.8034520715024,109.78085
polymer_6278,163.0,158.0442590402052,153.25835
polymer_6279,150.0,196.593396554497,176.16998
polymer_6280,316.0,324.20374430629835,326.5713
polymer_6281,273.0,304.72374206820257,315.16553
polymer_6282,361.0,307.7082338759599,318.72296
polymer_6283,300.0,300.79314051204597,311.76633
polymer_6284,296.0,222.88174974707692,240.79886
polymer_6285,239.0,247.55870618934296,254.23883
polymer_6286,260.0,227.25379881927287,258.36246
polymer_6287,235.0,236.25035509257557,244.77121
polymer_6288,305.0,294.0940301632816,316.2108
polymer_6289,315.0,310.5119124018291,316.97107
polymer_6290,266.0,300.17462152643986,317.85794
polymer_6291,380.5,304.5427379120498,310.86536
polymer_6292,365.0,289.6652916104722,301.03848
polymer_6293,334.0,288.105120924707,303.12387
polymer_6294,317.0,288.105120924707,303.12387
polymer_6295,287.0,290.69054087071953,306.37888
polymer_6296,192.0,176.31423482669274,173.87837
polymer_6297,130.0,171.13354121584126,154.1035
polymer_6298,182.0,177.78527836050992,173.3053
polymer_6299,257.0,240.68534759248848,254.57393
polymer_6300,263.0,261.3939128519353,266.49686
polymer_6301,214.0,224.7001787011076,231.64268
polymer_6302,251.0,241.28723010977944,234.7684
polymer_6303,265.0,303.4105896154597,337.58063
polymer_6304,252.0,243.45959753218625,254.6649
polymer_6305,262.0,247.09776505109204,259.50427
polymer_6306,241.0,237.18713335568512,230.41452
polymer_6307,249.0,240.12185793690952,247.66432
polymer_6308,200.0,188.69965863807153,205.55673
polymer_6309,230.0,238.3692005214568,241.12306
polymer_6310,241.0,228.43464542108308,242.17645
polymer_6311,320.0,301.0311912361905,309.84488
polymer_6312,334.0,315.25334869119104,323.14462
polymer_6313,300.0,318.31283905586594,332.82224
polymer_6314,154.0,192.74087228280763,177.63036
polymer_6315,158.5,166.56596354479424,168.89825
polymer_6316,234.0,213.60596617871076,221.54333
polymer_6317,264.0,261.3939128519353,266.49686
polymer_6318,255.0,254.7524285054961,255.69415
polymer_6319,248.0,219.21203204477226,250.10399
polymer_6320,221.0,250.88245385143557,241.19719
polymer_6321,269.0,227.6443996255187,225.29703
polymer_6322,271.0,299.2734142383162,306.31693
polymer_6323,298.0,303.27896212490776,298.68756
polymer_6324,125.0,187.04890056150128,167.4808
polymer_6325,185.0,191.48861306055738,150.77281
polymer_6326,210.0,227.4091357442741,214.01987
polymer_6327,328.80000000000007,309.65824345836546,334.1513
polymer_6328,213.0,297.021454584654,276.47684
polymer_6329,334.0,319.92361951800575,328.4833
polymer_6330,280.0,321.5877351269841,314.79147
polymer_6331,382.0,300.2848268692937,302.33353
polymer_6332,270.0,345.3272988595479,329.95163
polymer_6333,353.0,334.87975792181055,349.3607
polymer_6334,353.0,337.344190566424,336.37903
polymer_6335,305.0,310.3357514485606,292.7165
polymer_6336,301.0,282.8424189254708,277.79547
polymer_6337,292.0,283.5043109590545,268.2577
polymer_6338,318.0,251.42204400380209,260.8805
polymer_6339,277.0,296.3274437033204,293.52322
polymer_6340,241.0,221.64564409600106,238.08855
polymer_6341,228.0,210.44684231744668,194.5032
polymer_6342,255.0,291.7631110097995,304.95697
polymer_6343,400.0,345.3915225117098,354.35333
polymer_6344,350.0,266.66630213376385,281.46246
polymer_6345,300.0,318.7169102609923,336.9269
polymer_6346,305.0,298.7202997706482,301.94452
polymer_6347,289.0,257.2780187576704,270.5859
polymer_6348,270.0,254.43415001872714,269.8509
polymer_6349,295.0,279.23039786109126,292.06036
polymer_6350,103.0,145.13568380380497,177.09814
polymer_6351,220.0,179.98450767631874,184.49484
polymer_6352,291.0,292.7601028591074,307.0051
polymer_6353,203.0,236.79767384303315,240.6695
polymer_6354,282.0,256.3174283579127,241.2766
polymer_6355,290.0,269.41152130203625,295.68002
polymer_6356,198.0,230.32590802769346,231.26675
polymer_6357,230.0,227.96829662617583,224.41075
polymer_6358,190.0,189.9028183375342,179.94308
polymer_6359,207.0,228.55827201645553,217.32631
polymer_6360,180.0,221.79507368736546,222.54887
polymer_6361,224.0,233.2598836408633,241.1506
polymer_6362,220.0,207.83326607191998,197.52403
polymer_6363,232.0,230.82410299435855,237.33813
polymer_6364,265.0,240.1218612090959,250.86615
polymer_6365,240.0,229.55826448088595,249.05188
polymer_6366,303.5,301.4120336263544,308.2259
polymer_6367,269.5,189.86076453974644,196.57701
polymer_6368,234.5,187.58229376932445,211.33936
polymer_6369,218.0,214.66084708034484,235.56491
polymer_6370,249.47000000000003,296.37832087978563,281.71097
polymer_6371,283.0,264.31321111663726,270.15738
polymer_6372,329.0,303.91681463326876,296.28522
polymer_6373,260.0,244.23469612805349,217.79082
polymer_6374,232.0,238.29416152872815,202.81525
polymer_6375,243.0,237.27026839916678,241.51869
polymer_6376,161.0,166.01969175837328,160.05019
polymer_6377,155.0,165.92417793355415,163.53203
polymer_6378,152.0,165.27214584579465,159.14272
polymer_6379,157.0,159.04805298293934,157.0894
polymer_6380,167.0,172.85157818946104,171.25217
polymer_6381,234.5,185.13073330347095,203.69388
polymer_6382,162.0,156.85584086079336,158.93588
polymer_6383,163.0,156.0124448716377,134.11856
polymer_6384,227.0,204.34093435656715,176.14316
polymer_6385,151.0,201.4282291952605,201.99277
polymer_6386,151.0,160.23720873377113,148.24416
polymer_6387,230.0,181.17156862074162,193.30446
polymer_6388,128.0,160.70985814117464,180.00417
polymer_6389,120.0,170.41372311547752,164.67293
polymer_6390,127.0,205.1495463362048,179.09259
polymer_6391,211.0,184.59975179992762,215.13475
polymer_6392,162.0,144.12122222184962,117.12673
polymer_6393,110.0,172.57006353416108,157.49153
polymer_6394,175.0,145.925432846212,134.08284
polymer_6395,152.0,166.77465174219506,162.94933
polymer_6396,177.0,168.74178434788857,181.49335
polymer_6397,250.0,199.24623721004195,199.8613
polymer_6398,162.0,203.93932240729546,191.66331
polymer_6399,149.0,179.07568055555555,163.81517
polymer_6400,163.0,174.17552401039092,185.58867
polymer_6401,154.0,164.0916702318176,163.40154
polymer_6402,230.0,184.7943072023536,189.7977
polymer_6403,177.0,167.7204597854068,181.74796
polymer_6404,167.0,156.2573265327849,155.65619
polymer_6405,169.0,167.47117246004217,173.81143
polymer_6406,154.0,159.15085293123056,165.82806
polymer_6407,174.0,170.27409353019806,182.463
polymer_6408,155.0,155.45361024117204,156.66827
polymer_6409,165.0,170.27409353019806,182.463
polymer_6410,147.0,164.0916702318176,163.40154
polymer_6411,177.0,169.73682982959585,190.31105
polymer_6412,167.0,158.79794816185318,164.21678
polymer_6413,212.0,176.97284029579356,183.15083
polymer_6414,168.0,166.37243955437296,169.0859
polymer_6415,139.0,199.40372537826383,165.13637
polymer_6416,173.0,174.17696743588724,180.32779
polymer_6417,155.0,159.43613181545425,159.21013
polymer_6418,214.0,198.0055774174308,194.38832
polymer_6419,147.0,163.79374558737157,158.14053
polymer_6420,197.0,184.61791315842245,194.64153
polymer_6421,181.0,175.23927629695586,156.95789
polymer_6422,172.0,191.87984756606187,202.51299
polymer_6423,181.0,189.09641483728228,203.84174
polymer_6424,180.0,200.10424063258156,211.14586
polymer_6425,252.0,239.03637358427596,225.60835
polymer_6426,264.0,256.525881920293,256.98392
polymer_6427,186.0,188.31329516802185,188.08878
polymer_6428,171.0,164.38025882770216,144.92542
polymer_6429,160.0,165.46282608570561,160.20308
polymer_6430,154.0,162.98917882664824,149.21773
polymer_6431,171.0,178.30104915791142,157.86636
polymer_6432,181.0,166.80279208124637,166.34303
polymer_6433,283.0,264.0138729381229,265.3685
polymer_6434,147.0,146.7807726581259,137.92282
polymer_6435,162.0,165.46282608570561,160.20308
polymer_6436,200.0,185.50415906329619,179.4911
polymer_6437,175.0,189.17620954709756,213.21364
polymer_6438,155.0,165.46282608570561,160.20308
polymer_6439,151.0,164.02255207594575,156.99821
polymer_6440,124.0,158.77595080228167,154.7033
polymer_6441,201.0,218.08455663265303,224.50911
polymer_6442,218.0,244.4733502894288,244.64264
polymer_6443,245.0,259.59158880433534,267.8055
polymer_6444,175.0,200.46835188151516,197.51015
polymer_6445,195.0,193.04586773214422,187.46164
polymer_6446,268.0,243.80597792845535,261.58047
polymer_6447,260.0,236.05381926794794,226.07085
polymer_6448,217.0,244.0735092765035,231.10371
polymer_6449,185.0,198.2536077837354,181.00626
polymer_6450,251.0,270.23912438977794,270.60904
polymer_6451,140.0,155.06858679994346,137.96822
polymer_6452,153.0,160.4340317526988,146.93271
polymer_6453,185.0,206.28816682318757,195.94106
polymer_6454,217.0,229.10992643890557,227.22021
polymer_6455,210.5,188.24507718610982,185.8291
polymer_6456,156.0,166.94560885704027,166.10103
polymer_6457,172.0,175.61407482168408,171.02621
polymer_6458,205.0,236.36984863777465,218.86002
polymer_6459,275.0,259.0342187336225,268.63724
polymer_6460,267.0,255.35225048032623,250.12149
polymer_6461,151.0,120.22926194270711,122.973175
polymer_6462,155.0,155.1817962509641,153.70538
polymer_6463,153.0,157.6542929416338,154.36618
polymer_6464,205.0,186.92946477777164,195.07127
polymer_6465,288.0,286.9923188178522,285.86694
polymer_6466,213.0,232.38747501111925,234.89828
polymer_6467,211.0,235.96487033605896,231.9895
polymer_6468,226.0,227.49692334163882,231.7862
polymer_6469,185.0,207.0763664210999,208.45839
polymer_6470,253.0,303.73653824065144,298.47595
polymer_6471,147.0,175.753503101749,172.2065
polymer_6472,270.0,238.41938495874516,259.02954
polymer_6473,280.0,266.871952584117,275.68585
polymer_6474,210.5,190.78528926903792,189.65085
polymer_6475,208.0,221.92715645372243,222.78041
polymer_6476,148.0,203.09170343883858,213.5012
polymer_6477,197.5,248.95831824045803,249.24727
polymer_6478,199.70000000000005,193.94415187536063,204.45639
polymer_6479,229.0,210.49304013887968,225.92828
polymer_6480,261.0,275.67462579086197,277.88992
polymer_6481,230.0,196.33388447920262,197.40962
polymer_6482,169.0,177.93686090310067,201.24057
polymer_6483,182.5,184.59722691098753,200.08969
polymer_6484,277.0,238.15073531396814,265.1446
polymer_6485,321.0,304.8765714474108,310.30112
polymer_6486,334.0,317.2525865800866,331.16425
polymer_6487,175.0,196.77397064906117,216.17896
polymer_6488,263.0,264.6597406468839,256.9197
polymer_6489,297.0,211.64191366113963,220.69864
polymer_6490,250.0,242.45322965166523,236.66661
polymer_6491,230.0,227.53644239119748,231.1684
polymer_6492,226.0,234.86233791226906,237.0112
polymer_6493,247.0,218.8825743167083,227.58286
polymer_6494,278.5,209.11475066169803,245.78967
polymer_6495,242.0,232.58939992965637,240.9019
polymer_6496,189.55,187.99433688843916,205.48026
polymer_6497,197.0,209.7316201593761,210.77882
polymer_6498,105.0,118.34821060070276,99.55952
polymer_6499,218.0,219.21748178501264,196.68837
polymer_6500,172.0,166.39846590476574,149.64822
polymer_6501,208.0,204.42280384969695,188.00096
polymer_6502,225.0,260.31463419120035,249.61375
polymer_6503,342.0,264.23325589809826,270.39532
polymer_6504,263.5,239.44978172859248,229.09717
polymer_6505,150.0,191.16037263953183,182.54277
polymer_6506,145.0,133.6744888888889,126.59308
polymer_6507,350.0,266.8479385289387,261.7044
polymer_6508,163.0,240.34344990698474,254.48793
polymer_6509,413.0,337.7892379757678,372.15543
polymer_6510,360.0,380.48154638259524,393.97784
polymer_6511,236.0,249.995006606091,243.29276
polymer_6512,283.0,236.3680092195748,232.34947
polymer_6513,229.0,201.77450114085786,157.85643
polymer_6514,176.0,234.7859558602423,229.30008
polymer_6515,243.0,243.13042404705533,229.02397
polymer_6516,254.0,236.893255741995,240.02052
polymer_6517,227.5,234.90833325927426,228.70522
polymer_6518,192.0,224.3410092588204,210.65688
polymer_6519,224.0,209.93367568919132,216.56178
polymer_6520,216.0,243.81593144111233,241.72336
polymer_6521,266.0,252.64725431882943,252.75595
polymer_6522,163.0,174.17552401039092,185.58867
polymer_6523,147.0,161.55760403650285,151.67021
polymer_6524,166.0,165.77978604001407,165.38187
polymer_6525,143.0,208.37543048112036,190.99121
polymer_6526,177.0,209.6365684962601,201.66437
polymer_6527,287.0,279.64751612675553,289.15588
polymer_6528,177.0,247.7356963115749,228.84409
polymer_6529,250.0,239.5336903802239,231.53728
polymer_6530,207.0,239.71204904026735,236.2681
polymer_6531,235.0,250.3864305647969,229.4451
polymer_6532,180.0,173.60677226558957,157.97134
polymer_6533,257.0,243.23997303290972,241.58757
polymer_6534,259.0,250.2362259083491,253.7579
polymer_6535,261.0,248.32586057111368,253.28609
polymer_6536,145.0,182.80191951675914,183.82303
polymer_6537,198.0,258.36420573528795,247.44615
polymer_6538,214.0,202.31376708168028,224.07028
polymer_6539,244.0,219.30107537949743,232.23434
polymer_6540,255.0,273.14606824372686,314.944
polymer_6541,223.0,269.9337955108887,284.43024
polymer_6542,209.0,270.1956321837251,285.88477
polymer_6543,309.0,310.32467006541776,306.6917
polymer_6544,271.0,301.5034053891297,291.55466
polymer_6545,272.20000000000005,304.5383470421511,314.57513
polymer_6546,292.0,316.23036911074377,327.34882
polymer_6547,180.0,136.7991768195347,126.08948
polymer_6548,274.0,301.2385170232564,322.67294
polymer_6549,157.0,165.12530549245054,166.06117
polymer_6550,203.0,230.1400100168973,234.31422
polymer_6551,295.0,301.6165438818929,318.8068
polymer_6552,122.0,143.94102047171717,128.55879
polymer_6553,192.0,209.27658658444818,209.37405
polymer_6554,213.0,234.11127086624228,232.71132
polymer_6555,259.0,270.4564897928248,269.0708
polymer_6556,251.0,262.1602574047305,263.18924
polymer_6557,210.0,200.62867632259704,205.12364
polymer_6558,248.0,313.5042425051525,306.45184
polymer_6559,164.0,176.2095955277261,197.59056
polymer_6560,158.0,219.00661317872363,202.80678
polymer_6561,138.0,164.57348258585304,154.85686
polymer_6562,199.0,173.61787174234732,171.38274
polymer_6563,238.0,221.0862062144689,229.60445
polymer_6564,254.0,295.67986584534475,310.27744
polymer_6565,192.0,180.852872731336,169.22345
polymer_6566,240.0,189.96726799543185,205.42899
polymer_6567,238.0,215.01678244990848,219.28711
polymer_6568,281.0,261.3939128519353,266.49686
polymer_6569,311.0,262.1602574047305,263.18924
polymer_6570,267.0,261.3939128519353,266.49686
polymer_6571,282.0,261.2509815399407,266.04773
polymer_6572,283.0,294.91628405527064,281.33377
polymer_6573,281.0,264.8843622957528,292.41275
polymer_6574,293.0,261.6713200146899,264.9007
polymer_6575,314.0,290.0792475272583,297.33347
polymer_6576,167.0,147.62083414997733,133.24149
polymer_6577,290.0,287.24274584688345,292.77817
polymer_6578,280.0,301.8206373912714,296.32446
polymer_6579,300.0,288.39508655549497,299.58902
polymer_6580,280.5,271.45462931321896,281.4101
polymer_6581,310.0,285.047641250002,291.13467
polymer_6582,278.0,285.75205728520524,295.1511
polymer_6583,290.0,288.8128929959575,293.58176
polymer_6584,194.0,187.19474536562961,191.76872
polymer_6585,188.0,190.8198132243703,183.82256
polymer_6586,168.60000000000002,185.4759323760629,175.40851
polymer_6587,148.90000000000003,212.673537889332,188.69476
polymer_6588,188.0,159.47539151814993,170.91379
polymer_6589,206.0,200.78823023791838,199.57805
polymer_6590,186.0,202.25312895559776,192.84573
polymer_6591,210.5,183.53694142365092,200.51544
polymer_6592,202.0,198.6712714017469,216.24802
polymer_6593,161.85000000000002,205.33829280652,176.99487
polymer_6594,167.0,201.5466971584713,190.02489
polymer_6595,163.0,177.251435600348,150.66452
polymer_6596,180.0,213.89107113004476,191.65219
polymer_6597,205.0,197.0876864043853,181.91794
polymer_6598,230.40000000000003,197.74274787657956,195.61176
polymer_6599,237.1,225.65555263067392,237.66054
polymer_6600,190.0,190.03981375304227,205.71861
polymer_6601,163.0,174.65408303410325,202.86934
polymer_6602,228.0,179.81990686036343,215.31143
polymer_6603,207.0,184.0434807394267,205.60144
polymer_6604,200.0,217.34358036718635,212.83386
polymer_6605,223.0,219.82883042859578,222.0148
polymer_6606,197.0,244.78671683851135,234.19473
polymer_6607,247.0,246.24842646122644,256.07867
polymer_6608,245.0,254.94245597305013,254.06006
polymer_6609,230.0,205.65881068187363,196.87062
polymer_6610,231.0,215.73863459840828,228.30391
polymer_6611,233.0,218.9138384519952,226.16492
polymer_6612,250.0,218.29119386435838,239.9122
polymer_6613,290.0,225.32526914237903,246.64062
polymer_6614,165.0,143.6210615053949,138.90448
polymer_6615,238.0,209.08488992831133,222.20956
polymer_6616,225.0,197.12836834116104,206.77089
polymer_6617,142.0,162.0273947372418,132.09444
polymer_6618,144.5,166.0498751156137,137.81194
polymer_6619,211.0,229.26667916132308,219.29451
polymer_6620,175.0,212.251270302842,205.95305
polymer_6621,195.0,236.53108398573954,213.97426
polymer_6622,210.5,227.66758150408967,222.06763
polymer_6623,200.0,252.43007693656457,248.63849
polymer_6624,216.70000000000005,235.6270916574724,220.09009
polymer_6625,324.0,247.3407783578928,239.08743
polymer_6626,217.0,240.34548219745466,239.7103
polymer_6627,224.0,237.57798753728542,225.04318
polymer_6628,230.0,242.19375614538546,229.0902
polymer_6629,268.0,223.57172778530094,212.40924
polymer_6630,246.0,233.9915410175268,231.88818
polymer_6631,220.0,236.06868134297366,233.7113
polymer_6632,227.0,245.77567534946144,260.12888
polymer_6633,266.0,244.71176612313477,265.80096
polymer_6634,257.0,243.90072768110664,247.84496
polymer_6635,215.0,232.28166852376054,226.72734
polymer_6636,223.0,233.04482618284973,226.1547
polymer_6637,200.0,238.45216650879985,234.07431
polymer_6638,246.0,205.2013547514192,197.44753
polymer_6639,213.0,244.40999877088166,236.9627
polymer_6640,178.0,225.5845013317316,227.06944
polymer_6641,267.0,238.45216650879985,234.07431
polymer_6642,199.0,228.8876597317655,215.71461
polymer_6643,217.5,231.0223053675956,221.56099
polymer_6644,215.0,224.6272697223315,219.49573
polymer_6645,213.0,233.43921767412613,228.87851
polymer_6646,228.0,242.67244914263284,217.98308
polymer_6647,428.0,386.074,379.1545
polymer_6648,380.0,378.9632702380952,336.10858
polymer_6649,334.0,370.27303333333333,326.09213
polymer_6650,231.0,209.30735560986764,211.89877
polymer_6651,255.0,237.09360134045986,250.07803
polymer_6652,320.80000000000007,307.84290963879727,306.6358
polymer_6653,151.5,168.50909385531537,179.26364
polymer_6654,264.0,280.27243444074463,292.6264
polymer_6655,326.0,278.9943077657168,271.42227
polymer_6656,107.0,125.34452275009033,99.78655
polymer_6657,145.0,173.16455680752745,149.69633
polymer_6658,177.0,193.33818051141398,176.76106
polymer_6659,175.0,156.27679169548279,165.51958
polymer_6660,236.0,246.21318916182707,235.56445
polymer_6661,235.0,244.80646185877558,233.94371
polymer_6662,235.0,235.7443522487775,222.96341
polymer_6663,202.0,219.95675386327048,205.11949
polymer_6664,227.5,244.29300944498118,236.50237
polymer_6665,236.0,238.4879345998359,216.56181
polymer_6666,313.0,319.08581005973065,324.55594
polymer_6667,277.0,333.9059207757193,316.6096
polymer_6668,171.0,211.64808906459308,200.14612
polymer_6669,221.0,156.2397951640564,173.82043
polymer_6670,145.0,246.34468896960607,240.97894
polymer_6671,80.0,147.5620463156515,117.279915
polymer_6672,425.0,351.7607832714108,343.53885
polymer_6673,350.0,340.4555647331272,358.52307
polymer_6674,157.0,133.385,129.99104
polymer_6675,219.5,200.30077766925461,209.86029
polymer_6676,232.0,196.92890969636946,199.7541
polymer_6677,279.0,255.97634791138915,261.09308
polymer_6678,400.0,254.17955074667893,246.8101
polymer_6679,359.0,320.90074804483396,322.74078
polymer_6680,215.0,196.79886742295943,179.59952
polymer_6681,234.05,360.0549559376568,385.22156
polymer_6682,175.0,161.11754732521274,205.61554
polymer_6683,202.0,158.47290757863607,189.16748
polymer_6684,133.0,161.9088307517281,129.81396
polymer_6685,254.75,311.27556348345877,301.96564
polymer_6686,121.0,150.77985200285576,133.02339
polymer_6687,202.0,217.9941016042132,218.29536
polymer_6688,194.0,160.67512816902757,175.20158
polymer_6689,180.0,163.56140828078495,179.87619
polymer_6690,15.0,77.02332133875362,73.12036
polymer_6691,295.0,276.86141004553366,296.05063
polymer_6692,246.0,279.8031450426767,281.6295
polymer_6693,-52.99999999999997,25.775277170498843,-2.1010382
polymer_6694,21.0,50.03043585306215,49.036125
polymer_6695,165.0,119.53215703226226,176.26051
polymer_6696,234.0,151.61775207639135,193.51733
polymer_6697,275.0,165.46636265554312,214.46902
polymer_6698,398.0,278.90966549623676,284.077
polymer_6699,422.0,292.7038719543301,302.23386
polymer_6700,260.0,258.357956962361,244.5652
polymer_6701,265.0,232.43957257003737,251.88026
polymer_6702,242.0,258.47592475342526,268.6273
polymer_6703,346.5,344.71384597390715,344.81622
polymer_6704,363.0,340.3713311137746,337.12198
polymer_6705,360.0,338.3285774537273,333.73053
polymer_6706,230.0,216.3587750935017,215.13321
polymer_6707,207.0,219.75384882409008,223.31667
polymer_6708,222.0,221.79075393514185,228.47742
polymer_6709,234.0,225.38411910311223,230.30118
polymer_6710,101.0,165.16772706221073,161.59792
polymer_6711,170.0,151.02853532035914,162.51329
polymer_6712,123.0,165.16772706221073,161.59792
polymer_6713,135.0,150.05519778999516,148.55011
polymer_6714,155.0,150.36995255676027,148.57318
polymer_6715,165.0,145.20302006903594,143.88103
polymer_6716,155.0,165.16772706221073,161.59792
polymer_6717,180.0,145.20302006903594,143.88103
polymer_6718,190.0,150.05519778999516,148.55011
polymer_6719,190.0,148.76814590555773,146.88615
polymer_6720,178.0,221.62586038342036,204.76367
polymer_6721,210.0,217.69308899305446,182.06454
polymer_6722,180.0,247.81101555948516,241.8314
polymer_6723,231.0,201.65562472320798,210.08739
polymer_6724,208.0,202.70566024151285,221.40585
polymer_6725,214.0,209.50881408465864,225.48651
polymer_6726,210.0,209.57618309510465,224.79791
polymer_6727,224.0,266.86288050350765,252.60349
polymer_6728,370.0,334.4769198994066,332.35803
polymer_6729,303.0,283.6852008566138,291.8457
polymer_6730,328.0,305.065991386938,325.66223
polymer_6731,287.0,315.14033878264104,307.81738
polymer_6732,365.0,333.2563493205093,340.57153
polymer_6733,321.70000000000005,320.3502791455391,324.09564
polymer_6734,330.0,327.55570317515645,319.95407
polymer_6735,305.0,279.3856856975813,260.8531
polymer_6736,329.0,321.26632795666706,329.85983
polymer_6737,324.0,345.0225461229911,351.28613
polymer_6738,317.0,316.5560844219186,334.06964
polymer_6739,310.0,334.97826709371554,334.57867
polymer_6740,343.0,330.67577132698995,317.5121
polymer_6741,329.0,317.6128468581236,318.73962
polymer_6742,263.0,309.6923418471681,316.61932
polymer_6743,358.0,340.9039625484206,334.8826
polymer_6744,140.0,144.249888551668,140.83801
polymer_6745,263.0,299.54488763544725,292.96066
polymer_6746,285.0,302.68805844875266,298.65936
polymer_6747,283.0,317.6508440759586,320.97223
polymer_6748,278.0,293.44022261994445,283.0582
polymer_6749,289.0,313.4017682192993,307.92267
polymer_6750,329.0,332.2039410884058,346.2432
polymer_6751,336.0,332.4395479536425,325.8752
polymer_6752,319.0,340.5405610303936,361.27054
polymer_6753,280.0,292.1803227166713,302.84064
polymer_6754,320.0,291.35846231462864,298.36105
polymer_6755,335.0,238.086127557413,249.1282
polymer_6756,346.0,288.3505772888194,290.4054
polymer_6757,397.5,312.27503421820563,343.30374
polymer_6758,315.1,328.03971219101436,323.82697
polymer_6759,343.0,333.66079363169575,331.91095
polymer_6760,305.0,311.86117458017,304.2447
polymer_6761,305.0,345.041224423844,342.81403
polymer_6762,315.0,316.66966050073006,311.109
polymer_6763,352.0,332.90599007843923,344.3004
polymer_6764,370.0,350.8639345091332,366.8458
polymer_6765,392.0,357.397993443977,372.52798
polymer_6766,388.0,352.6466333346261,375.8125
polymer_6767,290.0,286.9135376800677,275.77713
polymer_6768,297.0,278.4975513666577,293.7354
polymer_6769,319.0,272.6789376506194,281.93445
polymer_6770,280.0,287.63722284023294,286.125
polymer_6771,290.0,304.8595975354943,303.03748
polymer_6772,353.0,319.9683748851066,332.75595
polymer_6773,344.0,267.707742822573,296.1801
polymer_6774,366.0,287.36012538943436,291.31903
polymer_6775,370.0,332.3378805362026,353.07742
polymer_6776,342.0,327.33263084099644,326.11545
polymer_6777,366.0,329.4932693793152,354.3222
polymer_6778,341.0,345.21475448042077,335.55896
polymer_6779,285.0,291.16636588299497,298.15112
polymer_6780,265.0,250.95162107607,276.69138
polymer_6781,272.0,267.1839954126476,240.1906
polymer_6782,189.0,235.18983085974278,233.43518
polymer_6783,230.0,244.97493551086973,239.40126
polymer_6784,226.0,217.11854630681455,217.45723
polymer_6785,250.0,242.16848428049363,242.34564
polymer_6786,228.0,216.77566535004064,217.65372
polymer_6787,262.0,235.21331948267272,236.91154
polymer_6788,266.0,251.92533267059267,253.80396
polymer_6789,300.0,257.75153145550314,252.42845
polymer_6790,254.4,247.97020742560306,254.00975
polymer_6791,143.0,165.66318710037717,170.25975
polymer_6792,153.0,150.92640186720908,154.81442
polymer_6793,167.0,158.02974657047636,158.24442
polymer_6794,208.0,167.5082464265409,168.7448
polymer_6795,169.0,157.9391596005092,159.8714
polymer_6796,237.5,197.36232472383338,253.45787
polymer_6797,170.0,199.55043311688294,173.453
polymer_6798,140.0,178.16524695647485,180.70026
polymer_6799,166.0,163.93797619047618,165.60036
polymer_6800,187.5,159.61486924450935,163.80368
polymer_6801,254.0,193.02404769076247,217.68356
polymer_6802,271.20000000000005,267.0379676442601,261.2815
polymer_6803,243.80000000000007,289.7184125085902,291.18317
polymer_6804,275.0,261.59288013173966,271.06503
polymer_6805,253.5,262.8663191073655,263.91217
polymer_6806,288.0,259.8634279692622,266.66974
polymer_6807,268.20000000000005,273.7957476217785,285.55164
polymer_6808,208.0,252.18975249446027,200.75293
polymer_6809,234.0,247.0632762906343,238.89796
polymer_6810,223.0,247.48278834455868,240.1319
polymer_6811,329.0,337.4267792912506,344.4526
polymer_6812,322.0,325.83322408111366,334.0464
polymer_6813,186.0,213.7164407821442,206.84656
polymer_6814,178.0,220.16881563696418,197.16208
polymer_6815,185.0,213.7164407821442,206.84656
polymer_6816,212.0,233.30379017501386,222.04001
polymer_6817,222.0,232.99558014656083,224.06909
polymer_6818,299.0,289.35920574513034,272.25504
polymer_6819,292.0,256.35564516463285,249.40544
polymer_6820,250.0,264.20752544523066,262.77805
polymer_6821,210.0,257.92453071338844,244.19843
polymer_6822,167.0,253.1490719872503,225.7587
polymer_6823,318.0,259.1530732169138,305.6774
polymer_6824,283.5,260.7014400032827,277.9822
polymer_6825,281.0,287.8149429059213,286.68207
polymer_6826,279.0,255.1145429450226,264.40973
polymer_6827,275.0,292.0615707637268,288.28033
polymer_6828,274.0,256.57304672608825,252.89671
polymer_6829,320.0,256.9778550906339,272.46686
polymer_6830,279.0,257.4488677930056,271.64886
polymer_6831,260.80000000000007,249.46320304178957,244.93755
polymer_6832,247.0,250.90058717891603,256.5488
polymer_6833,285.0,263.5893300610908,301.60056
polymer_6834,228.51000000000005,260.40689149064053,265.11032
polymer_6835,220.0,248.28999647313594,245.29602
polymer_6836,241.0,239.81216010971136,246.1821
polymer_6837,276.5,262.5212178807218,264.47833
polymer_6838,274.0,263.0819911401776,289.21472
polymer_6839,246.0,252.96668095614694,269.20212
polymer_6840,302.30000000000007,251.65846458396487,258.5185
polymer_6841,267.0,253.56875061726004,276.4234
polymer_6842,180.0,255.75411527778198,271.58105
polymer_6843,309.0,294.2283615460241,314.40643
polymer_6844,300.0,301.2693420589733,313.76697
polymer_6845,260.0,235.22859519000568,236.70749
polymer_6846,259.0,241.19667212857337,243.35039
polymer_6847,234.0,215.05509485280123,225.01105
polymer_6848,78.0,264.0184337955427,266.0498
polymer_6849,276.0,254.31679095236774,260.16968
polymer_6850,247.0,280.619983363451,271.02713
polymer_6851,255.0,265.51581944008666,258.05182
polymer_6852,241.0,255.3436409273822,250.58502
polymer_6853,249.0,269.3790661716725,255.42
polymer_6854,345.0,301.22436906922553,335.14664
polymer_6855,371.0,302.35693694403363,342.63925
polymer_6856,259.0,220.83015724506365,196.5125
polymer_6857,331.0,337.20759364737177,340.44382
polymer_6858,327.0,330.8735136104031,332.02084
polymer_6859,301.0,233.64817968467972,230.70393
polymer_6860,242.0,248.55774377087064,244.66425
polymer_6861,257.0,233.64817968467972,230.70393
polymer_6862,233.0,264.12142508008355,261.8337
polymer_6863,227.1,264.61201509688067,256.8404
polymer_6864,226.70000000000005,284.1023057610061,303.0125
polymer_6865,216.0,265.9439377076502,268.94763
polymer_6866,394.0,339.2575268771728,330.42862
polymer_6867,394.0,344.5752838671309,359.24493
polymer_6868,338.0,308.2048896582127,320.00424
polymer_6869,108.5,160.29584648601138,140.85762
polymer_6870,144.0,122.82998597883598,111.404076
polymer_6871,111.0,160.58560839077327,140.26584
polymer_6872,133.5,138.83845923834014,110.21395
polymer_6873,159.0,176.95734750849255,156.78468
polymer_6874,157.0,186.02855374708008,179.71143
polymer_6875,262.0,302.4069120173766,302.92422
polymer_6876,263.0,295.92409579100143,272.36847
polymer_6877,267.0,283.25802673760217,278.03574
polymer_6878,305.0,294.1236576029359,308.16263
polymer_6879,178.0,167.07522323355815,175.43098
polymer_6880,238.0,273.80445352942974,271.79962
polymer_6881,308.0,286.5501594812292,287.6889
polymer_6882,323.0,319.08739686282576,340.2473
polymer_6883,341.0,321.66964998594653,313.52225
polymer_6884,232.0,271.99627264829616,277.22516
polymer_6885,218.0,236.0980424106256,231.4291
polymer_6886,116.0,148.46570854896916,144.13448
polymer_6887,116.0,145.88858834122382,144.20805
polymer_6888,125.0,142.82224267472265,139.50453
polymer_6889,127.0,152.75201809553744,153.40335
polymer_6890,132.0,142.99443765792546,138.80472
polymer_6891,134.0,152.75201809553744,153.40335
polymer_6892,138.0,144.41426338845756,141.17648
polymer_6893,142.0,145.86352074032638,147.3113
polymer_6894,153.0,144.41426338845756,141.17648
polymer_6895,157.0,145.86352074032638,147.3113
polymer_6896,165.0,142.99443765792546,138.80472
polymer_6897,168.0,145.64163268895481,144.82774
polymer_6898,175.0,142.82224267472265,139.50453
polymer_6899,178.0,145.88858834122382,144.20805
polymer_6900,184.0,184.60124625295487,205.34334
polymer_6901,230.0,240.98995386815452,222.87537
polymer_6902,224.0,238.99494101153954,227.02773
polymer_6903,286.0,250.04513589603337,259.41507
polymer_6904,230.0,244.46782036800863,237.3162
polymer_6905,243.0,239.40283432200687,237.62978
polymer_6906,234.0,247.41196479547472,232.93597
polymer_6907,209.5,244.38623857295505,244.32372
polymer_6908,312.0,225.89675034240452,196.16516
polymer_6909,244.0,245.7114429068096,238.14693
polymer_6910,213.0,237.23341737874009,240.6296
polymer_6911,260.0,276.2422204197902,283.85895
polymer_6912,298.0,269.95653160452736,242.19977
polymer_6913,247.0,273.626396596613,260.1479
polymer_6914,271.0,278.6089265982268,280.67093
polymer_6915,260.0,310.91961150416176,301.45474
polymer_6916,390.0,308.5303121701549,312.90097
polymer_6917,78.80000000000001,84.31985791065823,73.876175
polymer_6918,74.5,83.22529999629407,78.28292
polymer_6919,58.0,85.19076027233208,74.85616
polymer_6920,73.0,119.54122035571694,101.11903
polymer_6921,114.0,109.63825821564953,83.01631
polymer_6922,155.0,158.96205390592192,165.36731
polymer_6923,174.0,159.82062378534985,154.51085
polymer_6924,170.0,148.83950403726132,156.13423
polymer_6925,29.0,77.76826351818524,112.343735
polymer_6926,34.0,90.0296394517604,46.31927
polymer_6927,192.0,136.59642826648545,203.89873
polymer_6928,142.0,154.8223097711323,165.36945
polymer_6929,126.0,107.93199793893851,128.79982
polymer_6930,127.5,100.47849452916657,111.90692
polymer_6931,102.0,98.37552574024186,111.413475
polymer_6932,213.0,121.7626354402231,132.38312
polymer_6933,79.0,83.05683452564345,78.57324
polymer_6934,16.0,87.8085419652272,83.10031
polymer_6935,215.5,195.39151627096388,194.82648
polymer_6936,322.0,371.47719398348056,382.62976
polymer_6937,140.0,109.24497083886477,136.96884
polymer_6938,142.0,133.47310518011108,143.71532
polymer_6939,150.0,109.24497083886477,136.96884
polymer_6940,126.0,128.56416687547681,132.4719
polymer_6941,131.0,110.65858563480151,124.936554
polymer_6942,136.0,110.65858563480151,124.936554
polymer_6943,210.0,153.61321779670007,129.93974
polymer_6944,116.0,102.11976978258248,118.67991
polymer_6945,74.0,94.2000865856427,95.27254
polymer_6946,89.0,70.27776046188225,66.14456
polymer_6947,403.0,369.83237957906294,362.40323
polymer_6948,158.0,123.27446058935513,103.06004
polymer_6949,374.0,344.1444593387683,335.66193
polymer_6950,364.0,323.4895838352365,316.48016
polymer_6951,355.0,355.6128437443229,351.59854
polymer_6952,350.0,363.78677044583725,370.2718
polymer_6953,404.0,371.23208989046884,385.76556
polymer_6954,342.0,328.65384604465095,332.01178
polymer_6955,277.5,346.8004944157148,344.79874
polymer_6956,391.5,359.8323960245991,361.5788
polymer_6957,345.0,305.2050740938805,308.4295
polymer_6958,354.5,370.6042463338502,359.72
polymer_6959,405.0,371.09627026410175,369.95197
polymer_6960,240.0,117.70478320616098,156.18971
polymer_6961,320.0,315.15792592596523,341.5239
polymer_6962,292.5,292.42187353358725,299.90457
polymer_6963,306.0,281.3954583002255,297.84012
polymer_6964,263.0,295.6902395952361,300.09604
polymer_6965,288.0,371.24720727212576,336.99625
polymer_6966,333.0,355.85597600008015,345.84528
polymer_6967,317.0,353.6786192565059,357.78094
polymer_6968,319.0,312.5450505390449,308.9283
polymer_6969,405.0,393.9017363297276,386.45447
polymer_6970,345.0,305.2050740938805,308.4295
polymer_6971,307.5,292.17414997626986,306.20395
polymer_6972,290.0,285.72003999233453,280.94287
polymer_6973,300.0,281.3954583002255,297.84012
polymer_6974,288.0,371.24720727212576,336.99625
polymer_6975,320.0,308.2495963450004,311.71735
polymer_6976,55.0,131.36030438389795,140.63219
polymer_6977,62.0,131.36030438389795,140.63219
polymer_6978,64.0,95.57561329147183,99.41206
polymer_6979,64.0,131.36030438389795,140.63219
polymer_6980,223.5,67.2635752419571,70.17606
polymer_6981,238.0,104.65018051508564,113.5339
polymer_6982,85.0,131.36030438389795,140.63219
polymer_6983,415.0,371.02030562016563,356.5398
polymer_6984,342.0,336.07531823260695,341.15097
polymer_6985,371.5,325.3610930698868,322.4403
polymer_6986,352.0,346.0112966510341,365.9057
polymer_6987,369.0,323.6330650496492,315.66617
polymer_6988,334.0,320.4754063194905,311.8495
polymer_6989,303.0,292.09040110742563,315.6398
polymer_6990,299.0,301.20761689427127,315.9171
polymer_6991,195.0,330.90168717386683,329.13257
polymer_6992,301.0,298.71337903281415,286.7989
polymer_6993,329.0,279.88291534090905,306.1784
polymer_6994,301.0,262.99992349513303,307.01407
polymer_6995,271.0,322.8565975671949,288.53976
polymer_6996,296.0,276.1743923305861,287.72803
polymer_6997,360.0,222.4636283576351,216.25124
polymer_6998,268.0,303.3990273336509,291.12836
polymer_6999,133.5,154.0792837249923,155.06549
polymer_7000,45.0,86.56088313458196,65.45234
polymer_7001,75.0,206.0916230391683,167.37856
polymer_7002,70.0,96.28278984070144,73.609146
polymer_7003,212.0,132.05760885629456,164.44244
polymer_7004,216.0,195.31467433123495,179.46957
polymer_7005,410.0,384.12969893150154,390.85947
polymer_7006,346.66,329.7690887445887,314.29767
polymer_7007,365.0,337.7223807017689,351.75525
polymer_7008,365.0,344.66420003847963,361.79648
polymer_7009,420.0,380.5025412852999,385.14575
polymer_7010,495.0,364.29975862711626,313.58658
polymer_7011,223.0,200.78504984612576,208.87947
polymer_7012,278.0,276.1835572536434,272.68976
polymer_7013,260.0,248.30128440870357,245.68153
polymer_7014,205.0,148.11923196903834,165.73091
polymer_7015,219.0,223.94893637537777,233.67717
polymer_7016,430.0,323.99834243893685,304.13416
polymer_7017,183.5,249.4138507327426,263.59824
polymer_7018,301.0,283.1776327572686,271.29565
polymer_7019,29.0,85.5611151206768,94.13599
polymer_7020,296.0,306.1771819941101,274.6096
polymer_7021,339.0,310.22467862095783,325.7208
polymer_7022,327.5,287.2736443403514,284.83444
polymer_7023,169.5,177.47175464356215,163.29086
polymer_7024,237.0,216.9518700922007,231.31621
polymer_7025,416.0,355.599057564215,348.20285
polymer_7026,357.0,282.3987587357811,327.3676
polymer_7027,235.0,243.7485052316001,214.07391
polymer_7028,353.5,309.5630355822743,295.69858
polymer_7029,204.0,210.0022171606959,221.03809
polymer_7030,201.0,210.35148107448106,218.6205
polymer_7031,219.0,243.29571408557734,222.5566
polymer_7032,191.0,269.73725788323736,216.093
polymer_7033,251.0,277.41950498769023,250.24373
polymer_7034,251.0,271.34748724003833,259.81476
polymer_7035,400.0,279.2313777667252,303.60193
polymer_7036,397.0,269.3394529439901,291.9216
polymer_7037,223.15000000000003,277.06354601614885,282.51465
polymer_7038,221.0,289.33233880900497,268.8446
polymer_7039,177.0,235.97252814963426,206.632
polymer_7040,280.0,272.1161813280286,266.53635
polymer_7041,261.0,264.0469860321285,262.94965
polymer_7042,238.0,277.74623018788026,275.16592
polymer_7043,311.0,308.3094811007529,312.9827
polymer_7044,324.0,320.30457710103735,323.63522
polymer_7045,337.0,321.79598550177695,329.43234
polymer_7046,290.0,303.8418383772361,299.05438
polymer_7047,303.0,312.5727247580129,309.01343
polymer_7048,311.0,322.46284923029725,321.75354
polymer_7049,311.0,323.05704729599375,320.67706
polymer_7050,330.0,299.7356791642671,289.1897
polymer_7051,293.0,312.29476088728063,305.19492
polymer_7052,310.0,303.83264320514905,304.88452
polymer_7053,320.0,309.215735337866,312.7741
polymer_7054,280.0,298.7763073457145,286.22363
polymer_7055,292.0,300.43533019371716,288.20386
polymer_7056,300.0,306.50340800614146,301.08087
polymer_7057,281.0,305.65682420441806,284.7738
polymer_7058,324.0,304.0789117275428,315.0032
polymer_7059,334.0,321.5859018752653,329.63904
polymer_7060,342.0,325.0007041223514,326.9304
polymer_7061,299.0,305.6712831620853,304.77737
polymer_7062,321.0,314.91542262928186,312.45685
polymer_7063,325.0,331.8416630241974,331.6627
polymer_7064,331.0,323.2089658463049,301.39594
polymer_7065,360.0,300.4821942420395,267.4649
polymer_7066,104.93,122.47249753219491,155.29364
polymer_7067,250.0,321.60889579428004,286.8743
polymer_7068,356.5,312.10319686575866,333.91562
polymer_7069,386.0,310.47686389732195,290.49606
polymer_7070,386.0,267.94991150225854,260.48508
polymer_7071,65.0,194.51104270097082,218.70705
polymer_7072,150.0,146.64708145010707,131.6546
polymer_7073,62.0,90.2749212088456,87.18364
polymer_7074,74.0,81.31426423041418,76.03108
polymer_7075,94.0,75.43968902500612,69.7103
polymer_7076,279.0,184.70961225883102,184.23714
polymer_7077,-5.0,100.9642202746107,156.94124
polymer_7078,48.0,76.76199050113391,75.42083
polymer_7079,67.0,67.22063125700717,60.91013
polymer_7080,85.0,67.22063125700717,60.91013
polymer_7081,94.0,95.16877536624902,95.39455
polymer_7082,290.0,365.40390674442517,366.51202
polymer_7083,34.10000000000002,116.71381307530923,130.45491
polymer_7084,124.3,60.73908516206108,56.104656
polymer_7085,5.0,21.734363077591595,13.621326
polymer_7086,53.80000000000001,78.7720416186562,114.71438
polymer_7087,17.0,123.06998542660197,93.26315
polymer_7088,-77.64999999999998,-41.26750384003287,-55.75498
polymer_7089,-100.075,-33.165878571768815,-45.346092
polymer_7090,137.425,107.96860717215166,137.6239
polymer_7091,205.5,230.89806940848948,222.21315
polymer_7092,294.75,307.275185177124,303.88892
polymer_7093,325.0,306.43178572521157,318.22513
polymer_7094,248.75,247.89532236609335,250.97746
polymer_7095,275.5,281.71929953729267,279.76987
polymer_7096,69.47500000000002,67.57303422648472,72.99714
polymer_7097,118.425,5.984089575188964,5.0908127
polymer_7098,-22.22499999999997,-38.19102291086903,-42.10992
polymer_7099,-35.32499999999999,-30.351207972422788,-34.06805
polymer_7100,85.92500000000001,66.02803769866212,98.870125
polymer_7101,101.675,0.020301102284585825,43.523373
polymer_7102,83.92500000000001,66.10609708942897,77.495834
polymer_7103,101.925,99.58979400485173,107.58727
polymer_7104,47.35000000000002,56.129047504775976,37.109207
polymer_7105,10.350000000000025,52.33754725167835,33.755608
polymer_7106,75.42500000000001,55.729751972159455,61.81749
polymer_7107,74.42500000000001,62.65955998636815,68.60714
polymer_7108,-63.82499999999999,7.044464824243357,3.2252536
polymer_7109,84.02500000000003,47.85142916750351,55.882233
polymer_7110,37.42500000000001,70.53937847445042,48.082607
polymer_7111,-11.574999999999989,80.42681170407155,107.342
polymer_7112,-9.824999999999989,7.2871412859959355,39.241753
polymer_7113,-32.77499999999998,18.343205849739316,15.213698
polymer_7114,131.425,60.91307181497517,83.59113
polymer_7115,155.925,87.23163741035732,93.01282
polymer_7116,-39.14999999999998,12.942932564871493,0.7236261
polymer_7117,20.42500000000001,78.50633568301313,77.98621
polymer_7118,-57.07499999999999,-7.533342751477658,-24.47982
polymer_7119,-2.3249999999999886,-59.55081662428692,-59.769016
polymer_7120,60.80000000000001,77.71898945576272,75.289116
polymer_7121,178.925,21.57861486956687,9.465107
polymer_7122,-6.074999999999989,27.239837578534715,28.568617
polymer_7123,-44.32499999999999,-22.403572262335604,-22.868612
polymer_7124,-54.57499999999999,-32.69595255444117,-32.914555
polymer_7125,-47.57499999999999,-24.268060426401608,-25.715874
polymer_7126,78.42500000000001,15.443418133663318,39.72354
polymer_7127,33.92500000000001,25.082832663408954,42.592873
polymer_7128,1.8500000000000227,15.536814207626792,6.945589
polymer_7129,40.92500000000001,54.57400755210374,38.223625
polymer_7130,-52.07499999999999,-77.70989336536682,-59.710663
polymer_7131,98.925,116.26494844060505,127.65771
polymer_7132,85.35000000000002,117.78685708967748,105.59857
polymer_7133,138.85000000000002,140.71165997994817,139.52156
polymer_7134,157.425,120.05634494263926,118.9175
polymer_7135,121.425,104.618612222754,112.22337
polymer_7136,87.35000000000002,86.86472113737203,95.26277
polymer_7137,124.35000000000002,141.8876267339472,104.0497
polymer_7138,101.85000000000002,120.78337947802534,121.66343
polymer_7139,11.850000000000025,46.11761399150752,42.326744
polymer_7140,-8.625,-25.655084165847715,-24.447035
polymer_7141,54.525000000000034,54.42529377030817,52.50443
polymer_7142,-48.82499999999999,-48.074938947023334,-49.032463
polymer_7143,50.575000000000045,52.38521413589755,52.27706
polymer_7144,45.92500000000001,53.90480346674191,53.720196
polymer_7145,-24.62499999999997,-24.093768969872254,-21.423145
polymer_7146,42.42500000000001,49.27748439930965,46.27361
polymer_7147,-71.64999999999998,-71.061508428072,-69.87715
polymer_7148,128.175,50.239967525960594,57.430576
polymer_7149,-35.77499999999998,-28.411915248435907,-7.2750297
polymer_7150,35.72500000000002,8.71403992612045,-19.17461
polymer_7151,-25.82499999999999,-15.344936769369912,-25.7206
polymer_7152,320.0,282.9204205400405,305.06384
polymer_7153,272.5,285.6181790529648,292.24255
polymer_7154,297.5,283.0863117444071,294.0436
polymer_7155,299.5,287.16793696606805,290.54016
polymer_7156,257.5,280.7472625383561,274.04303
polymer_7157,44.125,28.285021118267316,31.53179
polymer_7158,21.42500000000001,25.70076322982642,14.662269
polymer_7159,52.92500000000001,42.39499267673426,34.41646
polymer_7160,60.17500000000001,56.242487945343214,38.47996
polymer_7161,10.925000000000011,0.8370087560259911,7.78509
polymer_7162,227.0,249.68722084219053,241.85312
polymer_7163,226.5,234.6569327054191,234.24257
polymer_7164,126.35000000000002,134.3407813292492,125.79009
polymer_7165,355.75,259.81691294229586,274.55884
polymer_7166,232.0,232.2718282839573,223.16959
polymer_7167,208.25,207.0214683016626,203.91008
polymer_7168,286.0,259.7336862565784,273.93686
polymer_7169,270.5,250.5967228080405,251.8859
polymer_7170,206.0,225.44628416092854,218.82335
polymer_7171,193.0,205.43739620423813,197.58087
polymer_7172,293.75,255.47007925564807,257.39166
polymer_7173,260.5,266.24069385927254,274.8677
polymer_7174,249.0,244.33743149923467,252.92896
polymer_7175,319.5,341.89228071159175,313.97794
polymer_7176,287.0,262.0076424647931,269.6804
polymer_7177,238.0,262.57677539074854,270.3997
polymer_7178,404.0,332.01910112304586,363.11517
polymer_7179,367.0,353.7333451970795,360.49176
polymer_7180,54.5,9.003689119681367,11.326765
polymer_7181,15.150000000000034,-0.6110008200905367,-8.708962
polymer_7182,-13.099999999999966,10.459035406959392,-0.24697715
polymer_7183,-29.99999999999997,14.814536020188015,4.4098372
polymer_7184,-24.24999999999997,5.608740112413919,-4.4480934
polymer_7185,317.25,327.9454354408023,313.2083
polymer_7186,369.25,372.4393865190809,381.19458
polymer_7187,373.5,314.4672185206361,325.42828
polymer_7188,362.5,358.3079260890897,351.03818
polymer_7189,302.5,351.55568456538043,341.84097
polymer_7190,313.0,358.8089017830422,382.11978
polymer_7191,152.425,146.6150547509221,135.39365
polymer_7192,199.925,165.46510542869825,176.81966
polymer_7193,184.425,141.4834271806787,142.98347
polymer_7194,302.5,301.68061416964076,318.86252
polymer_7195,256.0,236.44989861154963,236.61758
polymer_7196,246.70000000000005,248.6043030362579,236.34135
polymer_7197,292.0,326.23553555086517,337.60114
polymer_7198,86.42500000000001,154.9846427913899,150.01605
polymer_7199,278.17500000000007,135.1861344943324,142.0266
polymer_7200,152.175,126.98485184432441,152.56705
polymer_7201,374.5,305.5447209001212,347.19263
polymer_7202,375.5,323.29184654999034,335.2249
polymer_7203,290.5,318.9810122951208,317.1461
polymer_7204,249.5,258.30070856424464,263.9466
polymer_7205,295.5,257.5182484761908,265.28943
polymer_7206,241.5,225.1951185899163,228.97287
polymer_7207,336.5,327.63617941752534,338.28378
polymer_7208,340.0,333.3111834583773,330.61304
polymer_7209,206.5,237.36611225210675,231.41385
polymer_7210,275.0,294.39071222265886,297.1265
polymer_7211,44.0,110.66723151934852,134.73393
polymer_7212,102.5,60.608737390348736,53.152843
polymer_7213,113.25,95.15303844064347,101.495834
polymer_7214,121.0,113.62282473179921,131.92117
polymer_7215,367.42500000000007,371.25255073702965,366.86243
polymer_7216,226.5,256.1697888860274,245.09435
polymer_7217,285.25,272.6576746970427,254.13124
polymer_7218,-18.649999999999977,42.82979864268139,-5.7669363
polymer_7219,-13.649999999999975,78.53318298409184,92.47409
polymer_7220,-66.99999999999997,-18.7349054911501,-37.51012
polymer_7221,-48.14999999999998,-4.440467594247172,-8.547571
polymer_7222,-90.99999999999996,-22.290114520603293,-39.78273
polymer_7223,293.0,300.1036905729682,316.80792
polymer_7224,145.85000000000002,163.6531898057048,172.05968
polymer_7225,292.5,292.3550768447308,304.13315
polymer_7226,290.0,244.8765200611818,256.86902
polymer_7228,249.5,266.3285926739789,258.64212
polymer_7229,300.0,294.9228840787105,285.89774
polymer_7230,340.0,299.6358743246939,306.2826
polymer_7231,282.0,268.5597121495438,284.551
polymer_7232,239.0,247.26311325143072,244.39839
polymer_7233,116.85000000000002,117.73572797983084,121.034874
polymer_7234,-69.17499999999998,-40.79059629410692,-71.474144
polymer_7235,-47.14999999999998,-15.350796369821873,-39.37507
polymer_7236,-62.14999999999998,-60.10468950889295,-55.01097
polymer_7237,-74.14999999999998,38.604629599601694,54.426044
polymer_7239,106.85000000000002,71.61325399278216,80.846634
polymer_7240,56.85000000000002,79.88562857520101,51.741096
polymer_7241,19.850000000000023,85.00409644488714,71.614296
polymer_7242,32.85000000000002,82.45846804564981,97.339485
polymer_7243,75.35000000000002,50.280132312017635,42.199608
polymer_7244,34.85000000000002,43.77151773423178,54.733856
polymer_7245,44.85000000000002,21.719379885920024,48.081573
polymer_7246,22.42500000000001,21.54014059201281,17.714743
polymer_7247,-6.649999999999977,-51.537525487357826,-43.84682
polymer_7248,89.85000000000002,56.373286922650635,51.116127
polymer_7249,54.0,49.48000466327227,49.13975
polymer_7250,168.0,114.84957279788864,105.7285
polymer_7251,91.85000000000002,64.65060942810622,80.428
polymer_7252,-24.649999999999977,0.5339262057549871,-2.1945543
polymer_7253,109.85000000000002,53.14748275145839,40.732758
polymer_7254,85.15000000000003,79.6094244062675,90.699394
polymer_7255,104.85000000000002,31.654648954710684,5.8192177
polymer_7256,8.850000000000023,36.288276262407685,42.01801
polymer_7257,40.85000000000002,26.775874386903656,23.856346
polymer_7258,-20.149999999999977,29.113049724798135,25.679424
polymer_7259,-22.149999999999977,4.268042706810593,4.129238
polymer_7260,-24.149999999999977,12.087043506197848,6.4986944
polymer_7261,-41.32499999999999,-31.292348365629078,-26.266228
polymer_7262,-51.57499999999999,-48.60091360679238,-35.673058
polymer_7263,-65.14999999999998,-44.777195336331424,-52.59727
polymer_7264,-60.14999999999998,-46.19016830364084,-55.701393
polymer_7265,48.85000000000002,-4.106637843060676,24.346054
polymer_7266,57.85000000000002,43.67499221988598,74.83982
polymer_7267,40.85000000000002,59.88143621839855,50.246643
polymer_7268,26.850000000000023,94.9215463701934,63.721153
polymer_7269,74.85000000000002,94.1945327800329,101.55173
polymer_7270,104.77500000000003,86.20015065230619,93.27197
polymer_7271,-36.64999999999998,15.17826532407453,34.296978
polymer_7272,-35.14999999999998,21.88083538933909,30.925207
polymer_7273,144.85000000000002,167.72221224540115,180.62816
polymer_7274,79.67500000000001,48.96322566411705,38.7364
polymer_7275,-26.97499999999997,-38.29109474343441,-35.26959
polymer_7276,45.85000000000002,81.55456095720211,81.48673
polymer_7277,9.850000000000025,31.716925694329937,10.054811
polymer_7278,-4.149999999999977,-25.635294682973054,-36.901134
polymer_7279,-22.149999999999977,-26.444461661079046,-48.080265
polymer_7280,32.35000000000002,15.040191255521458,-14.532968
polymer_7281,-26.57499999999999,-54.24941739279077,-60.515324
polymer_7282,-22.07499999999999,-42.43091787261339,-48.59428
polymer_7283,-66.14999999999998,-73.3745598468551,-72.71865
polymer_7284,-69.57499999999999,-68.523547566991,-73.345795
polymer_7285,-79.82499999999999,-68.523547566991,-73.345795
polymer_7286,-76.14999999999998,-69.48222625157926,-70.14109
polymer_7287,-1.1499999999999773,32.03642296863433,30.588905
polymer_7288,142.85000000000002,115.59054804364585,116.618195
polymer_7289,137.85000000000002,117.52481307141534,128.04927
polymer_7290,140.35000000000002,115.52619782656305,115.93882
polymer_7291,112.85000000000002,82.52378046881071,92.39519
polymer_7292,128.85000000000002,111.69568852332044,115.09389
polymer_7293,110.85000000000002,115.15921844868639,113.843605
polymer_7294,100.85000000000002,114.4830878493069,107.03232
polymer_7295,111.85000000000002,109.7295996685246,119.46437
polymer_7296,5.850000000000023,14.185828195539628,59.018303
polymer_7297,76.85000000000002,68.97017638206862,70.31785
polymer_7298,21.850000000000023,41.114268767481235,38.30296
polymer_7299,121.85000000000002,119.60737888719355,119.36863
polymer_7300,119.925,124.17292023730549,125.8978
polymer_7301,132.85000000000002,119.84221822360475,122.10027
polymer_7302,103.85000000000002,115.5216106461184,129.2714
polymer_7303,88.85000000000002,88.27929825314311,94.00157
polymer_7304,69.85000000000002,79.58730277807656,74.57777
polymer_7305,46.85000000000002,36.77685953923196,39.639805
polymer_7306,94.85000000000002,115.42915839024184,104.123985
polymer_7308,118.925,126.77428653177162,143.41978
polymer_7309,103.85000000000002,122.44668965411157,118.11569
polymer_7310,141.85000000000002,110.00017045851313,111.57763
polymer_7311,149.85000000000002,117.50295594153805,168.53839
polymer_7312,54.42500000000001,86.9172556836472,116.03465
polymer_7313,103.85000000000002,61.45183242039596,68.96819
polymer_7314,-57.14999999999998,-48.88339946031931,-51.086594
polymer_7315,-68.14999999999998,-48.22106130460421,-49.014614
polymer_7316,39.85000000000002,53.90480346674191,53.720196
polymer_7317,-29.649999999999977,-48.074938947023334,-49.032463
polymer_7318,38.35000000000002,52.126681370118014,51.493626
polymer_7319,55.72500000000002,49.27748439930965,46.27361
polymer_7320,54.950000000000045,-24.093768969872254,-21.423145
polymer_7321,-70.14999999999998,-70.21005532049028,-75.8312
polymer_7322,-53.14999999999998,-60.08598771246454,-66.64283
polymer_7323,-83.64999999999998,-64.07123695605418,-71.08729
polymer_7324,-78.14999999999998,-60.16107635442735,-71.18121
polymer_7325,69.85000000000002,85.59298620464212,66.859245
polymer_7326,54.85000000000002,72.81956998876454,76.203766
polymer_7327,-8.149999999999977,-24.859938568321066,-35.739014
polymer_7328,-15.649999999999975,-58.19376712402269,-64.49427
polymer_7329,-56.14999999999998,-44.58562756544956,-64.42599
polymer_7330,-53.99999999999997,-34.572320670681556,-10.043664
polymer_7331,128.85000000000002,126.65612854483238,135.25137
polymer_7333,63.85000000000002,75.74518389748755,76.25219
polymer_7334,74.85000000000002,71.82727719758566,74.40379
polymer_7335,121.425,70.66682895015971,103.292435
polymer_7336,-124.14999999999998,-89.84106681162551,-99.56788
polymer_7337,146.85000000000002,184.02528312477224,179.77678
polymer_7338,241.0,231.00943113841703,232.30833
polymer_7339,254.0,250.05056787310465,252.81468
polymer_7340,113.35000000000002,143.61081151623037,138.94296
polymer_7341,269.0,250.39366007048767,251.82854
polymer_7342,247.5,252.99802291560206,251.93044
polymer_7343,246.0,250.87362052200163,246.13823
polymer_7344,86.85000000000002,141.27704379406376,104.27801
polymer_7345,267.5,259.63343832473754,250.86624
polymer_7346,379.0,324.8055902781365,336.58362
polymer_7347,136.85000000000002,119.63363205950394,133.67143
polymer_7348,147.85000000000002,113.354698631387,127.40006
polymer_7349,148.85000000000002,152.76243736782232,179.7224
polymer_7350,122.85000000000002,126.80571652204907,131.64069
polymer_7351,385.0,301.6165438818929,318.8068
polymer_7352,237.5,248.13266886344383,243.41869
polymer_7353,327.0,310.0615206115093,317.91153
polymer_7354,323.75,310.59885927174065,301.20026
polymer_7355,308.0,291.0964395005842,295.02408
polymer_7356,355.5,329.4456352149005,338.5081
polymer_7357,405.0,322.02283505379444,324.34692
polymer_7358,247.0,260.6042859856994,256.60165
polymer_7359,278.0,255.1145429450226,264.40973
polymer_7360,248.0,228.44489909917067,251.71686
polymer_7361,298.0,288.9161844059373,292.8491
polymer_7362,333.25,297.94433838255486,291.45682
polymer_7363,245.0,253.19021966370846,251.79935
polymer_7364,205.0,227.64119474480447,222.47972
polymer_7365,71.0,87.8085419652272,83.10031
polymer_7366,306.0,259.9833147111155,278.6019
