polymer_name,repeat_unit_smiles,Tg_celsius,meta_polymer,meta_source,meta_tg_range,meta_tg_values,meta_num_of_points,meta_std,meta_reliability
polymer_0,[*]#C[SiH2]C#Cc1cccc(C#[*])c1,72.0,,GREA,345.15,,1,0.0,black
polymer_1,[*]#Cc1cccc(C#C[SiH](C#[*])c2ccccc2)c1,85.0,,GREA,358.15,,1,0.0,black
polymer_2,[*]#Cc1ccccc1C#C[SiH](C#[*])c1ccccc1,71.0,,GREA,344.15,,1,0.0,black
polymer_3,[*]/C(=C(/[*])c1ccc(C(C)(C)C)cc1)c1ccccc1,200.0,,GREA,473.15,,1,0.0,black
polymer_4,[*]/C(=C(/[*])c1ccc(CCCC)cc1)c1ccccc1,200.0,,GREA,473.15,,1,0.0,black
polymer_5,[*]/C(=C(/[*])c1ccc(Oc2ccccc2)cc1)c1ccccc1,200.0,,GREA,473.15,,1,0.0,black
polymer_6,[*]/C(=C(/[*])c1ccc([Si](C(C)C)(C(C)C)C(C)C)cc1)c1ccccc1,250.0,,GREA,523.15,,1,0.0,black
polymer_7,[*]/C(=C(/[*])c1ccc([Si](C)(C)C)cc1)c1ccccc1,200.0,,GREA,473.15,,1,0.0,black
polymer_8,[*]/C(=C(/[*])c1cccc([Ge](C)(C)C)c1)c1ccccc1,200.0,,GREA,473.15,,1,0.0,black
polymer_9,[*]/C(=C(/[*])c1cccc([Si](C)(C)C)c1)c1ccccc1,200.0,,GREA,473.15,,1,0.0,black
polymer_10,[*]/C(C#N)=C/c1cc(C=C(C#N)c2ccc3c(c2)C(CCCCCCCC)(CCCCCCCC)c2cc([*])ccc2-3)cc(N(c2ccccc2)c2ccccc2)c1,136.0,,GREA,409.15,,1,0.0,black
polymer_11,[*]/C(C)=C(/[*])CCC,200.0,,GREA,473.15,,1,0.0,black
polymer_12,[*]/C(C)=C(/[*])CCCCC,180.0,,GREA,453.15,,1,0.0,black
polymer_13,[*]/C(C)=C(/[*])CCCCCCC,160.0,,GREA,433.15,,1,0.0,black
polymer_14,[*]/C(C)=C(/[*])SCC,160.0,,GREA,433.15,,1,0.0,black
polymer_15,[*]/C(C)=C(/[*])SCCCCCC,110.0,,GREA,383.15,,1,0.0,black
polymer_16,[*]/C(C)=C(/[*])SCCCCCCCCCC,60.0,,GREA,333.15,,1,0.0,black
polymer_17,[*]/C(C)=C(/[*])[Ge](C)(C)C,250.0,,GREA,523.15,,1,0.0,black
polymer_18,[*]/C(C)=C(/[*])[Si](C)(C)C,75.0,,GREA,348.15,,1,0.0,black
polymer_19,[*]/C(C)=C(/[*])[Si](C)(C)CCCCCC,200.0,,GREA,473.15,,1,0.0,black
polymer_20,[*]/C(C)=C(/[*])[Si](C)(C)CC[Si](C)(C)C,200.0,,GREA,473.15,,1,0.0,black
polymer_21,[*]/C(C)=C(/[*])[Si](C)(C)C[Si](C)(C)C,200.0,,GREA,473.15,,1,0.0,black
polymer_22,[*]/C(C)=C(/[*])c1ccc([Si](C)(C)C)cc1,-5.0,,GREA,268.15,,1,0.0,black
polymer_23,[*]/C(CC)=C(/[*])c1ccccc1,200.0,,GREA,473.15,,1,0.0,black
polymer_24,[*]/C(CCCCCC)=C(/[*])c1ccccc1,200.0,,GREA,473.15,,1,0.0,black
polymer_25,[*]/C(Cl)=C(/[*])CCCC,190.0,,GREA,463.15,,1,0.0,black
polymer_26,[*]/C(Cl)=C(/[*])CCCCCC,150.0,,GREA,423.15,,1,0.0,black
polymer_27,[*]/C(Cl)=C(/[*])CCCCCCCC,90.0,,GREA,363.15,,1,0.0,black
polymer_28,[*]/C(Cl)=C(/[*])c1ccccc1,215.0,,GREA,488.15,,1,0.0,black
polymer_29,[*]/C=C(/[*])C(C)(C)C,200.0,,GREA,473.15,,1,0.0,black
polymer_30,[*]/C=C(/[*])C(CCC)[Si](C)(C)CCCCCC,40.0,,GREA,313.15,,1,0.0,black
polymer_31,[*]/C=C(/[*])C(CCC)[Si](C)(C)c1ccccc1,110.0,,GREA,383.15,,1,0.0,black
polymer_32,[*]/C=C(/[*])C(CCCCC)[Si](C)(C)C,170.0,,GREA,443.15,,1,0.0,black
polymer_33,[*]/C=C(/[*])C(CCCCCCC)[Si](C)(C)C,150.0,,GREA,423.15,,1,0.0,black
polymer_34,[*]/C=C(/[*])CCCOC(=O)c1cc(-c2ccc(OC)cc2)ccc1-c1ccc(OC)cc1,72.40000000000003,,GREA,345.55,,1,0.0,black
polymer_35,[*]/C=C(/[*])CCCOc1ccc(OC(=O)c2ccc(OC)cc2)cc1,20.0,,GREA,293.15,,1,0.0,black
polymer_36,[*]/C=C(/[*])CCCOc1ccc(OC(=O)c2ccc(OCCCC)cc2)cc1,36.0,,GREA,309.15,,1,0.0,black
polymer_37,[*]/C=C(/[*])CCCOc1ccc(OC(=O)c2ccc(OCCCCCCCC)cc2)cc1,42.0,,GREA,315.15,,1,0.0,black
polymer_38,[*]/C=C(/[*])c1c(C)cc(C(C)(C)C)cc1C,200.0,,GREA,473.15,,1,0.0,black
polymer_39,[*]/C=C(/[*])c1c(F)c(F)c(CCCC)c(F)c1F,110.0,,GREA,383.15,,1,0.0,black
polymer_40,[*]/C=C(/[*])c1ccc(-n2c(=O)c3cc4c(=O)n(-c5ccc(C#C)cc5)c(=O)c4cc3c2=O)cc1,420.0,,GREA,693.15,,1,0.0,black
polymer_41,[*]/C=C(/[*])c1ccccc1C(F)(F)F,130.0,,GREA,403.15,,1,0.0,black
polymer_42,[*]/C=C(/[*])c1ccccc1C[Si](C)(C)C,170.0,,GREA,443.15,,1,0.0,black
polymer_43,[*]/C=C(/[*])c1ccccc1[Ge](C)(C)C,180.0,,GREA,453.15,,1,0.0,black
polymer_44,[*]/C=C(/[*])c1ccccc1[Si](C)(C)C,190.0,,GREA,463.15,,1,0.0,black
polymer_45,[*]/C=C/[*],-4.0,,GREA,269.15,,1,0.0,black
polymer_46,[*]=C(C#CC(=[*])COS(=O)(=O)c1ccc(C)cc1)COS(=O)(=O)c1ccc(C)cc1,-72.99999999999997,,GREA,200.15,,1,0.0,black
polymer_47,[*]=C(C#N)N1C(=O)c2ccc(C(=O)c3ccc(-c4ccc5c(c4)C(=O)N(C(=[*])C#N)C5=O)cc3)cc2C1=O,249.0,,GREA,522.15,,1,0.0,black
polymer_48,[*]=C(C#N)NC(=O)c1ccc(C(=O)NC(=[*])C#N)cc1,232.0,,GREA,505.15,,1,0.0,black
polymer_49,[*]=C(C#N)c1ccc(C(=O)OC2CCN(C(=[*])c3ccc(OC)cc3)CC2)cc1,183.0,,GREA,456.15,,1,0.0,black
polymer_50,[*]=C(C#N)c1ccc(C(=O)OCC2CCCN(C(=[*])c3ccc(OC)cc3)C2)cc1,176.0,,GREA,449.15,,1,0.0,black
polymer_51,[*]=C(C#N)c1ccc(C(=O)OCCC2CCN(C(=[*])c3ccc(OC)cc3)CC2)cc1,167.0,,GREA,440.15,,1,0.0,black
polymer_52,[*]=C(C#N)n1c(=O)c2cc3c(=O)n(C(=[*])C#N)c(=O)c3cc2c1=O,210.0,,GREA,483.15,,1,0.0,black
polymer_53,[*]=C(C)CCC(=[*])C,4.0,,GREA,277.15,,1,0.0,black
polymer_54,[*]=C(CCC(=[*])c1ccccc1)c1ccccc1,120.5,,GREA,393.65,,1,0.0,black
polymer_55,[*]=C(Cl)CC(F)(F)C(=[*])F,-17.0,,GREA,256.15,,1,0.0,black
polymer_56,[*]=C(F)C(F)(F)C(F)(C(=[*])F)C(F)(F)F,-3.0,,GREA,270.15,,1,0.0,black
polymer_57,[*]=C(F)C(F)(F)ON(C(F)(F)F)C(F)(F)C(=[*])F,-7.0,,GREA,266.15,,1,0.0,black
polymer_58,[*]=C(OC)c1ccc(C(=[*])OC)s1,91.0,,GREA,364.15,,1,0.0,black
polymer_59,[*]=C([2H])C([2H])([2H])C([2H])([2H])C(=[*])C([2H])([2H])[2H],-57.99999999999997,,GREA,215.15,,1,0.0,black
polymer_60,[*]=C(c1ccc(Oc2ccccc2)cc1)c1ccc(C(=[*])c2ccc(Oc3ccccc3)cc2)cc1,163.0,,GREA,436.15,,1,0.0,black
polymer_61,[*]=C1C(=O)N(CC(CCCCCCCC)CCCCCCCCCC)c2cc(-c3ccc(-c4ccc(-c5ccc6c(c5)N(CC(CCCCCCCC)CCCCCCCCCC)C(=O)C6=[*])s4)s3)ccc21,65.0,,Xie,338.15,,1,0.0,black
polymer_62,[*]=CC(=O)NCCCCCCCCCCNC(=O)C(=[*])C,74.0,,GREA,347.15,,1,0.0,black
polymer_63,[*]=CC(=O)NCCCCCCNC(=O)C(=[*])C,94.0,,GREA,367.15,,1,0.0,black
polymer_64,[*]=CC(=O)NCc1cccc(CNC(=O)C(=[*])C)c1,135.0,,GREA,408.15,,1,0.0,black
polymer_65,[*]=CC(C)CC(=[*])C,2.3000000000000114,,GREA,275.45,,1,0.0,black
polymer_66,[*]=CC(C)S(=O)(=O)CC(=[*])C,83.0,,GREA,356.15,,1,0.0,black
polymer_67,[*]=CC1CC(C=[*])C2C3CCC(C3)C12,207.40000000000003,,GREA,480.55,,1,0.0,black
polymer_68,[*]=CC1CCC(C=[*])C1,31.0,,GREA,304.15,,1,0.0,black
polymer_69,[*]=CCC(F)(F)C(=[*])F,-34.99999999999997,,GREA,238.15,,1,0.0,black
polymer_70,[*]=CCCC(=[*])C(C)(C)C,20.0,,GREA,293.15,,1,0.0,black
polymer_71,[*]=CCCC(=[*])C(C)C,-46.99999999999997,,GREA,226.15,,1,0.0,black
polymer_72,[*]=CCCC(=[*])CCCCCCC,-82.99999999999997,,GREA,190.15,,1,0.0,black
polymer_73,[*]=CCCC(=[*])CCCCCCCCCC,-52.99999999999997,,GREA,220.15,,1,0.0,black
polymer_74,[*]=CCCC(=[*])[Sn](CCCC)(CCCC)CCCC,-79.99999999999997,,GREA,193.15,,1,0.0,black
polymer_75,[*]=CCCC(=[*])c1ccccc1,39.5,,GREA,312.65,,1,0.0,black
polymer_76,[*]=CCCCC(=[*])c1ccc(Cl)cc1,16.0,,GREA,289.15,,1,0.0,black
polymer_77,[*]=CCCCC(=[*])c1ccc(OC)cc1,11.0,,GREA,284.15,,1,0.0,black
polymer_78,[*]=CCCCC(=[*])c1ccccc1,0.0,,GREA,273.15,,1,0.0,black
polymer_79,[*]=CCCCCCCC=[*],-77.99999999999997,,GREA,195.15,,1,0.0,black
polymer_80,[*]=CCCCCCCCCCCC=[*],-52.99999999999997,,GREA,220.15,,1,0.0,black
polymer_81,[*]=CCS(=O)(=O)C(C)C(=[*])C,73.0,,GREA,346.15,,1,0.0,black
polymer_82,[*]=CCS(=O)(=O)CC(=[*])C,88.20000000000005,,GREA,361.35,,1,0.0,black
polymer_83,[*]=Cc1cc(OC)c(/C=C(\c2ccc(OC)cc2)c2ccc(C(=[*])c3ccc(OC)cc3)cc2)cc1OC,170.0,,GREA,443.15,,1,0.0,black
polymer_84,[*]=Cc1ccc(/C=C(\c2ccccc2)c2ccc(-c3ccc(C(=[*])c4ccccc4)cc3)cc2)cc1,220.0,,GREA,493.15,,1,0.0,black
polymer_85,[*]=Cc1ccc(/C=C/c2ccc(N(c3ccccc3)c3ccc(N(c4ccccc4)c4ccc(/C=C/c5ccc(/C=C(\C#N)C(=O)NC6CCCCC6NC(=O)C(=[*])C#N)s5)cc4)cc3)cc2)s1,240.0,,GREA,513.15,,1,0.0,black
polymer_86,[*]=Cc1ccc(/C=C/c2ccc(N(c3ccccc3)c3ccc(N(c4ccccc4)c4ccc(/C=C/c5ccc(/C=C(\C#N)c6cccc(C(=[*])C#N)c6)s5)cc4)cc3)cc2)s1,178.0,,GREA,451.15,,1,0.0,black
polymer_87,[*]=Cc1ccc(C(=[*])c2ccc(C(F)(F)F)cc2)cc1,199.0,,GREA,472.15,,1,0.0,black
polymer_88,[*]=Cc1ccc(C=Cc2ccc(N(c3ccccc3)c3ccc(N(c4ccccc4)c4ccc(C=Cc5ccc(C=C(C#N)C(=O)Nc6cc(-c7ccc(O)c(NC(=O)C(=[*])C#N)c7)ccc6O)s5)cc4)cc3)cc2)s1,221.0,,GREA,494.15,,1,0.0,black
polymer_89,[*]=Cc1ccc(N(c2ccccc2)c2ccc(C=C(c3ccc(OC)cc3)c3ccc(C(=[*])c4ccc(OC)cc4)cc3)cc2)cc1,197.0,,GREA,470.15,,1,0.0,black
polymer_90,[*]=Cc1ccc(N(c2ccccc2)c2ccc(N(c3ccccc3)c3ccc(/C=C(\C#N)C(=O)NC4CCCCC4NC(=O)C(=[*])C#N)cc3)cc2)cc1,239.0,,GREA,512.15,,1,0.0,black
polymer_91,[*]=Cc1ccc(OCC(O)COC(=O)CCCCC(=O)OCC(O)COc2ccc(C(=[*])C)cc2)cc1,33.0,,GREA,306.15,,1,0.0,black
polymer_92,[*]=Cc1ccc(OCC(O)COC(=O)CCCCCCCCC(=O)OCC(O)COc2ccc(C(=[*])C)cc2)cc1,30.0,,GREA,303.15,,1,0.0,black
polymer_93,[*]=Cc1ccc(OCCCCCCCCCCOc2ccc(/C=C3\CCCC(=[*])C3=O)cc2)cc1,85.0,,GREA,358.15,,1,0.0,black
polymer_94,[*]=Cc1ccc(OCCCCCCCCOc2ccc(/C=C3\CCCC(=[*])C3=O)cc2)cc1,90.0,,GREA,363.15,,1,0.0,black
polymer_95,[*]=Cc1ccc(OCCCCCCOc2ccc(/C=C3\CCCC(=[*])C3=O)cc2)cc1,116.0,,GREA,389.15,,1,0.0,black
polymer_96,[*]=Cc1ccc(OCCOCCOCCOCCOCCOc2ccc(C(=[*])C)cc2)cc1,17.0,,GREA,290.15,,1,0.0,black
polymer_97,[*]=Cc1ccc(OCCOCCOCCOCCOc2ccc(C(=[*])C)cc2)cc1,7.5,,GREA,280.65,,1,0.0,black
polymer_98,[*]=Cc1ccc(OCCOCCOCCOc2ccc(C(=[*])C)cc2)cc1,16.0,,GREA,289.15,,1,0.0,black
polymer_99,[*]=Cc1ccc(OCCOCCOc2ccc(C(=[*])C)cc2)cc1,39.0,,GREA,312.15,,1,0.0,black
polymer_100,[*]=Cc1ccc(Oc2ccc(-c3nnc(-c4ccc(Oc5ccc(C=[*])cc5)cc4)o3)cc2)cc1,215.0,,GREA,488.15,,1,0.0,black
polymer_101,[*]=Cc1ccc(Oc2ccc(S(=O)(=O)c3ccc(Oc4ccc(/C=C5\CCC(=[*])C5=O)cc4)cc3)cc2)cc1,235.0,,GREA,508.15,,1,0.0,black
polymer_102,[*]=Cc1ccc(Oc2ccc(S(=O)(=O)c3ccc(Oc4ccc(/C=C5\CCCC(=[*])C5=O)cc4)cc3)cc2)cc1,190.0,,GREA,463.15,,1,0.0,black
polymer_103,[*]=Cc1ccc(Oc2ccc(S(=O)(=O)c3ccc(Oc4ccc(/C=C5\CCCCC(=[*])C5=O)cc4)cc3)cc2)cc1,186.0,,GREA,459.15,,1,0.0,black
polymer_104,[*]=Cc1ccc(Oc2ccc(S(=O)(=O)c3ccc(Oc4ccc(C5(c6ccc(Oc7ccc(S(=O)(=O)c8ccc(Oc9ccc(/C=C%10\CCC(=[*])C%10=O)cc9)cc8)cc7)cc6)CCCC5)cc4)cc3)cc2)cc1,240.0,,GREA,513.15,,1,0.0,black
polymer_105,[*]=Cc1ccc(Oc2ccc(S(=O)(=O)c3ccc(Oc4ccc(C5(c6ccc(Oc7ccc(S(=O)(=O)c8ccc(Oc9ccc(/C=C%10\CCCC(=[*])C%10=O)cc9)cc8)cc7)cc6)CCCCC5)cc4)cc3)cc2)cc1,190.0,,GREA,463.15,,1,0.0,black
polymer_106,[*]=Cc1ccc(Oc2ccc(S(=O)(=O)c3ccc(Oc4ccc(C5(c6ccc(Oc7ccc(S(=O)(=O)c8ccc(Oc9ccc(/C=C%10\CCCCC(=[*])C%10=O)cc9)cc8)cc7)cc6)CCCCCC5)cc4)cc3)cc2)cc1,196.0,,GREA,469.15,,1,0.0,black
polymer_107,[*]=Cc1ccc2c(c1)c1cc(/C=C(\C#N)C(=O)OCCCCCCOC(=O)C(=[*])C#N)ccc1n2CCCCCCCCCCCOc1ccc(/C=C/c2ccc([N+](=O)[O-])cc2)cc1,87.0,,GREA,360.15,,1,0.0,black
polymer_108,[*]=Cc1ccc2c(c1)c1cc(/C=C(\C#N)C(=O)OCCCCCCOC(=O)C(=[*])C#N)ccc1n2CCCCCCCCCCCn1c2ccccc2c2ccccc21,63.0,,GREA,336.15,,1,0.0,black
polymer_109,[*]=Cc1ccc2c(c1)c1ccccc1n2CCCCCCCCCCn1c2ccccc2c2cc(/C=C(\C#N)C(=O)OCCCCCCOC(=O)C(=[*])C#N)ccc21,94.5,,GREA,367.65,,1,0.0,black
polymer_110,[*]=Cc1ccc2c(c1)c1ccccc1n2CCCCCCCCCn1c2ccccc2c2cc(/C=C(\C#N)C(=O)OCCCCCCOC(=O)C(=[*])C#N)ccc21,96.40000000000003,,GREA,369.55,,1,0.0,black
polymer_111,[*]=Cc1ccc2c(c1)c1ccccc1n2CCCCCCCCn1c2ccccc2c2cc(/C=C(\C#N)C(=O)OCCCCCCOC(=O)C(=[*])C#N)ccc21,96.70000000000005,,GREA,369.85,,1,0.0,black
polymer_112,[*]=Cc1ccc2c(c1)c1ccccc1n2CCCCCCCn1c2ccccc2c2cc(/C=C(\C#N)C(=O)OCCCCCCOC(=O)C(=[*])C#N)ccc21,107.80000000000001,,GREA,380.95,,1,0.0,black
polymer_113,[*]=Cc1ccc2c(c1)c1ccccc1n2CCCCCCn1c2ccccc2c2cc(/C=C(\C#N)C(=O)OCCCCCCOC(=O)C(=[*])C#N)ccc21,117.70000000000005,,GREA,390.85,,1,0.0,black
polymer_114,[*]=Cc1ccc2c(c1)c1ccccc1n2CCCCOC(=O)Nc1ccc(Cc2ccc(NC(=O)OCCCCn3c4ccccc4c4cc(/C=C(\C#N)C(=O)OCCCCCCOC(=O)C(=[*])C#N)ccc43)cc2)cc1,122.0,,GREA,395.15,,1,0.0,black
polymer_115,[*]=NCCCCCCCCCCNC(=[*])C,80.0,,GREA,353.15,,1,0.0,black
polymer_116,[*]=NCCCCCCCCCCNC(=[*])c1ccccc1,10.0,,GREA,283.15,,1,0.0,black
polymer_117,[*]=NP(=NP(=NC(=[*])Oc1ccc(Br)cc1)(Oc1ccc(Br)cc1)Oc1ccc(Br)cc1)(Oc1ccc(Br)cc1)Oc1ccc(Br)cc1,45.0,,GREA,318.15,,1,0.0,black
polymer_118,[*]=NP(=NP(=NC(=[*])Oc1ccc(C(=O)OC)cc1)(Oc1ccc(C(=O)OC)cc1)Oc1ccc(C(=O)OC)cc1)(Oc1ccc(C(=O)OC)cc1)Oc1ccc(C(=O)OC)cc1,52.0,,GREA,325.15,,1,0.0,black
polymer_119,[*]=NP(=NP(=NC(=[*])Oc1ccc(C(C)(C)C)cc1)(Oc1ccc(C(C)(C)C)cc1)Oc1ccc(C(C)(C)C)cc1)(Oc1ccc(C(C)(C)C)cc1)Oc1ccc(C(C)(C)C)cc1,74.0,,GREA,347.15,,1,0.0,black
polymer_120,[*]=NP(=NP(=NC(=[*])Oc1ccc(C(C)(C)c2ccccc2)cc1)(Oc1ccc(C(C)(C)c2ccccc2)cc1)Oc1ccc(C(C)(C)c2ccccc2)cc1)(Oc1ccc(C(C)(C)c2ccccc2)cc1)Oc1ccc(C(C)(C)c2ccccc2)cc1,55.0,,GREA,328.15,,1,0.0,black
polymer_121,[*]=NP(=NP(=NC(=[*])Oc1ccc(C(F)(F)F)cc1)(Oc1ccc(C(F)(F)F)cc1)Oc1ccc(C(F)(F)F)cc1)(Oc1ccc(C(F)(F)F)cc1)Oc1ccc(C(F)(F)F)cc1,31.0,,GREA,304.15,,1,0.0,black
polymer_122,[*]=NP(=NP(=NC(=[*])Oc1ccc(OC)cc1)(Oc1ccc(OC)cc1)Oc1ccc(OC)cc1)(Oc1ccc(OC)cc1)Oc1ccc(OC)cc1,37.0,,GREA,310.15,,1,0.0,black
polymer_123,[*]=NP(=NP(=NC(=[*])Oc1ccccc1)(Oc1ccccc1)Oc1ccccc1)(Oc1ccccc1)Oc1ccccc1,18.0,,GREA,291.15,,1,0.0,black
polymer_124,[*]=NP(=NP(=NC(=[*])Oc1ccccc1C(F)(F)F)(Oc1ccccc1C(F)(F)F)Oc1ccccc1C(F)(F)F)(Oc1ccccc1C(F)(F)F)Oc1ccccc1C(F)(F)F,-19.99999999999997,,GREA,253.15,,1,0.0,black
polymer_125,[*]=NP(=NP(=NS(=[*])(=O)Nc1ccccc1)(Nc1ccccc1)Nc1ccccc1)(Nc1ccccc1)Nc1ccccc1,82.0,,GREA,355.15,,1,0.0,black
polymer_126,[*]=NP(=NP(=NS(=[*])Oc1ccc(-c2ccccc2)cc1)(Oc1ccc(-c2ccccc2)cc1)Oc1ccc(-c2ccccc2)cc1)(Oc1ccc(-c2ccccc2)cc1)Oc1ccc(-c2ccccc2)cc1,69.0,,GREA,342.15,,1,0.0,black
polymer_127,[*]=NP(=NP(=NS(=[*])Oc1ccc(C(C)(C)C)cc1)(Oc1ccc(-c2ccccc2)cc1)Oc1ccc(-c2ccccc2)cc1)(Oc1ccc(-c2ccccc2)cc1)Oc1ccc(-c2ccccc2)cc1,54.0,,GREA,327.15,,1,0.0,black
polymer_128,[*]=NP(=NS(=O)(=NP(=[*])(NC)NC)NC)(NC)NC,22.0,,GREA,295.15,,1,0.0,black
polymer_129,[*]=NP(=NS(=O)(=NP(=[*])(NCC)NCC)NCC)(NCC)NCC,4.0,,GREA,277.15,,1,0.0,black
polymer_130,[*]=NP(=NS(=O)(=NP(=[*])(NCC=C)NCC=C)NCC=C)(NCC=C)NCC=C,-17.99999999999997,,GREA,255.15,,1,0.0,black
polymer_131,[*]=NP(=NS(=O)(=NP(=[*])(NCCC)NCCC)NCCC)(NCCC)NCCC,6.0,,GREA,279.15,,1,0.0,black
polymer_132,[*]=NP(=NS(=O)(=NP(=[*])(NCCCC)NCCCC)NCCCC)(NCCCC)NCCCC,-16.0,,GREA,257.15,,1,0.0,black
polymer_133,[*]=NP(=NS(=O)(=NP(=[*])(NCCCCCC)NCCCCCC)NCCCCCC)(NCCCCCC)NCCCCCC,-17.99999999999997,,GREA,255.15,,1,0.0,black
polymer_134,[*]=NP(Cl)(Cl)=NP(Cl)(Cl)=NC(=[*])Cl,-20.99999999999997,,GREA,252.15,,1,0.0,black
polymer_135,[*]=NP(Cl)(Cl)=NP(Cl)(Cl)=NS(=[*])(=O)F,-55.99999999999997,,GREA,217.15,,1,0.0,black
polymer_136,[*]=NP(Cl)(Cl)=NP(Cl)(Cl)=NS(=[*])Cl,-39.99999999999997,,GREA,233.15,,1,0.0,black
polymer_137,[*]=NS(=NP(=NP(=[*])(Cl)Oc1cccc(-c2ccccc2)c1)(Oc1cccc(-c2ccccc2)c1)Oc1cccc(-c2ccccc2)c1)Oc1cccc(-c2ccccc2)c1,32.0,,GREA,305.15,,1,0.0,black
polymer_138,[*]=NS(=NP(Cl)(=NP(=[*])(Cl)Oc1ccccc1-c1ccccc1)Oc1ccccc1-c1ccccc1)Oc1ccccc1-c1ccccc1,79.0,,GREA,352.15,,1,0.0,black
polymer_139,[*]=Nc1ccc(/N=C(\C)c2ccc(Oc3ccc(C(C)(C)c4ccc(Oc5ccc(C(=[*])C)cc5)cc4)cc3)cc2)cc1,161.0,,GREA,434.15,,1,0.0,black
polymer_140,[*]=Nc1ccc(/N=C(\C)c2ccc(Oc3ccc(C(c4ccccc4)(c4ccccc4)c4ccc(Oc5ccc(C(=[*])C)cc5)cc4)cc3)cc2)cc1,178.0,,GREA,451.15,,1,0.0,black
polymer_141,[*]=Nc1ccc(/N=C(\c2ccccc2)c2ccc(C(=[*])c3ccccc3)cc2)cc1,179.0,,GREA,452.15,,1,0.0,black
polymer_142,[*]=Nc1ccc(/N=C(\c2ccccc2)c2ccc(Oc3ccc(-c4ccc(Oc5ccc(C(=[*])c6ccccc6)cc5)cc4)cc3)cc2)cc1,195.0,,GREA,468.15,,1,0.0,black
polymer_143,[*]=Nc1ccc(/N=C(\c2ccccc2)c2ccc(Oc3ccc(C(c4ccccc4)(c4ccccc4)c4ccc(Oc5ccc(C(=[*])c6ccccc6)cc5)cc4)cc3)cc2)cc1,198.0,,GREA,471.15,,1,0.0,black
polymer_144,[*]=Nc1ccc(/N=C(\c2ccccc2)c2ccc(Oc3ccc(Oc4ccc(C(=[*])c5ccccc5)cc4)cc3)cc2)cc1,176.0,,GREA,449.15,,1,0.0,black
polymer_145,[*]=Nc1ccc(/N=C(\c2ccccc2)c2ccc(Oc3ccc4ccc(Oc5ccc(C(=[*])c6ccccc6)cc5)cc4c3)cc2)cc1,171.0,,GREA,444.15,,1,0.0,black
polymer_146,[*]=Nc1ccc(Cc2ccc(NC(=[*])C)cc2)cc1,142.0,,GREA,415.15,,1,0.0,black
polymer_147,[*]=Nc1ccc(Cc2ccc(NC(=[*])CC)cc2)cc1,130.0,,GREA,403.15,,1,0.0,black
polymer_148,[*]=Nc1ccc(Cc2ccc(NC(=[*])CCC)cc2)cc1,110.0,,GREA,383.15,,1,0.0,black
polymer_149,[*]=Nc1ccc(Cc2ccc(NC(=[*])CCCC)cc2)cc1,106.0,,GREA,379.15,,1,0.0,black
polymer_150,[*]=Nc1ccc(Cc2ccc(NC(=[*])c3ccccc3)cc2)cc1,158.0,,GREA,431.15,,1,0.0,black
polymer_151,[*]=Nc1ccc(N=C(C=CC(=[*])c2ccccc2)c2ccccc2)cc1,157.0,,GREA,430.15,,1,0.0,black
polymer_152,[*]=Nc1ccc(Oc2ccc(/N=C(\C)c3ccc(Oc4ccc(C(C)(C)c5ccc(Oc6ccc(C(=[*])C)cc6)cc5)cc4)cc3)cc2)cc1,141.0,,GREA,414.15,,1,0.0,black
polymer_153,[*]=Nc1ccc(Oc2ccc(/N=C(\C)c3ccc(Oc4ccc(C(c5ccccc5)(c5ccccc5)c5ccc(Oc6ccc(C(=[*])C)cc6)cc5)cc4)cc3)cc2)cc1,150.0,,GREA,423.15,,1,0.0,black
polymer_154,[*]=Nc1ccc(Oc2ccc(/N=C(\c3ccccc3)c3ccc(Oc4ccc(C(c5ccccc5)(c5ccccc5)c5ccc(Oc6ccc(C(=[*])c7ccccc7)cc6)cc5)cc4)cc3)cc2)cc1,177.0,,GREA,450.15,,1,0.0,black
polymer_155,[*]=Nc1ccc(Oc2ccc(/N=C(\c3ccccc3)c3ccc(Oc4ccc5ccc(Oc6ccc(C(=[*])c7ccccc7)cc6)cc5c4)cc3)cc2)cc1,165.0,,GREA,438.15,,1,0.0,black
polymer_156,[*]=Nc1ccc(Oc2ccc(C(c3ccc(Oc4ccc(/N=C5/OC(=O)c6ccc(C(=O)c7ccc8c(c7)C(=[*])OC8=O)cc65)cc4)cc3)(C(F)(F)F)C(F)(F)F)cc2)cc1,248.0,,GREA,521.15,,1,0.0,black
polymer_157,[*]=Nc1ccc(Oc2ccc(C(c3ccc(Oc4ccc(N=C5OC(=O)c6cc7c(cc65)C(=[*])OC7=O)cc4)cc3)(C(F)(F)F)C(F)(F)F)cc2)cc1,287.0,,GREA,560.15,,1,0.0,black
polymer_158,[*]=Nc1ccc(Oc2ccc(N=C(c3ccccc3)c3ccc(Oc4ccc(-c5ccc(Oc6ccc(C(=[*])c7ccccc7)cc6)cc5)cc4)cc3)cc2)cc1,174.0,,GREA,447.15,,1,0.0,black
polymer_159,[*]=Nc1ccc(Oc2ccc(N=C(c3ccccc3)c3ccc(Oc4ccc(Oc5ccc(C(=[*])c6ccccc6)cc5)cc4)cc3)cc2)cc1,162.0,,GREA,435.15,,1,0.0,black
polymer_160,[*]=Nc1ccc(Oc2cccc(N=C3OC(=O)c4ccc(C(=O)c5ccc6c(c5)C(=[*])OC6=O)cc43)c2)cc1,253.0,,GREA,526.15,,1,0.0,black
polymer_161,[*]=Nc1cccc(/N=C(/C=C/C(=[*])c2ccccc2)c2ccccc2)c1,178.0,,GREA,451.15,,1,0.0,black
polymer_162,[*]=Nc1cccc(/N=C(\c2ccccc2)c2ccc(C(=[*])c3ccccc3)cc2)c1,179.0,,GREA,452.15,,1,0.0,black
polymer_163,[*]=Nc1cccc(Oc2cccc(Oc3cccc(N=C4OC(=O)c5ccc(C(=O)c6ccc7c(c6)C(=[*])OC7=O)cc54)c3)c2)c1,190.0,,GREA,463.15,,1,0.0,black
polymer_164,[*]=Nc1cccc(S(=O)(=O)c2cccc(/N=C3/OC(=O)c4ccc(Oc5ccc6c(c5)C(=O)OC6=[*])cc43)c2)c1,190.0,,GREA,463.15,,1,0.0,black
polymer_165,[*]C#CC#CC(C)OC(=O)c1ccc(C(=O)OC([*])C)cc1,133.0,,GREA,406.15,,1,0.0,black
polymer_166,[*]C#CC#Cc1cc(C(C)(C)C)cc2c3cc(C(C)(C)C)cc([*])c3n(CCCCCCCCCCCCCCCC)c12,67.0,,GREA,340.15,,1,0.0,black
polymer_167,[*]C#C[Si](C)(C)C#C[Si](C)(C)C#C[Si](C)(C)O[Si](C)(C)C#C[Si](C)(C)C#C[Si](C)(C)C#C[Si]([*])(C)C,-12.599999999999966,,GREA,260.55,,1,0.0,black
polymer_168,[*]C#C[Si](C)(C)C#C[Si](C)(C)C#C[Si](C)(C)O[Si](C)(C)C#C[Si](C)(C)C#C[Si]([*])(C)C,-16.099999999999966,,GREA,257.05,,1,0.0,black
polymer_169,[*]C#C[Si](C)(C)C#C[Si](C)(C)O[Si](C)(C)C#C[Si](C)(C)C#C[Si]([*])(C)C,-22.99999999999997,,GREA,250.15,,1,0.0,black
polymer_170,[*]C#Cc1cc(C(C)(C)C)cc2c3cc(C(C)(C)C)cc([*])c3n(CCCCCCCCCCCCCCCC)c12,80.0,,GREA,353.15,,1,0.0,black
polymer_171,[*]C#Cc1ccc(-c2nnc(-c3ccc(C#Cc4cc(OCCCCCCCC)c([*])cc4OCCCCCCCC)cc3)o2)cc1,130.0,,GREA,403.15,,1,0.0,black
polymer_172,[*]C#Cc1ccc(C#C[Si](C)(C)O[Si](C)(C)O[Si](C)(C)O[Si](C)(C)O[Si](C)(C)O[Si]([*])(C)C)cc1,78.0,,GREA,351.15,,1,0.0,black
polymer_173,[*]C#Cc1ccc(C#C[Si](C)(C)O[Si](C)(C)O[Si](C)(C)O[Si](C)(C)O[Si]([*])(C)C)cc1,84.0,,GREA,357.15,,1,0.0,black
polymer_174,[*]C#Cc1ccc(C#C[Si](C)(C)O[Si](C)(C)O[Si](C)(C)O[Si]([*])(C)C)cc1,96.0,,GREA,369.15,,1,0.0,black
polymer_175,[*]C#Cc1ccc(C#C[Si](C)(C)O[Si](C)(C)O[Si]([*])(C)C)cc1,104.0,,GREA,377.15,,1,0.0,black
polymer_176,[*]C#Cc1ccc(C#C[Si](C)(C)O[Si]([*])(C)C)cc1,126.0,,GREA,399.15,,1,0.0,black
polymer_177,[*]C#Cc1cccc(C#C[SiH]([*])C)c1,72.0,,GREA,345.15,,1,0.0,black
polymer_178,[*]C#Cc1cccc(C#C[Si]([*])(C)C)c1,50.0,,GREA,323.15,,1,0.0,black
polymer_179,[*]C(=C(Cl)Cl)c1ccc(OCOc2ccc([*])cc2)cc1,108.0,,GREA,381.15,,1,0.0,black
polymer_180,[*]C(=C)c1ccc(Oc2ccc(S(=O)(=O)c3ccc(Oc4ccc([*])cc4)cc3)cc2)cc1,167.0,,GREA,440.15,,1,0.0,black
polymer_181,[*]C(=Nc1ccccc1)c1ccc(-c2ccc([*])cc2)cc1,225.0,,GREA,498.15,,1,0.0,black
polymer_182,[*]C(=Nc1ccccc1)c1ccc(Oc2ccc(Oc3cccc(Oc4ccc(Oc5ccc([*])cc5)cc4)n3)cc2)cc1,135.0,,GREA,408.15,,1,0.0,black
polymer_183,[*]C(=O)C(F)(F)C(F)(F)C(F)(F)C(=O)N(CCCCCCN([*])CC(F)(F)C(F)(F)C(F)(F)C(F)(F)C(F)(F)C(F)(F)C(F)(F)F)CC(F)(F)C(F)(F)C(F)(F)C(F)(F)C(F)(F)C(F)(F)C(F)(F)F,187.5,,GREA,460.65,,1,0.0,black
polymer_184,[*]C(=O)C(F)(F)C(F)(F)C(F)(F)C(=O)N(CCCCCCN([*])CC(F)(F)C(F)(F)F)CC(F)(F)C(F)(F)F,174.0,,GREA,447.15,,1,0.0,black
polymer_185,[*]C(=O)C(F)(OC(F)(F)C(F)(F)S(=O)(=O)N([*])[Li])C(F)(F)F,67.0,,GREA,340.15,,1,0.0,black
polymer_186,[*]C(=O)CCCCCCCCC(=O)N1CC(C)N([*])CC1C,-60.49999999999997,,GREA,212.65,,1,0.0,black
polymer_187,[*]C(=O)N(C(=O)c1ccc(OCCCCCCOc2ccc([*])cc2)cc1)c1ccc(Oc2ccccc2)cc1,78.0,,GREA,351.15,,1,0.0,black
polymer_188,[*]C(=O)N(C(=O)c1ccc(OCCCCCCOc2ccc([*])cc2)cc1)c1cccc2ccccc12,56.0,,GREA,329.15,,1,0.0,black
polymer_189,[*]C(=O)N(C(=O)c1ccc(OCCCCCCOc2ccc([*])cc2)cc1)c1ccccc1,100.0,,GREA,373.15,,1,0.0,black
polymer_190,[*]C(=O)N(C(=O)c1ccc([*])cc1)c1ccccc1,179.0,,GREA,452.15,,1,0.0,black
polymer_191,[*]C(=O)N(C(=O)c1ccc([*])cc1Sc1ccccc1)c1ccccc1,152.0,,GREA,425.15,,1,0.0,black
polymer_192,[*]C(=O)N(C(=O)c1cccc([*])c1)c1ccccc1,148.0,,GREA,421.15,,1,0.0,black
polymer_193,[*]C(=O)N1CCN(C(=O)c2cccc([*])c2)CC1,214.5,,GREA,487.65,,1,0.0,black
polymer_194,[*]C(=O)N1CCN(C(=O)c2ccccc2-c2ccccc2[*])CC1,193.0,,GREA,466.15,,1,0.0,black
polymer_195,[*]C(=O)NC(=O)Oc1ccc(C(C)(C)c2ccc(OC(=O)NC(=O)c3cc([*])cc(C(C)(C)C)c3)cc2)cc1,123.5,,GREA,396.65,,1,0.0,black
polymer_196,[*]C(=O)NC(=O)Oc1ccc(Oc2ccc(OC(=O)NC(=O)c3cc([*])cc(C(C)(C)C)c3)cc2)cc1,114.5,,GREA,387.65,,1,0.0,black
polymer_197,[*]C(=O)NC1CC(C)(C)CC(C)(CNC(=O)c2cc([*])cc(NC(=O)C(C(C)CC)N3C(=O)c4ccccc4C3=O)c2)C1,128.0,,GREA,401.15,,1,0.0,black
polymer_198,[*]C(=O)NCC(C)(C)CNC(=O)c1c([*])ncn1C,152.0,,GREA,425.15,,1,0.0,black
polymer_199,[*]C(=O)NCC1CCC(CNC(=O)c2cc([*])cc(C(C)(C)C)c2)CC1,236.0,,GREA,509.15,,1,0.0,black
polymer_200,[*]C(=O)NCC1CCCC(CNC(=O)c2cc([*])cc(C(C)(C)C)c2)C1,200.0,,GREA,473.15,,1,0.0,black
polymer_201,[*]C(=O)NCCCCCCCCCCCCNC(=O)C(OC)C([*])OC,84.0,,GREA,357.15,,1,0.0,black
polymer_202,[*]C(=O)NCCCCCCCCCNC(=O)C(OC)C([*])OC,84.0,,GREA,357.15,,1,0.0,black
polymer_203,[*]C(=O)NCCCCCCCCNC(=O)C(OC)C([*])OC,89.0,,GREA,362.15,,1,0.0,black
polymer_204,[*]C(=O)NCCCCCCCNC(=O)C(OC)C([*])OC,87.0,,GREA,360.15,,1,0.0,black
polymer_205,[*]C(=O)NCCCCCCNC(=O)C(OC)C([*])OC,106.0,,GREA,379.15,,1,0.0,black
polymer_206,[*]C(=O)NCCCCCCNC(=O)c1c([*])ncn1C,86.0,,GREA,359.15,,1,0.0,black
polymer_207,[*]C(=O)NCCCCCCNC(=O)c1cc([*])cc(C(C)(C)C)c1,163.0,,GREA,436.15,,1,0.0,black
polymer_208,[*]C(=O)NCCCCCCNC(=O)c1cc([*])cc(NC(=O)C(C(C)CC)N2C(=O)c3ccccc3C2=O)c1,135.0,,GREA,408.15,,1,0.0,black
polymer_209,[*]C(=O)NCCCCCCNC(=O)c1cc([*])cc(NC(=O)c2ccc(NC(=O)C(CC(C)C)N3C(=O)c4ccccc4C3=O)cc2)c1,200.0,,GREA,473.15,,1,0.0,black
polymer_210,[*]C(=O)NCCCCCNC(=O)C(OC)C([*])OC,113.0,,GREA,386.15,,1,0.0,black
polymer_211,[*]C(=O)NCCCCNC(=O)C(OC)C([*])OC,100.0,,GREA,373.15,,1,0.0,black
polymer_212,[*]C(=O)NCCCNC(=O)C(OC)C([*])OC,123.0,,GREA,396.15,,1,0.0,black
polymer_213,[*]C(=O)NCCNC(=O)c1c([*])ncn1C,189.0,,GREA,462.15,,1,0.0,black
polymer_214,[*]C(=O)NCc1ccc(CNC(=O)c2cc([*])cc(C(C)(C)C)c2)cc1,204.0,,GREA,477.15,,1,0.0,black
polymer_215,[*]C(=O)NCc1cccc(CNC(=O)c2cc([*])cc(C(C)(C)C)c2)c1,192.0,,GREA,465.15,,1,0.0,black
polymer_216,[*]C(=O)NNC(=O)c1ccc([*])cc1OCC,240.0,,GREA,513.15,,1,0.0,black
polymer_217,[*]C(=O)NNC(=O)c1ccc([*])cc1OCCCCC,234.0,,GREA,507.15,,1,0.0,black
polymer_218,[*]C(=O)NNC(=O)c1ccc([*])cc1OCCCCCCCC,203.5,,GREA,476.65,,1,0.0,black
polymer_219,[*]C(=O)NNC(=O)c1ccc([*])cc1OCCCCCCCCCC,193.0,,GREA,466.15,,1,0.0,black
polymer_220,[*]C(=O)Nc1c(C)cc(-c2cc(C)c(NC(=O)c3ccc(C)c(N4C(=O)c5ccc(C(c6ccc7c(c6)C(=O)N(c6cc([*])ccc6C)C7=O)(C(F)(F)F)C(F)(F)F)cc5C4=O)c3)c(C)c2)cc1C,250.0,,GREA,523.15,,1,0.0,black
polymer_221,[*]C(=O)Nc1cc(NC(=O)c2cc([*])cc(OCCCS(=O)(=O)c3ccc(/N=N/c4ccc(N(C)C)cc4)cc3)c2)cc(C(=O)OCCCN(C)c2ccc(/N=N/c3ccc(S(C)(=O)=O)cc3)cc2)c1,166.0,,GREA,439.15,,1,0.0,black
polymer_222,[*]C(=O)Nc1ccc(-c2ccc(NC(=O)N3CC(C)N([*])CC3C)cc2)cc1,250.0,,GREA,523.15,,1,0.0,black
polymer_223,[*]C(=O)Nc1ccc(-c2ccc(NC(=O)c3cc([*])cc(NC(=O)c4ccc(NC(=O)C(C)N5C(=O)c6ccccc6C5=O)cc4)c3)cc2)cc1,202.0,,GREA,475.15,,1,0.0,black
polymer_224,[*]C(=O)Nc1ccc(-c2ccc(NC(=O)c3cc([*])cc(NC(=O)c4ccncc4)c3)cc2)cc1,339.0,,GREA,612.15,,1,0.0,black
polymer_225,[*]C(=O)Nc1ccc(-c2ccc(Oc3ccc(C(C)(C)c4ccc(Oc5ccc(-c6ccc(NC(=O)c7cc([*])cc(C(C)(C)C)c7)cc6)cc5C(F)(F)F)cc4)cc3)c(C(F)(F)F)c2)cc1,248.5,,GREA,521.65,,1,0.0,black
polymer_226,[*]C(=O)Nc1ccc(-c2ccc(Oc3ccc(C(c4ccc(Oc5ccc(-c6ccc(NC(=O)c7cc([*])cc(C(C)(C)C)c7)cc6)cc5C(F)(F)F)cc4)(C(F)(F)F)C(F)(F)F)cc3)c(C(F)(F)F)c2)cc1,251.5,,GREA,524.65,,1,0.0,black
polymer_227,[*]C(=O)Nc1ccc(-c2ccc(Oc3ccc(C4(c5ccc(Oc6ccc(-c7ccc(NC(=O)c8cc([*])cc(C(C)(C)C)c8)cc7)cc6C(F)(F)F)cc5)c5ccccc5-c5ccccc54)cc3)c(C(F)(F)F)c2)cc1,278.0,,GREA,551.15,,1,0.0,black
polymer_228,[*]C(=O)Nc1ccc(-c2nnc(-c3ccc(NC(=O)c4cc([*])cc(NC(=O)c5ccc(OC(C)=O)cc5)c4)cc3)o2)cc1,280.0,,GREA,553.15,,1,0.0,black
polymer_229,[*]C(=O)Nc1ccc(C(=O)c2ccc(NC(=O)c3cc([*])cc(C(C)(C)C)c3)cc2)cc1,271.0,,GREA,544.15,,1,0.0,black
polymer_230,[*]C(=O)Nc1ccc(C(c2ccc(NC(=O)c3cc([*])cc(C(C)(C)C)c3)cc2)(C(F)(F)F)C(F)(F)F)cc1,284.1,,GREA,557.25,,1,0.0,black
polymer_231,[*]C(=O)Nc1ccc(C(c2ccc(NC(=O)c3cc([*])cc(C(C)(C)C)c3)cc2)(P2(=O)Oc3ccccc3-c3ccccc32)P2(=O)Oc3ccccc3-c3ccccc32)cc1,235.0,,GREA,508.15,,1,0.0,black
polymer_232,[*]C(=O)Nc1ccc(C(c2ccc(NC(=O)c3cc([*])cc(NC(=O)CCCCCN4C(=O)c5ccccc5C4=O)c3)cc2)(C(F)(F)F)C(F)(F)F)cc1,225.0,,GREA,498.15,,1,0.0,black
polymer_233,[*]C(=O)Nc1ccc(C(c2ccc(NC(=O)c3cc([*])cc(NC(=O)CCCN4C(=O)c5ccccc5C4=O)c3)cc2)(C(F)(F)F)C(F)(F)F)cc1,240.0,,GREA,513.15,,1,0.0,black
polymer_234,[*]C(=O)Nc1ccc(C(c2ccc(NC(=O)c3ccc(C)c(N4C(=O)c5ccc(C(c6ccc7c(c6)C(=O)N(c6cc([*])ccc6C)C7=O)(C(F)(F)F)C(F)(F)F)cc5C4=O)c3)cc2)(C(F)(F)F)C(F)(F)F)cc1,293.5,,GREA,566.65,,1,0.0,black
polymer_235,[*]C(=O)Nc1ccc(C(c2ccc(NC(=O)c3ccc(N4C(=O)c5ccc(C(c6ccc7c(c6)C(=O)N(c6ccc([*])cc6C)C7=O)(C(F)(F)F)C(F)(F)F)cc5C4=O)c(C)c3)cc2)(C(F)(F)F)C(F)(F)F)cc1,344.0,,GREA,617.15,,1,0.0,black
polymer_236,[*]C(=O)Nc1ccc(C(c2ccc(NC(=O)c3ccc4c(c3)C(=O)N(c3ccc([*])c(C)c3)C4=O)cc2)(C(F)(F)F)C(F)(F)F)cc1,355.0,,GREA,628.15,,1,0.0,black
polymer_237,[*]C(=O)Nc1ccc(C(c2ccc(NC(=O)c3cccc(N4C(=O)c5ccc(C(c6ccc7c(c6)C(=O)N(c6cccc([*])c6C)C7=O)(C(F)(F)F)C(F)(F)F)cc5C4=O)c3C)cc2)(C(F)(F)F)C(F)(F)F)cc1,250.0,,GREA,523.15,,1,0.0,black
polymer_238,[*]C(=O)Nc1ccc(C)c(NC(=O)c2cc([*])cc(NC(=O)C(C(C)CC)N3C(=O)c4ccccc4C3=O)c2)c1,166.0,,GREA,439.15,,1,0.0,black
polymer_239,[*]C(=O)Nc1ccc(C2(c3ccc(NC(=O)c4cc([*])cc(C(C)(C)C)c4)cc3)c3ccccc3-c3ccccc32)cc1,284.0,,GREA,557.15,,1,0.0,black
polymer_240,[*]C(=O)Nc1ccc(Cc2ccc(NC(=O)c3cc([*])cc(NC(=O)C(C(C)CC)N4C(=O)c5ccccc5C4=O)c3)cc2)cc1,195.0,,GREA,468.15,,1,0.0,black
polymer_241,[*]C(=O)Nc1ccc(Cc2ccc(NC(=O)c3cc([*])cc(NC(=O)CCCCCCCCCCN4C(=O)c5ccccc5C4=O)c3)cc2)cc1,150.0,,GREA,423.15,,1,0.0,black
polymer_242,[*]C(=O)Nc1ccc(Cc2ccc(NC(=O)c3cc([*])cc(NC(=O)CCCCCN4C(=O)c5ccccc5C4=O)c3)cc2)cc1,195.0,,GREA,468.15,,1,0.0,black
polymer_243,[*]C(=O)Nc1ccc(Cc2ccc(NC(=O)c3cc([*])cc(NC(=O)CCCN4C(=O)c5ccccc5C4=O)c3)cc2)cc1,220.0,,GREA,493.15,,1,0.0,black
polymer_244,[*]C(=O)Nc1ccc(Cc2ccc(NC(=O)c3cc([*])cc(NC(=O)CCN4C(=O)c5ccccc5C4=O)c3)cc2)cc1,235.0,,GREA,508.15,,1,0.0,black
polymer_245,[*]C(=O)Nc1ccc(Cc2ccc(NC(=O)c3cc([*])cc(NC(=O)c4ccc(NC(=O)C(CC(C)C)N5C(=O)c6ccccc6C5=O)cc4)c3)cc2)cc1,238.0,,GREA,511.15,,1,0.0,black
polymer_246,[*]C(=O)Nc1ccc(Cc2ccc(NC(=O)c3cc([*])cc(NC(=O)c4ccccc4)c3)cc2)cc1,285.0,,GREA,558.15,,1,0.0,black
polymer_247,[*]C(=O)Nc1ccc(Cc2ccc(NC(=O)c3cc([*])cc(NC(=O)c4ccncc4)c3)cc2)cc1,302.0,,GREA,575.15,,1,0.0,black
polymer_248,[*]C(=O)Nc1ccc(NC(=O)c2cc(-c3ccc(C(=O)O)c([*])c3)ccc2C(=O)O)cc1,248.39999999999998,,GREA,521.55,,1,0.0,black
polymer_249,[*]C(=O)Nc1ccc(NC(=O)c2cc(-c3ccc(C(=O)OC)c([*])c3)ccc2C(=O)OC)cc1,234.20000000000005,,GREA,507.35,,1,0.0,black
polymer_250,[*]C(=O)Nc1ccc(NC(=O)c2cc(-c3ccc(C(=O)OCC)c([*])c3)ccc2C(=O)OCC)cc1,231.70000000000005,,GREA,504.85,,1,0.0,black
polymer_251,[*]C(=O)Nc1ccc(NC(=O)c2cc([*])c(C(=O)O)cc2C(=O)O)cc1,283.4,,GREA,556.55,,1,0.0,black
polymer_252,[*]C(=O)Nc1ccc(NC(=O)c2cc([*])cc(NC(=O)c3ccccc3)c2)cc1,321.0,,GREA,594.15,,1,0.0,black
polymer_253,[*]C(=O)Nc1ccc(NC(=O)c2cc([*])cc(NC(=O)c3ccncc3)c2)cc1,327.0,,GREA,600.15,,1,0.0,black
polymer_254,[*]C(=O)Nc1ccc(OCCCCCCOc2ccc(NC(=O)c3cc([*])cc(C(C)(C)C)c3)cc2)cc1,166.0,,GREA,439.15,,1,0.0,black
polymer_255,[*]C(=O)Nc1ccc(Oc2ccc(-c3ccc(Oc4ccc(NC(=O)c5cc([*])cc(NC(=O)c6ccc(OC(C)=O)cc6)c5)cc4)cc3)cc2)cc1,252.0,,GREA,525.15,,1,0.0,black
polymer_256,[*]C(=O)Nc1ccc(Oc2ccc(-c3nnc(-c4ccc(Oc5ccc(NC(=O)c6cc([*])cc(NC(=O)c7ccc(OC(C)=O)cc7)c6)cc5)cc4)o3)cc2)cc1,270.0,,GREA,543.15,,1,0.0,black
polymer_257,[*]C(=O)Nc1ccc(Oc2ccc(C(C)(C)c3ccc(Oc4ccc(NC(=O)c5cc([*])cc(C(C)(C)C)c5)cc4)cc3)cc2)cc1,244.0,,GREA,517.15,,1,0.0,black
polymer_258,[*]C(=O)Nc1ccc(Oc2ccc(C(C)(C)c3ccc(Oc4ccc(NC(=O)c5cc([*])cc(NC(=O)c6ccc(OC(C)=O)cc6)c5)cc4)cc3)cc2)cc1,243.0,,GREA,516.15,,1,0.0,black
polymer_259,[*]C(=O)Nc1ccc(Oc2ccc(C(c3ccc(Oc4ccc(NC(=O)c5cc(C(c6ccc(C(=O)O)c([*])c6)(C(F)(F)F)C(F)(F)F)ccc5C(=O)O)cc4)cc3)(C(F)(F)F)C(F)(F)F)cc2)cc1,260.0,,GREA,533.15,,1,0.0,black
polymer_260,[*]C(=O)Nc1ccc(Oc2ccc(C(c3ccc(Oc4ccc(NC(=O)c5cc([*])cc(C(C)(C)C)c5)cc4)cc3)(C(F)(F)F)C(F)(F)F)cc2)cc1,255.5,,GREA,528.65,,1,0.0,black
polymer_261,[*]C(=O)Nc1ccc(Oc2ccc(C3(c4ccc(Oc5ccc(NC(=O)c6cc([*])cc(C(C)(C)C)c6)cc5)cc4)CC4CCC3C4)cc2)cc1,272.0,,GREA,545.15,,1,0.0,black
polymer_262,[*]C(=O)Nc1ccc(Oc2ccc(NC(=O)NC3CC(C)(C)CC(C)(CNC(=O)Nc4ccc(Oc5ccc(NC(=O)C(CC(C)C)n6c(=O)c7cc8c(=O)n(C([*])CC(C)C)c(=O)c8cc7c6=O)cc5)cc4)C3)cc2)cc1,147.5,,GREA,420.65,,1,0.0,black
polymer_263,[*]C(=O)Nc1ccc(Oc2ccc(NC(=O)Nc3ccc(Cc4ccc(NC(=O)Nc5ccc(Oc6ccc(NC(=O)C(CC(C)C)n7c(=O)c8cc9c(=O)n(C([*])CC(C)C)c(=O)c9cc8c7=O)cc6)cc5)cc4)cc3)cc2)cc1,181.40000000000003,,GREA,454.55,,1,0.0,black
polymer_264,[*]C(=O)Nc1ccc(Oc2ccc(NC(=O)c3cc([*])c(C(=O)O)cc3C(=O)O)cc2)cc1,207.40000000000003,,GREA,480.55,,1,0.0,black
polymer_265,[*]C(=O)Nc1ccc(Oc2ccc(NC(=O)c3cc([*])c(C(=O)OCC)cc3C(=O)OCC)cc2)cc1,208.05,,GREA,481.2,,1,0.0,black
polymer_266,[*]C(=O)Nc1ccc(Oc2ccc(NC(=O)c3cc([*])cc(C(C)(C)C)c3)cc2)cc1,268.0,,GREA,541.15,,1,0.0,black
polymer_267,[*]C(=O)Nc1ccc(Oc2ccc(NC(=O)c3cc([*])cc(NC(=O)CCCCCCCCCCN4C(=O)c5ccccc5C4=O)c3)cc2)cc1,160.0,,GREA,433.15,,1,0.0,black
polymer_268,[*]C(=O)Nc1ccc(Oc2ccc(NC(=O)c3cc([*])cc(NC(=O)CCCCCN4C(=O)c5ccccc5C4=O)c3)cc2)cc1,200.0,,GREA,473.15,,1,0.0,black
polymer_269,[*]C(=O)Nc1ccc(Oc2ccc(NC(=O)c3cc([*])cc(NC(=O)CCCN4C(=O)c5ccccc5C4=O)c3)cc2)cc1,225.0,,GREA,498.15,,1,0.0,black
polymer_270,[*]C(=O)Nc1ccc(Oc2ccc(NC(=O)c3cc([*])cc(NC(=O)CCN4C(=O)c5ccccc5C4=O)c3)cc2)cc1,240.0,,GREA,513.15,,1,0.0,black
polymer_271,[*]C(=O)Nc1ccc(Oc2ccc(NC(=O)c3cc([*])cc(NC(=O)c4ccc(OC(C)=O)cc4)c3)cc2)cc1,273.0,,GREA,546.15,,1,0.0,black
polymer_272,[*]C(=O)Nc1ccc(Oc2ccc(NC(=O)c3cc([*])cc(NC(=O)c4ccccc4)c3)cc2)cc1,294.5,,GREA,567.65,,1,0.0,black
polymer_273,[*]C(=O)Nc1ccc(Oc2ccc(NC(=O)c3cc([*])cc(NC(=O)c4ccncc4)c3)cc2)cc1,305.0,,GREA,578.15,,1,0.0,black
polymer_274,[*]C(=O)Nc1ccc(Oc2ccc(Oc3ccc(NC(=O)c4cc([*])cc(C(C)(C)C)c4)cc3)cc2)cc1,195.5,,GREA,468.65,,1,0.0,black
polymer_275,[*]C(=O)Nc1ccc(Oc2ccc(Oc3ccc(NC(=O)c4cc([*])cc(NC(=O)c5ccc(OC(C)=O)cc5)c4)cc3)cc2)cc1,251.0,,GREA,524.15,,1,0.0,black
polymer_276,[*]C(=O)Nc1ccc(Oc2ccc(Oc3ccc(Oc4ccc(NC(=O)c5cc([*])cc(C(C)(C)C)c5)cc4)cc3)cc2)cc1,230.0,,GREA,503.15,,1,0.0,black
polymer_277,[*]C(=O)Nc1ccc(Oc2ccc(S(=O)(=O)c3ccc(Oc4ccc(NC(=O)c5cc([*])cc(C(C)(C)C)c5)cc4)cc3)cc2)cc1,232.5,,GREA,505.65,,1,0.0,black
polymer_278,[*]C(=O)Nc1ccc(Oc2ccc(S(=O)(=O)c3ccc(Oc4ccc(NC(=O)c5cc([*])cc(NC(=O)c6ccc(OC(C)=O)cc6)c5)cc4)cc3)cc2)cc1,263.0,,GREA,536.15,,1,0.0,black
polymer_279,[*]C(=O)Nc1ccc(Oc2ccc(S(=O)(=O)c3ccc(Oc4ccc(NC(=O)c5cc([*])cc(NC(=O)c6ccncc6)c5)cc4)cc3)cc2)cc1,283.0,,GREA,556.15,,1,0.0,black
polymer_280,[*]C(=O)Nc1ccc(Oc2ccc3cccc(Oc4ccc(NC(=O)c5cc([*])cc(C(C)(C)C)c5)cc4)c3c2)cc1,263.0,,GREA,536.15,,1,0.0,black
polymer_281,[*]C(=O)Nc1ccc(Oc2cccc(NC(=O)c3cc([*])cc(NC(=O)c4ccc(OC(C)=O)cc4)c3)c2)cc1,251.0,,GREA,524.15,,1,0.0,black
polymer_282,[*]C(=O)Nc1ccc(Oc2cccc(Oc3ccc(NC(=O)c4cc([*])cc(NC(=O)c5ccc(OC(C)=O)cc5)c4)cc3)c2)cc1,230.0,,GREA,503.15,,1,0.0,black
polymer_283,[*]C(=O)Nc1ccc(S(=O)(=O)c2ccc(NC(=O)c3cc([*])cc(NC(=O)c4ccc(NC(=O)C(C)N5C(=O)c6ccccc6C5=O)cc4)c3)cc2)cc1,208.0,,GREA,481.15,,1,0.0,black
polymer_284,[*]C(=O)Nc1cccc(NC(=O)c2cc([*])cc(NC(=O)C(CCSC)N3C(=O)c4ccccc4C3=O)c2)c1,196.0,,GREA,469.15,,1,0.0,black
polymer_285,[*]C(=O)Nc1cccc(NC(=O)c2cc([*])cc(NC(=O)c3ccccc3)c2)c1,300.0,,GREA,573.15,,1,0.0,black
polymer_286,[*]C(=O)Nc1cccc(NC(=O)c2cc([*])cc(NC(=O)c3ccncc3)c2)c1,321.0,,GREA,594.15,,1,0.0,black
polymer_287,[*]C(=O)Nc1cccc(Oc2ccc(-c3nnc(-c4ccc(Oc5cccc(NC(=O)c6cc([*])cc(NC(=O)c7ccc(OC(C)=O)cc7)c6)c5)cc4)o3)cc2)c1,270.0,,GREA,543.15,,1,0.0,black
polymer_288,[*]C(=O)Nc1cccc(Oc2cccc(Oc3cccc(NC(=O)c4cc(Oc5ccc(C(=O)O)c([*])c5)ccc4C(=O)O)c3)c2)c1,176.40000000000003,,GREA,449.55,,1,0.0,black
polymer_289,[*]C(=O)Nc1cccc2c(NC(=O)c3cc([*])cc(NC(=O)C(CCSC)N4C(=O)c5ccccc5C4=O)c3)cccc12,198.0,,GREA,471.15,,1,0.0,black
polymer_290,[*]C(=O)Nc1cccc2c(NC(=O)c3ccc(C)c(N4C(=O)c5ccc(C(c6ccc7c(c6)C(=O)N(c6cc([*])ccc6C)C7=O)(C(F)(F)F)C(F)(F)F)cc5C4=O)c3)cccc12,250.0,,GREA,523.15,,1,0.0,black
polymer_291,[*]C(=O)OCC(C)(C)CS(=O)(=O)CC(C)(C)COC(=O)N1CC(C)N([*])CC1C,85.0,,GREA,358.15,,1,0.0,black
polymer_292,[*]C(=O)OCC(COc1ccc(/N=N/c2ccc(C#N)cc2)cc1)OC(=O)c1cc(C)ccc1[*],124.0,,GREA,397.15,,1,0.0,black
polymer_293,[*]C(=O)OCC(COc1ccc(/N=N/c2ccc(C#N)cc2)cc1)OC(=O)c1cc([*])cc(C(C)(C)C)c1,137.0,,GREA,410.15,,1,0.0,black
polymer_294,[*]C(=O)OCC(COc1ccc(/N=N/c2ccc(C#N)cc2)cc1)OC(=O)c1ccc([*])cc1OC,120.0,,GREA,393.15,,1,0.0,black
polymer_295,[*]C(=O)OCC(F)(F)C(F)(F)C(F)(F)COC(=O)c1cc([*])cc(OCCCCC)c1,-29.99999999999997,,GREA,243.15,,1,0.0,black
polymer_296,[*]C(=O)OCC(F)(F)C(F)(F)C(F)(F)COC(=O)c1ccc(OCCCCC)c([*])c1,9.0,,GREA,282.15,,1,0.0,black
polymer_297,[*]C(=O)OCC(F)(F)C(F)(F)C(F)(F)COC(=O)c1cccc([*])c1OCCCCC,17.0,,GREA,290.15,,1,0.0,black
polymer_298,[*]C(=O)OCC(F)(F)OC(F)(F)COC(=O)c1cc([*])cc(OCCCCC)c1,14.0,,GREA,287.15,,1,0.0,black
polymer_299,[*]C(=O)OCCCCCCCCCCCOc1ccc(-c2ccc(OCCCCCCCCCCCOC(=O)c3cc([*])cc(OCCCCCCCCCCOc4ccc(/N=N/c5ccc(OC)cc5)cc4)c3)cc2)cc1,53.0,,GREA,326.15,,1,0.0,black
polymer_300,[*]C(=O)OCCCCCCCCCCCOc1ccc(-c2ccc(OCCCCCCCCCCCOC(=O)c3cc([*])cc(OCCCCCCCCOc4ccc(/N=N/c5ccc(OC)cc5)cc4)c3)cc2)cc1,60.0,,GREA,333.15,,1,0.0,black
polymer_301,[*]C(=O)OCCCCCCN1C(=O)c2ccc(-c3ccc(-c4ccc5c(c4)C(=O)N(CCCCCCOC(=O)c4cc([*])cc(OCCCCCCOc6ccc(/N=N/c7ccc(C#N)cc7)cc6)c4)C5=O)cc3)cc2C1=O,67.0,,GREA,340.15,,1,0.0,black
polymer_302,[*]C(=O)OCCCCCCN1C(=O)c2ccc(-c3ccc4c(c3)C(=O)N(CCCCCCOC(=O)c3cc([*])cc(OCCCCCCOc5ccc(/N=N/c6ccc(C#N)cc6)cc5)c3)C4=O)cc2C1=O,93.0,,GREA,366.15,,1,0.0,black
polymer_303,[*]C(=O)OCCCCCCN1C(=O)c2ccc(Oc3ccc4c(c3)C(=O)N(CCCCCCOC(=O)c3cc([*])cc(OCCCCCCOc5ccc(/N=N/c6ccc(C#N)cc6)cc5)c3)C4=O)cc2C1=O,61.0,,GREA,334.15,,1,0.0,black
polymer_304,[*]C(=O)OCCCCCCOc1ccc(-n2on2-c2ccc(OCCCCCCOC(=O)C([*])CCCCCCCCCCP(=O)(OCC)OCC)cc2)cc1,9.0,,GREA,282.15,,1,0.0,black
polymer_305,[*]C(=O)OCCCCCCOc1ccc(-n2on2-c2ccc(OCCCCCCOC(=O)C([*])CCCCCCP(=O)(OCC)OCC)cc2)cc1,9.0,,GREA,282.15,,1,0.0,black
polymer_306,[*]C(=O)OCCCCCCOc1ccc(-n2on2-c2ccc(OCCCCCCOC(=O)C([*])CCCCCP(=O)(OCC)OCC)cc2)cc1,7.0,,GREA,280.15,,1,0.0,black
polymer_307,[*]C(=O)OCCCCCCOc1ccc(-n2on2-c2ccc(OCCCCCCOC(=O)C([*])CCCCP(=O)(OCC)OCC)cc2)cc1,4.0,,GREA,277.15,,1,0.0,black
polymer_308,[*]C(=O)OCCCCCCn1c(=O)c2cc3c(=O)n(CCCCCCOC(=O)c4cc([*])cc(OCCCCCCOc5ccc(/N=N/c6ccc(C#N)cc6)cc5)c4)c(=O)c3cc2c1=O,46.0,,GREA,319.15,,1,0.0,black
polymer_309,[*]C(=O)OCCN(CCOC(=O)c1cc([*])cc(OCCN(C)c2ccc(S(=O)(=O)C(F)(F)C(F)(F)C(F)(F)C(F)(F)C(F)(F)C(F)(F)C(F)(F)C(F)(F)F)cc2)c1)c1ccc(S(=O)(=O)C(F)(F)C(F)(F)C(F)(F)C(F)(F)C(F)(F)C(F)(F)C(F)(F)C(F)(F)F)cc1,83.0,,GREA,356.15,,1,0.0,black
polymer_310,[*]C(=O)OCCN(CCOC(=O)c1cc([*])cc(OCCN(C)c2ccc(S(=O)(=O)CCCCCCCC)cc2)c1)c1ccc(S(=O)(=O)C(F)(F)C(F)(F)C(F)(F)C(F)(F)C(F)(F)C(F)(F)C(F)(F)C(F)(F)F)cc1,80.0,,GREA,353.15,,1,0.0,black
polymer_311,[*]C(=O)OCCN(CCOC(=O)c1cc([*])cc(OCc2c(F)c(F)c(OC)c(F)c2F)c1)c1ccc(/C=C/c2ccc(/C=C/C3=C(C#N)C(=C(C#N)C#N)OC3(c3ccccc3)C(F)(F)F)s2)cc1,140.0,,GREA,413.15,,1,0.0,black
polymer_312,[*]C(=O)OCCN(CCOC(=O)c1ccc([*])cc1OCCC)c1ccc(-c2nc3ccc([N+](=O)[O-])cc3o2)cc1,119.0,,GREA,392.15,,1,0.0,black
polymer_313,[*]C(=O)OCCN(CCOC(=O)c1ccc([*])cc1OCCC)c1ccc(/N=N/c2ccc(-c3nc4cc([N+](=O)[O-])ccc4[nH]3)cc2)cc1,152.0,,GREA,425.15,,1,0.0,black
polymer_314,[*]C(=O)OCCN(CCOC(=O)c1ccc([*])cc1OCCC)c1ccc(/N=N/c2ccc(-c3nc4ccccc4o3)cc2)cc1,117.0,,GREA,390.15,,1,0.0,black
polymer_315,[*]C(=O)OCCN(CCOC(=O)c1ccc([*])cc1OCCC)c1ccc(/N=N/c2nc(C#N)c(C#N)[nH]2)cc1,152.0,,GREA,425.15,,1,0.0,black
polymer_316,[*]C(=O)OCCN(CCOC(=O)c1ccc([*])cc1OCCC)c1ccc(C=C(C#N)C#N)cc1,94.0,,GREA,367.15,,1,0.0,black
polymer_317,[*]C(=O)OCCN(CCOC(=O)c1ccc([*])cc1OCCCCC)c1ccc(/N=N/c2nc(C#N)c(C#N)[nH]2)cc1,131.0,,GREA,404.15,,1,0.0,black
polymer_318,[*]C(=O)OCCOC(=O)c1cc([*])cc(C(C)(C)C)c1,94.0,,GREA,367.15,,1,0.0,black
polymer_319,[*]C(=O)OCCOC(=O)c1ccc(-c2ccc([*])cc2C)c(C)c1,73.0,,GREA,346.15,,1,0.0,black
polymer_320,[*]C(=O)OCCOCCOC(=O)C([*])C,-28.99999999999997,,GREA,244.15,,1,0.0,black
polymer_321,[*]C(=O)OCCOCCOC(=O)C([*])CCC,-37.99999999999997,,GREA,235.15,,1,0.0,black
polymer_322,[*]C(=O)OCCOCCOC(=O)C([*])CCCCC,-46.99999999999997,,GREA,226.15,,1,0.0,black
polymer_323,[*]C(=O)OCCOCCOC(=O)C([*])CCCCCCC,-57.99999999999997,,GREA,215.15,,1,0.0,black
polymer_324,[*]C(=O)OCCOCCOC(=O)C([*])CCCCCCCCC,-58.99999999999997,,GREA,214.15,,1,0.0,black
polymer_325,[*]C(=O)OCCOCCOCCOCCOCCOCCOC(=O)c1cc([*])cc(OCCCCCCOc2ccc(-c3ccc(OC)cc3)cc2)c1,12.5,,GREA,285.65,,1,0.0,black
polymer_326,[*]C(=O)Oc1cc(OCCOC)c(OC(=O)c2ccc([*])cc2OCCOCC)cc1OCCOC,99.0,,GREA,372.15,,1,0.0,black
polymer_327,[*]C(=O)Oc1ccc(-c2ccc(OC(=O)c3cc(OCCCCCC)c([*])cc3OCCCCCC)cc2)cc1,113.0,,GREA,386.15,,1,0.0,black
polymer_328,[*]C(=O)Oc1ccc(-c2ccc(OC(=O)c3cc([*])cc(CCCCC)c3)cc2)cc1,138.0,,GREA,411.15,,1,0.0,black
polymer_329,[*]C(=O)Oc1ccc(C(c2ccc(OC(=O)c3ccc(C)c(N4C(=O)c5ccc(C(c6ccc7c(c6)C(=O)N(c6cc([*])ccc6C)C7=O)(C(F)(F)F)C(F)(F)F)cc5C4=O)c3)cc2)(C(F)(F)F)C(F)(F)F)cc1,289.0,,GREA,562.15,,1,0.0,black
polymer_330,[*]C(=O)Oc1ccc(C2(c3ccc(OC(=O)c4cc([*])cc(C(C)(C)C)c4)cc3)OC(=O)c3ccccc32)cc1,279.0,,GREA,552.15,,1,0.0,black
polymer_331,[*]C(=O)Oc1ccc(Cc2ccc(OC(=O)c3cc([*])cc(OCCCCC)c3)cc2)cc1,110.0,,GREA,383.15,,1,0.0,black
polymer_332,[*]C(=O)Oc1ccc(OC(=O)c2cc(OCCCCCCCCCCCC)c([*])cc2OCCCCCCCCCCCC)cc1-c1ccccc1,96.0,,GREA,369.15,,1,0.0,black
polymer_333,[*]C(=O)Oc1ccc(OC(=O)c2cc(OCCCCCCCCCCCC)c([*])cc2OCCCCCCCCCCCC)cc1C,112.0,,GREA,385.15,,1,0.0,black
polymer_334,[*]C(=O)Oc1ccc(OC(=O)c2ccc([*])cc2Oc2ccc(C(C)(C)c3ccccc3)cc2)cc1,93.0,,GREA,366.15,,1,0.0,black
polymer_335,[*]C(=O)Oc1ccc(OC(=O)c2ccc([*])cc2Sc2ccc(C)cc2)cc1,134.0,,GREA,407.15,,1,0.0,black
polymer_336,[*]C(=O)Oc1ccc(OCCCCOc2ccc(OC(=O)c3ccc([*])cc3C(=O)OCC=C)cc2)cc1,56.0,,GREA,329.15,,1,0.0,black
polymer_337,[*]C(=O)Oc1ccc(OCCOc2ccc(OC(=O)c3ccc([*])cc3OCCCCC)cc2)cc1,95.0,,GREA,368.15,,1,0.0,black
polymer_338,[*]C(=O)Oc1ccc(Oc2ccc(OC(=O)c3cc([*])cc(OCCCCC)c3)cc2)cc1,126.0,,GREA,399.15,,1,0.0,black
polymer_339,[*]C(=O)Oc1ccc(S(=O)(=O)c2ccc(OC(=O)c3cc([*])cc(CCCCC)c3)cc2)cc1,170.0,,GREA,443.15,,1,0.0,black
polymer_340,[*]C(=O)Oc1ccc([*])cc1CCCCC,50.0,,GREA,323.15,,1,0.0,black
polymer_341,[*]C(=O)Oc1cccc(OC(=O)c2cc([*])cc(OCCCCC)c2)c1,96.0,,GREA,369.15,,1,0.0,black
polymer_342,[*]C(=O)Oc1ccccc1C(=O)OC(=O)c1ccccc1OC(=O)C(C)C([*])C,45.0,,GREA,318.15,,1,0.0,black
polymer_343,[*]C(=O)Oc1ccccc1C(=O)OC(=O)c1ccccc1OC(=O)C(CC)C([*])CC,23.0,,GREA,296.15,,1,0.0,black
polymer_344,[*]C(=O)c1c(C(=O)c2ccc(Oc3ccc(-c4ccc(Oc5ccc([*])cc5)cc4)cc3)cc2)c(-c2ccc(F)cc2)c(-c2ccc(F)cc2)c(-c2ccc(F)cc2)c1-c1ccc(F)cc1,275.0,,GREA,548.15,,1,0.0,black
polymer_345,[*]C(=O)c1c(C(=O)c2ccc(Oc3ccc(-c4ccc(Oc5ccc([*])cc5)cc4)cc3)cc2)c(-c2ccccc2)c(-c2ccc3ccccc3c2)c(-c2ccc3ccccc3c2)c1-c1ccccc1,290.0,,GREA,563.15,,1,0.0,black
polymer_346,[*]C(=O)c1c(C(=O)c2ccc(Oc3ccc(C(c4ccc(Oc5ccc([*])cc5)cc4)(C(F)(F)F)C(F)(F)F)cc3)cc2)c(-c2ccc(F)cc2)c(-c2ccc(F)cc2)c(-c2ccc(F)cc2)c1-c1ccc(F)cc1,253.0,,GREA,526.15,,1,0.0,black
polymer_347,[*]C(=O)c1c(C(=O)c2ccc(Oc3ccc(C(c4ccc(Oc5ccc([*])cc5)cc4)(C(F)(F)F)C(F)(F)F)cc3)cc2)c(-c2ccccc2)c(-c2ccc3ccccc3c2)c(-c2ccc3ccccc3c2)c1-c1ccccc1,275.0,,GREA,548.15,,1,0.0,black
polymer_348,[*]C(=O)c1c(C(=O)c2ccc(Oc3ccc(C4(c5ccc(Oc6ccc([*])cc6)cc5)c5ccccc5-c5ccccc54)cc3)cc2)c(-c2ccc(F)cc2)c(-c2ccc(F)cc2)c(-c2ccc(F)cc2)c1-c1ccc(F)cc1,293.0,,GREA,566.15,,1,0.0,black
polymer_349,[*]C(=O)c1c(C(=O)c2ccc(Oc3ccc(C4(c5ccc(Oc6ccc([*])cc6)cc5)c5ccccc5-c5ccccc54)cc3)cc2)c(-c2ccccc2)c(-c2ccc3ccccc3c2)c(-c2ccc3ccccc3c2)c1-c1ccccc1,310.0,,GREA,583.15,,1,0.0,black
polymer_350,[*]C(=O)c1c(C(=O)c2ccc(Oc3ccc(Oc4ccc([*])cc4)cc3)cc2)c(-c2ccc(F)cc2)c(-c2ccc(F)cc2)c(-c2ccc(F)cc2)c1-c1ccc(F)cc1,266.0,,GREA,539.15,,1,0.0,black
polymer_351,[*]C(=O)c1c(F)c(F)c(Oc2ccc(C(c3ccc(Oc4c(F)c(F)c([*])c(F)c4F)cc3)(C(F)(F)F)C(F)(F)F)cc2)c(F)c1F,149.0,,GREA,422.15,,1,0.0,black
polymer_352,[*]C(=O)c1c(F)c(F)c(Oc2ccc(C3(c4ccc(Oc5c(F)c(F)c([*])c(F)c5F)cc4)c4ccccc4-c4ccccc43)cc2)c(F)c1F,223.0,,GREA,496.15,,1,0.0,black
polymer_353,[*]C(=O)c1cc(Br)cc(C(=O)c2ccc(Oc3ccc(S(=O)(=O)c4ccc(Oc5ccc([*])cc5)cc4)cc3)cc2)c1,192.0,,GREA,465.15,,1,0.0,black
polymer_354,[*]C(=O)c1cc(C(=O)c2ccc3c(c2)C(=O)N(c2ccc(C(c4ccc(N5C(=O)c6ccc([*])cc6C5=O)cc4)(C(F)(F)F)C(F)(F)F)cc2)C3=O)cc(-c2ccccc2)c1,260.5,,GREA,533.65,,1,0.0,black
polymer_355,[*]C(=O)c1cc(C(=O)c2ccc3c(c2)C(=O)N(c2ccc(Oc4ccc(N5C(=O)c6ccc([*])cc6C5=O)cc4)cc2)C3=O)cc(-c2ccccc2)c1,258.5,,GREA,531.65,,1,0.0,black
polymer_356,[*]C(=O)c1cc(C(=O)c2ccc3c(c2)C(=O)N(c2ccc(Oc4ccc(S(=O)(=O)c5ccc(Oc6ccc(N7C(=O)c8ccc([*])cc8C7=O)cc6)cc5)cc4)cc2)C3=O)cc(-c2ccccc2)c1,256.5,,GREA,529.65,,1,0.0,black
polymer_357,[*]C(=O)c1cc(C(=O)c2ccc3c(c2)C(=O)N(c2cccc(N4C(=O)c5ccc([*])cc5C4=O)c2)C3=O)cc(-c2ccccc2)c1,266.5,,GREA,539.65,,1,0.0,black
polymer_358,[*]C(=O)c1cc(I)cc(C(=O)c2ccc(Oc3ccc(S(=O)(=O)c4ccc(Oc5ccc([*])cc5)cc4)cc3)cc2)c1,203.0,,GREA,476.15,,1,0.0,black
polymer_359,[*]C(=O)c1cc2c(cc1Cl)C(=O)N(c1cc(Cl)c(N3C(=O)c4cc([*])c(Cl)cc4C3=O)cc1Cl)C2=O,367.0,,GREA,640.15,,1,0.0,black
polymer_360,[*]C(=O)c1cc2c(cc1Cl)C(=O)N(c1cc(Cl)cc(N3C(=O)c4cc([*])c(Cl)cc4C3=O)c1)C2=O,311.0,,GREA,584.15,,1,0.0,black
polymer_361,[*]C(=O)c1cc2c(cc1Cl)C(=O)N(c1cc(N3C(=O)c4cc([*])c(Cl)cc4C3=O)cc(C(F)(F)F)c1)C2=O,305.0,,GREA,578.15,,1,0.0,black
polymer_362,[*]C(=O)c1cc2c(cc1Cl)C(=O)N(c1cccc(N3C(=O)c4cc([*])c(Cl)cc4C3=O)c1)C2=O,313.0,,GREA,586.15,,1,0.0,black
polymer_363,[*]C(=O)c1ccc(-c2ccc(C(=O)c3ccc(Oc4ccc(-c5[nH]c(-c6ccccc6)nc5-c5ccc(Oc6ccc([*])cc6)cc5)cc4)cc3)cc2)cc1,258.0,,GREA,531.15,,1,0.0,black
polymer_364,[*]C(=O)c1ccc(-c2ccc(C(=O)c3ccc(Oc4ccc(-c5nc(-c6ccc(-c7nc(-c8ccc(Oc9ccc([*])cc9)cc8)c(-c8ccccc8)[nH]7)cc6)[nH]c5-c5ccccc5)cc4)cc3)cc2)cc1,273.0,,GREA,546.15,,1,0.0,black
polymer_365,[*]C(=O)c1ccc(-c2ccc(C(=O)c3ccc(Oc4ccc(-c5nc(-c6cccc(-c7nc(-c8ccc(Oc9ccc([*])cc9)cc8)c(-c8ccccc8)[nH]7)c6)[nH]c5-c5ccccc5)cc4)cc3)cc2)cc1,276.0,,GREA,549.15,,1,0.0,black
polymer_366,[*]C(=O)c1ccc(-c2ccc(C(=O)c3ccc(Oc4ccc(Oc5ccc([*])cc5)cc4-c4ccccc4)cc3)cc2)cc1,186.0,,GREA,459.15,,1,0.0,black
polymer_367,[*]C(=O)c1ccc(-c2ccc(C(=O)c3ccc(Oc4ccc(S(=O)(=O)c5ccc(Oc6ccc([*])cc6)cc5)cc4)cc3)cc2)cc1,207.0,,GREA,480.15,,1,0.0,black
polymer_368,[*]C(=O)c1ccc(-n2c(=O)c3cc4c(=O)n(-c5ccc([*])cc5)c(=O)c4cc3c2=O)cc1,424.0,,GREA,697.15,,1,0.0,black
polymer_369,[*]C(=O)c1ccc(-n2nc(-c3ccc(Oc4ccc(-c5nn(-c6ccc([*])cc6)c(=O)c6ccccc56)cc4)cc3)c3ccccc3c2=O)cc1,301.0,,GREA,574.15,,1,0.0,black
polymer_370,[*]C(=O)c1ccc(-n2nc(-c3ccc(Oc4ccc([*])cc4)c(Br)c3)c3ccccc3c2=O)cc1,254.0,,GREA,527.15,,1,0.0,black
polymer_371,[*]C(=O)c1ccc(-n2nc(-c3ccc(Oc4ccc([*])cc4)cc3)c3ccccc3c2=O)cc1,263.0,,GREA,536.15,,1,0.0,black
polymer_372,[*]C(=O)c1ccc(-n2nc(-c3ccc(Oc4ccc([*])cc4)cc3F)c3ccccc3c2=O)cc1,253.0,,GREA,526.15,,1,0.0,black
polymer_373,[*]C(=O)c1ccc(-n2nc(-c3ccc(Sc4ccc(-c5nn(-c6ccc([*])cc6)c(=O)c6ccccc56)cc4)cc3)c3ccccc3c2=O)cc1,281.0,,GREA,554.15,,1,0.0,black
polymer_374,[*]C(=O)c1ccc(-n2nc(-c3ccccc3)c3cc(Oc4ccc5c(-c6ccccc6)nn(-c6ccc([*])cc6)c(=O)c5c4)ccc3c2=O)cc1,275.5,,GREA,548.65,,1,0.0,black
polymer_375,[*]C(=O)c1ccc(C(=O)N2CC(C)N([*])CC2C)cc1,350.0,,GREA,623.15,,1,0.0,black
polymer_376,[*]C(=O)c1ccc(C(=O)Nc2ccc(NC(=O)c3ccc([*])cc3C(=O)O)cc2)c(C(=O)O)c1,317.0,,GREA,590.15,,1,0.0,black
polymer_377,[*]C(=O)c1ccc(C(=O)Nc2ccc(NC(=O)c3ccc([*])cc3C(=O)OCC)cc2)c(C(=O)OCC)c1,275.0,,GREA,548.15,,1,0.0,black
polymer_378,[*]C(=O)c1ccc(C(=O)O)c(C(=O)Nc2ccc(NC(=O)c3cc([*])ccc3C(=O)O)cc2)c1,213.20000000000005,,GREA,486.35,,1,0.0,black
polymer_379,[*]C(=O)c1ccc(C(=O)c2ccc(-n3nc(-c4ccc(Oc5ccc([*])cc5)cc4F)c4ccccc4c3=O)cc2)cc1,287.0,,GREA,560.15,,1,0.0,black
polymer_380,[*]C(=O)c1ccc(C(=O)c2ccc(C(=O)c3ccc(Oc4ccc(-c5[nH]c(-c6ccccc6)nc5-c5ccc(Oc6ccc([*])cc6)cc5)cc4)cc3)cc2)cc1,239.0,,GREA,512.15,,1,0.0,black
polymer_381,[*]C(=O)c1ccc(C(=O)c2ccc(C(=O)c3ccc(Oc4ccc(N5C(=O)c6ccc(C(=O)c7ccc8c(c7)C(=O)N(c7ccc(Oc9ccc([*])cc9)cc7)C8=O)cc6C5=O)cc4)cc3)cc2)cc1,233.0,,GREA,506.15,,1,0.0,black
polymer_382,[*]C(=O)c1ccc(C(=O)c2ccc(Nc3ccc(N=Nc4ccc(Nc5ccc([*])cc5)cc4)cc3)cc2)cc1,203.0,,GREA,476.15,,1,0.0,black
polymer_383,[*]C(=O)c1ccc(C(=O)c2ccc(Nc3ccc(Nc4ccc([*])cc4)cc3)cc2)cc1,203.5,,GREA,476.65,,1,0.0,black
polymer_384,[*]C(=O)c1ccc(C(=O)c2ccc(Nc3ccc(Oc4ccc(Nc5ccc([*])cc5)cc4)cc3)cc2)cc1,215.0,,GREA,488.15,,1,0.0,black
polymer_385,[*]C(=O)c1ccc(C(=O)c2ccc(Oc3ccc(-c4[nH]c(-c5ccccc5)nc4-c4ccc(Oc5ccc([*])cc5)cc4)cc3)cc2)cc1,248.0,,GREA,521.15,,1,0.0,black
polymer_386,[*]C(=O)c1ccc(C(=O)c2ccc(Oc3ccc(-c4cc(-c5ccc(Oc6ccc([*])cc6)cc5)[nH]n4)cc3)cc2)cc1,235.0,,GREA,508.15,,1,0.0,black
polymer_387,[*]C(=O)c1ccc(C(=O)c2ccc(Oc3ccc(-c4cc(-c5ccc(Oc6ccc([*])cc6)cc5)n(-c5ccccc5)n4)cc3)cc2)cc1,205.0,,GREA,478.15,,1,0.0,black
polymer_388,[*]C(=O)c1ccc(C(=O)c2ccc(Oc3ccc(-c4ccc(Oc5ccc([*])cc5)cc4)cc3)cc2)cc1,173.0,,GREA,446.15,,1,0.0,black
polymer_389,[*]C(=O)c1ccc(C(=O)c2ccc(Oc3ccc(-c4nc(-c5ccc(-c6nc(-c7ccc(Oc8ccc([*])cc8)cc7)c(-c7ccccc7)[nH]6)cc5)[nH]c4-c4ccccc4)cc3)cc2)cc1,278.0,,GREA,551.15,,1,0.0,black
polymer_390,[*]C(=O)c1ccc(C(=O)c2ccc(Oc3ccc(-c4nc(-c5cccc(-c6nc(-c7ccc(Oc8ccc([*])cc8)cc7)c(-c7ccccc7)[nH]6)c5)[nH]c4-c4ccccc4)cc3)cc2)cc1,262.0,,GREA,535.15,,1,0.0,black
polymer_391,[*]C(=O)c1ccc(C(=O)c2ccc(Oc3ccc(-c4nc5ccccc5n4-c4ccc(-c5ccc(-n6c(-c7ccc(Oc8ccc([*])cc8)cc7)nc7ccccc76)cc5)cc4)cc3)cc2)cc1,259.0,,GREA,532.15,,1,0.0,black
polymer_392,[*]C(=O)c1ccc(C(=O)c2ccc(Oc3ccc(-c4nc5ccccc5n4-c4ccc(-n5c(-c6ccc(Oc7ccc([*])cc7)cc6)nc6ccccc65)cc4)cc3)cc2)cc1,238.0,,GREA,511.15,,1,0.0,black
polymer_393,[*]C(=O)c1ccc(C(=O)c2ccc(Oc3ccc(C4(c5ccc(Oc6ccc([*])cc6)cc5)c5ccccc5-c5ccccc54)cc3)cc2)cc1,243.0,,GREA,516.15,,1,0.0,black
polymer_394,[*]C(=O)c1ccc(C(=O)c2ccc(Oc3ccc(Cc4ccc(Oc5ccc([*])cc5)cc4)cc3)cc2)cc1,120.0,,GREA,393.15,,1,0.0,black
polymer_395,[*]C(=O)c1ccc(C(=O)c2ccc(Oc3ccc(N4C(=O)c5ccc(-c6ccc7c(c6)C(=O)N(c6ccc(Oc8ccc([*])cc8)cc6)C7=O)cc5C4=O)cc3)cc2)cc1,245.0,,GREA,518.15,,1,0.0,black
polymer_396,[*]C(=O)c1ccc(C(=O)c2ccc(Oc3ccc(N4C(=O)c5ccc(C(=O)c6ccc7c(c6)C(=O)N(c6ccc(Oc8ccc([*])cc8)cc6)C7=O)cc5C4=O)cc3)cc2)cc1,233.0,,GREA,506.15,,1,0.0,black
polymer_397,[*]C(=O)c1ccc(C(=O)c2ccc(Oc3ccc(Oc4ccc([*])cc4)cc3)cc2)c2ccccc12,200.02500000000003,,GREA,473.175,,1,0.0,black
polymer_398,[*]C(=O)c1ccc(C(=O)c2ccc(Oc3ccc(Oc4ccc([*])cc4)cc3)cc2)cc1,152.0,,GREA,425.15,,1,0.0,black
polymer_399,[*]C(=O)c1ccc(C(=O)c2ccc(Oc3ccc(Oc4ccc([*])cc4)cc3-c3ccc(Cl)c(C(F)(F)F)c3)cc2)cc1,147.0,,GREA,420.15,,1,0.0,black
polymer_400,[*]C(=O)c1ccc(C(=O)c2ccc(Oc3ccc(Oc4ccc([*])cc4)cc3-c3ccc(S(=O)(=O)O)cc3)cc2)cc1,174.0,,GREA,447.15,,1,0.0,black
polymer_401,[*]C(=O)c1ccc(C(=O)c2ccc(Oc3ccc(Oc4ccc([*])cc4)cc3-c3ccccc3)cc2)cc1,166.0,,GREA,439.15,,1,0.0,black
polymer_402,[*]C(=O)c1ccc(C(=O)c2ccc(Oc3ccc([*])cc3)cc2)cc1,157.0,,GREA,430.15,,1,0.0,black
polymer_403,[*]C(=O)c1ccc(C(=O)c2ccc(Oc3ccc([*])cc3C)c(C(C)C)c2)cc1,149.0,,GREA,422.15,,1,0.0,black
polymer_404,[*]C(=O)c1ccc(C(=O)c2ccc(Oc3cccc(Cc4cccc(Oc5ccc([*])cc5)c4)c3)cc2)cc1,122.0,,GREA,395.15,,1,0.0,black
polymer_405,[*]C(=O)c1ccc(C(c2ccc(C(=O)c3ccc(Oc4ccc(C(c5ccc(Oc6ccc([*])cc6)cc5)(C(F)(F)F)C(F)(F)F)cc4)cc3)cc2)(C(F)(F)F)C(F)(F)F)cc1,185.0,,GREA,458.15,,1,0.0,black
polymer_406,[*]C(=O)c1ccc(C(c2ccc(C(=O)c3ccc(Sc4ccc([*])cc4)cc3)cc2)(C(F)(F)F)C(F)(F)F)cc1,175.0,,GREA,448.15,,1,0.0,black
polymer_407,[*]C(=O)c1ccc(N([*])C)cc1,197.0,,GREA,470.15,,1,0.0,black
polymer_408,[*]C(=O)c1ccc(N([*])CCC)cc1,136.0,,GREA,409.15,,1,0.0,black
polymer_409,[*]C(=O)c1ccc(N([*])CCCC)cc1,124.0,,GREA,397.15,,1,0.0,black
polymer_410,[*]C(=O)c1ccc(N([*])CCCCC)cc1,83.5,,GREA,356.65,,1,0.0,black
polymer_411,[*]C(=O)c1ccc(N([*])CCCCCCC)cc1,45.900000000000034,,GREA,319.05,,1,0.0,black
polymer_412,[*]C(=O)c1ccc(N([*])CCCCCCCC)cc1,30.0,,GREA,303.15,,1,0.0,black
polymer_413,[*]C(=O)c1ccc(N2C(=O)c3ccc(C(=O)c4ccc(C(=O)c5ccc6c(c5)C(=O)N(c5ccc(C(=O)c7ccc([*])cc7)cc5)C6=O)cc4)cc3C2=O)cc1,260.0,,GREA,533.15,,1,0.0,black
polymer_414,[*]C(=O)c1ccc(N2C(=O)c3ccc(C(=O)c4ccc5c(c4)C(=O)N(c4ccc(C(=O)c6ccc(Cc7ccc([*])cc7)cc6)cc4)C5=O)cc3C2=O)cc1,285.5,,GREA,558.65,,1,0.0,black
polymer_415,[*]C(=O)c1ccc(N2C(=O)c3ccc(C(=O)c4ccc5c(c4)C(=O)N(c4ccc(C(=O)c6ccc([*])cc6)cc4)C5=O)cc3C2=O)cc1,286.0,,GREA,559.15,,1,0.0,black
polymer_416,[*]C(=O)c1ccc(N2C(=O)c3ccc(C(=O)c4ccc5c(c4)C(=O)N(c4ccc(Cc6ccc([*])cc6)cc4)C5=O)cc3C2=O)cc1,307.0,,GREA,580.15,,1,0.0,black
polymer_417,[*]C(=O)c1ccc(N2C(=O)c3ccc(C(=O)c4ccc5c(c4)C(=O)N(c4ccc(N([*])C)cc4)C5=O)cc3C2=O)cc1,313.0,,GREA,586.15,,1,0.0,black
polymer_418,[*]C(=O)c1ccc(N2C(=O)c3ccc(C(=O)c4ccc5c(c4)C(=O)N(c4cccc(Cc6ccc([*])cc6)c4)C5=O)cc3C2=O)cc1,254.0,,GREA,527.15,,1,0.0,black
polymer_419,[*]C(=O)c1ccc(N2C(=O)c3ccc(Oc4ccc(Oc5ccc6c(c5)C(=O)N(c5ccc([*])cc5)C6=O)cc4)cc3C2=O)cc1,268.0,,GREA,541.15,,1,0.0,black
polymer_420,[*]C(=O)c1ccc(N2C(=O)c3ccc(Oc4ccc5c(c4)C(=O)N(c4ccc([*])cc4)C5=O)cc3C2=O)cc1,274.0,,Qiu,547.15,,1,0.0,black
polymer_421,[*]C(=O)c1ccc(NC(=O)c2ccc(C(=O)Nc3c(C)c(C)c([*])c(C)c3C)cc2)cc1,366.0,,GREA,639.15,,1,0.0,black
polymer_422,[*]C(=O)c1ccc(NC(=O)c2ccc(C(=O)Nc3ccc(C(=O)c4c(C)c(C)c([*])c(C)c4C)cc3)cc2)cc1,345.0,,GREA,618.15,,1,0.0,black
polymer_423,[*]C(=O)c1ccc(Nc2ccc(N=Nc3ccc(Nc4ccc([*])cc4)cc3)cc2)cc1,216.42000000000002,,GREA,489.57,,1,0.0,black
polymer_424,[*]C(=O)c1ccc(OCC(O)COc2ccc([*])cc2)cc1,130.0,,GREA,403.15,,1,0.0,black
polymer_425,[*]C(=O)c1ccc(OCCCCCCOc2ccc(C(=O)N([*])c3cc(C)cc(C)c3)cc2)cc1,75.0,,GREA,348.15,,1,0.0,black
polymer_426,[*]C(=O)c1ccc(ON2C(=O)c3cccc(-c4ccc(Oc5ccc(N6C(=O)c7cccc(Oc8ccc([*])cc8)c7C6=O)cc5)cc4)c3C2=O)cc1,252.0,,GREA,525.15,,1,0.0,black
polymer_427,[*]C(=O)c1ccc(Oc2c(C)cc([*])cc2C)cc1,200.0,,GREA,473.15,,1,0.0,black
polymer_428,[*]C(=O)c1ccc(Oc2ccc(-c3[nH]c(-c4ccccc4)nc3-c3ccc(Oc4ccc([*])cc4)cc3)cc2)cc1,259.0,,GREA,532.15,,1,0.0,black
polymer_429,[*]C(=O)c1ccc(Oc2ccc(-c3c4c(c(-c5ccc(Oc6ccc([*])cc6)cc5)c5ccccc35)C(=O)N(c3ccc(C(F)(F)F)cc3)C4=O)cc2)cc1,260.0,,GREA,533.15,,1,0.0,black
polymer_430,[*]C(=O)c1ccc(Oc2ccc(-c3c4c(c(-c5ccc(Oc6ccc([*])cc6)cc5)c5ccccc35)C(=O)N(c3ccc(Cl)cc3)C4=O)cc2)cc1,272.0,,GREA,545.15,,1,0.0,black
polymer_431,[*]C(=O)c1ccc(Oc2ccc(-c3c4c(c(-c5ccc(Oc6ccc([*])cc6)cc5)c5ccccc35)C(=O)N(c3ccc(F)cc3)C4=O)cc2)cc1,290.0,,GREA,563.15,,1,0.0,black
polymer_432,[*]C(=O)c1ccc(Oc2ccc(-c3c4c(c(-c5ccc(Oc6ccc([*])cc6)cc5)c5ccccc35)C(=O)N(c3cccc(C(F)(F)F)c3)C4=O)cc2)cc1,252.0,,GREA,525.15,,1,0.0,black
polymer_433,[*]C(=O)c1ccc(Oc2ccc(-c3c4c(c(-c5ccc(Oc6ccc([*])cc6)cc5)c5ccccc35)C(=O)N(c3ccccc3)C4=O)cc2)cc1,273.5,,GREA,546.65,,1,0.0,black
polymer_434,[*]C(=O)c1ccc(Oc2ccc(-c3c4c(c(-c5ccc(Oc6ccc([*])cc6)cc5)c5ccccc35)C(=O)N(c3ccccc3-c3ccccc3)C4=O)cc2)cc1,245.0,,GREA,518.15,,1,0.0,black
polymer_435,[*]C(=O)c1ccc(Oc2ccc(-c3c4c(c(-c5ccc(Oc6ccc([*])cc6)cc5)c5ccccc35)C(=O)N(c3ccccc3C(F)(F)F)C4=O)cc2)cc1,260.0,,GREA,533.15,,1,0.0,black
polymer_436,[*]C(=O)c1ccc(Oc2ccc(-c3c4c(c(-c5ccc(Oc6ccc([*])cc6)cc5)c5ccccc35)C(=O)N(c3ccccc3F)C4=O)cc2)cc1,282.0,,GREA,555.15,,1,0.0,black
polymer_437,[*]C(=O)c1ccc(Oc2ccc(-c3cc(-c4ccc(Oc5ccc(C(=O)c6ccc(Oc7ccc([*])cc7)cc6)cc5)cc4)nn3-c3ccccc3)cc2)cc1,190.0,,GREA,463.15,,1,0.0,black
polymer_438,[*]C(=O)c1ccc(Oc2ccc(-c3cc(-c4ccc(Oc5ccc([*])cc5)cc4)[nH]n3)cc2)cc1,229.0,,GREA,502.15,,1,0.0,black
polymer_439,[*]C(=O)c1ccc(Oc2ccc(-c3cc(-c4ccc(Oc5ccc([*])cc5)cc4)n(-c4ccccc4)n3)cc2)cc1,205.0,,GREA,478.15,,1,0.0,black
polymer_440,[*]C(=O)c1ccc(Oc2ccc(-c3ccc(Oc4ccc(C(=O)c5ccc([*])cc5)cc4C(F)(F)F)cc3)cc2)c(C(F)(F)F)c1,187.0,,GREA,460.15,,1,0.0,black
polymer_441,[*]C(=O)c1ccc(Oc2ccc(-c3ccc(Oc4ccc([*])cc4)cc3)cc2)cc1,167.0,,GREA,440.15,,1,0.0,black
polymer_442,[*]C(=O)c1ccc(Oc2ccc(-c3ccc(Oc4ccc([*])cc4S(=O)(=O)O)cc3)cc2)c(S(=O)(=O)O)c1,225.0,,GREA,498.15,,1,0.0,black
polymer_443,[*]C(=O)c1ccc(Oc2ccc(-c3nc(-c4ccc(-c5nc(-c6ccc(Oc7ccc(C(=O)c8ccc(Oc9ccc([*])cc9)cc8)cc7)cc6)c(-c6ccccc6)[nH]5)cc4)[nH]c3-c3ccccc3)cc2)cc1,245.0,,GREA,518.15,,1,0.0,black
polymer_444,[*]C(=O)c1ccc(Oc2ccc(-c3nc(-c4ccc(-c5nc(-c6ccc(Oc7ccc([*])cc7)cc6)c(-c6ccccc6)[nH]5)cc4)[nH]c3-c3ccccc3)cc2)cc1,276.0,,GREA,549.15,,1,0.0,black
polymer_445,[*]C(=O)c1ccc(Oc2ccc(-c3nc(-c4cccc(-c5nc(-c6ccc(Oc7ccc([*])cc7)cc6)c(-c6ccccc6)[nH]5)c4)[nH]c3-c3ccccc3)cc2)cc1,282.0,,GREA,555.15,,1,0.0,black
polymer_446,[*]C(=O)c1ccc(Oc2ccc(-c3nc(-c4ccccc4)[nH]c3-c3ccc(Oc4ccc(C(=O)c5ccc(Cc6ccc([*])cc6)cc5)cc4)cc3)cc2)cc1,231.0,,GREA,504.15,,1,0.0,black
polymer_447,[*]C(=O)c1ccc(Oc2ccc(-c3nc(-c4ccccc4)[nH]c3-c3ccc(Oc4ccc(C(=O)c5ccc(Oc6ccc([*])cc6)cc5)cc4)cc3)cc2)cc1,230.0,,GREA,503.15,,1,0.0,black
polymer_448,[*]C(=O)c1ccc(Oc2ccc(-c3nc(-c4ccccn4)nnc3-c3ccc(Oc4ccc([*])cc4)cc3)cc2)cc1,223.0,,GREA,496.15,,1,0.0,black
polymer_449,[*]C(=O)c1ccc(Oc2ccc(-c3nc4ccccc4n3-c3ccc(-c4ccc(-n5c(-c6ccc(Oc7ccc(C(=O)c8ccc(Oc9ccc([*])cc9)cc8)cc7)cc6)nc6ccccc65)cc4)cc3)cc2)cc1,243.0,,GREA,516.15,,1,0.0,black
polymer_450,[*]C(=O)c1ccc(Oc2ccc(-c3nc4ccccc4n3-c3ccc(-c4ccc(-n5c(-c6ccc(Oc7ccc([*])cc7)cc6)nc6ccccc65)cc4)cc3)cc2)cc1,268.0,,GREA,541.15,,1,0.0,black
polymer_451,[*]C(=O)c1ccc(Oc2ccc(-c3nc4ccccc4n3-c3ccc(-n4c(-c5ccc(Oc6ccc(C(=O)c7ccc(Oc8ccc([*])cc8)cc7)cc6)cc5)nc5ccccc54)cc3)cc2)cc1,223.0,,GREA,496.15,,1,0.0,black
polymer_452,[*]C(=O)c1ccc(Oc2ccc(-c3nc4ccccc4n3-c3ccc(-n4c(-c5ccc(Oc6ccc([*])cc6)cc5)nc5ccccc54)cc3)cc2)cc1,242.0,,GREA,515.15,,1,0.0,black
polymer_453,[*]C(=O)c1ccc(Oc2ccc(-c3nnc(-c4ccc(Oc5ccc([*])cc5)cc4)c4c(-c5ccc(F)cc5)c(-c5ccc(F)cc5)c(-c5ccc(F)cc5)c(-c5ccc(F)cc5)c34)cc2)cc1,313.0,,GREA,586.15,,1,0.0,black
polymer_454,[*]C(=O)c1ccc(Oc2ccc(-c3nnc(-c4ccc(Oc5ccc([*])cc5)cc4)c4c(-c5ccccc5)c(-c5ccc6ccccc6c5)c(-c5ccc6ccccc6c5)c(-c5ccccc5)c34)cc2)cc1,312.0,,GREA,585.15,,1,0.0,black
polymer_455,[*]C(=O)c1ccc(Oc2ccc(/C=N/N=C/c3ccc(Oc4ccc([*])cc4)cc3)cc2)cc1,179.0,,GREA,452.15,,1,0.0,black
polymer_456,[*]C(=O)c1ccc(Oc2ccc(C(=O)c3c(C(=O)c4ccc(Oc5ccc([*])cc5)cc4)c(-c4ccc(F)cc4)c(-c4ccc(F)cc4)c(-c4ccc(F)cc4)c3-c3ccc(F)cc3)cc2)cc1,260.0,,GREA,533.15,,1,0.0,black
polymer_457,[*]C(=O)c1ccc(Oc2ccc(C(=O)c3c(C(=O)c4ccc(Oc5ccc([*])cc5)cc4)c(-c4ccccc4)c(-c4ccc5ccccc5c4)c(-c4ccc5ccccc5c4)c3-c3ccccc3)cc2)cc1,290.0,,GREA,563.15,,1,0.0,black
polymer_458,[*]C(=O)c1ccc(Oc2ccc(C(=O)c3ccc(C(=O)c4ccc(Oc5ccc([*])cc5)cc4)cc3)cc2)cc1,169.0,,GREA,442.15,,1,0.0,black
polymer_459,[*]C(=O)c1ccc(Oc2ccc(C(=O)c3ccc(Oc4ccc(Cc5ccc(Oc6ccc([*])cc6)cc5)cc4)cc3)cc2)cc1,128.0,,GREA,401.15,,1,0.0,black
polymer_460,[*]C(=O)c1ccc(Oc2ccc(C(=O)c3cccc(C(=O)c4ccc(Oc5ccc([*])cc5)cc4)c3)cc2)cc1,152.0,,GREA,425.15,,1,0.0,black
polymer_461,[*]C(=O)c1ccc(Oc2ccc(C(C)(C)c3ccc(Oc4ccc(C(=O)c5c(C)ccc6c([*])c(C)ccc56)cc4)cc3)cc2)cc1,222.0,,GREA,495.15,,1,0.0,black
polymer_462,[*]C(=O)c1ccc(Oc2ccc(C(c3ccc(Oc4ccc(C(=O)c5cc([*])cc(C(C)(C)C)c5)cc4)cc3)(C(F)(F)F)C(F)(F)F)cc2)cc1,181.0,,GREA,454.15,,1,0.0,black
polymer_463,[*]C(=O)c1ccc(Oc2ccc(C(c3ccc(Oc4ccc(C([*])=O)cc4)cc3)(C(F)(F)F)C(F)(F)F)cc2)cc1,162.0,,GREA,435.15,,1,0.0,black
polymer_464,[*]C(=O)c1ccc(Oc2ccc(C(c3ccc(Oc4ccc([*])cc4)cc3)(C(F)(F)F)C(F)(F)F)cc2)c2ccccc12,190.0,,GREA,463.15,,1,0.0,black
polymer_465,[*]C(=O)c1ccc(Oc2ccc(C(c3ccc(Oc4ccc([*])cc4)cc3)(C(F)(F)F)C(F)(F)F)cc2)cc1,175.0,,GREA,448.15,,1,0.0,black
polymer_466,[*]C(=O)c1ccc(Oc2ccc(C3(c4ccc(Oc5ccc(C(=O)c6ccc(Oc7ccc([*])cc7)cc6)cc5)cc4)c4ccccc4-c4ccccc43)cc2)cc1,231.0,,GREA,504.15,,1,0.0,black
polymer_467,[*]C(=O)c1ccc(Oc2ccc(C3(c4ccc(Oc5ccc(C(=O)c6ccc([*])cc6)cc5C(F)(F)F)cc4)c4ccccc4-c4ccccc43)cc2)c(C(F)(F)F)c1,229.0,,GREA,502.15,,1,0.0,black
polymer_468,[*]C(=O)c1ccc(Oc2ccc(C3(c4ccc(Oc5ccc(C([*])=O)cc5)cc4)c4ccccc4-c4ccccc43)cc2)cc1,242.0,,GREA,515.15,,1,0.0,black
polymer_469,[*]C(=O)c1ccc(Oc2ccc(C3(c4ccc(Oc5ccc([*])cc5)cc4)CCC4CCCCC4C3)cc2)cc1,214.0,,GREA,487.15,,1,0.0,black
polymer_470,[*]C(=O)c1ccc(Oc2ccc(C3(c4ccc(Oc5ccc([*])cc5)cc4)c4ccccc4-c4ccccc43)cc2)c2ccccc12,260.0,,GREA,533.15,,1,0.0,black
polymer_471,[*]C(=O)c1ccc(Oc2ccc(C3(c4ccc(Oc5ccc([*])cc5)cc4)c4ccccc4-c4ccccc43)cc2)cc1,252.0,,GREA,525.15,,1,0.0,black
polymer_472,[*]C(=O)c1ccc(Oc2ccc(C3(c4ccc(Oc5ccc([*])cc5)cc4)c4ccccc4-c4ccccc43)cc2)s1,195.0,,GREA,468.15,,1,0.0,black
polymer_473,[*]C(=O)c1ccc(Oc2ccc(N3C(=O)c4ccc(-c5ccc6c(c5)C(=O)N(c5ccc(Oc7ccc([*])cc7)cc5)C6=O)cc4C3=O)cc2)cc1,253.0,,GREA,526.15,,1,0.0,black
polymer_474,[*]C(=O)c1ccc(Oc2ccc(N3C(=O)c4ccc(C(=O)c5ccc6c(c5)C(=O)N(c5ccc(Oc7ccc(C(=O)c8ccc(Oc9ccc([*])cc9)cc8)cc7)cc5)C6=O)cc4C3=O)cc2)cc1,215.0,,GREA,488.15,,1,0.0,black
polymer_475,[*]C(=O)c1ccc(Oc2ccc(N3C(=O)c4ccc(C(=O)c5ccc6c(c5)C(=O)N(c5ccc(Oc7ccc([*])cc7)cc5)C6=O)cc4C3=O)cc2)cc1,252.0,,GREA,525.15,,1,0.0,black
polymer_476,[*]C(=O)c1ccc(Oc2ccc(N3C(=O)c4ccc(C(c5ccc6c(c5)C(=O)N(c5ccc(Oc7ccc([*])cc7)cc5)C6=O)(C(F)(F)F)C(F)(F)F)cc4C3=O)cc2)cc1,266.0,,GREA,539.15,,1,0.0,black
polymer_477,[*]C(=O)c1ccc(Oc2ccc(N3C(=O)c4ccc(Oc5ccc6c(c5)C(=O)N(c5ccc(Oc7ccc([*])cc7)cc5)C6=O)cc4C3=O)cc2)cc1,243.0,,GREA,516.15,,1,0.0,black
polymer_478,[*]C(=O)c1ccc(Oc2ccc(N3C(=O)c4ccc(Oc5cccc(Oc6ccc7c(c6)C(=O)N(c6ccc(Oc8ccc([*])cc8)cc6)C7=O)c5)cc4C3=O)cc2)cc1,201.0,,GREA,474.15,,1,0.0,black
polymer_479,[*]C(=O)c1ccc(Oc2ccc(N3C(=O)c4ccc(S(=O)(=O)c5ccc6c(c5)C(=O)N(c5ccc(Oc7ccc([*])cc7)cc5)C6=O)cc4C3=O)cc2)cc1,275.5,,GREA,548.65,,1,0.0,black
polymer_480,[*]C(=O)c1ccc(Oc2ccc(Oc3ccc(C(=O)c4ccc(Oc5ccc(Oc6ccc([*])cc6C(C)C)cc5)c(C(C)C)c4)cc3)cc2)cc1,145.0,,GREA,418.15,,1,0.0,black
polymer_481,[*]C(=O)c1ccc(Oc2ccc(Oc3ccc(Oc4ccc([*])cc4)cc3)cc2)cc1,150.5,,GREA,423.65,,1,0.0,black
polymer_482,[*]C(=O)c1ccc(Oc2ccc(Oc3ccc([*])cc3)cc2-c2cc(C(F)(F)F)cc(C(F)(F)F)c2)cc1,146.0,,GREA,419.15,,1,0.0,black
polymer_483,[*]C(=O)c1ccc(Oc2ccc(Oc3ccc([*])cc3)cc2-c2ccc(Oc3ccccc3)cc2)cc1,146.0,,GREA,419.15,,1,0.0,black
polymer_484,[*]C(=O)c1ccc(Oc2ccc(Oc3ccc([*])cc3)cc2-c2cccc(C(F)(F)F)c2)cc1,134.0,,GREA,407.15,,1,0.0,black
polymer_485,[*]C(=O)c1ccc(Oc2ccc(Oc3ccc([*])cc3)cc2-c2ccccc2)cc1,157.0,,GREA,430.15,,1,0.0,black
polymer_486,[*]C(=O)c1ccc(Oc2ccc(Oc3ccc([*])cc3)cc2S(=O)(=O)O)cc1,225.0,,GREA,498.15,,1,0.0,black
polymer_487,[*]C(=O)c1ccc(Oc2ccc(Oc3ccc([*])cc3S(=O)(=O)O)cc2)c(S(=O)(=O)O)c1,220.0,,GREA,493.15,,1,0.0,black
polymer_488,[*]C(=O)c1ccc(Oc2ccc(Oc3ccc([*])cc3S(=O)(=O)O)cc2S(=O)(=O)O)c(S(=O)(=O)O)c1,248.0,,GREA,521.15,,1,0.0,black
polymer_489,[*]C(=O)c1ccc(Oc2ccc(Oc3cccc(Oc4ccc(Oc5ccc([*])cc5)cc4)n3)cc2)cc1,124.0,,GREA,397.15,,1,0.0,black
polymer_490,[*]C(=O)c1ccc(Oc2ccc(S(=O)(=O)c3ccc(Oc4ccc(-c5ccc(Oc6ccc([*])cc6)cc5)cc4)cc3)cc2)cc1,206.0,,GREA,479.15,,1,0.0,black
polymer_491,[*]C(=O)c1ccc(Oc2ccc(S(=O)(=O)c3ccc(Oc4ccc(C(=O)c5cc([*])cc(C(C)(C)C)c5)cc4)cc3)cc2)cc1,198.0,,GREA,471.15,,1,0.0,black
polymer_492,[*]C(=O)c1ccc(Oc2ccc(S(=O)(=O)c3ccc(Oc4ccc(Oc5ccc([*])cc5)cc4)cc3)cc2)cc1,186.0,,GREA,459.15,,1,0.0,black
polymer_493,[*]C(=O)c1ccc(Oc2ccc(S(=O)(=O)c3ccc(Oc4ccc([*])cc4)cc3)cc2)cc1,205.0,,GREA,478.15,,1,0.0,black
polymer_494,[*]C(=O)c1ccc(Oc2ccc([*])cc2)cc1,154.0,,GREA,427.15,,1,0.0,black
polymer_495,[*]C(=O)c1ccc(Oc2ccc3c(=O)n4c5cc(-c6ccc7c(c6)nc6c8ccc(Oc9ccc([*])cc9)c9cccc(c(=O)n76)c98)ccc5nc4c4cccc2c34)cc1,389.0,,GREA,662.15,,1,0.0,black
polymer_496,[*]C(=O)c1ccc(Oc2ccc3c(c2)C(=O)N(c2ccc(Oc4ccc(N5C(=O)c6ccc(Oc7ccc([*])cc7)cc6C5=O)cc4)cc2)C3=O)cc1,210.0,,GREA,483.15,,1,0.0,black
polymer_497,[*]C(=O)c1ccc(Oc2ccc3c(c2)C(=O)N(c2ccc(Oc4cccc(Oc5ccc(N6C(=O)c7ccc(Oc8ccc([*])cc8)cc7C6=O)cc5)c4)cc2)C3=O)cc1,194.0,,GREA,467.15,,1,0.0,black
polymer_498,[*]C(=O)c1ccc(Oc2ccc3c(c2)C(=O)N(c2cccc(N4C(=O)c5ccc(Oc6ccc([*])cc6)cc5C4=O)c2)C3=O)cc1,239.0,,GREA,512.15,,1,0.0,black
polymer_499,[*]C(=O)c1ccc(Oc2ccc3cc(Oc4ccc(S(=O)(=O)c5ccc(Oc6ccc([*])cc6)cc5)cc4)ccc3c2)cc1,199.0,,GREA,472.15,,1,0.0,black
polymer_500,[*]C(=O)c1ccc(Oc2ccc3cc(Oc4ccc([*])cc4)ccc3c2)cc1,247.0,,GREA,520.15,,1,0.0,black
polymer_501,[*]C(=O)c1ccc(Oc2cccc(C(=O)c3ccc(Oc4ccc([*])cc4)cc3)c2)cc1,146.0,,GREA,419.15,,1,0.0,black
polymer_502,[*]C(=O)c1ccc(Oc2cccc(Cc3cccc(Oc4ccc(C(=O)c5ccc(Oc6ccc([*])cc6)cc5)cc4)c3)c2)cc1,123.0,,GREA,396.15,,1,0.0,black
polymer_503,[*]C(=O)c1ccc(Oc2cccc(N3C(=O)c4cccc(Oc5cccc6c5C(=O)N(c5cccc(Oc7ccc([*])cc7)c5)C6=O)c4C3=O)c2)cc1,198.0,,Qiu,471.15,,1,0.0,black
polymer_504,[*]C(=O)c1ccc(Oc2cccc(Oc3ccc(S(=O)(=O)c4ccc(Oc5ccc([*])cc5)cc4)cc3)c2)cc1,167.0,,GREA,440.15,,1,0.0,black
polymer_505,[*]C(=O)c1ccc(Oc2cccc(Oc3ccc([*])cc3)c2)cc1,125.0,,GREA,398.15,,1,0.0,black
polymer_506,[*]C(=O)c1ccc(Oc2cccc3c2C(=O)N(c2ccc(Oc4cccc(Oc5ccc(N6C(=O)c7cccc(Oc8ccc([*])cc8)c7C6=O)cc5)c4)cc2)C3=O)cc1,216.0,,GREA,489.15,,1,0.0,black
polymer_507,[*]C(=O)c1ccc(Oc2cccc3c2C(=O)N(c2cccc(N4C(=O)c5cccc(Oc6ccc([*])cc6)c5C4=O)c2)C3=O)cc1,248.0,,GREA,521.15,,1,0.0,black
polymer_508,[*]C(=O)c1ccc(P(=O)(c2ccccc2)c2ccc(C(=O)c3ccc(Oc4ccc(C(c5ccc(Oc6ccc([*])cc6)cc5)(C(F)(F)F)C(F)(F)F)cc4)cc3)cc2)cc1,207.0,,GREA,480.15,,1,0.0,black
polymer_509,[*]C(=O)c1ccc(P(=O)(c2ccccc2)c2ccc(C(=O)c3ccc(Oc4ccc(Oc5ccc([*])cc5)cc4)cc3)cc2)cc1,207.0,,GREA,480.15,,1,0.0,black
polymer_510,[*]C(=O)c1ccc(P(=O)(c2ccccc2)c2ccc(C(=O)c3ccc(Oc4cccc(Oc5ccc([*])cc5)c4)cc3)cc2)cc1,201.0,,GREA,474.15,,1,0.0,black
polymer_511,[*]C(=O)c1ccc(S(=O)(=O)c2ccc(C(=O)c3ccc([*])cc3)cc2)cc1,213.5,,GREA,486.65,,1,0.0,black
polymer_512,[*]C(=O)c1ccc2c(c1)C(=O)N(C(=S)Nc1ccc(Oc3ccc(NC(=S)N4C(=O)c5ccc([*])cc5C4=O)cc3)cc1)C2=O,262.0,,GREA,535.15,,1,0.0,black
polymer_513,[*]C(=O)c1ccc2c(c1)C(=O)N(C1CCC(CC3CCC(N4C(=O)c5ccc([*])cc5C4=O)CC3)CC1)C2=O,254.0,,GREA,527.15,,1,0.0,black
polymer_514,[*]C(=O)c1ccc2c(c1)C(=O)N(CC1CC3CC1C1CCC(CN4C(=O)c5ccc([*])cc5C4=O)C31)C2=O,217.0,,GREA,490.15,,1,0.0,black
polymer_515,[*]C(=O)c1ccc2c(c1)C(=O)N(CC1CCCC(CN3C(=O)c4ccc([*])cc4C3=O)C1)C2=O,213.0,,GREA,486.15,,1,0.0,black
polymer_516,[*]C(=O)c1ccc2c(c1)C(=O)N(CCCCCCCCCCCCN1C(=O)c3ccc([*])cc3C1=O)C2=O,87.5,,GREA,360.65,,1,0.0,black
polymer_517,[*]C(=O)c1ccc2c(c1)C(=O)N(CCCCCCCCN1C(=O)c3ccc([*])cc3C1=O)C2=O,113.0,,GREA,386.15,,1,0.0,black
polymer_518,[*]C(=O)c1ccc2c(c1)C(=O)N(CCCCCCN1C(=O)c3ccc([*])cc3C1=O)C2=O,127.0,,GREA,400.15,,1,0.0,black
polymer_519,[*]C(=O)c1ccc2c(c1)C(=O)N(c1c(-c3ccccc3)cc(-c3ccc(-c4cc(-c5ccccc5)c(N5C(=O)c6ccc([*])cc6C5=O)c(-c5ccccc5)c4)cc3)cc1-c1ccccc1)C2=O,265.0,,GREA,538.15,,1,0.0,black
polymer_520,[*]C(=O)c1ccc2c(c1)C(=O)N(c1cc(-c3nc4ccccc4[nH]3)cc(N3C(=O)c4ccc([*])cc4C3=O)c1)C2=O,197.0,,GREA,470.15,,1,0.0,black
polymer_521,[*]C(=O)c1ccc2c(c1)C(=O)N(c1cc(/C=N/C(=S)Nc3ccc(N4C(=O)c5ccc([*])cc5C4=O)cc3)ccc1Cl)C2=O,274.0,,GREA,547.15,,1,0.0,black
polymer_522,[*]C(=O)c1ccc2c(c1)C(=O)N(c1cc(Br)c(Oc3c(Br)cc(N4C(=O)c5ccc([*])cc5C4=O)cc3Br)c(Br)c1)C2=O,323.0,,GREA,596.15,,1,0.0,black
polymer_523,[*]C(=O)c1ccc2c(c1)C(=O)N(c1cc(C(c3ccc(O)c(N4C(=O)c5ccc([*])cc5C4=O)c3)(C(F)(F)F)C(F)(F)F)ccc1O)C2=O,315.0,,GREA,588.15,,1,0.0,black
polymer_524,[*]C(=O)c1ccc2c(c1)C(=O)N(c1cc(N3C(=O)c4ccc(Cc5cccc([*])c5)cc4C3=O)cc(C(F)(F)F)c1)C2=O,253.0,,Qiu,526.15,,1,0.0,black
polymer_525,[*]C(=O)c1ccc2c(c1)C(=O)N(c1cc(N3C(=O)c4ccc([*])cc4C3=O)c(O)cc1O)C2=O,324.0,,GREA,597.15,,1,0.0,black
polymer_526,[*]C(=O)c1ccc2c(c1)C(=O)N(c1cc(N3C(=O)c4ccc([*])cc4C3=O)ccc1OCC(F)(F)C(F)(F)C(F)(F)C(F)(F)C(F)(F)C(F)(F)C(F)(F)C(F)(F)C(F)(F)C(F)(F)F)C2=O,194.0,,Qiu,467.15,,1,0.0,black
polymer_527,[*]C(=O)c1ccc2c(c1)C(=O)N(c1cc(N3C(=O)c4ccc([*])cc4C3=O)ccc1OCC(F)(F)C(F)(F)C(F)(F)C(F)(F)C(F)(F)C(F)(F)C(F)(F)F)C2=O,223.0,,Qiu,496.15,,1,0.0,black
polymer_528,[*]C(=O)c1ccc2c(c1)C(=O)N(c1cc(N3C(=O)c4ccc([*])cc4C3=O)ccc1OCC(F)(F)C(F)(F)C(F)(F)C(F)(F)C(F)(F)C(F)(F)F)C2=O,229.0,,Qiu,502.15,,1,0.0,black
polymer_529,[*]C(=O)c1ccc2c(c1)C(=O)N(c1cc(N3C(=O)c4ccc([*])cc4C3=O)ccc1OCC(F)(F)C(F)(F)C(F)(F)F)C2=O,262.0,,Qiu,535.15,,1,0.0,black
polymer_530,[*]C(=O)c1ccc2c(c1)C(=O)N(c1ccc(-c3c(-c4ccc(-c5ccccc5)cc4)cc(-c4ccc(OCCCCCCCCCCOc5ccc(-c6cc(-c7ccc(-c8ccccc8)cc7)c(-c7ccc(N8C(=O)c9ccc([*])cc9C8=O)cc7)c(-c7ccc(-c8ccccc8)cc7)c6)cc5)cc4)cc3-c3ccc(-c4ccccc4)cc3)cc1)C2=O,103.5,,GREA,376.65,,1,0.0,black
polymer_531,[*]C(=O)c1ccc2c(c1)C(=O)N(c1ccc(-c3c(-c4ccc(-c5ccccc5)cc4)cc(-c4ccc(OCCCCCCOc5ccc(-c6cc(-c7ccc(-c8ccccc8)cc7)c(-c7ccc(N8C(=O)c9ccc([*])cc9C8=O)cc7)c(-c7ccc(-c8ccccc8)cc7)c6)cc5)cc4)cc3-c3ccc(-c4ccccc4)cc3)cc1)C2=O,111.5,,GREA,384.65,,1,0.0,black
polymer_532,[*]C(=O)c1ccc2c(c1)C(=O)N(c1ccc(-c3ccc(N4C(=O)c5ccc([*])cc5C4=O)c(OCCCCCCOc4ccc(/C=C/c5ccc(F)cc5)cc4)c3)cc1OCCCCCCOc1ccc(/C=C/c3ccc(F)cc3)cc1)C2=O,128.0,,GREA,401.15,,1,0.0,black
polymer_533,[*]C(=O)c1ccc2c(c1)C(=O)N(c1ccc(-c3ccc(N4C(=O)c5ccc([*])cc5C4=O)cc3)cc1)C2=O,382.0,,GREA,655.15,,1,0.0,black
polymer_534,[*]C(=O)c1ccc2c(c1)C(=O)N(c1ccc(-c3ccccc3N3C(=O)c4ccc([*])cc4C3=O)cc1)C2=O,305.0,,GREA,578.15,,1,0.0,black
polymer_535,[*]C(=O)c1ccc2c(c1)C(=O)N(c1ccc(-c3nc(-c4ccccc4)nc(-c4ccc(N5C(=O)c6ccc([*])cc6C5=O)cc4)n3)cc1)C2=O,355.0,,GREA,628.15,,1,0.0,black
polymer_536,[*]C(=O)c1ccc2c(c1)C(=O)N(c1ccc(-c3nc4cc(-c5ccc6nc(-c7ccccc7)c(-c7ccc(N8C(=O)c9ccc([*])cc9C8=O)cc7)nc6c5)ccc4nc3-c3ccccc3)cc1)C2=O,260.0,,GREA,533.15,,1,0.0,black
polymer_537,[*]C(=O)c1ccc2c(c1)C(=O)N(c1ccc(-c3nc4cc(Oc5ccc6nc(-c7ccccc7)c(-c7ccc(N8C(=O)c9ccc([*])cc9C8=O)cc7)nc6c5)ccc4nc3-c3ccccc3)cc1)C2=O,254.0,,GREA,527.15,,1,0.0,black
polymer_538,[*]C(=O)c1ccc2c(c1)C(=O)N(c1ccc(-c3nc4cc(S(=O)(=O)c5ccc6nc(-c7ccccc7)c(-c7ccc(N8C(=O)c9ccc([*])cc9C8=O)cc7)nc6c5)ccc4nc3-c3ccccc3)cc1)C2=O,240.0,,GREA,513.15,,1,0.0,black
polymer_539,[*]C(=O)c1ccc2c(c1)C(=O)N(c1ccc(/C=C/c3ccc(N4C(=O)c5ccc([*])cc5C4=O)cc3)cc1)C2=O,303.0,,GREA,576.15,,1,0.0,black
polymer_540,[*]C(=O)c1ccc2c(c1)C(=O)N(c1ccc(/C=C/c3ccc(N4C(=O)c5ccc([*])cc5C4=O)cc3S(=O)(=O)O[Na])c(S(=O)(=O)O[Na])c1)C2=O,229.0,,GREA,502.15,,1,0.0,black
polymer_541,[*]C(=O)c1ccc2c(c1)C(=O)N(c1ccc(C(=O)c3ccccc3N3C(=O)c4ccc([*])cc4C3=O)cc1)C2=O,289.0,,GREA,562.15,,1,0.0,black
polymer_542,[*]C(=O)c1ccc2c(c1)C(=O)N(c1ccc(C(c3ccc(N4C(=O)c5ccc(C(=O)c6cc([*])cc(C(C)(C)C)c6)cc5C4=O)cc3)(C(F)(F)F)C(F)(F)F)cc1)C2=O,267.5,,GREA,540.65,,1,0.0,black
polymer_543,[*]C(=O)c1ccc2c(c1)C(=O)N(c1ccc(C(c3ccc(N4C(=O)c5ccc(C(=O)c6cccc([*])c6)cc5C4=O)cc3)(C(F)(F)F)C(F)(F)F)cc1)C2=O,262.5,,GREA,535.65,,1,0.0,black
polymer_544,[*]C(=O)c1ccc2c(c1)C(=O)N(c1ccc(C(c3ccc(N4C(=O)c5ccc([*])cc5C4=O)cc3)(C(F)(F)F)C(F)(F)F)cc1)C2=O,308.03,,GREA,581.18,,1,0.0,black
polymer_545,[*]C(=O)c1ccc2c(c1)C(=O)N(c1ccc(C(c3ccccc3)(c3ccc(N4C(=O)c5ccc([*])cc5C4=O)cc3)C(F)(F)F)cc1)C2=O,311.0,,GREA,584.15,,1,0.0,black
polymer_546,[*]C(=O)c1ccc2c(c1)C(=O)N(c1ccc(C(c3ccccc3)c3ccc(N4C(=O)c5ccc([*])cc5C4=O)cc3)cc1)C2=O,282.0,,GREA,555.15,,1,0.0,black
polymer_547,[*]C(=O)c1ccc2c(c1)C(=O)N(c1ccc(C3(c4ccc(N5C(=O)c6ccc([*])cc6C5=O)cc4)c4ccccc4-c4ccccc43)cc1)C2=O,376.0,,GREA,649.15,,1,0.0,black
polymer_548,[*]C(=O)c1ccc2c(c1)C(=O)N(c1ccc(CP(=O)(OCCCl)OCCCl)c(N3C(=O)c4ccc([*])cc4C3=O)c1)C2=O,261.0,,GREA,534.15,,1,0.0,black
polymer_549,[*]C(=O)c1ccc2c(c1)C(=O)N(c1ccc(Cc3ccc(Cc4ccc(Cc5ccc(N6C(=O)c7ccc([*])cc7C6=O)cc5)cc4)cc3)cc1)C2=O,302.0,,GREA,575.15,,1,0.0,black
polymer_550,[*]C(=O)c1ccc2c(c1)C(=O)N(c1ccc(Cc3ccc(Cc4ccc(N5C(=O)c6ccc([*])cc6C5=O)cc4)cc3)cc1)C2=O,347.0,,GREA,620.15,,1,0.0,black
polymer_551,[*]C(=O)c1ccc2c(c1)C(=O)N(c1ccc(Cc3ccc(Cc4cccc(N5C(=O)c6ccc([*])cc6C5=O)c4)cc3)cc1)C2=O,317.0,,GREA,590.15,,1,0.0,black
polymer_552,[*]C(=O)c1ccc2c(c1)C(=O)N(c1ccc(Cc3ccc(N4C(=O)c5ccc(C(=O)c6ccc(Oc7ccc(-c8ccc(Oc9ccc([*])cc9)cc8)cc7)cc6)cc5C4=O)cc3)cc1)C2=O,241.0,,GREA,514.15,,1,0.0,black
polymer_553,[*]C(=O)c1ccc2c(c1)C(=O)N(c1ccc(Cc3ccc(N4C(=O)c5ccc(C(=O)c6ccc(Oc7ccc(Oc8ccc([*])cc8)cc7)cc6)cc5C4=O)cc3)cc1)C2=O,225.0,,GREA,498.15,,1,0.0,black
polymer_554,[*]C(=O)c1ccc2c(c1)C(=O)N(c1ccc(Cc3ccc(N4C(=O)c5ccc(C(=O)c6ccc(Oc7ccc(S(=O)(=O)c8ccc(Oc9ccc([*])cc9)cc8)cc7)cc6)cc5C4=O)cc3)cc1)C2=O,245.0,,GREA,518.15,,1,0.0,black
polymer_555,[*]C(=O)c1ccc2c(c1)C(=O)N(c1ccc(Cc3cccc(N4C(=O)c5ccc([*])cc5C4=O)c3)cc1)C2=O,281.0,,GREA,554.15,,1,0.0,black
polymer_556,[*]C(=O)c1ccc2c(c1)C(=O)N(c1ccc(Cc3ccccc3N3C(=O)c4ccc([*])cc4C3=O)cc1)C2=O,290.0,,GREA,563.15,,1,0.0,black
polymer_557,[*]C(=O)c1ccc2c(c1)C(=O)N(c1ccc(Cl)c(N3C(=O)c4ccc([*])cc4C3=O)c1)C2=O,305.0,,GREA,578.15,,1,0.0,black
polymer_558,[*]C(=O)c1ccc2c(c1)C(=O)N(c1ccc(N(c3ccccc3)c3ccc(N4C(=O)c5ccc([*])cc5C4=O)cc3)cc1)C2=O,270.0,,GREA,543.15,,1,0.0,black
polymer_559,[*]C(=O)c1ccc2c(c1)C(=O)N(c1ccc(N3C(=O)c4ccc(C(=O)c5ccc(Oc6ccc(-c7ccc(Oc8ccc([*])cc8)cc7)cc6)cc5)cc4C3=O)cc1)C2=O,229.0,,GREA,502.15,,1,0.0,black
polymer_560,[*]C(=O)c1ccc2c(c1)C(=O)N(c1ccc(N3C(=O)c4ccc(C(=O)c5ccc(Oc6ccc(Oc7ccc([*])cc7)cc6)cc5)cc4C3=O)cc1)C2=O,236.0,,GREA,509.15,,1,0.0,black
polymer_561,[*]C(=O)c1ccc2c(c1)C(=O)N(c1ccc(N3C(=O)c4ccc([*])cc4C3=O)c(S(=O)(=O)O[Na])c1)C2=O,214.0,,GREA,487.15,,1,0.0,black
polymer_562,[*]C(=O)c1ccc2c(c1)C(=O)N(c1ccc(OCCOCCOCCOc3ccc(N4C(=O)c5ccc([*])cc5C4=O)cc3)cc1)C2=O,200.0,,GREA,473.15,,1,0.0,black
polymer_563,[*]C(=O)c1ccc2c(c1)C(=O)N(c1ccc(OCCOCCOc3ccc(N4C(=O)c5ccc([*])cc5C4=O)cc3)cc1)C2=O,235.0,,GREA,508.15,,1,0.0,black
polymer_564,[*]C(=O)c1ccc2c(c1)C(=O)N(c1ccc(OCCOc3ccc(N4C(=O)c5ccc([*])cc5C4=O)cc3)cc1)C2=O,246.0,,GREA,519.15,,1,0.0,black
polymer_565,[*]C(=O)c1ccc2c(c1)C(=O)N(c1ccc(Oc3cc4ccccc4cc3Oc3ccc(N4C(=O)c5ccc([*])cc5C4=O)cc3)cc1)C2=O,246.0,,GREA,519.15,,1,0.0,black
polymer_566,[*]C(=O)c1ccc2c(c1)C(=O)N(c1ccc(Oc3ccc(C(=O)c4cccc(C(=O)c5ccc(Oc6ccc(N7C(=O)c8ccc([*])cc8C7=O)cc6)cc5)n4)cc3)cc1)C2=O,314.5,,GREA,587.65,,1,0.0,black
polymer_567,[*]C(=O)c1ccc2c(c1)C(=O)N(c1ccc(Oc3ccc(C(=O)c4cccc(C(=O)c5ccc(Oc6ccc(N7C(=O)c8ccc([*])cc8C7=O)cc6C(F)(F)F)cc5)n4)cc3)c(C(F)(F)F)c1)C2=O,225.20000000000005,,GREA,498.35,,1,0.0,black
polymer_568,[*]C(=O)c1ccc2c(c1)C(=O)N(c1ccc(Oc3ccc(C(=O)c4cccc(N5C(=O)c6ccc([*])cc6C5=O)c4)cc3)c(C(F)(F)F)c1)C2=O,242.0,,GREA,515.15,,1,0.0,black
polymer_569,[*]C(=O)c1ccc2c(c1)C(=O)N(c1ccc(Oc3ccc(C(c4ccc(Oc5ccc(N6C(=O)c7ccc([*])cc7C6=O)cc5C(F)(F)F)cc4)(C(F)(F)F)C(F)(F)F)cc3)c(C(F)(F)F)c1)C2=O,220.0,,GREA,493.15,,1,0.0,black
polymer_570,[*]C(=O)c1ccc2c(c1)C(=O)N(c1ccc(Oc3ccc(N4C(=O)c5ccc(C(=O)N6C(=O)N([*])C(=O)C6(C)C)cc5C4=O)cc3)cc1)C2=O,156.0,,GREA,429.15,,1,0.0,black
polymer_571,[*]C(=O)c1ccc2c(c1)C(=O)N(c1ccc(Oc3ccc(N4C(=O)c5ccc(C(=O)N6C(=O)N([*])C(=O)C6(CC)CC)cc5C4=O)cc3)cc1)C2=O,160.0,,GREA,433.15,,1,0.0,black
polymer_572,[*]C(=O)c1ccc2c(c1)C(=O)N(c1ccc(Oc3ccc(N4C(=O)c5ccc(C(=O)N6C(=S)N([*])C(C)=C(C(=O)OCC)C6c6ccc(OC)cc6OC)cc5C4=O)cc3)cc1)C2=O,165.0,,GREA,438.15,,1,0.0,black
polymer_573,[*]C(=O)c1ccc2c(c1)C(=O)N(c1ccc(Oc3ccc(N4C(=O)c5ccc(C(=O)N6C(=S)N([*])C(C)=C(C(=O)OCC)C6c6ccccc6)cc5C4=O)cc3)cc1)C2=O,155.0,,GREA,428.15,,1,0.0,black
polymer_574,[*]C(=O)c1ccc2c(c1)C(=O)N(c1ccc(Oc3ccc(N4C(=O)c5ccc(C(=O)c6cc([*])cc(C(C)(C)C)c6)cc5C4=O)cc3)cc1)C2=O,252.5,,GREA,525.65,,1,0.0,black
polymer_575,[*]C(=O)c1ccc2c(c1)C(=O)N(c1ccc(Oc3ccc(N4C(=O)c5ccc(C(=O)c6ccc(Oc7ccc(-c8ccc(Oc9ccc([*])cc9)cc8)cc7)cc6)cc5C4=O)cc3)cc1)C2=O,233.0,,GREA,506.15,,1,0.0,black
polymer_576,[*]C(=O)c1ccc2c(c1)C(=O)N(c1ccc(Oc3ccc(N4C(=O)c5ccc(C(=O)c6ccc(Oc7ccc(Oc8ccc([*])cc8)cc7)cc6)cc5C4=O)cc3)cc1)C2=O,220.0,,GREA,493.15,,1,0.0,black
polymer_577,[*]C(=O)c1ccc2c(c1)C(=O)N(c1ccc(Oc3ccc(N4C(=O)c5ccc(C(=O)c6ccc(Oc7ccc(S(=O)(=O)c8ccc(Oc9ccc([*])cc9)cc8)cc7)cc6)cc5C4=O)cc3)cc1)C2=O,241.0,,GREA,514.15,,1,0.0,black
polymer_578,[*]C(=O)c1ccc2c(c1)C(=O)N(c1ccc(Oc3ccc(N4C(=O)c5ccc(C(=O)c6cccc([*])c6)cc5C4=O)cc3)cc1)C2=O,244.0,,GREA,517.15,,1,0.0,black
polymer_579,[*]C(=O)c1ccc2c(c1)C(=O)N(c1ccc(Oc3ccc(N4C(=O)c5ccc([*])cc5C4=O)cc3Br)c(Br)c1)C2=O,296.0,,GREA,569.15,,1,0.0,black
polymer_580,[*]C(=O)c1ccc2c(c1)C(=O)N(c1ccc(Oc3ccc(Oc4ccc(N5C(=O)c6ccc([*])cc6C5=O)cc4C(F)(F)F)cc3)cc1)C2=O,237.10000000000002,,GREA,510.25,,1,0.0,black
polymer_581,[*]C(=O)c1ccc2c(c1)C(=O)N(c1ccc(Oc3ccc(S(=O)(=O)c4ccc(Oc5ccc(N6C(=O)c7ccc(C(=O)c8cc([*])cc(C(C)(C)C)c8)cc7C6=O)cc5)cc4)cc3)cc1)C2=O,254.5,,GREA,527.65,,1,0.0,black
polymer_582,[*]C(=O)c1ccc2c(c1)C(=O)N(c1ccc(Oc3ccc(S(=O)(=O)c4ccc(Oc5ccc(N6C(=O)c7ccc(C(=O)c8cccc([*])c8)cc7C6=O)cc5)cc4)cc3)cc1)C2=O,249.0,,GREA,522.15,,1,0.0,black
polymer_583,[*]C(=O)c1ccc2c(c1)C(=O)N(c1ccc(Oc3ccc([*])cc3)cc1)C2=O,297.0,,GREA,570.15,,1,0.0,black
polymer_584,[*]C(=O)c1ccc2c(c1)C(=O)N(c1ccc(Oc3cccc(-c4cc(-c5ccccc5)cc(-c5cccc(Oc6ccc(N7C(=O)c8ccc([*])cc8C7=O)cc6)c5)n4)c3)cc1)C2=O,260.0,,GREA,533.15,,1,0.0,black
polymer_585,[*]C(=O)c1ccc2c(c1)C(=O)N(c1ccc(Oc3cccc(N4C(=O)c5ccc([*])cc5C4=O)c3)cc1)C2=O,280.5,,GREA,553.65,,1,0.0,black
polymer_586,[*]C(=O)c1ccc2c(c1)C(=O)N(c1ccc(Oc3ccccc3N3C(=O)c4ccc([*])cc4C3=O)cc1)C2=O,282.5,,GREA,555.65,,1,0.0,black
polymer_587,[*]C(=O)c1ccc2c(c1)C(=O)N(c1ccc(Oc3ccccc3Oc3ccc(N4C(=O)c5ccc([*])cc5C4=O)cc3C(F)(F)F)c(C(F)(F)F)c1)C2=O,236.0,,GREA,509.15,,1,0.0,black
polymer_588,[*]C(=O)c1ccc2c(c1)C(=O)N(c1ccc(S(=O)(=O)c3ccc(N4C(=O)c5ccc([*])cc5C4=O)cc3)cc1)C2=O,307.0,,Qiu,580.15,,1,0.0,black
polymer_589,[*]C(=O)c1ccc2c(c1)C(=O)N(c1ccc(Sc3ccc(N4C(=O)c5ccc([*])cc5C4=O)cc3)cc1)C2=O,276.0,,GREA,549.15,,1,0.0,black
polymer_590,[*]C(=O)c1ccc2c(c1)C(=O)N(c1ccc(Sc3ccc(N4C(=O)c5ccc([*])cc5C4=O)cn3)nc1)C2=O,246.0,,GREA,519.15,,1,0.0,black
polymer_591,[*]C(=O)c1ccc2c(c1)C(=O)N(c1ccc3[nH]c(-c4ccc(N5C(=O)c6ccc([*])cc6C5=O)cc4)nc3c1)C2=O,412.0,,GREA,685.15,,1,0.0,black
polymer_592,[*]C(=O)c1ccc2c(c1)C(=O)N(c1ccc3c(c1)C(=O)c1cc(N4C(=O)c5ccc([*])cc5C4=O)ccc1-3)C2=O,331.0,,GREA,604.15,,1,0.0,black
polymer_593,[*]C(=O)c1ccc2c(c1)C(=O)N(c1ccc3c(c1)Cc1cc(N4C(=O)c5ccc([*])cc5C4=O)ccc1-3)C2=O,341.5,,GREA,614.65,,1,0.0,black
polymer_594,[*]C(=O)c1ccc2c(c1)C(=O)N(c1cccc(C#Cc3cccc(N4C(=O)c5ccc([*])cc5C4=O)c3)c1)C2=O,294.0,,GREA,567.15,,1,0.0,black
polymer_595,[*]C(=O)c1ccc2c(c1)C(=O)N(c1cccc(C(=O)c3ccc(Cc4ccc(C(=O)c5cccc(N6C(=O)c7ccc([*])cc7C6=O)c5)cc4)cc3)c1)C2=O,260.5,,GREA,533.65,,1,0.0,black
polymer_596,[*]C(=O)c1ccc2c(c1)C(=O)N(c1cccc(C(=O)c3ccc(Oc4ccc(N5C(=O)c6ccc([*])cc6C5=O)cc4)cc3)c1)C2=O,251.0,,GREA,524.15,,1,0.0,black
polymer_597,[*]C(=O)c1ccc2c(c1)C(=O)N(c1cccc(C(=O)c3ccccc3N3C(=O)c4ccc([*])cc4C3=O)c1)C2=O,259.0,,Qiu,532.15,,1,0.0,black
polymer_598,[*]C(=O)c1ccc2c(c1)C(=O)N(c1cccc(C(O)c3cccc(N4C(=O)c5ccc([*])cc5C4=O)c3)c1)C2=O,292.0,,GREA,565.15,,1,0.0,black
polymer_599,[*]C(=O)c1ccc2c(c1)C(=O)N(c1cccc(C(c3cccc(N4C(=O)c5ccc([*])cc5C4=O)c3)(C(F)(F)F)C(F)(F)F)c1)C2=O,239.0,,GREA,512.15,,1,0.0,black
polymer_600,[*]C(=O)c1ccc2c(c1)C(=O)N(c1cccc(C(c3ccccc3)(c3cccc(N4C(=O)c5ccc([*])cc5C4=O)c3)C(F)(F)F)c1)C2=O,311.0,,GREA,584.15,,1,0.0,black
polymer_601,[*]C(=O)c1ccc2c(c1)C(=O)N(c1cccc(Cc3ccc(Cc4ccc(Cc5cccc(N6C(=O)c7ccc([*])cc7C6=O)c5)cc4)cc3)c1)C2=O,235.5,,GREA,508.65,,1,0.0,black
polymer_602,[*]C(=O)c1ccc2c(c1)C(=O)N(c1cccc(Cc3ccc(Cc4cccc(N5C(=O)c6ccc([*])cc6C5=O)c4)cc3)c1)C2=O,240.0,,GREA,513.15,,1,0.0,black
polymer_603,[*]C(=O)c1ccc2c(c1)C(=O)N(c1cccc(Cc3ccc(N4C(=O)c5ccc([*])cc5C4=O)cc3)c1)C2=O,292.0,,Qiu,565.15,,1,0.0,black
polymer_604,[*]C(=O)c1ccc2c(c1)C(=O)N(c1cccc(N3C(=O)c4ccc(C(=O)c5cc([*])cc(C(C)(C)C)c5)cc4C3=O)c1)C2=O,264.5,,GREA,537.65,,1,0.0,black
polymer_605,[*]C(=O)c1ccc2c(c1)C(=O)N(c1cccc(N3C(=O)c4ccc(C(=O)c5cccc([*])c5)cc4C3=O)c1)C2=O,259.5,,GREA,532.65,,1,0.0,black
polymer_606,[*]C(=O)c1ccc2c(c1)C(=O)N(c1cccc(Nc3nc(Nc4cccc(N5C(=O)c6ccc([*])cc6C5=O)c4)nc(-c4ccccc4)n3)c1)C2=O,292.0,,GREA,565.15,,1,0.0,black
polymer_607,[*]C(=O)c1ccc2c(c1)C(=O)N(c1cccc(Nc3nc(Nc4cccc(N5C(=O)c6ccc([*])cc6C5=O)c4)nc(N(c4ccccc4)c4ccccc4)n3)c1)C2=O,290.0,,GREA,563.15,,1,0.0,black
polymer_608,[*]C(=O)c1ccc2c(c1)C(=O)N(c1cccc(Nc3ncnc(Nc4cccc(N5C(=O)c6ccc([*])cc6C5=O)c4)n3)c1)C2=O,290.0,,GREA,563.15,,1,0.0,black
polymer_609,[*]C(=O)c1ccc2c(c1)C(=O)N(c1cccc(OCCOCCOc3cccc(N4C(=O)c5ccc([*])cc5C4=O)c3)c1)C2=O,155.0,,GREA,428.15,,1,0.0,black
polymer_610,[*]C(=O)c1ccc2c(c1)C(=O)N(c1cccc(OCCOc3cccc(N4C(=O)c5ccc([*])cc5C4=O)c3)c1)C2=O,191.0,,GREA,464.15,,1,0.0,black
polymer_611,[*]C(=O)c1ccc2c(c1)C(=O)N(c1cccc(OP(=O)(Oc3cccc(N4C(=O)c5ccc([*])cc5C4=O)c3)c3ccccc3)c1)C2=O,176.5,,GREA,449.65,,1,0.0,black
polymer_612,[*]C(=O)c1ccc2c(c1)C(=O)N(c1cccc(Oc3ccc(N4C(=O)c5ccc([*])cc5C4=O)cc3)c1)C2=O,252.0,,Qiu,525.15,,1,0.0,black
polymer_613,[*]C(=O)c1ccc2c(c1)C(=O)N(c1cccc(Oc3ccc(P(=O)(c4ccccc4)c4ccc(Oc5ccc(N6C(=O)c7ccc([*])cc7C6=O)cc5)cc4)cc3)c1)C2=O,232.0,,Qiu,505.15,,1,0.0,black
polymer_614,[*]C(=O)c1ccc2c(c1)C(=O)N(c1cccc(Oc3cccc(N4C(=O)c5ccc([*])cc5C4=O)c3)c1)C2=O,221.0,,Qiu,494.15,,1,0.0,black
polymer_615,[*]C(=O)c1ccc2c(c1)C(=O)N(c1cccc(Oc3cccc(Oc4cccc(N5C(=O)c6ccc([*])cc6C5=O)c4)c3)c1)C2=O,211.0,,GREA,484.15,,1,0.0,black
polymer_616,[*]C(=O)c1ccc2c(c1)C(=O)N(c1cccc(P(=O)(c3ccc(C(F)(F)F)cc3)c3cccc(N4C(=O)c5ccc([*])cc5C4=O)c3)c1)C2=O,264.0,,GREA,537.15,,1,0.0,black
polymer_617,[*]C(=O)c1ccc2c(c1)C(=O)N(c1cccc(P(=O)(c3ccc(Oc4ccc(C56CC7CC(CC(C7)C5)C6)cc4)cc3)c3cccc(N4C(=O)c5ccc([*])cc5C4=O)c3)c1)C2=O,305.0,,GREA,578.15,,1,0.0,black
polymer_618,[*]C(=O)c1ccc2c(c1)C(=O)N(c1cccc(P(=O)(c3cccc(N4C(=O)c5ccc([*])cc5C4=O)c3)c3cc(C(F)(F)F)cc(C(F)(F)F)c3)c1)C2=O,243.0,,GREA,516.15,,1,0.0,black
polymer_619,[*]C(=O)c1ccc2c(c1)C(=O)N(c1cccc(P(=O)(c3ccccc3)c3cccc(N4C(=O)c5ccc([*])cc5C4=O)c3)c1)C2=O,273.0,,GREA,546.15,,1,0.0,black
polymer_620,[*]C(=O)c1ccc2c(c1)C(=O)N(c1ccccc1C(=O)c1ccc(N3C(=O)c4ccc([*])cc4C3=O)cc1)C2=O,289.0,,Qiu,562.15,,1,0.0,black
polymer_621,[*]C(=O)c1ccc2c(c1)C(=O)N(c1ccccc1C(=O)c1cccc(N3C(=O)c4ccc([*])cc4C3=O)c1)C2=O,259.0,,GREA,532.15,,1,0.0,black
polymer_622,[*]C(=O)c1ccc2c(c1)C(=O)N(c1ccccc1C(=O)c1ccccc1N1C(=O)c3ccc([*])cc3C1=O)C2=O,289.0,,GREA,562.15,,1,0.0,black
polymer_623,[*]C(=O)c1ccc2c(c1)C(=O)N(c1ccccc1Cc1ccc(N3C(=O)c4ccc([*])cc4C3=O)cc1)C2=O,290.0,,Qiu,563.15,,1,0.0,black
polymer_624,[*]C(=O)c1ccc2c(c1)C(=O)N(c1ccccc1Cc1cccc(N3C(=O)c4ccc([*])cc4C3=O)c1)C2=O,258.0,,GREA,531.15,,1,0.0,black
polymer_625,[*]C(=O)c1ccc2c(c1)C(=O)N(c1ccccc1Cc1ccccc1N1C(=O)c3ccc([*])cc3C1=O)C2=O,285.0,,GREA,558.15,,1,0.0,black
polymer_626,[*]C(=O)c1ccc2c(c1)C(=O)N(c1ccccc1Oc1ccc(N3C(=O)c4ccc([*])cc4C3=O)cc1)C2=O,287.0,,Qiu,560.15,,1,0.0,black
polymer_627,[*]C(=O)c1ccc2c(c1)C(=O)N(c1ccccc1Oc1cccc(N3C(=O)c4ccc([*])cc4C3=O)c1)C2=O,259.0,,Qiu,532.15,,1,0.0,black
polymer_628,[*]C(=O)c1ccc2c(c1)C(=O)N(c1ccccc1Oc1ccccc1N1C(=O)c3ccc([*])cc3C1=O)C2=O,289.0,,Qiu,562.15,,1,0.0,black
polymer_629,[*]C(=O)c1ccc2c(c1)C(=O)N(c1ncc(-c3ccc(Oc4ccc(N5C(=O)c6ccc([*])cc6C5=O)cc4)cc3)s1)C2=O,320.20000000000005,,GREA,593.35,,1,0.0,black
polymer_630,[*]C(=O)c1ccc2c(c1OCc1ccccc1[N+](=O)[O-])C(=O)N(c1ccc(Oc3ccc(N4C(=O)c5ccc([*])c(OCc6ccccc6[N+](=O)[O-])c5C4=O)cc3)cc1)C2=O,198.0,,GREA,471.15,,1,0.0,black
polymer_631,[*]C(=O)c1ccc2cc(C(=O)c3ccc(Oc4ccc(-c5ccc(Oc6ccc([*])cc6)cc5)cc4)cc3)ccc2c1,195.0,,GREA,468.15,,1,0.0,black
polymer_632,[*]C(=O)c1ccc2cc(C(=O)c3ccc(Oc4ccc(-c5nc(-c6ccc(-c7nc(-c8ccc(Oc9ccc([*])cc9)cc8)c(-c8ccccc8)[nH]7)cc6)[nH]c5-c5ccccc5)cc4)cc3)ccc2c1,281.0,,GREA,554.15,,1,0.0,black
polymer_633,[*]C(=O)c1ccc2cc(C(=O)c3ccc(Oc4ccc(-c5nc(-c6ccccc6)[nH]c5-c5ccc(Oc6ccc([*])cc6)cc5)cc4)cc3)ccc2c1,248.0,,GREA,521.15,,1,0.0,black
polymer_634,[*]C(=O)c1ccc2cc(C(=O)c3ccc(Oc4ccc(N5C(=O)c6ccc(C(=O)c7ccc8c(c7)C(=O)N(c7ccc(Oc9ccc([*])cc9)cc7)C8=O)cc6C5=O)cc4)cc3)ccc2c1,246.0,,GREA,519.15,,1,0.0,black
polymer_635,[*]C(=O)c1ccc2nc(-c3ccc(-c4cnc5cc([*])ccc5n4)cc3)cnc2c1,318.0,,GREA,591.15,,1,0.0,black
polymer_636,[*]C(=O)c1ccc2nc(-c3ccc(-c4nc5ccc([*])cc5nc4-c4ccccc4)cc3)c(-c3ccccc3)nc2c1,325.0,,GREA,598.15,,1,0.0,black
polymer_637,[*]C(=O)c1ccc2nc(-c3ccccc3)c(-c3ccc(-c4nc5cc([*])ccc5nc4-c4ccccc4)cc3)nc2c1,325.0,,GREA,598.15,,1,0.0,black
polymer_638,[*]C(=O)c1ccc2nc(-c3ccccc3)c(-c3ccc(-c4nc5ccc([*])cc5nc4-c4ccccc4)cc3)nc2c1,320.0,,GREA,593.15,,1,0.0,black
polymer_639,[*]C(=O)c1ccc2nc(-c3ccccc3)c(-c3ccc(-n4c(=O)c5cc6c(=O)n(-c7ccc(-c8nc9cc([*])ccc9nc8-c8ccccc8)cc7)c(=O)c6cc5c4=O)cc3)nc2c1,240.0,,GREA,513.15,,1,0.0,black
polymer_640,[*]C(=O)c1ccc2nc(-c3ccccc3)c(-c3ccc(N4C(=O)C5OC6C(=O)N(c7ccc(-c8nc9cc([*])ccc9nc8-c8ccccc8)cc7)C(=O)C6C5C4=O)cc3)nc2c1,255.0,,GREA,528.15,,1,0.0,black
polymer_641,[*]C(=O)c1ccc2nc(-c3ccccc3)c(-c3ccc(N4C(=O)c5ccc(C(=O)c6ccc7c(c6)C(=O)N(c6ccc(-c8nc9cc([*])ccc9nc8-c8ccccc8)cc6)C7=O)cc5C4=O)cc3)nc2c1,255.0,,GREA,528.15,,1,0.0,black
polymer_642,[*]C(=O)c1ccc2nc(-c3ccccc3)c(-c3ccc(Oc4ccc(-c5nc6cc([*])ccc6nc5-c5ccccc5)cc4)cc3)nc2c1,271.0,,GREA,544.15,,1,0.0,black
polymer_643,[*]C(=O)c1ccc2nc(C(=O)c3ccc(Oc4ccc(-c5ccc(Oc6ccc([*])cc6)cc5)cc4)cc3)ccc2c1,155.0,,GREA,428.15,,1,0.0,black
polymer_644,[*]C(=O)c1ccc2ncc(-c3ccc(-c4cnc5ccc([*])cc5n4)cc3)nc2c1,318.0,,GREA,591.15,,1,0.0,black
polymer_645,[*]C(=O)c1cccc(-c2cccc(C(=O)c3ccc(Oc4ccc(-c5nc(-c6cccc(-c7nc(-c8ccc(Oc9ccc([*])cc9)cc8)c(-c8ccccc8)[nH]7)c6)[nH]c5-c5ccccc5)cc4)cc3)c2)c1,250.0,,GREA,523.15,,1,0.0,black
polymer_646,[*]C(=O)c1cccc(-c2cccc(C(=O)c3ccc(Oc4ccc(C(c5ccc(Oc6ccc([*])cc6)cc5)(C(F)(F)F)C(F)(F)F)cc4)cc3)c2)c1,159.0,,GREA,432.15,,1,0.0,black
polymer_647,[*]C(=O)c1cccc(-c2cccc(C(=O)c3ccc(Oc4ccc(C5(c6ccc(Oc7ccc([*])cc7)cc6)c6ccccc6-c6ccccc65)cc4)cc3)c2)c1,212.0,,GREA,485.15,,1,0.0,black
polymer_648,[*]C(=O)c1cccc(-c2cccc(C(=O)c3ccc(Oc4ccc(Oc5ccc([*])cc5)cc4)cc3)c2)c1,154.0,,GREA,427.15,,1,0.0,black
polymer_649,[*]C(=O)c1cccc(-c2cccc(C(=O)c3ccc(Oc4ccc([*])cc4)cc3)c2)c1,123.0,,GREA,396.15,,1,0.0,black
polymer_650,[*]C(=O)c1cccc(-n2c(=O)c3cc4c(=O)n(-c5cccc([*])c5)c(=O)c4cc3c2=O)c1,321.0,,GREA,594.15,,1,0.0,black
polymer_651,[*]C(=O)c1cccc(C(=O)c2ccc(N3C(=O)c4ccc(C(=O)c5ccc6c(c5)C(=O)N(c5ccc([*])cc5)C6=O)cc4C3=O)cc2)c1,276.0,,GREA,549.15,,1,0.0,black
polymer_652,[*]C(=O)c1cccc(C(=O)c2ccc(Oc3c(C(C)C)cc([*])cc3C(C)C)cc2)c1,132.0,,GREA,405.15,,1,0.0,black
polymer_653,[*]C(=O)c1cccc(C(=O)c2ccc(Oc3ccc(-c4[nH]c(-c5ccccc5)nc4-c4ccc(Oc5ccc([*])cc5)cc4)cc3)cc2)c1,230.0,,GREA,503.15,,1,0.0,black
polymer_654,[*]C(=O)c1cccc(C(=O)c2ccc(Oc3ccc(-c4c5c(c(-c6ccc(Oc7ccc([*])cc7)cc6)c6ccccc46)C(=O)N(c4ccc(F)cc4)C5=O)cc3)cc2)c1,243.0,,GREA,516.15,,1,0.0,black
polymer_655,[*]C(=O)c1cccc(C(=O)c2ccc(Oc3ccc(-c4cc(-c5ccc(Oc6ccc([*])cc6)cc5)n[nH]4)cc3)cc2)c1,205.0,,GREA,478.15,,1,0.0,black
polymer_656,[*]C(=O)c1cccc(C(=O)c2ccc(Oc3ccc(-c4cc(-c5ccc(Oc6ccc([*])cc6)cc5)nn4-c4ccccc4)cc3)cc2)c1,190.0,,GREA,463.15,,1,0.0,black
polymer_657,[*]C(=O)c1cccc(C(=O)c2ccc(Oc3ccc(-c4ccc(-c5ccc(Oc6ccc([*])cc6)cc5)cc4)cc3)cc2)c1,174.0,,GREA,447.15,,1,0.0,black
polymer_658,[*]C(=O)c1cccc(C(=O)c2ccc(Oc3ccc(-c4ccc(Oc5ccc([*])cc5)cc4)cc3)cc2)c1,159.0,,GREA,432.15,,1,0.0,black
polymer_659,[*]C(=O)c1cccc(C(=O)c2ccc(Oc3ccc(-c4nc(-c5ccc(-c6nc(-c7ccc(Oc8ccc([*])cc8)cc7)c(-c7ccccc7)[nH]6)cc5)[nH]c4-c4ccccc4)cc3)cc2)c1,270.0,,GREA,543.15,,1,0.0,black
polymer_660,[*]C(=O)c1cccc(C(=O)c2ccc(Oc3ccc(-c4nc(-c5cccc(-c6nc(-c7ccc(Oc8ccc([*])cc8)cc7)c(-c7ccccc7)[nH]6)c5)[nH]c4-c4ccccc4)cc3)cc2)c1,256.5,,GREA,529.65,,1,0.0,black
polymer_661,[*]C(=O)c1cccc(C(=O)c2ccc(Oc3ccc(-c4nc5ccccc5n4-c4ccc(-c5ccc(-n6c(-c7ccc(Oc8ccc([*])cc8)cc7)nc7ccccc76)cc5)cc4)cc3)cc2)c1,244.0,,GREA,517.15,,1,0.0,black
polymer_662,[*]C(=O)c1cccc(C(=O)c2ccc(Oc3ccc(-c4nc5ccccc5n4-c4ccc(-n5c(-c6ccc(Oc7ccc([*])cc7)cc6)nc6ccccc65)cc4)cc3)cc2)c1,219.0,,GREA,492.15,,1,0.0,black
polymer_663,[*]C(=O)c1cccc(C(=O)c2ccc(Oc3ccc(-c4nnc(-c5ccccn5)nc4-c4ccc(Oc5ccc([*])cc5)cc4)cc3)cc2)c1,202.0,,GREA,475.15,,1,0.0,black
polymer_664,[*]C(=O)c1cccc(C(=O)c2ccc(Oc3ccc(-n4c(=O)c5cc6c(=O)n(-c7ccc(Oc8ccc([*])cc8)c(C(F)(F)F)c7)c(=O)c6cc5c4=O)cc3C(F)(F)F)cc2)n1,227.10000000000002,,GREA,500.25,,1,0.0,black
polymer_665,[*]C(=O)c1cccc(C(=O)c2ccc(Oc3ccc(-n4c(=O)c5cc6c(=O)n(-c7ccc(Oc8ccc([*])cc8)cc7)c(=O)c6cc5c4=O)cc3)cc2)c1,247.0,,GREA,520.15,,1,0.0,black
polymer_666,[*]C(=O)c1cccc(C(=O)c2ccc(Oc3ccc(-n4c(=O)c5cc6c(=O)n(-c7ccc(Oc8ccc([*])cc8)cc7)c(=O)c6cc5c4=O)cc3)cc2)n1,324.6,,GREA,597.75,,1,0.0,black
polymer_667,[*]C(=O)c1cccc(C(=O)c2ccc(Oc3ccc(C(c4ccc(Oc5ccc([*])cc5)cc4)(C(F)(F)F)C(F)(F)F)cc3)cc2)c1,168.10000000000002,,GREA,441.25,,1,0.0,black
polymer_668,[*]C(=O)c1cccc(C(=O)c2ccc(Oc3ccc(C4(c5ccc(Oc6ccc([*])cc6)cc5)CCC5CCCCC5C4)cc3)cc2)c1,194.0,,GREA,467.15,,1,0.0,black
polymer_669,[*]C(=O)c1cccc(C(=O)c2ccc(Oc3ccc(C4(c5ccc(Oc6ccc([*])cc6)cc5)c5ccccc5-c5ccccc54)cc3)cc2)c1,223.0,,GREA,496.15,,1,0.0,black
polymer_670,[*]C(=O)c1cccc(C(=O)c2ccc(Oc3ccc(Cc4ccc(Oc5ccc([*])cc5)cc4)cc3)cc2)c1,145.0,,GREA,418.15,,1,0.0,black
polymer_671,[*]C(=O)c1cccc(C(=O)c2ccc(Oc3ccc(N4C(=O)c5ccc(-c6ccc7c(c6)C(=O)N(c6ccc(Oc8ccc([*])cc8)cc6)C7=O)cc5C4=O)cc3)cc2)c1,222.0,,GREA,495.15,,1,0.0,black
polymer_672,[*]C(=O)c1cccc(C(=O)c2ccc(Oc3ccc(N4C(=O)c5ccc(C(=O)c6ccc7c(c6)C(=O)N(c6ccc(Oc8ccc([*])cc8)cc6)C7=O)cc5C4=O)cc3)cc2)c1,222.0,,GREA,495.15,,1,0.0,black
polymer_673,[*]C(=O)c1cccc(C(=O)c2ccc(Oc3ccc(N4C(=O)c5ccc(C(c6ccc7c(c6)C(=O)N(c6ccc(Oc8ccc([*])cc8)c(C(F)(F)F)c6)C7=O)(C(F)(F)F)C(F)(F)F)cc5C4=O)cc3C(F)(F)F)cc2)n1,206.40000000000003,,GREA,479.55,,1,0.0,black
polymer_674,[*]C(=O)c1cccc(C(=O)c2ccc(Oc3ccc(N4C(=O)c5ccc(C(c6ccc7c(c6)C(=O)N(c6ccc(Oc8ccc([*])cc8)cc6)C7=O)(C(F)(F)F)C(F)(F)F)cc5C4=O)cc3)cc2)c1,236.0,,GREA,509.15,,1,0.0,black
polymer_675,[*]C(=O)c1cccc(C(=O)c2ccc(Oc3ccc(N4C(=O)c5ccc(C(c6ccc7c(c6)C(=O)N(c6ccc(Oc8ccc([*])cc8)cc6)C7=O)(C(F)(F)F)C(F)(F)F)cc5C4=O)cc3)cc2)n1,226.90000000000003,,GREA,500.05,,1,0.0,black
polymer_676,[*]C(=O)c1cccc(C(=O)c2ccc(Oc3ccc(N4C(=O)c5ccc(Oc6ccc(Oc7ccc(Oc8ccc9c(c8)C(=O)N(c8ccc(Oc%10ccc([*])cc%10)cc8)C9=O)cc7)cc6)cc5C4=O)cc3)cc2)c1,192.0,,GREA,465.15,,1,0.0,black
polymer_677,[*]C(=O)c1cccc(C(=O)c2ccc(Oc3ccc(N4C(=O)c5ccc(Oc6ccc(Sc7ccc(Oc8ccc9c(c8)C(=O)N(c8ccc(Oc%10ccc([*])cc%10)cc8)C9=O)cc7)cc6)cc5C4=O)cc3)cc2)c1,192.0,,GREA,465.15,,1,0.0,black
polymer_678,[*]C(=O)c1cccc(C(=O)c2ccc(Oc3ccc(N4C(=O)c5ccc(Oc6ccc7c(c6)C(=O)N(c6ccc(Oc8ccc([*])cc8)c(C(F)(F)F)c6)C7=O)cc5C4=O)cc3C(F)(F)F)cc2)n1,212.20000000000005,,GREA,485.35,,1,0.0,black
polymer_679,[*]C(=O)c1cccc(C(=O)c2ccc(Oc3ccc(N4C(=O)c5ccc(Oc6ccc7c(c6)C(=O)N(c6ccc(Oc8ccc([*])cc8)cc6)C7=O)cc5C4=O)cc3)cc2)c1,208.0,,GREA,481.15,,1,0.0,black
polymer_680,[*]C(=O)c1cccc(C(=O)c2ccc(Oc3ccc(N4C(=O)c5ccc(Oc6ccc7c(c6)C(=O)N(c6ccc(Oc8ccc([*])cc8)cc6)C7=O)cc5C4=O)cc3)cc2)n1,208.60000000000002,,GREA,481.75,,1,0.0,black
polymer_681,[*]C(=O)c1cccc(C(=O)c2ccc(Oc3ccc(Oc4ccc([*])cc4)cc3)cc2)c1,148.0,,GREA,421.15,,1,0.0,black
polymer_682,[*]C(=O)c1cccc(C(=O)c2ccc(Oc3ccc(Oc4ccc([*])cc4)cc3S(=O)(=O)O)cc2)c1,195.0,,GREA,468.15,,1,0.0,black
polymer_683,[*]C(=O)c1cccc(C(=O)c2ccc(Oc3ccc(S(=O)(=O)c4ccc(Oc5ccc([*])cc5)cc4)cc3)cc2)c1,178.0,,GREA,451.15,,1,0.0,black
polymer_684,[*]C(=O)c1cccc(C(=O)c2ccc(Oc3ccc([*])cc3)cc2)c1,139.0,,GREA,412.15,,1,0.0,black
polymer_685,[*]C(=O)c1cccc(C(=O)c2ccc(Oc3ccc([*])cc3C)c(C(C)C)c2)c1,147.0,,GREA,420.15,,1,0.0,black
polymer_686,[*]C(=O)c1cccc(C(=O)c2ccc(Oc3ccc([*])cc3CC)c(C(C)C)c2)c1,136.0,,GREA,409.15,,1,0.0,black
polymer_687,[*]C(=O)c1cccc(C(=O)c2ccc(Oc3ccc([*])cc3CC)c(CC)c2)c1,126.0,,GREA,399.15,,1,0.0,black
polymer_688,[*]C(=O)c1cccc(C(=O)c2ccc(Oc3cccc(Cc4cccc(Oc5ccc([*])cc5)c4)c3)cc2)c1,114.0,,GREA,387.15,,1,0.0,black
polymer_689,[*]C(=O)c1cccc(C(=O)c2ccc(S(=O)(=O)c3ccc([*])cc3)cc2)c1,198.0,,GREA,471.15,,1,0.0,black
polymer_690,[*]C(=O)c1cccc(N2C(=O)c3ccc(C(=O)c4ccc5c(c4)C(=O)N(c4ccc(Cc6ccc([*])cc6)cc4)C5=O)cc3C2=O)c1,290.0,,GREA,563.15,,1,0.0,black
polymer_691,[*]C(=O)c1cccc(N2C(=O)c3ccc(C(=O)c4ccc5c(c4)C(=O)N(c4ccc(N([*])C)cc4)C5=O)cc3C2=O)c1,260.5,,GREA,533.65,,1,0.0,black
polymer_692,[*]C(=O)c1cccc(N2C(=O)c3ccc(C(=O)c4ccc5c(c4)C(=O)N(c4cccc(C(=O)c6ccc([*])cc6)c4)C5=O)cc3C2=O)c1,240.0,,GREA,513.15,,1,0.0,black
polymer_693,[*]C(=O)c1cccc(N2C(=O)c3ccc(C(=O)c4ccc5c(c4)C(=O)N(c4cccc(Cc6ccc([*])cc6)c4)C5=O)cc3C2=O)c1,265.5,,GREA,538.65,,1,0.0,black
polymer_694,[*]C(=O)c1cccc(N2C(=O)c3ccc(C(=O)c4ccc5c(c4)C(=O)N(c4cccc([*])c4)C5=O)cc3C2=O)c1,242.0,,GREA,515.15,,1,0.0,black
polymer_695,[*]C(=O)c1cccc(N2C(=O)c3ccc(C(c4ccc5c(c4)C(=O)N(c4ccc(Oc6ccc([*])cc6)c(C(F)(F)F)c4)C5=O)(C(F)(F)F)C(F)(F)F)cc3C2=O)c1,222.0,,GREA,495.15,,1,0.0,black
polymer_696,[*]C(=O)c1cccc(N2C(=O)c3ccc(C(c4ccc5c(c4)C(=O)N(c4ccc(Oc6ccc([*])cc6)cc4)C5=O)(C(F)(F)F)C(F)(F)F)cc3C2=O)c1,242.0,,GREA,515.15,,1,0.0,black
polymer_697,[*]C(=O)c1cccc(N2C(=O)c3ccc(Oc4ccc5c(c4)C(=O)N(c4c(C)cc(C)c([*])c4C)C5=O)cc3C2=O)c1,287.0,,GREA,560.15,,1,0.0,black
polymer_698,[*]C(=O)c1cccc(N2C(=O)c3ccc(Oc4ccc5c(c4)C(=O)N(c4ccc(Oc6ccc([*])cc6)c(C(F)(F)F)c4)C5=O)cc3C2=O)c1,224.0,,GREA,497.15,,1,0.0,black
polymer_699,[*]C(=O)c1cccc(N2C(=O)c3ccc(Oc4ccc5c(c4)C(=O)N(c4ccc(Oc6ccc([*])cc6)cc4)C5=O)cc3C2=O)c1,232.0,,GREA,505.15,,1,0.0,black
polymer_700,[*]C(=O)c1cccc(N2C(=O)c3cccc(Oc4cccc5c4C(=O)N(c4cccc([*])c4)C5=O)c3C2=O)c1,234.0,,Qiu,507.15,,1,0.0,black
polymer_701,[*]C(=O)c1cccc(Oc2ccc([*])cc2)c1,137.0,,GREA,410.15,,1,0.0,black
polymer_702,[*]C(=O)c1cccc(Oc2ccc3c(c2)C(=O)N(c2ccc(Oc4ccc(N5C(=O)c6ccc(Oc7ccc([*])cc7)cc6C5=O)cc4)cc2)C3=O)c1,210.0,,Qiu,483.15,,1,0.0,black
polymer_703,[*]C(=O)c1cccc(Oc2ccc3c(c2)C(=O)N(c2cccc(N4C(=O)c5ccc(Oc6ccc([*])cc6)cc5C4=O)c2)C3=O)c1,239.0,,Qiu,512.15,,1,0.0,black
polymer_704,[*]C(=O)c1cccc(Oc2cccc3c2C(=O)N(c2ccc(Oc4ccc(N5C(=O)c6cccc(Oc7ccc([*])cc7)c6C5=O)cc4)cc2)C3=O)c1,252.0,,Qiu,525.15,,1,0.0,black
polymer_705,[*]C(=O)c1cccc(Oc2cccc3c2C(=O)N(c2cccc(N4C(=O)c5cccc(Oc6ccc([*])cc6)c5C4=O)c2)C3=O)c1,248.0,,Qiu,521.15,,1,0.0,black
polymer_706,[*]C(=O)c1cccc2cccc(C(=O)c3ccc(Oc4ccc(-c5ccc(Oc6ccc([*])cc6)cc5)cc4)cc3)c12,226.5,,GREA,499.65,,1,0.0,black
polymer_707,[*]C(=O)c1cccc2cccc(C(=O)c3ccc(Oc4ccc(C(c5ccc(Oc6ccc([*])cc6)cc5)(C(F)(F)F)C(F)(F)F)cc4)cc3)c12,213.0,,GREA,486.15,,1,0.0,black
polymer_708,[*]C(=O)c1cccc2cccc(C(=O)c3ccc(Oc4ccc(C5(c6ccc(Oc7ccc([*])cc7)cc6)c6ccccc6-c6ccccc65)cc4)cc3)c12,269.0,,GREA,542.15,,1,0.0,black
polymer_709,[*]C(=O)c1cccc2cccc(C(=O)c3ccc(Oc4ccc(Oc5ccc([*])cc5)cc4)cc3)c12,202.0,,GREA,475.15,,1,0.0,black
polymer_710,[*]C(=O)c1ccccc1-c1ccccc1C(=O)c1ccc(Oc2ccc(-c3ccc(Oc4ccc([*])cc4)cc3)cc2)cc1,193.0,,GREA,466.15,,1,0.0,black
polymer_711,[*]C(=O)c1ccccc1-c1ccccc1C(=O)c1ccc(Oc2ccc(C(c3ccc(Oc4ccc([*])cc4)cc3)(C(F)(F)F)C(F)(F)F)cc2)cc1,178.5,,GREA,451.65,,1,0.0,black
polymer_712,[*]C(=O)c1ccccc1-c1ccccc1C(=O)c1ccc(Oc2ccc(C3(c4ccc(Oc5ccc([*])cc5)cc4)c4ccccc4-c4ccccc43)cc2)cc1,229.0,,GREA,502.15,,1,0.0,black
polymer_713,[*]C(=O)c1ccccc1-c1ccccc1C(=O)c1ccc(Oc2ccc(Oc3ccc([*])cc3)cc2)cc1,175.0,,GREA,448.15,,1,0.0,black
polymer_714,[*]C(=O)c1ccccc1-n1c(=O)c2cc3c(=O)n(-c4ccc([*])cc4)c(=O)c3cc2c1=O,321.0,,Qiu,594.15,,1,0.0,black
polymer_715,[*]C(=S)Nc1ccc(Oc2ccc(NC(=S)n3c(=O)c4cc5c(=O)n([*])c(=O)c5cc4c3=O)cc2)cc1,265.0,,GREA,538.15,,1,0.0,black
polymer_716,[*]C(C#N)=Cc1ccc(N(c2ccccc2)c2ccc(C=C(C#N)c3cc(OCCCCCCCC)c([*])cc3OCCCCCCCC)cc2)cc1,78.0,,GREA,351.15,,1,0.0,black
polymer_717,[*]C(C#N)CC(C)(C)C([*])CCC(C)(O)C=C,50.0,,GREA,323.15,,1,0.0,black
polymer_718,[*]C(C(=O)OC)C([*])C(=O)OC(C)(C)C,84.0,,GREA,357.15,,1,0.0,black
polymer_719,[*]C(C)C([*])C(=O)OC(C)C,149.0,,GREA,422.15,,1,0.0,black
polymer_720,[*]C(C)C([*])C(=O)OC12CC3CC(C)(CC(C)(C3)C1)C2,194.5,,GREA,467.65,,1,0.0,black
polymer_721,[*]C(C)C([*])C(=O)OC12CC3CC(CC(C3)C1)C2,236.5,,GREA,509.65,,1,0.0,black
polymer_722,[*]C(C)C([*])C(=O)OCC,157.0,,GREA,430.15,,1,0.0,black
polymer_723,[*]C(C)C([*])C(=O)OCCC,116.0,,GREA,389.15,,1,0.0,black
polymer_724,[*]C(C)C([*])C(=O)OCCCC,90.0,,GREA,363.15,,1,0.0,black
polymer_725,[*]C(CC(C)(C)C([*])CCC(C)(O)C=C)OC(C)=O,85.0,,GREA,358.15,,1,0.0,black
polymer_726,[*]C(CC(c1ccccn1)C([*])c1ccccc1)c1ccccn1,150.0,,GREA,423.15,,1,0.0,black
polymer_727,[*]C(CC1C(=O)NC(=O)C1[*])c1ccccc1,246.0,,GREA,519.15,,1,0.0,black
polymer_728,[*]C(CC1C(=O)OC(=O)C1[*])OC1CCCCC1,201.0,,GREA,474.15,,1,0.0,black
polymer_729,[*]C(CC1C(=O)OC(=O)C1[*])c1ccccc1,212.0,,GREA,485.15,,1,0.0,black
polymer_730,[*]C(Cn1c(=O)c2cc3c(=O)n([*])c(=O)c3cc2c1=O)N1C(=O)c2ccccc2C1=O,190.0,,Qiu,463.15,,1,0.0,black
polymer_731,[*]C(F)(F)C([*])(F)C(F)(F)C(F)(F)C(F)(F)C(F)(F)C(F)(F)F,232.5,,GREA,505.65,,1,0.0,black
polymer_732,[*]C(F)(F)C([*])(F)C(F)(F)F,158.5,,GREA,431.65,,1,0.0,black
polymer_733,[*]C(F)(F)C([*])(F)OC(F)(F)C(F)(F)C(F)(F)C(F)(F)F,-10.0,,GREA,263.15,,1,0.0,black
polymer_734,[*]C(F)(F)C([*])(F)OC(F)(F)C(F)(F)F,29.0,,GREA,302.15,,1,0.0,black
polymer_735,[*]C(F)(F)C([*])(F)OC(F)(F)F,-5.0,,GREA,268.15,,1,0.0,black
polymer_736,[*]C(F)(F)C([*])(F)OC(F)C(F)F,35.0,,GREA,308.15,,1,0.0,black
polymer_737,[*]C(F)(F)C([*])(F)c1c(F)c(F)c(F)c(F)c1F,194.0,,GREA,467.15,,1,0.0,black
polymer_738,[*]C(F)(F)C([*])(F)c1ccccc1,206.0,,GREA,479.15,,1,0.0,black
polymer_739,[*]C(F)(F)C([*])(OC(F)(F)F)OC(F)(F)F,-59.99999999999997,,GREA,213.15,,1,0.0,black
polymer_740,[*]C(F)(F)C1(F)C(F)(F)C([*])(F)C(F)(F)C(F)(Cl)C1(F)F,147.0,,GREA,420.15,,1,0.0,black
polymer_741,[*]C(F)(F)C1(F)C(F)(F)C([*])(F)C(F)(F)C(F)(F)C(F)(F)C1(F)F,198.0,,GREA,471.15,,1,0.0,black
polymer_742,[*]C(F)(F)C1(F)C(F)(F)C([*])(F)C(F)(F)C(F)(F)C1(F)F,101.0,,GREA,374.15,,1,0.0,black
polymer_743,[*]C(F)(F)C1(F)C(F)(F)C([*])(F)C1(F)F,122.0,,GREA,395.15,,1,0.0,black
polymer_744,[*]C(F)(F)C1([*])OC(F)(C(F)(F)F)C(F)(C(F)(F)F)O1,165.0,,GREA,438.15,,1,0.0,black
polymer_745,[*]C(F)(F)C1([*])OC(F)(F)C(F)(C(F)(F)F)O1,135.0,,GREA,408.15,,1,0.0,black
polymer_746,[*]C(F)(F)C1([*])OC(F)(F)C(F)(F)O1,108.0,,GREA,381.15,,1,0.0,black
polymer_747,[*]C(F)C([*])(F)F,31.450000000000045,,GREA,304.6,,1,0.0,black
polymer_748,[*]C(F)C([*])(F)OC(F)(F)F,-10.0,,GREA,263.15,,1,0.0,black
polymer_749,[*]C(F)C([*])C(F)(F)F,87.0,,GREA,360.15,,1,0.0,black
polymer_750,[*]C(OC(F)(F)F)C([*])(F)F,-10.0,,GREA,263.15,,1,0.0,black
polymer_751,[*]C([*])(F)Cl,77.0,,GREA,350.15,,1,0.0,black
polymer_752,[*]C([*])C(=O)OC,85.75,,GREA,358.9,,1,0.0,black
polymer_753,[*]C([*])C(=O)OC(C)C,70.0,,GREA,343.15,,1,0.0,black
polymer_754,[*]C([*])C(=O)OC1CCCCC1,140.0,,GREA,413.15,,1,0.0,black
polymer_755,[*]C([*])C(=O)OCC,13.5,,GREA,286.65,,1,0.0,black
polymer_756,[*]C([*])C(=O)OCCC,-15.0,,GREA,258.15,,1,0.0,black
polymer_757,[*]C([*])F,102.0,,GREA,375.15,,1,0.0,black
polymer_758,[*]C([*])O,134.0,,GREA,407.15,,1,0.0,black
polymer_759,[*]C([2H])([2H])C([*])(C(=O)OC([2H])([2H])C([2H])([2H])[2H])C([2H])([2H])[2H],94.0,,GREA,367.15,,1,0.0,black
polymer_760,[*]C([2H])([2H])C([*])(C(=O)OC([2H])([2H])[2H])C([2H])([2H])[2H],115.0,,GREA,388.15,,1,0.0,black
polymer_761,[*]C([2H])([2H])C([*])([2H])C([2H])([2H])[2H],0.0,,GREA,273.15,,1,0.0,black
polymer_762,[*]C([2H])([2H])C([*])([2H])C([2H])=C([2H])[2H],1.0,,GREA,274.15,,1,0.0,black
polymer_763,[*]C([2H])([2H])C([*])([2H])Cl,85.0,,GREA,358.15,,1,0.0,black
polymer_764,[*]C([2H])([2H])C([*])([2H])c1c([2H])c([2H])c([2H])c([2H])c1[2H],97.0,,GREA,370.15,,1,0.0,black
polymer_765,[*]C(c1ccc(N(C)C)cc1)C([*])c1ccc([N+](=O)[O-])cc1,139.0,,GREA,412.15,,1,0.0,black
polymer_766,[*]C/C=C/CC(=O)OCCCCCCCCCCCCCCCCOC([*])=O,-21.99999999999997,,GREA,251.15,,1,0.0,black
polymer_767,[*]C/C=C/N(/C=C/CC1CC(=O)N(c2ccc(Cc3ccc(N4C(=O)CC([*])C4=O)cc3)cc2)C1=O)c1ccc(/N=N/c2ccc([N+](=O)[O-])cc2)cc1,277.0,,GREA,550.15,,1,0.0,black
polymer_768,[*]C1(C)CC([*])(C)C(=O)N(C)C1=O,170.0,,GREA,443.15,,1,0.0,black
polymer_769,[*]C1(F)OC(C(F)(F)F)(C(F)(F)Cl)OC1([*])F,330.0,,GREA,603.15,,1,0.0,black
polymer_770,[*]C1=C(c2ccc(-c3ccc4c(c3)C(CCCCCC)(CCCCCC)c3cc(-c5ccc([*])cc5)ccc3-4)cc2)C(=O)N(CCCCCCCC)C1=O,122.0,,GREA,395.15,,1,0.0,black
polymer_771,[*]C1=C(c2ccc(-c3ccc4c(c3)C(CCCCCC)(CCCCCC)c3cc(-c5ccc([*])cc5)ccc3-4)cc2)C(=O)N(CCCCCCCCCCCC)C1=O,100.0,,GREA,373.15,,1,0.0,black
polymer_772,[*]C1=C(c2ccccc2)C(=O)N(c2ccc(C3(c4ccc(N5C(=O)C(c6ccccc6)=C(c6ccc([*])cc6)C5=O)cc4)c4ccccc4-c4ccccc43)cc2)C1=O,340.0,,GREA,613.15,,1,0.0,black
polymer_773,[*]C1=C(c2ccccc2)C(=O)N(c2ccc(Oc3ccc(-c4ccc(Oc5ccc(N6C(=O)C(c7ccccc7)=C(c7ccc([*])cc7)C6=O)cc5)cc4)cc3)cc2)C1=O,282.0,,GREA,555.15,,1,0.0,black
polymer_774,[*]C1=C(c2ccccc2)C(=O)N(c2ccc(Oc3ccc(N4C(=O)C(c5ccccc5)=C(c5ccc([*])cc5)C4=O)cc3)cc2)C1=O,293.0,,GREA,566.15,,1,0.0,black
polymer_775,[*]C1=C(c2ccccc2)C(=O)N(c2ccc(Oc3ccc(Oc4ccc(N5C(=O)C(c6ccccc6)=C(c6ccc([*])cc6)C5=O)cc4)cc3)cc2)C1=O,267.0,,GREA,540.15,,1,0.0,black
polymer_776,[*]C1C(=O)N(C(C)(C)C)C(=O)C1[*],195.0,,GREA,468.15,,1,0.0,black
polymer_777,[*]C1C(=O)N(C(C)CC)C(=O)C1[*],205.0,,GREA,478.15,,1,0.0,black
polymer_778,[*]C1C(=O)N(C2CCCCC2)C(=O)C1[*],232.0,,GREA,505.15,,1,0.0,black
polymer_779,[*]C1C(=O)N(CCCCCCCCOc2ccc(-c3ccc(C#N)cc3)cc2)C(=O)C1[*],43.0,,GREA,316.15,,1,0.0,black
polymer_780,[*]C1C(=O)N(CCCCCCCOc2ccc(-c3ccc(C#N)cc3)cc2)C(=O)C1[*],61.0,,GREA,334.15,,1,0.0,black
polymer_781,[*]C1C(=O)N(CCCCCCOc2ccc(-c3ccc(C#N)cc3)cc2)C(=O)C1[*],76.0,,GREA,349.15,,1,0.0,black
polymer_782,[*]C1C(=O)N(CCCCCOc2ccc(-c3ccc(C#N)cc3)cc2)C(=O)C1[*],75.0,,GREA,348.15,,1,0.0,black
polymer_783,[*]C1C(=O)N(CCCCOc2ccc(-c3ccc(C#N)cc3)cc2)C(=O)C1[*],115.0,,GREA,388.15,,1,0.0,black
polymer_784,[*]C1C(=O)N(CCCOc2ccc(-c3ccc(C#N)cc3)cc2)C(=O)C1[*],130.0,,GREA,403.15,,1,0.0,black
polymer_785,[*]C1C(=O)N(CCOc2ccc(-c3ccc(C#N)cc3)cc2)C(=O)C1[*],150.0,,GREA,423.15,,1,0.0,black
polymer_786,[*]C1C(=O)N(c2c(CC)cccc2CC)C(=O)C1[*],288.0,,GREA,561.15,,1,0.0,black
polymer_787,[*]C1C(=O)N(c2cc(Br)c(O[Si](C)(C)C(C)(C)C)c(Br)c2)C(=O)C1[*],164.0,,GREA,437.15,,1,0.0,black
polymer_788,[*]C1C(=O)N(c2cc(Br)c(O[Si](C)(C)C)c(Br)c2)C(=O)C1[*],167.0,,GREA,440.15,,1,0.0,black
polymer_789,[*]C1C(=O)N(c2cc(Br)c(O[Si](CC)(CC)CC)c(Br)c2)C(=O)C1[*],160.0,,GREA,433.15,,1,0.0,black
polymer_790,[*]C1C(=O)N(c2cc(Br)c(O[Si](c3ccccc3)(c3ccccc3)c3ccccc3)c(Br)c2)C(=O)C1[*],179.0,,GREA,452.15,,1,0.0,black
polymer_791,[*]C1C(=O)N(c2ccc(O[Si](C)(C)C(C)(C)C)cc2)C(=O)C1[*],169.0,,GREA,442.15,,1,0.0,black
polymer_792,[*]C1C(=O)N(c2ccc(O[Si](C)(C)C)cc2)C(=O)C1[*],172.0,,GREA,445.15,,1,0.0,black
polymer_793,[*]C1C(=O)N(c2ccc(O[Si](CC)(CC)CC)cc2)C(=O)C1[*],165.0,,GREA,438.15,,1,0.0,black
polymer_794,[*]C1C(=O)N(c2ccc(O[Si](c3ccccc3)(c3ccccc3)c3ccccc3)cc2)C(=O)C1[*],183.0,,GREA,456.15,,1,0.0,black
polymer_795,[*]C1C(=O)N(c2ccccc2C(=O)OC)C(=O)C1[*],259.0,,GREA,532.15,,1,0.0,black
polymer_796,[*]C1C(=O)N(c2ccccc2C(=O)OCC)C(=O)C1[*],230.0,,GREA,503.15,,1,0.0,black
polymer_797,[*]C1C(=O)N(c2ccccc2C(=O)OCCCC)C(=O)C1[*],181.0,,GREA,454.15,,1,0.0,black
polymer_798,[*]C1C(=O)N(c2ccccc2C)C(=O)C1[*],335.0,,GREA,608.15,,1,0.0,black
polymer_799,[*]C1C(=O)OC(=O)C1C1C2CC(C(=O)OC(C)CC)C(C2)C1[*],175.0,,GREA,448.15,,1,0.0,black
polymer_800,[*]C1C(=O)OC(=O)C1C1C2CC(C(=O)OC3CCCCC3)C(C2)C1[*],195.0,,GREA,468.15,,1,0.0,black
polymer_801,[*]C1C(=O)OC(=O)C1C1C2CC(C(=O)OCCOCC)C(C2)C1[*],155.0,,GREA,428.15,,1,0.0,black
polymer_802,[*]C1C(=O)OC(=O)C1C1C2CC(COCCC)C(C2)C1[*],209.0,,GREA,482.15,,1,0.0,black
polymer_803,[*]C1C([*])C2CC1C(C(=O)OCC13CC4CC(CC(C4)C1)C3)C2C(=O)OCC12CC3CC(CC(C3)C1)C2,328.0,,GREA,601.15,,1,0.0,black
polymer_804,[*]C1C([*])C2CC1C(C(=O)OCC1CC3CCC1C3)C2C(=O)OCC1CC2CCC1C2,320.0,,GREA,593.15,,1,0.0,black
polymer_805,[*]C1C([*])C2CC1C(C(=O)OCCC13CC4CC(CC(C4)C1)C3)C2C(=O)OCCC12CC3CC(CC(C3)C1)C2,300.0,,GREA,573.15,,1,0.0,black
polymer_806,[*]C1C([*])C2CC1C(C(=O)OCCC1CC3CCC1C3)C2C(=O)OCCC1CC2CCC1C2,260.0,,GREA,533.15,,1,0.0,black
polymer_807,[*]C1C([*])C2CC1C(C(=O)OCCCc1ccccc1)C2C(=O)OCCCc1ccccc1,200.0,,GREA,473.15,,1,0.0,black
polymer_808,[*]C1C([*])C2CC1C(C(=O)OCCc1ccccc1)C2C(=O)OCCc1ccccc1,254.0,,GREA,527.15,,1,0.0,black
polymer_809,[*]C1C([*])C2CC1C(C(=O)OCc1ccccc1)C2C(=O)OCc1ccccc1,277.0,,GREA,550.15,,1,0.0,black
polymer_810,[*]C1C([*])C2CC1C(COCc1ccccc1)C2COCc1ccccc1,176.0,,GREA,449.15,,1,0.0,black
polymer_811,[*]C1C([*])C2CC1C1C=CCC12,145.0,,GREA,418.15,,1,0.0,black
polymer_812,[*]C1C2C/C(=C\C)C(C2)C1[*],61.400000000000034,,GREA,334.55,,1,0.0,black
polymer_813,[*]C1C2CC(C(=O)OCCc3ccc(N(c4ccccc4)c4cccc(C)c4)cc3)C(C2)C1[*],305.0,,GREA,578.15,,1,0.0,black
polymer_814,[*]C1C2CC(C(=O)OCCc3ccc(N(c4ccccc4)c4cccc5ccccc45)cc3)C(C2)C1[*],333.0,,GREA,606.15,,1,0.0,black
polymer_815,[*]C1C2CC(C(=O)OCCc3ccc(N(c4ccccc4)c4ccccc4)cc3)C(C2)C1[*],307.0,,GREA,580.15,,1,0.0,black
polymer_816,[*]C1C2CC(C)C(C2)C1[*],350.0,,GREA,623.15,,1,0.0,black
polymer_817,[*]C1C2CC(C1[*])C([Si](C)(C)C)C2,303.0,,GREA,576.15,,1,0.0,black
polymer_818,[*]C1C2CC(CCCCCCCCC(=O)OCC)C(C2)C1[*],134.0,,GREA,407.15,,1,0.0,black
polymer_819,[*]C1C2CC(CCCCc3ccccc3)C(C2)C1[*],148.0,,GREA,421.15,,1,0.0,black
polymer_820,[*]C1C2CCC(C2)C1S([*])(=O)=O,33.0,,GREA,306.15,,1,0.0,black
polymer_821,[*]C1C2CCC(C2)C1[*],240.0,,GREA,513.15,,1,0.0,black
polymer_822,[*]C1C=C(C)C2C(=O)N(c3ccc(N4C(=O)CC([*])C4=O)cc3)C(=O)C2C1,327.0,,GREA,600.15,,1,0.0,black
polymer_823,[*]C1C=C(C)C2C(=O)N(c3ccc(Oc4ccc(N5C(=O)CC([*])C5=O)cc4)cc3)C(=O)C2C1,278.0,,GREA,551.15,,1,0.0,black
polymer_824,[*]C1C=C(CCCCCC)C([*])S1,58.05000000000001,,GREA,331.2,,1,0.0,black
polymer_825,[*]C1C=CC([*])CC1,125.5,,GREA,398.65,,1,0.0,black
polymer_826,[*]C1CC(C)(C)CC(C)(CN2C(=O)c3ccc(-c4ccc5c(c4)C(=O)N([*])C5=O)cc3C2=O)C1,311.0,,GREA,584.15,,1,0.0,black
polymer_827,[*]C1CC(C)(C)CC(C)(CN2C(=O)c3ccc(C(=O)c4ccc5c(c4)C(=O)N([*])C5=O)cc3C2=O)C1,275.0,,GREA,548.15,,1,0.0,black
polymer_828,[*]C1CC(C)(C)CC(C)(CN2C(=O)c3ccc(C(c4ccc5c(c4)C(=O)N([*])C5=O)(C(F)(F)F)C(F)(F)F)cc3C2=O)C1,278.0,,GREA,551.15,,1,0.0,black
polymer_829,[*]C1CC(C)(C)CC(C)(CN2C(=O)c3ccc(Oc4ccc5c(c4)C(=O)N([*])C5=O)cc3C2=O)C1,266.0,,GREA,539.15,,1,0.0,black
polymer_830,[*]C1CC([*])(C#N)C1,220.0,,GREA,493.15,,1,0.0,black
polymer_831,[*]C1CC2CC1C([*])C2CCCC,235.0,,GREA,508.15,,1,0.0,black
polymer_832,[*]C1CC2CC1C([*])C2CCCCCC,252.0,,GREA,525.15,,1,0.0,black
polymer_833,[*]C1CCC(CC2CCC(N3C(=O)C4C5C=CC(C6C(=O)N([*])C(=O)C56)C4C3=O)CC2)CC1,239.0,,GREA,512.15,,1,0.0,black
polymer_834,[*]C1CCC([*])C1,65.10000000000002,,GREA,338.25,,1,0.0,black
polymer_835,[*]C1CCC2C(=O)N(c3ccc(Cc4ccc(N5C(=O)C6CCC([*])CC6C5=O)cc4)cc3)C(=O)C2C1,260.0,,GREA,533.15,,1,0.0,black
polymer_836,[*]C1CCC2C(=O)N(c3ccc(Oc4ccc(N5C(=O)C6CCC([*])CC6C5=O)cc4)cc3)C(=O)C2C1,257.0,,GREA,530.15,,1,0.0,black
polymer_837,[*]C1CCC2C(=O)N(c3ccc(Oc4ccc(Oc5ccc(N6C(=O)C7CCC([*])CC7C6=O)cc5)cc4)cc3)C(=O)C2C1,238.0,,GREA,511.15,,1,0.0,black
polymer_838,[*]C1CCC2C(=O)N(c3ccc(Oc4ccc(Oc5ccc(Oc6ccc(N7C(=O)C8CCC([*])CC8C7=O)cc6)cc5)cc4)cc3)C(=O)C2C1,217.0,,GREA,490.15,,1,0.0,black
polymer_839,[*]C1CCC2C(=O)N(c3ccc(Oc4ccc(S(=O)(=O)c5ccc(Oc6ccc(N7C(=O)C8CCC([*])CC8C7=O)cc6)cc5)cc4)cc3)C(=O)C2C1,256.5,,GREA,529.65,,1,0.0,black
polymer_840,[*]C1CCC2C(=O)N(c3ccc(Oc4cccc(Oc5ccc(N6C(=O)C7CCC([*])CC7C6=O)cc5)c4)cc3)C(=O)C2C1,215.0,,GREA,488.15,,1,0.0,black
polymer_841,[*]C1CCC2C(=O)N(c3cccc(N4C(=O)C5CCC([*])CC5C4=O)c3)C(=O)C2C1,263.0,,GREA,536.15,,1,0.0,black
polymer_842,[*]C1CCCC(S([*])(=O)=O)C1,108.0,,GREA,381.15,,1,0.0,black
polymer_843,[*]C1CCCCC1S([*])(=O)=O,77.0,,GREA,350.15,,1,0.0,black
polymer_844,[*]C1CCOC1[*],131.0,,GREA,404.15,,1,0.0,black
polymer_845,[*]C1Cc2ccccc2C1[*],188.5,,GREA,461.65,,1,0.0,black
polymer_846,[*]C1OC(C(F)(F)F)(C(F)(F)F)OC1([*])F,256.0,,GREA,529.15,,1,0.0,black
polymer_847,[*]C1OCCCC1C1C(=O)OC(=O)C1[*],210.0,,GREA,483.15,,1,0.0,black
polymer_848,[*]C1OCOC(C([*])(F)F)C1(F)F,125.0,,GREA,398.15,,1,0.0,black
polymer_849,[*]C1Oc2ccccc2C1[*],65.20000000000005,,GREA,338.35,,1,0.0,black
polymer_850,[*]C1c2cccc3cccc(c23)C1[*],250.0,,GREA,523.15,,1,0.0,black
polymer_851,[*]C=C(C#N)C(=O)OCCCCCCCCCCOC(=O)/C(C#N)=C/c1ccc2c(c1)c1cc([*])ccc1n2CCCCCCC,59.0,,GREA,332.15,,1,0.0,black
polymer_852,[*]C=C(C#N)C(=O)OCCCCCCCCCCOC(=O)/C(C#N)=C/c1ccc2c(c1)c1cc([*])ccc1n2CCCCCCCCCCCCCC,35.0,,GREA,308.15,,1,0.0,black
polymer_853,[*]C=C(C#N)C(=O)OCCCCCCOC(=O)/C(C#N)=C/c1ccc2c(c1)c1cc([*])ccc1n2CCCCCCC,87.0,,GREA,360.15,,1,0.0,black
polymer_854,[*]C=C(C#N)C(=O)OCCCCCCOC(=O)/C(C#N)=C/c1ccc2c(c1)c1cc([*])ccc1n2CCCCCCCCCCCCCC,53.0,,GREA,326.15,,1,0.0,black
polymer_855,[*]C=C(C#N)c1cc(OCCCCCCCC)c(C(C#N)=Cc2cc(OCCCCCCCC)c([*])cc2OC)cc1OC,174.0,,GREA,447.15,,1,0.0,black
polymer_856,[*]C=C(C#N)c1cc(OCCCCCCCCCC)c(C(C#N)=Cc2cc(OCCCCCCCCCC)c([*])cc2OC)cc1OC,198.0,,GREA,471.15,,1,0.0,black
polymer_857,[*]C=C(C#N)c1cc(OCCCCCCCCCCCC)c(C(C#N)=Cc2cc(OCCCCCCCCCCCC)c([*])cc2OC)cc1OC,181.0,,GREA,454.15,,1,0.0,black
polymer_858,[*]C=C(C#N)c1cc(OCCCCCCCCCCCCCCCC)c(C(C#N)=Cc2cc(OCCCCCCCCCCCCCCCC)c([*])cc2OC)cc1OC,190.0,,GREA,463.15,,1,0.0,black
polymer_859,[*]C=C(C#N)c1ccc2c3ccc(C(C#N)=Cc4cc(OCC(CC)CCCC)c([*])cc4OCC(CC)CCCC)cc3n(CC(CC)CCCC)c2c1,72.0,,GREA,345.15,,1,0.0,black
polymer_860,[*]C=C(C)CC([*])(C)C(=O)OC,24.0,,GREA,297.15,,1,0.0,black
polymer_861,[*]C=C([*])c1ccccc1,50.85000000000002,Poly(phenylacetylene),Uchicago,324,,1,0.0,black
polymer_862,[*]C=C(c1ccc(C(=Cc2cc(OC)c([*])cc2OC)c2ccc(C(F)(F)F)cc2)cc1)c1ccc(C(F)(F)F)cc1,208.0,,GREA,481.15,,1,0.0,black
polymer_863,[*]C=C(c1ccc(F)cc1)c1ccc(-c2ccc(C(=Cc3cc(OC)c([*])cc3OC)c3ccc(F)cc3)cc2)cc1,201.0,,GREA,474.15,,1,0.0,black
polymer_864,[*]C=C(c1ccc(F)cc1)c1ccc(C(=Cc2cc(OC)c([*])cc2OC)c2ccc(F)cc2)cc1,193.0,,GREA,466.15,,1,0.0,black
polymer_865,[*]C=C(c1ccc(F)cc1)c1ccc(Oc2ccc(C(=Cc3cc(OC)c([*])cc3OC)c3ccc(F)cc3)cc2)cc1,187.0,,GREA,460.15,,1,0.0,black
polymer_866,[*]C=C(c1ccc(F)cc1)c1ccc2cc(C(=Cc3cc(OC)c([*])cc3OC)c3ccc(F)cc3)ccc2c1,208.0,,GREA,481.15,,1,0.0,black
polymer_867,[*]C=C(c1ccc(Oc2ccc(C(=Cc3cc(OC)c([*])cc3OC)c3ccc(C(F)(F)F)cc3)cc2)cc1)c1ccc(C(F)(F)F)cc1,194.0,,GREA,467.15,,1,0.0,black
polymer_868,[*]C=C(c1ccccc1)c1ccc(-c2ccc(C(=Cc3cc(OC)c([*])cc3OC)c3ccccc3)cc2)cc1,223.0,,GREA,496.15,,1,0.0,black
polymer_869,[*]C=C(c1ccccc1)c1ccc2c(c1)Sc1ccc(C(=Cc3cc(OCCCCCCCC)c([*])cc3OCCCCCCCC)c3ccccc3)cc1S2,93.0,,GREA,366.15,,1,0.0,black
polymer_870,[*]C=C(c1ccccc1)c1ccc2cc(C(=Cc3cc(OC)c([*])cc3OC)c3ccccc3)ccc2c1,198.0,,GREA,471.15,,1,0.0,black
polymer_871,[*]C=C1CC/C(=C\c2ccc(OC(=O)c3ccc(/N=C/c4ccc(/C=N/c5ccc(C(=O)Oc6ccc([*])cc6OC)cc5)cc4)cc3)c(OC)c2)C1=O,140.0,,GREA,413.15,,1,0.0,black
polymer_872,[*]C=C1CC/C(=C\c2ccc(OCCCCCCCCCCOP(=O)(OC)OCCCCCCCCCCOc3ccc([*])cc3OC)c(OC)c2)C1=O,48.0,,GREA,321.15,,1,0.0,black
polymer_873,[*]C=C1CC/C(=C\c2ccc(OCCCCCCCCOP(=O)(OC)OCCCCCCCCOc3ccc([*])cc3OC)c(OC)c2)C1=O,73.0,,GREA,346.15,,1,0.0,black
polymer_874,[*]C=C1CC/C(=C\c2ccc(OCCCCCCOP(=O)(OC)OCCCCCCOc3ccc([*])cc3OC)c(OC)c2)C1=O,74.0,,GREA,347.15,,1,0.0,black
polymer_875,[*]C=C1CC/C(=C\c2ccc(OCCCCOP(=O)(OC)OCCCCOc3ccc([*])cc3OC)c(OC)c2)C1=O,75.0,,GREA,348.15,,1,0.0,black
polymer_876,[*]C=C1CC/C(=C\c2ccc(OCCOP(=O)(OC)OCCOc3ccc([*])cc3OC)c(OC)c2)C1=O,99.0,,GREA,372.15,,1,0.0,black
polymer_877,[*]C=C1CCC/C(=C\c2cc(OC)c(OCCCCCCCCCCOc3c(OC)cc([*])cc3OC)c(OC)c2)C1=O,49.0,,GREA,322.15,,1,0.0,black
polymer_878,[*]C=C1CCC/C(=C\c2cc(OC)c(OCCCCCCCCOc3c(OC)cc([*])cc3OC)c(OC)c2)C1=O,62.0,,GREA,335.15,,1,0.0,black
polymer_879,[*]C=C1CCC/C(=C\c2cc(OC)c(OCCCCCCOc3c(OC)cc([*])cc3OC)c(OC)c2)C1=O,71.0,,GREA,344.15,,1,0.0,black
polymer_880,[*]C=C1CCC/C(=C\c2ccc(OC(=O)CCCCCCCCC(=O)Oc3ccc([*])cc3OC)c(OC)c2)C1=O,48.05000000000001,,GREA,321.2,,1,0.0,black
polymer_881,[*]C=C1CCC/C(=C\c2ccc(OC(=O)c3cccc(C(=O)Oc4ccc([*])cc4OC)c3)c(OC)c2)C1=O,57.860000000000014,,GREA,331.01,,1,0.0,black
polymer_882,[*]C=C1CCC/C(=C\c2ccc(OCC(=O)c3ccc(Oc4ccc(C(=O)COc5ccc([*])cc5OC)cc4)cc3)c(OC)c2)C1=O,211.75,,GREA,484.9,,1,0.0,black
polymer_883,[*]C=C1CCC/C(=C\c2ccc(OCCCCCCCCCCOc3ccc([*])cc3OC)c(OC)c2)C1=O,60.0,,GREA,333.15,,1,0.0,black
polymer_884,[*]C=C1CCC/C(=C\c2ccc(OCCCCCCCCOc3ccc([*])cc3OC)c(OC)c2)C1=O,72.0,,GREA,345.15,,1,0.0,black
polymer_885,[*]C=C1CCC/C(=C\c2ccc(OCCCCCCOc3ccc([*])cc3OC)c(OC)c2)C1=O,80.0,,GREA,353.15,,1,0.0,black
polymer_886,[*]C=CC(=O)NC(Cc1ccccc1)C(=O)OC/C=C/COC(=O)C(Cc1ccccc1)NC([*])=O,109.0,,GREA,382.15,,1,0.0,black
polymer_887,[*]C=CC(=O)NC(Cc1ccccc1)C(=O)OCCCCCCOC(=O)C(Cc1ccccc1)NC([*])=O,92.0,,GREA,365.15,,1,0.0,black
polymer_888,[*]C=CC(=O)NC(Cc1ccccc1)C(=O)OCCCCOC(=O)C(Cc1ccccc1)NC([*])=O,103.0,,GREA,376.15,,1,0.0,black
polymer_889,[*]C=CC(=O)NNC(=O)/C=C/C(=O)NCCCCCCNC([*])=O,102.40000000000003,,GREA,375.55,,1,0.0,black
polymer_890,[*]C=CC(=O)Nc1ccc(OC(=O)/C=C/C(=O)NNC(=O)/C=C/C(=O)Oc2ccc(NC(=O)/C=C/C(=O)NNC([*])=O)cc2)cc1,265.0,,GREA,538.15,,1,0.0,black
polymer_891,[*]C=CC(=O)Nc1ccc(OC(=O)c2ccccc2C(=O)NNC(=O)c2ccccc2C(=O)Oc2ccc(NC(=O)/C=C/C(=O)NNC([*])=O)cc2)cc1,240.0,,GREA,513.15,,1,0.0,black
polymer_892,[*]C=CC(=O)Nc1cccc(C=C2CCC(=Cc3cccc(NC(=O)C=CC(=O)NNC([*])=O)c3)C2=O)c1,104.60000000000002,,GREA,377.75,,1,0.0,black
polymer_893,[*]C=CC(=O)Nc1cccc(C=C2CCCC(=Cc3cccc(NC(=O)C=CC(=O)NNC([*])=O)c3)C2=O)c1,238.40000000000003,,GREA,511.55,,1,0.0,black
polymer_894,[*]C=CC(=O)OC1COC2C(OC([*])=O)COC12,60.0,,GREA,333.15,,1,0.0,black
polymer_895,[*]C=CC(=O)OCCCCOC([*])=O,93.0,,GREA,366.15,,1,0.0,black
polymer_896,[*]C=CC(=O)OCCOC(=O)/C=C/C(=O)NCCCCCCNC([*])=O,89.0,,GREA,362.15,,1,0.0,black
polymer_897,[*]C=CC(=O)OCCOC([*])=O,-10.0,,GREA,263.15,,1,0.0,black
polymer_898,[*]C=CC(=O)OCCOCCOC(=O)/C=C/C(=O)NCCCCCCNC([*])=O,76.0,,GREA,349.15,,1,0.0,black
polymer_899,[*]C=CC(=O)OCCOCCOC([*])=O,-8.199999999999989,,GREA,264.95,,1,0.0,black
polymer_900,[*]C=CC(=O)OCCOCCOCCOC(=O)/C=C/C(=O)NCCCCCCNC([*])=O,65.0,,GREA,338.15,,1,0.0,black
polymer_901,[*]C=CC(=O)OCCOCCOCCOCCOC(=O)/C=C/C(=O)NCCCCCCNC([*])=O,52.0,,GREA,325.15,,1,0.0,black
polymer_902,[*]C=CC(C(=O)OC12CC3CC(CC(C3)C1)C2)C([*])C,115.0,,GREA,388.15,,1,0.0,black
polymer_903,[*]C=CC(C(=O)OCC)C([*])C(=O)OCC,6.0,,GREA,279.15,,1,0.0,black
polymer_904,[*]C=CC(C(=O)OCCCCCCN(C)c1ccc(N(C)C)cc1)C([*])C,2.0,,GREA,275.15,,1,0.0,black
polymer_905,[*]C=CC(C(=O)OCCCN(C)c1ccc(N(C)C)cc1)C([*])C,11.5,,GREA,284.65,,1,0.0,black
polymer_906,[*]C=CC(C(=O)OCCN(C)c1ccc(N(C)C)cc1)C([*])C,20.5,,GREA,293.65,,1,0.0,black
polymer_907,[*]C=CC(C(=O)OCc1ccccc1)C([*])C(=O)OCc1ccccc1,21.0,,GREA,294.15,,1,0.0,black
polymer_908,[*]C=CC(C)C([*])(C)C(=O)OC,34.0,,GREA,307.15,,1,0.0,black
polymer_909,[*]C=CC(C)C([*])C(=O)OC,53.0,,GREA,326.15,,1,0.0,black
polymer_910,[*]C=CC(COCc1ccccc1)C([*])COCc1ccccc1,-4.0,,GREA,269.15,,1,0.0,black
polymer_911,[*]C=CC([*])(C)C,-9.0,,GREA,264.15,,1,0.0,black
polymer_912,[*]C=CC([*])(C)c1ccccc1,52.0,,GREA,325.15,,1,0.0,black
polymer_913,[*]C=CC1=C([*])CC(C(=O)OCC)(C(=O)OCC)C1,27.650000000000034,,GREA,300.8,,1,0.0,black
polymer_914,[*]C=CC1=CC(=C(C#N)C#N)C=C(/C=C/c2sc(-c3ccc(-c4ccc(-c5ccc(-c6sc([*])c(CCCCCC)c6CCCCCC)s5)s4)s3)c(CCCCCC)c2CCCCCC)O1,134.0,,GREA,407.15,,1,0.0,black
polymer_915,[*]C=CC1=CC(=C(C#N)C#N)C=C(/C=C/c2sc(-c3ccc(-c4ccc(-c5sc([*])c(CCCCCC)c5CCCCCC)s4)s3)c(CCCCCC)c2CCCCCC)O1,112.0,,GREA,385.15,,1,0.0,black
polymer_916,[*]C=CC1=CC(=C(C#N)C#N)C=C(/C=C/c2sc(-c3ccc(-c4sc([*])c(CCCCCC)c4CCCCCC)s3)c(CCCCCC)c2CCCCCC)O1,114.0,,GREA,387.15,,1,0.0,black
polymer_917,[*]C=CC1=CC(=C(C#N)C#N)C=C(/C=C/c2sc(-c3ccc4c(c3)C(CCCCCC)(CCCCCC)c3cc(-c5sc([*])c(CCCCCC)c5CCCCCC)ccc3-4)c(CCCCCC)c2CCCCCC)O1,115.0,,GREA,388.15,,1,0.0,black
polymer_918,[*]C=CC1=CC(=C(C#N)C#N)C=C(/C=C/c2sc(-c3ccc4c(c3)Sc3cc(-c5sc([*])c(CCCCCC)c5CCCCCC)ccc3N4CCCCCC)c(CCCCCC)c2CCCCCC)O1,130.0,,GREA,403.15,,1,0.0,black
polymer_919,[*]C=CC1CC([*])C(C(=O)OC(C)(C)C)C1C(=O)OC(C)(C)C,83.40000000000003,,GREA,356.55,,1,0.0,black
polymer_920,[*]C=CC1CC([*])C(C(=O)OC)C1C(=O)OC,77.30000000000001,,GREA,350.45,,1,0.0,black
polymer_921,[*]C=CC1CC([*])C(C(=O)OCCCCCCCCCCCOc2ccc(-c3ccc(C#N)cc3)cc2)C1C(=O)OCCCCCCCCCCCOc1ccc(-c2ccc(C#N)cc2)cc1,23.100000000000023,,GREA,296.25,,1,0.0,black
polymer_922,[*]C=CC1CC([*])C(C(=O)OCCCCCCOc2ccc(-c3ccc(C#N)cc3)cc2)C1C(=O)OCCCCCCOc1ccc(-c2ccc(C#N)cc2)cc1,55.80000000000001,,GREA,328.95,,1,0.0,black
polymer_923,[*]C=CC1CC([*])C(C(=O)Oc2ccccc2)C1C(=O)Oc1ccccc1,96.5,,GREA,369.65,,1,0.0,black
polymer_924,[*]C=CC1CC([*])C(F)(OC(F)(F)C(F)(F)C(F)(F)F)C1(F)F,77.0,,GREA,350.15,,1,0.0,black
polymer_925,[*]C=CC1CC([*])C/C1=C\C,121.0,,GREA,394.15,,1,0.0,black
polymer_926,[*]C=CC1CC([*])C2C(=O)N(CCC)C(=O)C12,139.0,,GREA,412.15,,1,0.0,black
polymer_927,[*]C=CC1CC([*])C2C(=O)N(CCCC)C(=O)C12,131.0,,GREA,404.15,,1,0.0,black
polymer_928,[*]C=CC1CC([*])C2C(=O)N(CCCCC)C(=O)C12,99.0,,GREA,372.15,,1,0.0,black
polymer_929,[*]C=CC1CC([*])C2C(=O)N(CCCCCC)C(=O)C12,87.0,,GREA,360.15,,1,0.0,black
polymer_930,[*]C=CC1CC([*])C2C(=O)N(CCCCCCC)C(=O)C12,59.0,,GREA,332.15,,1,0.0,black
polymer_931,[*]C=CC1CC([*])C2C(=O)N(CCCCCCCC)C(=O)C12,56.5,,GREA,329.65,,1,0.0,black
polymer_932,[*]C=CC1CC([*])C2C(=O)N(CCCCCCCCC)C(=O)C12,52.0,,GREA,325.15,,1,0.0,black
polymer_933,[*]C=CC1CC([*])C2C(=O)N(CCCCCCCCCC)C(=O)C12,46.0,,GREA,319.15,,1,0.0,black
polymer_934,[*]C=CC1CC([*])C2C(=O)N(CCCCCCCCCCCC)C(=O)C12,50.0,,GREA,323.15,,1,0.0,black
polymer_935,[*]C=CC1CC([*])C2C(=O)N(c3cc(C(F)(F)F)cc(C(F)(F)F)c3)C(=O)C12,162.0,,GREA,435.15,,1,0.0,black
polymer_936,[*]C=CC1CC([*])C2C(=O)N(c3ccc(C)cc3)C(=O)C12,222.0,,GREA,495.15,,1,0.0,black
polymer_937,[*]C=CC1CC([*])C2C(=O)N(c3cccc(C)c3)C(=O)C12,206.0,,GREA,479.15,,1,0.0,black
polymer_938,[*]C=CC1CC([*])C2C(=O)N(c3ccccc3)C(=O)C12,220.0,,GREA,493.15,,1,0.0,black
polymer_939,[*]C=CC1CC([*])C2C(=O)N(c3ccccc3C)C(=O)C12,248.0,,GREA,521.15,,1,0.0,black
polymer_940,[*]C=CC1CC([*])C2C=CCC12,53.0,,GREA,326.15,,1,0.0,black
polymer_941,[*]C=CC1CC([*])CC1(C#N)CC,134.0,,GREA,407.15,,1,0.0,black
polymer_942,[*]C=CC1CC([*])CC1(C#N)CCC,108.0,,GREA,381.15,,1,0.0,black
polymer_943,[*]C=CC1CC([*])CC1(C#N)CCCC,87.0,,GREA,360.15,,1,0.0,black
polymer_944,[*]C=CC1CC([*])CC1(C#N)C[Si](C)(C)C,128.0,,GREA,401.15,,1,0.0,black
polymer_945,[*]C=CC1CC([*])CC1(C#N)C[Si](C)(C)O[Si](C)(C)C,68.0,,GREA,341.15,,1,0.0,black
polymer_946,[*]C=CC1CC([*])CC1(C#N)[Si](C)(C)C,211.0,,GREA,484.15,,1,0.0,black
polymer_947,[*]C=CC1CC([*])CC1(C#N)[Si](C)(C)O[Si](C)(C)C,88.0,,GREA,361.15,,1,0.0,black
polymer_948,[*]C=CC1CC([*])CC1(C#N)[Si](C)(C)O[Si](C)(C)O[Si](C)(C)C,47.0,,GREA,320.15,,1,0.0,black
polymer_949,[*]C=CC1CC([*])CC1(C#N)[Si](C)(C)[Si](C)(C)C,120.0,,GREA,393.15,,1,0.0,black
polymer_950,[*]C=CC1CC([*])CC1C#N,140.0,,GREA,413.15,,1,0.0,black
polymer_951,[*]C=CC1CC([*])CC1C(=O)OC,65.0,,GREA,338.15,,1,0.0,black
polymer_952,[*]C=CC1CC([*])CC1C(=O)OCCCCCCCCOc1ccc(/C=C/c2ccc([N+](=O)[O-])cc2)cc1,51.0,,GREA,324.15,,1,0.0,black
polymer_953,[*]C=CC1CC([*])CC1C(=O)OCCNC(C)(C)C,29.0,,GREA,302.15,,1,0.0,black
polymer_954,[*]C=CC1CC([*])CC1C(=O)Oc1ccccc1,72.60000000000002,,GREA,345.75,,1,0.0,black
polymer_955,[*]C=CC1CC([*])CC1C1CC=CCC1,105.0,,GREA,378.15,,1,0.0,black
polymer_956,[*]C=CC1CC([*])CC1[Si](C)(C)C,113.0,,GREA,386.15,,1,0.0,black
polymer_957,[*]C=CC1CC([*])CC1[Si](C)(C)C[Si](C)(C)C,24.0,,GREA,297.15,,1,0.0,black
polymer_958,[*]C=CCC([*])C,-34.99999999999997,,GREA,238.15,,1,0.0,black
polymer_959,[*]C=CCC([*])COCC(=O)OCCCCCCCCOc1ccc(/C=C/c2ccc([N+](=O)[O-])cc2)cc1,23.0,,GREA,296.15,,1,0.0,black
polymer_960,[*]C=CCC([*])OC,-10.5,,GREA,262.65,,1,0.0,black
polymer_961,[*]C=CCS(=O)(=O)C([*])C,71.0,,GREA,344.15,,1,0.0,black
polymer_962,[*]C=CCS(=O)(=O)C([*])CC,70.10000000000002,,GREA,343.25,,1,0.0,black
polymer_963,[*]C=CNc1cccc(S(=O)(=O)c2cccc(N/C=C/C(=O)c3cccc(C([*])=O)c3)c2)c1,215.0,,GREA,488.15,,1,0.0,black
polymer_964,[*]C=C[Ge](C=C[Si]([*])(c1ccccc1)c1ccccc1)(c1ccccc1)c1ccccc1,28.0,,GREA,301.15,,1,0.0,black
polymer_965,[*]C=C[Ge]([*])(c1ccccc1)c1ccccc1,-35.99999999999997,,GREA,237.15,,1,0.0,black
polymer_966,[*]C=C[Si]([*])(c1ccccc1)c1ccccc1,-9.0,,GREA,264.15,,1,0.0,black
polymer_967,[*]C=Cc1cc(C(C)C)c(/C=C/c2cc(OC)c(OCCCCCCCCOc3c(OC)cc([*])cc3OC)c(OC)c2)cc1C(C)C,85.0,,GREA,358.15,,1,0.0,black
polymer_968,[*]C=Cc1cc(OC)c(C=Cc2cc(OC)c([*])cc2OCC(CC)CCCC)cc1OC,113.0,,Xie,386.15,,1,0.0,black
polymer_969,[*]C=Cc1cc(OC)c(C=Cc2cc(OCC(CC)CCCC)c([*])cc2OC)cc1OC,110.0,,GREA,383.15,,1,0.0,black
polymer_970,[*]C=Cc1cc(OC)c(OCCCCCCCCOc2c(OC)cc(/C=C/c3cc(CCCCCC)c([*])cc3CCCCCC)cc2OC)c(OC)c1,21.0,,GREA,294.15,,1,0.0,black
polymer_971,[*]C=Cc1cc(OC)c([*])cc1OCC(CC)CCCC,66.0,,Xie,339.15,,1,0.0,black
polymer_972,[*]C=Cc1cc(OC)c([*])cc1OCCC(C)CCCC(C)C,50.0,,Xie,323.15,,1,0.0,black
polymer_973,[*]C=Cc1cc(OCC(CC)CCCC)c([*])cc1-c1ccc(F)c(C(F)(F)F)c1,122.0,,GREA,395.15,,1,0.0,black
polymer_974,[*]C=Cc1cc(OCC(CC)CCCC)c([*])cc1-c1ccc(N(c2ccc(OC)cc2)c2ccc(OC)cc2)cc1,163.0,,GREA,436.15,,1,0.0,black
polymer_975,[*]C=Cc1cc(OCC(CC)CCCC)c([*])cc1OC,79.0,,GREA,352.15,,1,0.0,black
polymer_976,[*]C=Cc1cc(OCC2CC3CC2C2CCCC32)c([*])cc1OC,174.0,,GREA,447.15,,1,0.0,black
polymer_977,[*]C=Cc1cc(OCCC(C)CCCC(C)C)c([*])cc1OC,54.5,,GREA,327.65,,1,0.0,black
polymer_978,[*]C=Cc1cc(OCCCC)c([*])cc1OC,65.0,,GREA,338.15,,1,0.0,black
polymer_979,[*]C=Cc1cc(OCCCCCC)c(/C=N/c2ccc(C(=O)OCCCCOCCCCOCCCCOC(=O)c3ccc(/N=C/c4cc(OCCCCCC)c(/C=C/c5cc(OCCCCCC)c([*])cc5OCCCCCC)cc4OCCCCCC)cc3)cc2)cc1OCCCCCC,14.300000000000011,,GREA,287.45,,1,0.0,black
polymer_980,[*]C=Cc1cc(OCCCCCC)c([*])cc1OC,60.0,,GREA,333.15,,1,0.0,black
polymer_981,[*]C=Cc1cc(OCCCCCCCC)c([*])cc1OC,58.0,,GREA,331.15,,1,0.0,black
polymer_982,[*]C=Cc1cc(OCCCCCCCCCCCC)c([*])cc1OC,36.0,,GREA,309.15,,1,0.0,black
polymer_983,[*]C=Cc1cc(OCCc2ccccc2)c([*])cc1OC,121.0,,GREA,394.15,,1,0.0,black
polymer_984,[*]C=Cc1ccc(-c2ccc(C=Cc3cc(CCCCCCCCCC)c([*])cc3CCCCCCCCCC)nc2)cn1,68.0,,GREA,341.15,,1,0.0,black
polymer_985,[*]C=Cc1ccc(-c2nnc(-c3ccc(/C=C/c4ccc5c(c4)c4cc(-c6ccc7c(c6)c6cc([*])ccc6n7CCCCCCCC)ccc4n5CCCCCCCC)cc3)n2-c2ccccc2)cc1,157.0,,GREA,430.15,,1,0.0,black
polymer_986,[*]C=Cc1ccc(-c2nnc(-c3ccc(C=Cc4ccc5c(c4)c4cc([*])ccc4n5CCCCCCCC)cc3)n2-c2ccccc2)cc1,147.0,,GREA,420.15,,1,0.0,black
polymer_987,[*]C=Cc1ccc(/C=C(\Oc2ccccc2)c2ccc(/C(=C/c3ccc(C=Cc4cc(OC)c([*])cc4OC)cc3)c3ccc(Oc4ccccc4)cc3)cc2)cc1,175.0,,GREA,448.15,,1,0.0,black
polymer_988,[*]C=Cc1ccc(/C=C/C(=O)Nc2ccc(Cc3ccc(NC([*])=O)cc3)cc2)cc1,230.0,,GREA,503.15,,1,0.0,black
polymer_989,[*]C=Cc1ccc(/C=C/C(=O)OCCN(CCOC([*])=O)c2ccc(/N=N/c3ccc([N+](=O)[O-])cc3)cc2)cc1,120.0,,GREA,393.15,,1,0.0,black
polymer_990,[*]C=Cc1ccc(/C=C/C(=O)Oc2ccc(-c3ccc(OC([*])=O)cc3)cc2)cc1,243.0,,GREA,516.15,,1,0.0,black
polymer_991,[*]C=Cc1ccc(/C=C/C(=O)Oc2ccc(OC([*])=O)cc2)cc1,210.0,,GREA,483.15,,1,0.0,black
polymer_992,[*]C=Cc1ccc(/C=C/[Si](C)(C)c2ccc([Si]([*])(C)C)cc2)cc1,63.0,,GREA,336.15,,1,0.0,black
polymer_993,[*]C=Cc1ccc(/C=C/[Si](C)(C)c2cccc([Si]([*])(C)C)c2)cc1,33.0,,GREA,306.15,,1,0.0,black
polymer_994,[*]C=Cc1ccc(/C=C/[Si](C)(CCC(F)(F)F)c2ccc([Si]([*])(C)CCC(F)(F)F)cc2)cc1,55.700000000000045,,GREA,328.85,,1,0.0,black
polymer_995,[*]C=Cc1ccc(/C=C/[Si](C)(CCC(F)(F)F)c2cccc([Si]([*])(C)CCC(F)(F)F)c2)cc1,23.400000000000034,,GREA,296.55,,1,0.0,black
polymer_996,[*]C=Cc1ccc(/C=C/c2cc(OC)c(OCCCCCCCCCCCCOc3c(OC)cc([*])cc3OC)c(OC)c2)cc1,61.10000000000002,,GREA,334.25,,1,0.0,black
polymer_997,[*]C=Cc1ccc(/C=C/c2cc(OC)c(OCCCCCCCCCCOc3c(OC)cc([*])cc3OC)c(OC)c2)cc1,68.5,,GREA,341.65,,1,0.0,black
polymer_998,[*]C=Cc1ccc(/C=C/c2cc(OC)c(OCCCCCCCCOc3c(OC)cc([*])cc3OC)c(OC)c2)cc1,69.40000000000003,,GREA,342.55,,1,0.0,black
polymer_999,[*]C=Cc1ccc(/C=C/c2cc(OC)c(OCCCCCCOc3c(OC)cc([*])cc3OC)c(OC)c2)cc1,90.0,,GREA,363.15,,1,0.0,black
polymer_1000,[*]C=Cc1ccc(/C=C/c2cc(OCCCCCCCC)c([*])cc2OCCCCCCCC)c2nsnc12,153.0,,GREA,426.15,,1,0.0,black
polymer_1001,[*]C=Cc1ccc(/C=C/c2ccc(/C=C/c3cc(OC)c(OCCCCCCCCOc4c(OC)cc([*])cc4OC)c(OC)c3)cc2)cc1,78.70000000000005,,GREA,351.85,,1,0.0,black
polymer_1002,[*]C=Cc1ccc(/C=C/c2ccc3c(c2)C(CCCCCCOc2ccc4ccc(=O)oc4c2)(CCCCCCOc2ccc4ccc(=O)oc4c2)c2cc([*])ccc2-3)cc1,104.0,,GREA,377.15,,1,0.0,black
polymer_1003,[*]C=Cc1ccc(/C=C/c2ccc3c(c2)Sc2cc([*])ccc2N3c2ccc(OCCCCCCCCCCCC)cc2)cc1,167.0,,GREA,440.15,,1,0.0,black
polymer_1004,[*]C=Cc1ccc(/C=C/c2ccc3c(c2)Sc2cc([*])ccc2N3c2ccc(OCCCCCCCCCCCC)cc2)s1,155.0,,GREA,428.15,,1,0.0,black
polymer_1005,[*]C=Cc1ccc(C=CC(=O)Nc2ccc(Oc3ccc(NC([*])=O)cc3)cc2)cc1,205.0,,GREA,478.15,,1,0.0,black
polymer_1006,[*]C=Cc1ccc(C=Cc2cc(OCCCCCCC)c([*])cc2OCCCCCCC)cc1,46.0,,GREA,319.15,,1,0.0,black
polymer_1007,[*]C=Cc1ccc(C=Cc2cc(OCCCCCCCCC)c([*])cc2OCCCCCCCCC)cc1,44.0,,GREA,317.15,,1,0.0,black
polymer_1008,[*]C=Cc1ccc(C=Cc2cc(OCCCCCCCCCCCC)c([*])cc2OCCCCCCCCCCCC)cc1,38.0,,GREA,311.15,,1,0.0,black
polymer_1009,[*]C=Cc1ccc(C=Cc2cc(OCCCCCCCCCCCCCCCC)c([*])cc2OCCCCCCCCCCCCCCCC)cc1,33.0,,GREA,306.15,,1,0.0,black
polymer_1010,[*]C=Cc1ccc(N(c2ccccc2)c2ccc(C=Cc3cc(OCC(CC)CCCC)c([*])cc3OC)cc2)cc1,147.0,,GREA,420.15,,1,0.0,black
polymer_1011,[*]C=Cc1ccc(N(c2ccccc2)c2ccc(C=Cc3cc(OCCCCCCCC)c([*])cc3OCCCCCCCC)cc2)cc1,74.0,,GREA,347.15,,1,0.0,black
polymer_1012,[*]C=Cc1ccc(OCCCCCCCCCCOC(=O)c2ccc(-c3nnc(-c4ccc(C(=O)OCCCCCCCCCCOc5ccc(/C=C/C([*])=O)cc5)cc4)o3)cc2)cc1,58.0,,GREA,331.15,,1,0.0,black
polymer_1013,[*]C=Cc1ccc(OCCCCCCCCOC(=O)c2ccc(-c3nnc(-c4ccc(C(=O)OCCCCCCCCOc5ccc(/C=C/C([*])=O)cc5)cc4)o3)cc2)cc1,59.0,,GREA,332.15,,1,0.0,black
polymer_1014,[*]C=Cc1ccc(OCCCCCCCCOc2ccc(/C=C/c3cc(OCCCCCCCC)c([*])cc3OCCCCCCCC)cc2)cc1,130.0,,GREA,403.15,,1,0.0,black
polymer_1015,[*]C=Cc1ccc(OCCCCCCOC(=O)c2ccc(-c3nnc(-c4ccc(C(=O)OCCCCCCOc5ccc(/C=C/C([*])=O)cc5)cc4)o3)cc2)cc1,62.0,,GREA,335.15,,1,0.0,black
polymer_1016,[*]C=Cc1ccc(OCCCCCOc2ccc(/C=C/C(=O)OCCN(CCOC([*])=O)c3ccc(/N=N/c4ccc([N+](=O)[O-])cc4)cc3)cc2)cc1,92.0,,GREA,365.15,,1,0.0,black
polymer_1017,[*]C=Cc1ccc(OCCOCCOCCOc2ccc(/C=C/c3cc(OC)c([*])cc3OC)c3ccccc23)c2ccccc12,79.5,,GREA,352.65,,1,0.0,black
polymer_1018,[*]C=Cc1ccc(Oc2cc3c4c(ccc5c6c(Oc7ccc(C=Cc8cc(OCCCCCCCC)c([*])cc8OCCCCCCCC)cc7)cc7c8c(ccc(c2c45)c86)C(=O)N(CCCCCCCC)C7=O)C(=O)N(CCCCCCCC)C3=O)cc1,103.0,,GREA,376.15,,1,0.0,black
polymer_1019,[*]C=Cc1ccc(Oc2ccc(-c3nnc(-c4ccc(Oc5ccc([*])c6ccccc56)cc4)o3)cc2)cc1,213.0,,GREA,486.15,,1,0.0,black
polymer_1020,[*]C=Cc1ccc(Oc2ccc(C3(c4ccc(Oc5ccc(C([*])=O)cc5)cc4)c4ccccc4-c4ccccc43)cc2)cc1,195.0,,GREA,468.15,,1,0.0,black
polymer_1021,[*]C=Cc1ccc([*])cc1-c1c(OCC(CC)CCCC)ccc2cc(-c3ccccc3)ccc12,141.0,,GREA,414.15,,1,0.0,black
polymer_1022,[*]C=Cc1ccc([*])cc1-c1c(OCC(CC)CCCC)ccc2ccccc12,118.0,,GREA,391.15,,1,0.0,black
polymer_1023,[*]C=Cc1ccc([*])cc1-c1cc(OCCC(C)C)c(OCCC(C)C)cc1-c1ccccc1,164.0,,GREA,437.15,,1,0.0,black
polymer_1024,[*]C=Cc1ccc([*])cc1-c1ccc(OCC(CC)CCCC)c2ccccc12,135.0,,GREA,408.15,,1,0.0,black
polymer_1025,[*]C=Cc1ccc([*])cc1OCc1cc(OCCC(C)CCCC(C)C)cc(OCC(CC)CCCC)c1,227.0,,GREA,500.15,,1,0.0,black
polymer_1026,[*]C=Cc1ccc([*])cc1OCc1cc(OCc2cc(OCCC(C)CCCC(C)C)cc(OCCC(C)CCCC(C)C)c2)cc(OCc2cc(OCC(CC)CCCC)cc(OCC(CC)CCCC)c2)c1,223.0,,GREA,496.15,,1,0.0,black
polymer_1027,[*]C=Cc1ccc2c(c1)C(CC(CC)CCCC)(CC(CC)CCCC)c1cc([*])ccc1-2,165.0,,GREA,438.15,,1,0.0,black
polymer_1028,[*]C=Cc1ccc2c(c1)C(CCCCCCOc1ccc3ccc(=O)oc3c1)(CCCCCCOc1ccc3ccc(=O)oc3c1)c1cc(C=Cc3ccc4c(c3)C(CCCCCC)(CCCCCC)c3cc([*])ccc3-4)ccc1-2,115.0,,GREA,388.15,,1,0.0,black
polymer_1029,[*]C=Cc1ccc2c(c1)Sc1cc([*])ccc1N2c1ccc(OCCCCCCCCCCCC)cc1,129.0,,GREA,402.15,,1,0.0,black
polymer_1030,[*]C=Cc1ccc2c3ccc(/C=C/c4sc([*])c(CC(CC)CCCC)c4CC(CC)CCCC)cc3n(CC(CC)CCCC)c2c1,60.0,,GREA,333.15,,1,0.0,black
polymer_1031,[*]C=Cc1ccc2c3ccc(C=Cc4cc(OCC(CC)CCCC)c([*])cc4OCC(CC)CCCC)cc3n(CC(CC)CCCC)c2c1,61.0,,GREA,334.15,,1,0.0,black
polymer_1032,[*]C=Cc1ccc2c3ccc([*])cc3n(-c3ccc(OCCCCCCCCCC)c(OCCCCCCCCCC)c3)c2c1,95.0,,GREA,368.15,,1,0.0,black
polymer_1033,[*]C=Cc1cccc(/C=C/[Si](C)(C)c2ccc([Si]([*])(C)C)cc2)c1,38.10000000000002,,GREA,311.25,,1,0.0,black
polymer_1034,[*]C=Cc1cccc(/C=C/[Si](C)(C)c2cccc([Si]([*])(C)C)c2)c1,28.700000000000045,,GREA,301.85,,1,0.0,black
polymer_1035,[*]C=Cc1cccc(/C=C/[Si](C)(CCC(F)(F)F)c2ccc([Si]([*])(C)CCC(F)(F)F)cc2)c1,34.5,,GREA,307.65,,1,0.0,black
polymer_1036,[*]C=Cc1cccc(/C=C/[Si](C)(CCC(F)(F)F)c2cccc([Si]([*])(C)CCC(F)(F)F)c2)c1,9.5,,GREA,282.65,,1,0.0,black
polymer_1037,[*]C=Cc1cccc(N2C(=O)c3ccc(C(=O)Nc4cccc(NC([*])=O)c4)cc3C2=O)c1,257.5,,GREA,530.65,,1,0.0,black
polymer_1038,[*]C=Cc1nc(/C=C/c2ccc3c(c2)C(CCCCCC)(CCCCCC)c2cc([*])ccc2-3)c(C#N)c(/C=C/c2ccc(N(c3ccccc3)c3ccccc3)cc2)c1C#N,178.0,,GREA,451.15,,1,0.0,black
polymer_1039,[*]C=Cc1nc(C=Cc2cc(CCCCCCCCCCCCCCCC)c([*])cc2CCCCCCCCCCCCCCCC)c(C#N)c(/C=C/c2ccc(N(c3ccccc3)c3ccccc3)cc2)c1C#N,165.0,,GREA,438.15,,1,0.0,black
polymer_1040,[*]C=Cc1nc(C=Cc2ccc3c(c2)c2cc([*])ccc2n3CCCCCC)c(C#N)c(/C=C/c2ccc(N(c3ccccc3)c3ccccc3)cc2)c1C#N,134.0,,GREA,407.15,,1,0.0,black
polymer_1041,[*]C=NNC(=O)CSc1nnc(SCC(=O)N/N=C/c2ccc(OCCCCCCCCCCOc3ccc([*])cc3OC)c(OC)c2)s1,156.0,,GREA,429.15,,1,0.0,black
polymer_1042,[*]C=Nc1cc(C)c(N2C(=O)c3ccc4c5ccc6c7c(ccc(c8ccc(c3c48)C2=O)c75)C(=O)N(c2cc(C)c(/N=C/c3ccc(OCc4ccc(COc5ccc([*])cc5OC)cc4)c(OC)c3)cc2C)C6=O)cc1C,145.0,,GREA,418.15,,1,0.0,black
polymer_1043,[*]C=Nc1cc(C)c(N2C(=O)c3ccc4c5ccc6c7c(ccc(c8ccc(c3c48)C2=O)c75)C(=O)N(c2cc(C)c(/N=C/c3ccc(OCc4ccccc4COc4ccc([*])cc4OC)c(OC)c3)cc2C)C6=O)cc1C,143.0,,GREA,416.15,,1,0.0,black
polymer_1044,[*]C=Nc1ccc(C(=O)OCCCCOCCCCOCCCCOC(=O)c2ccc(/N=C/c3cc(OCCC(C)CCCC(C)C)c([*])cc3OCCC(C)CCCC(C)C)cc2)cc1,-4.7999999999999545,,GREA,268.35,,1,0.0,black
polymer_1045,[*]C=Nc1ccc(C(=O)OCCCCOCCCCOCCCCOC(=O)c2ccc(/N=C/c3ccc4c(c3)c3cc([*])ccc3n4CC(CC)CCCC)cc2)cc1,5.2000000000000455,,GREA,278.35,,1,0.0,black
polymer_1046,[*]C=Nc1ccc(N=Cc2cc(OCCCCCCCC)c([*])cc2OCCCCCCCC)cc1,32.700000000000045,,GREA,305.85,,1,0.0,black
polymer_1047,[*]CC(=O)C([*])C,23.0,,GREA,296.15,,1,0.0,black
polymer_1048,[*]CC(=O)C([*])c1ccc(C(C)(C)C)cc1,158.0,,GREA,431.15,,1,0.0,black
polymer_1049,[*]CC(=O)C([*])c1ccccc1,110.0,,GREA,383.15,,1,0.0,black
polymer_1050,[*]CC(=O)N1CCC(C)(CCCC2(C)CCN(C(=O)C([*])C)CC2)CC1,72.0,,GREA,345.15,,1,0.0,black
polymer_1051,[*]CC(=O)NC([*])C,125.0,,GREA,398.15,,1,0.0,black
polymer_1052,[*]CC(=O)NCCCCCCCCNC([*])=O,55.0,,GREA,328.15,,1,0.0,black
polymer_1053,[*]CC(=O)NCCCCCCNC(=O)CC(C)(C)c1ccc(C([*])(C)C)cc1,91.0,,GREA,364.15,,1,0.0,black
polymer_1054,[*]CC(=O)NCCCCCCNC(=O)CC(C)c1ccc(C([*])C)cc1,88.0,,GREA,361.15,,1,0.0,black
polymer_1055,[*]CC(=O)NCCCCCCNC(=O)CCc1ccc(C([*])C)cc1,77.0,,GREA,350.15,,1,0.0,black
polymer_1056,[*]CC(=O)NCCCCCCNC([*])=O,50.0,,GREA,323.15,,1,0.0,black
polymer_1057,[*]CC(=O)NCCCCCNC([*])=O,65.0,,GREA,338.15,,1,0.0,black
polymer_1058,[*]CC(=O)NCCCCNC([*])=O,73.0,,GREA,346.15,,1,0.0,black
polymer_1059,[*]CC(=O)Nc1ccc(-c2ccc(NC(=O)Cc3cc(C)c([*])cc3C)cc2)cc1,171.0,,GREA,444.15,,1,0.0,black
polymer_1060,[*]CC(=O)Nc1ccc(-c2ccc(NC(=O)Cc3cc([*])c(C)cc3C)cc2)cc1,230.0,,GREA,503.15,,1,0.0,black
polymer_1061,[*]CC(=O)Nc1ccc(NC(=O)Cc2cc(C)c([*])cc2C)cc1,175.0,,GREA,448.15,,1,0.0,black
polymer_1062,[*]CC(=O)Nc1ccc(NC(=O)Cc2cc([*])c(C)cc2C)cc1,208.0,,GREA,481.15,,1,0.0,black
polymer_1063,[*]CC(=O)Nc1cccc(NC(=O)Cc2cc(C)c([*])cc2C)c1,249.0,,GREA,522.15,,1,0.0,black
polymer_1064,[*]CC(=O)Nc1cccc(NC(=O)Cc2cc([*])c(C)cc2C)c1,222.0,,GREA,495.15,,1,0.0,black
polymer_1065,[*]CC(=O)OC([*])(C)C(F)(F)F,27.0,,GREA,300.15,,1,0.0,black
polymer_1066,[*]CC(=O)OC([*])C,3.400000000000034,,GREA,276.55,,1,0.0,black
polymer_1067,[*]CC(=O)OC([*])C(C)(Cl)Cl,109.0,,GREA,382.15,,1,0.0,black
polymer_1068,[*]CC(=O)OC([*])CC,-15.399999999999977,,GREA,257.75,,1,0.0,black
polymer_1069,[*]CC(=O)OC([*])CCCCC,-32.99999999999997,,GREA,240.15,,1,0.0,black
polymer_1070,[*]CC(=O)OC([*])CCCCCC,-46.99999999999997,,GREA,226.15,,1,0.0,black
polymer_1071,[*]CC(=O)OC([*])CCCCCCC=C,-49.99999999999997,,GREA,223.15,,1,0.0,black
polymer_1072,[*]CC(=O)OCCCCCCCCCCCCCCCCCCCCOC([*])=O,-35.099999999999966,,GREA,238.05,,1,0.0,black
polymer_1073,[*]CC(=O)OCCCCCCOc1ccc(-n2on2-c2ccc(OCCCCCCOC([*])=O)cc2)cc1,16.0,,GREA,289.15,,1,0.0,black
polymer_1074,[*]CC(=O)OCCCS(=O)(=O)c1ccc(/N=N/c2ccc(N([*])CCCC)cc2)cc1,92.40000000000003,,GREA,365.55,,1,0.0,black
polymer_1075,[*]CC(=O)OCCOC([*])C,-37.099999999999966,,GREA,236.05,,1,0.0,black
polymer_1076,[*]CC(=O)OCCOCCOC([*])=O,-41.49999999999997,,GREA,231.65,,1,0.0,black
polymer_1077,[*]CC(=O)O[*],45.0,,GREA,318.15,,1,0.0,black
polymer_1078,[*]CC(C#N)(C#N)CC([*])c1ccc(OC(C)=O)cc1,180.0,,GREA,453.15,,1,0.0,black
polymer_1079,[*]CC(C(=O)O)C(C(=O)O)C([*])OC,144.0,,GREA,417.15,,1,0.0,black
polymer_1080,[*]CC(C(=O)OC)C(C(=O)OC)C([*])OCC,50.0,,GREA,323.15,,1,0.0,black
polymer_1081,[*]CC(C(=O)OC)C(C(=O)OC)C([*])OCCCC,32.5,,GREA,305.65,,1,0.0,black
polymer_1082,[*]CC(C)(C(=O)OC)C(C)(C(=O)OC)C([*])OCC,131.0,,GREA,404.15,,1,0.0,black
polymer_1083,[*]CC(C)(C(=O)OC)C(C)(C(=O)OC)C([*])OCCCC,97.5,,GREA,370.65,,1,0.0,black
polymer_1084,[*]CC(C)(C)C1C(=O)N(C(C)C)C(=O)C1[*],145.0,,GREA,418.15,,1,0.0,black
polymer_1085,[*]CC(C)(C)C1C(=O)N(C)C(=O)C1[*],156.5,,GREA,429.65,,1,0.0,black
polymer_1086,[*]CC(C)(C)C1C(=O)N(CCCC)C(=O)C1[*],80.0,,GREA,353.15,,1,0.0,black
polymer_1087,[*]CC(C)(C)C1C(=O)N(c2c(C)cccc2C)C(=O)C1[*],237.0,,GREA,510.15,,1,0.0,black
polymer_1088,[*]CC(C)(C)C1C(=O)N(c2c(CC)cccc2CC)C(=O)C1[*],210.0,,GREA,483.15,,1,0.0,black
polymer_1089,[*]CC(C)(C)C1C(=O)N(c2ccccc2C)C(=O)C1[*],207.0,,GREA,480.15,,1,0.0,black
polymer_1090,[*]CC(C)(C)CC(=O)NCc1ccc(CNC(=O)C([*])C)cc1,125.0,,GREA,398.15,,1,0.0,black
polymer_1091,[*]CC(C)(C)O[*],40.5,,GREA,313.65,,1,0.0,black
polymer_1092,[*]CC(C)(C)S[*],-14.0,,GREA,259.15,,1,0.0,black
polymer_1093,[*]CC(C)(C)c1ccc(OCC(O)COc2ccc(C([*])C)cc2)cc1,75.0,,GREA,348.15,,1,0.0,black
polymer_1094,[*]CC(C)C([*])(C)C,37.0,,GREA,310.15,,1,0.0,black
polymer_1095,[*]CC(C)CC([*])(C)C(=O)OC,16.0,,GREA,289.15,,1,0.0,black
polymer_1096,[*]CC(CBr)O[*],-14.0,,GREA,259.15,,1,0.0,black
polymer_1097,[*]CC(CC(C)C)S([*])(=O)=O,23.0,,GREA,296.15,,1,0.0,black
polymer_1098,[*]CC(CC(Cl)(Cl)Cl)O[*],-35.99999999999997,,GREA,237.15,,1,0.0,black
polymer_1099,[*]CC(CC([*])(C#N)C#N)c1ccc(CCl)cc1,180.0,,GREA,453.15,,1,0.0,black
polymer_1100,[*]CC(CC([*])(C#N)C#N)c1ccc(Cl)cc1,180.0,,GREA,453.15,,1,0.0,black
polymer_1101,[*]CC(CC([*])(C#N)C#N)c1ccc(F)cc1,180.0,,GREA,453.15,,1,0.0,black
polymer_1102,[*]CC(CC([*])(F)F)(C(F)(F)F)C(F)(F)F,132.0,,GREA,405.15,,1,0.0,black
polymer_1103,[*]CC(CC)C(=O)NCCCCCCNC(=O)C([*])CC,94.0,,GREA,367.15,,1,0.0,black
polymer_1104,[*]CC(CC)N([*])C(=O)CCCC,52.0,,GREA,325.15,,1,0.0,black
polymer_1105,[*]CC(CC)O[*],-71.49999999999997,,GREA,201.65,,1,0.0,black
polymer_1106,[*]CC(CC)S[*],-46.99999999999997,,GREA,226.15,,1,0.0,black
polymer_1107,[*]CC(CCCC)O[*],-68.99999999999997,,GREA,204.15,,1,0.0,black
polymer_1108,[*]CC(CCCCCC)O[*],-66.99999999999997,,GREA,206.15,,1,0.0,black
polymer_1109,[*]CC(CCCCCCCCCC)O[*],-40.99999999999997,,GREA,232.15,,1,0.0,black
polymer_1110,[*]CC(CCOc1ccccc1)OC([*])=O,20.0,,GREA,293.15,,1,0.0,black
polymer_1111,[*]CC(CCc1ccccc1)OC([*])=O,18.0,,GREA,291.15,,1,0.0,black
polymer_1112,[*]CC(CN1C(=O)C2C3C=CC(C3)C2C1=O)O[*],87.5,,GREA,360.65,,1,0.0,black
polymer_1113,[*]CC(COC(=O)CCCCCCCCCCN1C(=O)C2C3C=CC(C3)C2C1=O)O[*],-30.99999999999997,,GREA,242.15,,1,0.0,black
polymer_1114,[*]CC(COC(=O)CCCCCN1C(=O)C2C3C=CC(C3)C2C1=O)O[*],1.0,,GREA,274.15,,1,0.0,black
polymer_1115,[*]CC(COC(=O)c1ccc(N2C(=O)C3C4C=CC(C4)C3C2=O)cc1)O[*],62.5,,GREA,335.65,,1,0.0,black
polymer_1116,[*]CC(COC(C)(C)C)O[*],-23.99999999999997,,GREA,249.15,,1,0.0,black
polymer_1117,[*]CC(COC(C)C)O[*],-66.99999999999997,,GREA,206.15,,1,0.0,black
polymer_1118,[*]CC(COC(F)(C(F)(F)F)C(F)(F)F)O[*],-42.99999999999997,,GREA,230.15,,1,0.0,black
polymer_1119,[*]CC(COCC)O[*],-60.99999999999997,,GREA,212.15,,1,0.0,black
polymer_1120,[*]CC(COCC=C)S[*],-58.99999999999997,,GREA,214.15,,1,0.0,black
polymer_1121,[*]CC(COCCCC)O[*],-78.99999999999997,,GREA,194.15,,1,0.0,black
polymer_1122,[*]CC(COCCCCCC)O[*],-85.49999999999997,,GREA,187.65,,1,0.0,black
polymer_1123,[*]CC(COCCOCCOC)O[*],-56.99999999999997,,GREA,216.15,,1,0.0,black
polymer_1124,[*]CC(COCOCC(C)([N+](=O)[O-])[N+](=O)[O-])O[*],-15.0,,GREA,258.15,,1,0.0,black
polymer_1125,[*]CC(COc1ccc(-c2ccc(C#N)cc2)cc1)O[*],94.15000000000003,,GREA,367.3,,1,0.0,black
polymer_1126,[*]CC(COc1ccc(-c2ccc(OC)cc2)cc1)O[*],111.0,,GREA,384.15,,1,0.0,black
polymer_1127,[*]CC(COc1ccccc1)OC([*])=O,20.0,,GREA,293.15,,1,0.0,black
polymer_1128,[*]CC(COc1ccccc1)O[*],42.0,,GREA,315.15,,1,0.0,black
polymer_1129,[*]CC(CS(=O)(=O)C(C)C)O[*],64.0,,GREA,337.15,,1,0.0,black
polymer_1130,[*]CC(CS(=O)(=O)CC)O[*],57.0,,GREA,330.15,,1,0.0,black
polymer_1131,[*]CC(CS(=O)(=O)CCC)O[*],43.0,,GREA,316.15,,1,0.0,black
polymer_1132,[*]CC(CS(=O)(=O)CCCC)O[*],37.0,,GREA,310.15,,1,0.0,black
polymer_1133,[*]CC(CS(=O)(=O)CCCCC)O[*],39.0,,GREA,312.15,,1,0.0,black
polymer_1134,[*]CC(CS(C)(=O)=O)O[*],85.0,,GREA,358.15,,1,0.0,black
polymer_1135,[*]CC(CSC(C)C)O[*],-43.99999999999997,,GREA,229.15,,1,0.0,black
polymer_1136,[*]CC(CSC)O[*],-36.99999999999997,,GREA,236.15,,1,0.0,black
polymer_1137,[*]CC(CSCC)O[*],-56.99999999999997,,GREA,216.15,,1,0.0,black
polymer_1138,[*]CC(CSCCC)O[*],-60.99999999999997,,GREA,212.15,,1,0.0,black
polymer_1139,[*]CC(CSCCCC)O[*],-64.99999999999997,,GREA,208.15,,1,0.0,black
polymer_1140,[*]CC(CSCCCCC)O[*],-67.99999999999997,,GREA,205.15,,1,0.0,black
polymer_1141,[*]CC(C[N-][N+]#N)O[*],-34.99999999999997,,GREA,238.15,,1,0.0,black
polymer_1142,[*]CC(C[Si]([*])(C)C)c1cccc2ccccc12,39.0,,GREA,312.15,,1,0.0,black
polymer_1143,[*]CC(C[Si]([*])(C)C)c1ccccc1,-5.0,,GREA,268.15,,1,0.0,black
polymer_1144,[*]CC(Cc1ccc(-c2ccccc2)cc1)C[Si]([*])(C)C,28.0,,GREA,301.15,,1,0.0,black
polymer_1145,[*]CC(Cc1cccc2ccccc12)C[Si]([*])(C)C,17.0,,GREA,290.15,,1,0.0,black
polymer_1146,[*]CC(F)(F)C1(F)C([*])CC(O)(C(F)(F)F)C1(F)F,152.0,,GREA,425.15,,1,0.0,black
polymer_1147,[*]CC(F)(F)C1(F)CC(C(O)(C(F)(F)F)C(F)(F)F)CC1[*],118.0,,GREA,391.15,,1,0.0,black
polymer_1148,[*]CC(F)(F)C1(F)CC(CC(O)(C(F)(F)F)C(F)(F)F)CC1[*],98.0,,GREA,371.15,,1,0.0,black
polymer_1149,[*]CC(O)C(O)CN([*])c1ccc(N(C)C)cc1,72.0,,GREA,345.15,,1,0.0,black
polymer_1150,[*]CC(O)CCCCC(O)CN([*])c1ccc(N(C)C)cc1,72.0,,GREA,345.15,,1,0.0,black
polymer_1151,[*]CC(O)CCCS(=O)(=O)c1ccc(C#Cc2ccc(N([*])CCCC)cc2)cc1,48.0,,GREA,321.15,,1,0.0,black
polymer_1152,[*]CC(O)CN(CC(O)CN([*])c1ccc(/N=N/c2ccc([N+](=O)[O-])cc2)cc1)c1ccccc1,70.0,,GREA,343.15,,1,0.0,black
polymer_1153,[*]CC(O)CN([*])c1cc(C)c(/N=N/c2ccc(C#N)cc2)c(C)c1,150.0,,GREA,423.15,,1,0.0,black
polymer_1154,[*]CC(O)CN([*])c1cc(C)c(/N=N/c2ccc(Cl)cc2)c(C)c1,150.0,,GREA,423.15,,1,0.0,black
polymer_1155,[*]CC(O)CN([*])c1cc(C)c(/N=N/c2ccc([N+](=O)[O-])cc2)c(C)c1,152.0,,GREA,425.15,,1,0.0,black
polymer_1156,[*]CC(O)CN([*])c1cc(C)c(/N=N/c2ccc([N+](=O)[O-])cc2C)c(C)c1,149.0,,GREA,422.15,,1,0.0,black
polymer_1157,[*]CC(O)CN([*])c1cc(C)cc(C)c1,80.0,,GREA,353.15,,1,0.0,black
polymer_1158,[*]CC(O)CN([*])c1ccc(/N=N/c2ccc(C(=O)O)cc2)cc1,99.0,,GREA,372.15,,1,0.0,black
polymer_1159,[*]CC(O)CN([*])c1ccc(/N=N/c2ccc([N+](=O)[O-])cc2C)cc1,156.0,,GREA,429.15,,1,0.0,black
polymer_1160,[*]CC(O)COCCCCOCC(O)CN([*])c1ccc(N(C)C)cc1,31.0,,GREA,304.15,,1,0.0,black
polymer_1161,[*]CC(O)COc1ccc(-c2ccc(OCC(O)CN(C)S(=O)(=O)c3cccc(S(=O)(=O)N([*])C)c3)cc2)cc1,58.0,,GREA,331.15,,1,0.0,black
polymer_1162,[*]CC(O)COc1ccc(C(C)(C)c2ccc(OCC(O)CN(C)S(=O)(=O)c3ccc(-c4ccc(S(=O)(=O)N([*])C)cc4)cc3)cc2)cc1,101.0,,GREA,374.15,,1,0.0,black
polymer_1163,[*]CC(O)COc1ccc(C(C)(C)c2ccc(OCC(O)CN(C)S(=O)(=O)c3cccc(S(=O)(=O)N([*])C)c3)cc2)cc1,76.0,,GREA,349.15,,1,0.0,black
polymer_1164,[*]CC(O)COc1ccc(C2(c3ccc(OCC(O)CN(C)S(=O)(=O)c4cccc(S(=O)(=O)N([*])C)c4)cc3)c3ccccc3-c3ccccc32)cc1,127.0,,GREA,400.15,,1,0.0,black
polymer_1165,[*]CC(O)COc1ccc(OCC(O)CN(C)S(=O)(=O)c2ccc(-c3ccc(S(=O)(=O)N([*])C)cc3)cc2)cc1,84.0,,GREA,357.15,,1,0.0,black
polymer_1166,[*]CC(O)COc1ccc(OCC(O)CN(C)S(=O)(=O)c2cccc(S(=O)(=O)N([*])C)c2)cc1,66.0,,GREA,339.15,,1,0.0,black
polymer_1167,[*]CC(O)COc1ccc(S(=O)(=O)c2ccc(OCC(O)CN(C)S(=O)(=O)c3cccc(S(=O)(=O)N([*])C)c3)cc2)cc1,100.0,,GREA,373.15,,1,0.0,black
polymer_1168,[*]CC(O)COc1ccc(Sc2ccc(OCC(O)CN(C)S(=O)(=O)c3cccc(S(=O)(=O)N([*])C)c3)cc2)cc1,90.0,,GREA,363.15,,1,0.0,black
polymer_1169,[*]CC(OC([*])=O)C(Cl)(Cl)Cl,163.5,,GREA,436.65,,1,0.0,black
polymer_1170,[*]CC(OC)C(C(=O)OC)C([*])C(=O)OC,59.5,,GREA,332.65,,1,0.0,black
polymer_1171,[*]CC(OC)C(C)(C(=O)OC)C([*])(C)C(=O)OC,134.0,,GREA,407.15,,1,0.0,black
polymer_1172,[*]CC(OCC(C)C)C(C(=O)OC)C([*])C(=O)OC,44.5,,GREA,317.65,,1,0.0,black
polymer_1173,[*]CC(OCC(C)C)C(C)(C(=O)OC)C([*])(C)C(=O)OC,125.5,,GREA,398.65,,1,0.0,black
polymer_1174,[*]CC(O[*])C(C)(C)C,41.0,,GREA,314.15,,1,0.0,black
polymer_1175,[*]CC(O[*])C1CC(F)(F)C1(F)F,-24.99999999999997,,GREA,248.15,,1,0.0,black
polymer_1176,[*]CC(O[*])c1ccccc1,34.0,,GREA,307.15,,1,0.0,black
polymer_1177,[*]CC(O[*])c1ccco1,12.5,,GREA,285.65,,1,0.0,black
polymer_1178,[*]CC(S[*])c1ccccc1,-2.5,,GREA,270.65,,1,0.0,black
polymer_1179,[*]CC([*])(C#N)C(=O)OC,147.5,,GREA,420.65,,1,0.0,black
polymer_1180,[*]CC([*])(C#N)C(=O)OC(C)C,66.0,,GREA,339.15,,1,0.0,black
polymer_1181,[*]CC([*])(C#N)C(=O)OCC,115.0,,GREA,388.15,,1,0.0,black
polymer_1182,[*]CC([*])(C#N)C(=O)OCC(C)C,51.0,,GREA,324.15,,1,0.0,black
polymer_1183,[*]CC([*])(C#N)C(=O)OCCCC,117.0,,GREA,390.15,,1,0.0,black
polymer_1184,[*]CC([*])(C#N)C(=O)OCCCCCCC,102.0,,GREA,375.15,,1,0.0,black
polymer_1185,[*]CC([*])(C(=O)OC)c1ccccc1,121.0,,GREA,394.15,,1,0.0,black
polymer_1186,[*]CC([*])(C)C(=O)NC(=O)OC(C)COc1c(Br)cc(S(=O)(=O)c2cc(Br)c(OCC(C)O)c(Br)c2)cc1Br,45.0,,GREA,318.15,,1,0.0,black
polymer_1187,[*]CC([*])(C)C(=O)NC(=O)OC(C)COc1ccc(S(=O)(=O)c2ccc(OCC(C)O)cc2)cc1,73.0,,GREA,346.15,,1,0.0,black
polymer_1188,[*]CC([*])(C)C(=O)NC(=O)OCCOc1c(Br)cc(S(=O)(=O)c2cc(Br)c(OCCO)c(Br)c2)cc1Br,110.0,,GREA,383.15,,1,0.0,black
polymer_1189,[*]CC([*])(C)C(=O)NC(=O)OCCOc1ccc(S(=O)(=O)c2ccc(OCCO)cc2)cc1,131.0,,GREA,404.15,,1,0.0,black
polymer_1190,[*]CC([*])(C)C(=O)NC(=O)Oc1c(Br)cc(S(=O)(=O)c2cc(Br)c(O)c(Br)c2)cc1Br,116.0,,GREA,389.15,,1,0.0,black
polymer_1191,[*]CC([*])(C)C(=O)NC(=O)Oc1ccc(S(=O)(=O)c2ccc(O)cc2)cc1,182.0,,GREA,455.15,,1,0.0,black
polymer_1192,[*]CC([*])(C)C(=O)NC(C)c1cccc2ccccc12,171.0,,GREA,444.15,,1,0.0,black
polymer_1193,[*]CC([*])(C)C(=O)NC(C)c1ccccc1,156.5,,GREA,429.65,,1,0.0,black
polymer_1194,[*]CC([*])(C)C(=O)NC1C(O)OC(CO)C(O)C1O,90.5,,GREA,363.65,,1,0.0,black
polymer_1195,[*]CC([*])(C)C(=O)Nc1ccc(C(=O)/C=C/c2ccc(OC)cc2)cc1,35.0,,GREA,308.15,,1,0.0,black
polymer_1196,[*]CC([*])(C)C(=O)Nc1cccc(-c2nnc(-c3ccccc3)o2)c1,65.0,,GREA,338.15,,1,0.0,black
polymer_1197,[*]CC([*])(C)C(=O)O,161.70000000000005,,GREA,434.85,,1,0.0,black
polymer_1198,[*]CC([*])(C)C(=O)OC(C(F)(F)F)C(F)(F)F,75.0,,GREA,348.15,,1,0.0,black
polymer_1199,[*]CC([*])(C)C(=O)OC(C)C(C)(C)C,108.0,,GREA,381.15,,1,0.0,black
polymer_1200,[*]CC([*])(C)C(=O)OC(COc1cc2ccccc2c2ccccc12)COc1cc2ccccc2c2ccccc12,112.0,,GREA,385.15,,1,0.0,black
polymer_1201,[*]CC([*])(C)C(=O)OC(COc1ccc(-c2ccccc2)cc1)COc1ccc(-c2ccccc2)cc1,85.0,,GREA,358.15,,1,0.0,black
polymer_1202,[*]CC([*])(C)C(=O)OC(COc1cccc2ccccc12)COc1cccc2ccccc12,80.0,,GREA,353.15,,1,0.0,black
polymer_1203,[*]CC([*])(C)C(=O)OC(F)(F)C(F)(F)C(F)(F)C(F)(F)C(F)(F)C(F)(F)C(F)(F)C(F)(F)F,49.0,,GREA,322.15,,1,0.0,black
polymer_1204,[*]CC([*])(C)C(=O)OC(OCC)C(F)(F)F,60.0,,GREA,333.15,,1,0.0,black
polymer_1205,[*]CC([*])(C)C(=O)OC1(C)C2CC3CC(C2)CC1C3,165.0,,GREA,438.15,,1,0.0,black
polymer_1206,[*]CC([*])(C)C(=O)OC1(C)CCCN(c2ccc(/N=N/c3ccc(/C=C(\C#N)S(C)(=O)=O)cc3)cc2)C1,196.0,,GREA,469.15,,1,0.0,black
polymer_1207,[*]CC([*])(C)C(=O)OC1(C)CCOC(=O)C1,110.0,,GREA,383.15,,1,0.0,black
polymer_1208,[*]CC([*])(C)C(=O)OC12CC3CC(C)(CC(C)(C3)C1)C2,194.0,,GREA,467.15,,1,0.0,black
polymer_1209,[*]CC([*])(C)C(=O)OC12CC3CC(CC(C3)C1)C2,183.0,,GREA,456.15,,1,0.0,black
polymer_1210,[*]CC([*])(C)C(=O)OC1CC(C)CC(C)(C)C1,125.0,,GREA,398.15,,1,0.0,black
polymer_1211,[*]CC([*])(C)C(=O)OC1CC(C)CCC1C(C)C,147.0,,GREA,420.15,,1,0.0,black
polymer_1212,[*]CC([*])(C)C(=O)OC1CC2CC1C1C3CCC(C3)C21,199.0,,GREA,472.15,,1,0.0,black
polymer_1213,[*]CC([*])(C)C(=O)OC1CC2CCC1(C)C2(C)C,180.5,,GREA,453.65,,1,0.0,black
polymer_1214,[*]CC([*])(C)C(=O)OC1CCC(C(C)(C)C)CC1,100.0,,GREA,373.15,,1,0.0,black
polymer_1215,[*]CC([*])(C)C(=O)OC1CCC(C)CC1,109.0,,GREA,382.15,,1,0.0,black
polymer_1216,[*]CC([*])(C)C(=O)OC1CCC1,119.0,,GREA,392.15,,1,0.0,black
polymer_1217,[*]CC([*])(C)C(=O)OC1CCC2CCCCC2C1,145.0,,GREA,418.15,,1,0.0,black
polymer_1218,[*]CC([*])(C)C(=O)OC1CCCC(C)C1,89.0,,GREA,362.15,,1,0.0,black
polymer_1219,[*]CC([*])(C)C(=O)OC1CCCC1,75.0,,GREA,348.15,,1,0.0,black
polymer_1220,[*]CC([*])(C)C(=O)OC1CCCCC1C,85.0,,GREA,358.15,,1,0.0,black
polymer_1221,[*]CC([*])(C)C(=O)OC1CCCCC1C(C)(C)C,185.0,,GREA,458.15,,1,0.0,black
polymer_1222,[*]CC([*])(C)C(=O)OC1CCOCC1,153.5,,GREA,426.65,,1,0.0,black
polymer_1223,[*]CC([*])(C)C(=O)OC1COC(CP(=O)(OCC)OCC)OC1,101.5,,GREA,374.65,,1,0.0,black
polymer_1224,[*]CC([*])(C)C(=O)OCC#C,58.0,,GREA,331.15,,1,0.0,black
polymer_1225,[*]CC([*])(C)C(=O)OCC#CO[Si](C)(C)C,57.0,,GREA,330.15,,1,0.0,black
polymer_1226,[*]CC([*])(C)C(=O)OCC#N,91.0,,GREA,364.15,,1,0.0,black
polymer_1227,[*]CC([*])(C)C(=O)OCC(=O)N1CCCC1,144.0,,GREA,417.15,,1,0.0,black
polymer_1228,[*]CC([*])(C)C(=O)OCC(=O)N1CCOCC1,128.0,,GREA,401.15,,1,0.0,black
polymer_1229,[*]CC([*])(C)C(=O)OCC(=O)Nc1cc(C)on1,128.0,,GREA,401.15,,1,0.0,black
polymer_1230,[*]CC([*])(C)C(=O)OCC(=O)c1ccccc1,92.5,,GREA,365.65,,1,0.0,black
polymer_1231,[*]CC([*])(C)C(=O)OCC(C)(C)C1OCC(C)(C)CO1,118.0,,GREA,391.15,,1,0.0,black
polymer_1232,[*]CC([*])(C)C(=O)OCC(C)Oc1ccc(-c2ccc(-c3ccc(C#N)cc3)cc2)cc1,140.0,,GREA,413.15,,1,0.0,black
polymer_1233,[*]CC([*])(C)C(=O)OCC(CC)CCCC,-10.0,,GREA,263.15,,1,0.0,black
polymer_1234,[*]CC([*])(C)C(=O)OCC(F)(F)C(F)(F)C(F)(F)C(F)(F)C(F)(F)C(F)(F)C(F)(F)C(F)F,-15.0,,GREA,258.15,,1,0.0,black
polymer_1235,[*]CC([*])(C)C(=O)OCC(F)(F)C(F)(F)C(F)(F)C(F)(F)C(F)(F)C(F)F,12.5,,GREA,285.65,,1,0.0,black
polymer_1236,[*]CC([*])(C)C(=O)OCC(F)(F)C(F)(F)C(F)(F)C(F)F,47.0,,GREA,320.15,,1,0.0,black
polymer_1237,[*]CC([*])(C)C(=O)OCC(F)(F)C(F)(F)F,77.0,,GREA,350.15,,1,0.0,black
polymer_1238,[*]CC([*])(C)C(=O)OCC(O)C1CC(C)(c2ccccc2)C1,105.0,,GREA,378.15,,1,0.0,black
polymer_1239,[*]CC([*])(C)C(=O)OCC(O)CO,84.40000000000003,,GREA,357.55,,1,0.0,black
polymer_1240,[*]CC([*])(C)C(=O)OCC1(C)COC(C)(C)OC1,108.0,,GREA,381.15,,1,0.0,black
polymer_1241,[*]CC([*])(C)C(=O)OCC1(C)COCOC1,142.0,,GREA,415.15,,1,0.0,black
polymer_1242,[*]CC([*])(C)C(=O)OCC1(CC)COC1,105.0,,GREA,378.15,,1,0.0,black
polymer_1243,[*]CC([*])(C)C(=O)OCC1CC(NC(=O)C2CC(NC(=O)OC(C)(C)C)CN2C(=O)OC(C)(C)C)CN1C(=O)C1CC(NC(=O)OC(C)(C)C)CN1C(=O)OC(C)(C)C,200.0,,GREA,473.15,,1,0.0,black
polymer_1244,[*]CC([*])(C)C(=O)OCC1CC(NC(=O)OC(C)(C)C)CN1C(=O)OC(C)(C)C,127.0,,GREA,400.15,,1,0.0,black
polymer_1245,[*]CC([*])(C)C(=O)OCC1CCC1,114.0,,GREA,387.15,,1,0.0,black
polymer_1246,[*]CC([*])(C)C(=O)OCC1CCCO1,105.0,,GREA,378.15,,1,0.0,black
polymer_1247,[*]CC([*])(C)C(=O)OCC1CO1,68.5,,GREA,341.65,,1,0.0,black
polymer_1248,[*]CC([*])(C)C(=O)OCC1COC(=O)O1,124.0,,GREA,397.15,,1,0.0,black
polymer_1249,[*]CC([*])(C)C(=O)OCC1COC(CP(=O)(OCC)OCC)O1,115.0,,GREA,388.15,,1,0.0,black
polymer_1250,[*]CC([*])(C)C(=O)OCC1COC(c2ccccc2)O1,130.0,,GREA,403.15,,1,0.0,black
polymer_1251,[*]CC([*])(C)C(=O)OCC1COCCOCCOCCO1,35.0,,GREA,308.15,,1,0.0,black
polymer_1252,[*]CC([*])(C)C(=O)OCC1COCCOCCOCCOCCOC1,31.0,,GREA,304.15,,1,0.0,black
polymer_1253,[*]CC([*])(C)C(=O)OCC1OC(n2ccc(=O)[nH]c2=O)C(O)C1O,143.5,,GREA,416.65,,1,0.0,black
polymer_1254,[*]CC([*])(C)C(=O)OCC=C,94.0,,GREA,367.15,,1,0.0,black
polymer_1255,[*]CC([*])(C)C(=O)OCCBr,52.0,,GREA,325.15,,1,0.0,black
polymer_1256,[*]CC([*])(C)C(=O)OCCC#N,91.0,,GREA,364.15,,1,0.0,black
polymer_1257,[*]CC([*])(C)C(=O)OCCC(C)CC(C)(C)C,1.0,,GREA,274.15,,1,0.0,black
polymer_1258,[*]CC([*])(C)C(=O)OCCC(F)(F)C(F)(F)C(F)(F)C(F)(F)C(F)(F)C(F)(F)C(F)(F)C(F)(F)F,47.0,,GREA,320.15,,1,0.0,black
polymer_1259,[*]CC([*])(C)C(=O)OCCC(F)(F)C(F)(F)C(F)(F)C(F)(F)F,23.0,,GREA,296.15,,1,0.0,black
polymer_1260,[*]CC([*])(C)C(=O)OCCC1CCCCC1,110.0,,GREA,383.15,,1,0.0,black
polymer_1261,[*]CC([*])(C)C(=O)OCCC1CCN(CCCCCCOc2ccc(/N=N/c3ccc([N+](=O)[O-])cc3)cc2)CC1,27.0,,GREA,300.15,,1,0.0,black
polymer_1262,[*]CC([*])(C)C(=O)OCCC1CC[N+](C)(CCCCCCOc2ccc(/N=N/c3ccc([N+](=O)[O-])cc3)cc2)CC1,57.80000000000001,,GREA,330.95,,1,0.0,black
polymer_1263,[*]CC([*])(C)C(=O)OCCCC1CCCCC1,60.0,,GREA,333.15,,1,0.0,black
polymer_1264,[*]CC([*])(C)C(=O)OCCCCC,10.0,,GREA,283.15,,1,0.0,black
polymer_1265,[*]CC([*])(C)C(=O)OCCCCC(F)(F)C(F)(F)C(F)(F)C(F)(F)C(F)(F)C(F)(F)F,23.0,,GREA,296.15,,1,0.0,black
polymer_1266,[*]CC([*])(C)C(=O)OCCCCC(F)(F)C(F)(F)C(F)(F)C(F)(F)F,23.0,,GREA,296.15,,1,0.0,black
polymer_1267,[*]CC([*])(C)C(=O)OCCCCC1CCCCC1,43.0,,GREA,316.15,,1,0.0,black
polymer_1268,[*]CC([*])(C)C(=O)OCCCCCC(=O)Oc1ccc(OC(=O)c2ccc(OC)cc2)cc1,40.0,,GREA,313.15,,1,0.0,black
polymer_1269,[*]CC([*])(C)C(=O)OCCCCCC(=O)Oc1ccc(OC(=O)c2ccc(OCC)cc2)cc1,43.0,,GREA,316.15,,1,0.0,black
polymer_1270,[*]CC([*])(C)C(=O)OCCCCCC(=O)Oc1ccc(OC(=O)c2ccc(OCCC)cc2)cc1,45.0,,GREA,318.15,,1,0.0,black
polymer_1271,[*]CC([*])(C)C(=O)OCCCCCC(=O)Oc1ccc(OC(=O)c2ccc(OCCCC)cc2)cc1,40.0,,GREA,313.15,,1,0.0,black
polymer_1272,[*]CC([*])(C)C(=O)OCCCCCC(=O)Oc1ccc(OC(=O)c2ccc(OCCCCC)cc2)cc1,50.0,,GREA,323.15,,1,0.0,black
polymer_1273,[*]CC([*])(C)C(=O)OCCCCCC(=O)Oc1ccc(OC(=O)c2ccc(OCCCCCC)cc2)cc1,44.0,,GREA,317.15,,1,0.0,black
polymer_1274,[*]CC([*])(C)C(=O)OCCCCCCC(F)(F)C(F)(F)C(F)(F)C(F)(F)C(F)(F)C(F)(F)C(F)(F)C(F)(F)C(F)(F)C(F)(F)C(F)(F)C(F)(F)F,84.0,,GREA,357.15,,1,0.0,black
polymer_1275,[*]CC([*])(C)C(=O)OCCCCCCC(F)(F)C(F)(F)C(F)(F)C(F)(F)F,23.0,,GREA,296.15,,1,0.0,black
polymer_1276,[*]CC([*])(C)C(=O)OCCCCCCCC,-11.0,,GREA,262.15,,1,0.0,black
polymer_1277,[*]CC([*])(C)C(=O)OCCCCCCCC(C)C,-41.14999999999998,Poly(isodecyl methacrylate),Nguyen,232,,1,0.0,black
polymer_1278,[*]CC([*])(C)C(=O)OCCCCCCCC/C=C/CCCCCCCC,-39.99999999999997,,GREA,233.15,,1,0.0,black
polymer_1279,[*]CC([*])(C)C(=O)OCCCCCCCCCCCC,-47.89999999999998,,GREA,225.25,,1,0.0,black
polymer_1280,[*]CC([*])(C)C(=O)OCCCCCCCCCCCCCC,-71.99999999999997,,GREA,201.15,,1,0.0,black
polymer_1281,[*]CC([*])(C)C(=O)OCCCCCCCCCCCCCCC(=O)NC1OC(CO)C(OC2OC(CO)C(O)C(O)C2O)C(O)C1O,133.0,,GREA,406.15,,1,0.0,black
polymer_1282,[*]CC([*])(C)C(=O)OCCCCCCCCCCCCCCC(=O)NC1OC(COC(C)=O)C(OC2OC(COC(C)=O)C(OC(C)=O)C(OC(C)=O)C2OC(C)=O)C(OC(C)=O)C1OC(C)=O,95.20000000000005,,GREA,368.35,,1,0.0,black
polymer_1283,[*]CC([*])(C)C(=O)OCCCCCCCCCCCCCCCCCC,-99.99999999999997,,GREA,173.15,,1,0.0,black
polymer_1284,[*]CC([*])(C)C(=O)OCCCCCCCCCCCCOc1ccc(C(=O)Oc2ccc(-c3cccc(OC(=O)c4ccc(OC(=O)c5ccc(OCCCCCCCCCCCC)cc5)cc4)c3)cc2)cc1,74.5,,GREA,347.65,,1,0.0,black
polymer_1285,[*]CC([*])(C)C(=O)OCCCCCCCCCCCCOc1ccc2cc(C(=O)Oc3ccccc3)ccc2c1,12.0,,GREA,285.15,,1,0.0,black
polymer_1286,[*]CC([*])(C)C(=O)OCCCCCCCCCCCOc1ccc(/C=N/c2ccc(C#N)cc2)cc1,23.0,,GREA,296.15,,1,0.0,black
polymer_1287,[*]CC([*])(C)C(=O)OCCCCCCCCCCCOc1ccc(/N=N/c2ccc(OC(=O)c3ccc4c(c3)OCCOCCOCCOCCO4)cc2)cc1,59.0,,GREA,332.15,,1,0.0,black
polymer_1288,[*]CC([*])(C)C(=O)OCCCCCCCCCCCOc1ccc(C(=O)Oc2ccc(C#N)cc2)cc1,10.0,,GREA,283.15,,1,0.0,black
polymer_1289,[*]CC([*])(C)C(=O)OCCCCCCCCCCCOc1ccc2cc(C(=O)Oc3ccccc3)ccc2c1,10.0,,GREA,283.15,,1,0.0,black
polymer_1290,[*]CC([*])(C)C(=O)OCCCCCCCCCCCn1c2ccccc2c2ccccc21,31.0,,GREA,304.15,,1,0.0,black
polymer_1291,[*]CC([*])(C)C(=O)OCCCCCCCCCCOc1ccc(/N=N/c2ccc(C#N)cc2)cc1,51.0,,GREA,324.15,,1,0.0,black
polymer_1292,[*]CC([*])(C)C(=O)OCCCCCCCCCCOc1ccc(/N=N/c2ccc(C3OCC4(CO3)CC3C=CC4C3)cc2)cc1,103.20000000000005,,GREA,376.35,,1,0.0,black
polymer_1293,[*]CC([*])(C)C(=O)OCCCCCCCCCCOc1ccc(/N=N/c2ccc(Cl)cc2)cc1,54.0,,GREA,327.15,,1,0.0,black
polymer_1294,[*]CC([*])(C)C(=O)OCCCCCCCCCCOc1ccc(/N=N/c2ccc(F)cc2)cc1,49.0,,GREA,322.15,,1,0.0,black
polymer_1295,[*]CC([*])(C)C(=O)OCCCCCCCCCCOc1ccc(/N=N/c2ccc(OC)cc2)cc1,62.0,,GREA,335.15,,1,0.0,black
polymer_1296,[*]CC([*])(C)C(=O)OCCCCCCCCCCOc1ccc(/N=N/c2ccc([N+](=O)[O-])cc2)cc1,55.0,,GREA,328.15,,1,0.0,black
polymer_1297,[*]CC([*])(C)C(=O)OCCCCCCCCCCOc1ccc(/N=N/c2ccccc2)cc1,56.0,,GREA,329.15,,1,0.0,black
polymer_1298,[*]CC([*])(C)C(=O)OCCCCCCCCCCOc1ccc(C#Cc2cc(C)c(/C=C/c3ccncc3)cc2C)cc1,65.40000000000003,,GREA,338.55,,1,0.0,black
polymer_1299,[*]CC([*])(C)C(=O)OCCCCCCCCCCOc1ccc(C#Cc2cc(OC)c(/C=C/c3ccncc3)cc2OC)cc1,87.10000000000002,,GREA,360.25,,1,0.0,black
polymer_1300,[*]CC([*])(C)C(=O)OCCCCCCCCCCOc1ccc(C(=O)Oc2ccc(C(=O)/C=C/c3c(C)c4ccccc4n3C)cc2)cc1,72.0,,GREA,345.15,,1,0.0,black
polymer_1301,[*]CC([*])(C)C(=O)OCCCCCCCCCCOc1ccc(C(=O)Oc2ccc(C(=O)/C=C/c3c(C)c4ccccc4n3CCCC)cc2)cc1,57.0,,GREA,330.15,,1,0.0,black
polymer_1302,[*]CC([*])(C)C(=O)OCCCCCCCCCCOc1ccc(OC(=O)c2ccc(-c3ccc(OC)cc3)cc2)cc1,57.0,,GREA,330.15,,1,0.0,black
polymer_1303,[*]CC([*])(C)C(=O)OCCCCCCCCCCOc1ccc(OC(=O)c2ccc(OC)c(Br)c2)cc1,29.0,,GREA,302.15,,1,0.0,black
polymer_1304,[*]CC([*])(C)C(=O)OCCCCCCCCCCOc1ccc(OC(=O)c2ccc(OC)cc2)cc1,21.0,,GREA,294.15,,1,0.0,black
polymer_1305,[*]CC([*])(C)C(=O)OCCCCCCCCCCOc1ccc(OC(=O)c2ccc(OCCCC)cc2)cc1,31.0,,GREA,304.15,,1,0.0,black
polymer_1306,[*]CC([*])(C)C(=O)OCCCCCCCCCCOc1ccc(OC(=O)c2ccc(OCCCCCC)cc2)cc1,41.0,,GREA,314.15,,1,0.0,black
polymer_1307,[*]CC([*])(C)C(=O)OCCCCCCCCCCOc1ccc(OC(=O)c2ccc(OCCCCCCCC)cc2)cc1,12.0,,GREA,285.15,,1,0.0,black
polymer_1308,[*]CC([*])(C)C(=O)OCCCCCCCCCCOc1ccc2cc(C(=O)Oc3ccccc3)ccc2c1,24.0,,GREA,297.15,,1,0.0,black
polymer_1309,[*]CC([*])(C)C(=O)OCCCCCCCCCCn1c2ccccc2c2cc(/C=C(\C#N)C(=O)OC)ccc21,58.0,,GREA,331.15,,1,0.0,black
polymer_1310,[*]CC([*])(C)C(=O)OCCCCCCCCCCn1c2ccccc2c2cc(/C=C(\C#N)c3ccc([N+](=O)[O-])cc3)ccc21,40.0,,GREA,313.15,,1,0.0,black
polymer_1311,[*]CC([*])(C)C(=O)OCCCCCCCCCCn1c2ccccc2c2cc(/C=C/C3=C(C#N)C(=C(C#N)C#N)OC3(C)C)ccc21,55.0,,GREA,328.15,,1,0.0,black
polymer_1312,[*]CC([*])(C)C(=O)OCCCCCCCCCCn1c2ccccc2c2cc(/N=N/c3ccc([N+](=O)[O-])cc3)ccc21,36.0,,GREA,309.15,,1,0.0,black
polymer_1313,[*]CC([*])(C)C(=O)OCCCCCCCCCCn1c2ccccc2c2cc(/N=N/c3ccc([N+](=O)[O-])cc3[N+](=O)[O-])ccc21,60.0,,GREA,333.15,,1,0.0,black
polymer_1314,[*]CC([*])(C)C(=O)OCCCCCCCCCOc1ccc2cc(C(=O)Oc3ccccc3)ccc2c1,18.0,,GREA,291.15,,1,0.0,black
polymer_1315,[*]CC([*])(C)C(=O)OCCCCCCCCOc1ccc(/N=N/c2ccc(C#N)cc2)cc1,35.0,,GREA,308.15,,1,0.0,black
polymer_1316,[*]CC([*])(C)C(=O)OCCCCCCCCOc1ccc(/N=N/c2ccc(C3OCC4(CO3)CC3C=CC4C3)cc2)cc1,106.20000000000005,,GREA,379.35,,1,0.0,black
polymer_1317,[*]CC([*])(C)C(=O)OCCCCCCCCOc1ccc(C(=O)Oc2ccc(C(=O)/C=C/c3c(C)c4ccccc4n3C)cc2)cc1,75.0,,GREA,348.15,,1,0.0,black
polymer_1318,[*]CC([*])(C)C(=O)OCCCCCCCCOc1ccc(C(=O)Oc2ccc(C(=O)/C=C/c3c(C)c4ccccc4n3CCCC)cc2)cc1,69.0,,GREA,342.15,,1,0.0,black
polymer_1319,[*]CC([*])(C)C(=O)OCCCCCCCCOc1ccc2cc(C(=O)Oc3ccccc3)ccc2c1,34.0,,GREA,307.15,,1,0.0,black
polymer_1320,[*]CC([*])(C)C(=O)OCCCCCCCOc1ccc2cc(C(=O)Oc3ccccc3)ccc2c1,40.0,,GREA,313.15,,1,0.0,black
polymer_1321,[*]CC([*])(C)C(=O)OCCCCCCN(C)c1ccc(/N=N/c2ccc(S(C)(=O)=O)cc2)cc1,100.0,,GREA,373.15,,1,0.0,black
polymer_1322,[*]CC([*])(C)C(=O)OCCCCCCN(C)c1ccc(N(C)C)cc1,8.5,,GREA,281.65,,1,0.0,black
polymer_1323,[*]CC([*])(C)C(=O)OCCCCCCN1CCN(c2ccc(/N=N/c3ccc(C#N)cc3)cc2)CC1,77.0,,GREA,350.15,,1,0.0,black
polymer_1324,[*]CC([*])(C)C(=O)OCCCCCCN1CCN(c2ccc(/N=N/c3ccc(C=C(C#N)C#N)cc3)cc2)CC1,83.0,,GREA,356.15,,1,0.0,black
polymer_1325,[*]CC([*])(C)C(=O)OCCCCCCN1CCN(c2ccc(/N=N/c3ccc([N+](=O)[O-])cc3)cc2)CC1,60.0,,GREA,333.15,,1,0.0,black
polymer_1326,[*]CC([*])(C)C(=O)OCCCCCCOc1ccc(-c2ccc(C#N)cc2)cc1,63.0,,GREA,336.15,,1,0.0,black
polymer_1327,[*]CC([*])(C)C(=O)OCCCCCCOc1ccc(/C=N/c2ccc(C#N)cc2)cc1,35.0,,GREA,308.15,,1,0.0,black
polymer_1328,[*]CC([*])(C)C(=O)OCCCCCCOc1ccc(/N=N/c2ccc(C#N)cc2)cc1,61.0,,GREA,334.15,,1,0.0,black
polymer_1329,[*]CC([*])(C)C(=O)OCCCCCCOc1ccc(/N=N/c2ccc(C3OCC4(CO3)CC3C=CC4C3)cc2)cc1,118.5,,GREA,391.65,,1,0.0,black
polymer_1330,[*]CC([*])(C)C(=O)OCCCCCCOc1ccc(/N=N/c2ccc(OC)cc2)cc1,91.0,,GREA,364.15,,1,0.0,black
polymer_1331,[*]CC([*])(C)C(=O)OCCCCCCOc1ccc(/N=N/c2ccc(OCCCC)cc2)cc1,79.0,,GREA,352.15,,1,0.0,black
polymer_1332,[*]CC([*])(C)C(=O)OCCCCCCOc1ccc(/N=N/c2ccc(OCCCCCCCCCC)cc2)cc1,110.0,,GREA,383.15,,1,0.0,black
polymer_1333,[*]CC([*])(C)C(=O)OCCCCCCOc1ccc(/N=N/c2ccc([N+](=O)[O-])cc2)cc1,108.0,,GREA,381.15,,1,0.0,black
polymer_1334,[*]CC([*])(C)C(=O)OCCCCCCOc1ccc(/N=N/c2ccncc2)cc1,42.0,,GREA,315.15,,1,0.0,black
polymer_1335,[*]CC([*])(C)C(=O)OCCCCCCOc1ccc(C(=O)Oc2ccc(-c3cccc(OC(=O)c4ccc(OC(=O)c5ccc(OCCCCCCCCCCCC)cc5)cc4)c3)cc2)cc1,73.0,,GREA,346.15,,1,0.0,black
polymer_1336,[*]CC([*])(C)C(=O)OCCCCCCOc1ccc(C(=O)Oc2ccc(/N=N/c3ccc(Br)cc3)c3ccccc23)cc1,46.0,,GREA,319.15,,1,0.0,black
polymer_1337,[*]CC([*])(C)C(=O)OCCCCCCOc1ccc(C(=O)Oc2ccc(/N=N/c3ccc(C#N)cc3)c3ccccc23)cc1,41.0,,GREA,314.15,,1,0.0,black
polymer_1338,[*]CC([*])(C)C(=O)OCCCCCCOc1ccc(C(=O)Oc2ccc(/N=N/c3ccc(C)cc3)c3ccccc23)cc1,40.0,,GREA,313.15,,1,0.0,black
polymer_1339,[*]CC([*])(C)C(=O)OCCCCCCOc1ccc(C(=O)Oc2ccc(/N=N/c3ccc(Cl)cc3)c3ccccc23)cc1,50.0,,GREA,323.15,,1,0.0,black
polymer_1340,[*]CC([*])(C)C(=O)OCCCCCCOc1ccc(C(=O)Oc2ccc(/N=N/c3ccc(F)cc3)c3ccccc23)cc1,42.0,,GREA,315.15,,1,0.0,black
polymer_1341,[*]CC([*])(C)C(=O)OCCCCCCOc1ccc(C(=O)Oc2ccc(/N=N/c3ccc(I)cc3)c3ccccc23)cc1,40.0,,GREA,313.15,,1,0.0,black
polymer_1342,[*]CC([*])(C)C(=O)OCCCCCCOc1ccc(C(=O)Oc2ccc(/N=N/c3ccccc3)c3ccccc23)cc1,46.0,,GREA,319.15,,1,0.0,black
polymer_1343,[*]CC([*])(C)C(=O)OCCCCCCOc1ccc(C(=O)Oc2ccc(C#N)cc2)cc1,43.0,,GREA,316.15,,1,0.0,black
polymer_1344,[*]CC([*])(C)C(=O)OCCCCCCOc1ccc(C(=O)Oc2ccc(C(=O)/C=C/c3c(C)c4ccccc4n3C)cc2)cc1,98.0,,GREA,371.15,,1,0.0,black
polymer_1345,[*]CC([*])(C)C(=O)OCCCCCCOc1ccc(C(=O)Oc2ccc(C(=O)/C=C/c3c(C)c4ccccc4n3CCCC)cc2)cc1,85.0,,GREA,358.15,,1,0.0,black
polymer_1346,[*]CC([*])(C)C(=O)OCCCCCCOc1ccc(C(=O)Oc2ccc(C)cc2)cc1,45.0,,GREA,318.15,,1,0.0,black
polymer_1347,[*]CC([*])(C)C(=O)OCCCCCCOc1ccc(C(=O)Oc2ccc(OC)cc2)cc1,46.0,,GREA,319.15,,1,0.0,black
polymer_1348,[*]CC([*])(C)C(=O)OCCCCCCOc1ccc(C(=O)Oc2ccc(OC)cc2)cc1OC,49.0,,GREA,322.15,,1,0.0,black
polymer_1349,[*]CC([*])(C)C(=O)OCCCCCCOc1ccc(C(=O)Oc2ccc(OCCCC)cc2)cc1,49.0,,GREA,322.15,,1,0.0,black
polymer_1350,[*]CC([*])(C)C(=O)OCCCCCCOc1ccc(C(=O)Oc2ccc3ccc(=O)oc3c2)cc1,102.0,,GREA,375.15,,1,0.0,black
polymer_1351,[*]CC([*])(C)C(=O)OCCCCCCOc1ccc(OC(=O)c2ccc(-c3ccc(OC)cc3)cc2)cc1,57.0,,GREA,330.15,,1,0.0,black
polymer_1352,[*]CC([*])(C)C(=O)OCCCCCCOc1ccc(OC(=O)c2ccc(OC)c(Br)c2)cc1,51.0,,GREA,324.15,,1,0.0,black
polymer_1353,[*]CC([*])(C)C(=O)OCCCCCCOc1ccc(OC(=O)c2ccc(OC)cc2)cc1,38.0,,GREA,311.15,,1,0.0,black
polymer_1354,[*]CC([*])(C)C(=O)OCCCCCCOc1ccc(OC(=O)c2ccc(OCCCC)cc2)cc1,36.0,,GREA,309.15,,1,0.0,black
polymer_1355,[*]CC([*])(C)C(=O)OCCCCCCOc1ccc(OC(=O)c2ccc(OCCCCCC)cc2)cc1,16.0,,GREA,289.15,,1,0.0,black
polymer_1356,[*]CC([*])(C)C(=O)OCCCCCCOc1ccc(OC(=O)c2ccc(OCCCCCCCC)cc2)cc1,-1.0,,GREA,272.15,,1,0.0,black
polymer_1357,[*]CC([*])(C)C(=O)OCCCCCCOc1ccc2cc(C(=O)Oc3ccccc3)ccc2c1,39.0,,GREA,312.15,,1,0.0,black
polymer_1358,[*]CC([*])(C)C(=O)OCCCCCCOc1cccc(C(=O)Oc2ccc(C#N)cc2)c1,38.0,,GREA,311.15,,1,0.0,black
polymer_1359,[*]CC([*])(C)C(=O)OCCCCCCc1ccc(/C(C)=C/c2ccc(OC)cc2)cc1,31.0,,GREA,304.15,,1,0.0,black
polymer_1360,[*]CC([*])(C)C(=O)OCCCCCCc1ccc(/N=N/c2ccc(OC(F)(F)F)cc2)cc1,194.5,,GREA,467.65,,1,0.0,black
polymer_1361,[*]CC([*])(C)C(=O)OCCCCCCn1c2ccccc2c2ccccc21,73.0,,GREA,346.15,,1,0.0,black
polymer_1362,[*]CC([*])(C)C(=O)OCCCCCOc1ccc(-c2ccc(C#N)cc2)cc1,60.0,,GREA,333.15,,1,0.0,black
polymer_1363,[*]CC([*])(C)C(=O)OCCCCCOc1ccc(OC(=O)c2ccc(OC)cc2)cc1,38.0,,GREA,311.15,,1,0.0,black
polymer_1364,[*]CC([*])(C)C(=O)OCCCCCOc1ccc2cc(C(=O)Oc3ccccc3)ccc2c1,48.0,,GREA,321.15,,1,0.0,black
polymer_1365,[*]CC([*])(C)C(=O)OCCCCCc1ccc(/N=N/c2ccc(OC(F)(F)F)cc2)cc1,202.5,,GREA,475.65,,1,0.0,black
polymer_1366,[*]CC([*])(C)C(=O)OCCCCCn1c2ccccc2c2ccccc21,91.0,,GREA,364.15,,1,0.0,black
polymer_1367,[*]CC([*])(C)C(=O)OCCCCOc1ccc(/N=N/c2ccc(C#N)cc2)cc1,80.0,,GREA,353.15,,1,0.0,black
polymer_1368,[*]CC([*])(C)C(=O)OCCCCOc1ccc(C(=O)Oc2ccc(OC)cc2)cc1,45.0,,GREA,318.15,,1,0.0,black
polymer_1369,[*]CC([*])(C)C(=O)OCCCCOc1ccc(OC(=O)c2ccc(-c3ccc(OC)cc3)cc2)cc1,77.0,,GREA,350.15,,1,0.0,black
polymer_1370,[*]CC([*])(C)C(=O)OCCCCOc1ccc(OC(=O)c2ccc(OC)c(Br)c2)cc1,69.0,,GREA,342.15,,1,0.0,black
polymer_1371,[*]CC([*])(C)C(=O)OCCCCOc1ccc(OC(=O)c2ccc(OC)cc2)cc1,57.0,,GREA,330.15,,1,0.0,black
polymer_1372,[*]CC([*])(C)C(=O)OCCCCOc1ccc(OC(=O)c2ccc(OCCCC)cc2)cc1,51.0,,GREA,324.15,,1,0.0,black
polymer_1373,[*]CC([*])(C)C(=O)OCCCCOc1ccc(OC(=O)c2ccc(OCCCCCC)cc2)cc1,34.0,,GREA,307.15,,1,0.0,black
polymer_1374,[*]CC([*])(C)C(=O)OCCCCOc1ccc(OC(=O)c2ccc(OCCCCCCCC)cc2)cc1,10.0,,GREA,283.15,,1,0.0,black
polymer_1375,[*]CC([*])(C)C(=O)OCCCCOc1ccc2cc(C(=O)Oc3ccccc3)ccc2c1,88.0,,GREA,361.15,,1,0.0,black
polymer_1376,[*]CC([*])(C)C(=O)OCCCCc1ccc(/N=N/c2ccc(OC(F)(F)F)cc2)cc1,203.5,,GREA,476.65,,1,0.0,black
polymer_1377,[*]CC([*])(C)C(=O)OCCCCc1ccccc1,9.0,,GREA,282.15,,1,0.0,black
polymer_1378,[*]CC([*])(C)C(=O)OCCCCl,50.0,,GREA,323.15,,1,0.0,black
polymer_1379,[*]CC([*])(C)C(=O)OCCCCn1c2ccccc2c2cc(/N=N/c3ccc([N+](=O)[O-])cc3[N+](=O)[O-])ccc21,132.0,,GREA,405.15,,1,0.0,black
polymer_1380,[*]CC([*])(C)C(=O)OCCCCn1c2ccccc2c2ccccc21,59.200000000000045,,GREA,332.35,,1,0.0,black
polymer_1381,[*]CC([*])(C)C(=O)OCCCN(C)c1ccc(N(C)C)cc1,12.5,,GREA,285.65,,1,0.0,black
polymer_1382,[*]CC([*])(C)C(=O)OCCCN(CCO)c1ccc(/N=N/c2ccc([N+](=O)[O-])cc2)cc1,131.0,,GREA,404.15,,1,0.0,black
polymer_1383,[*]CC([*])(C)C(=O)OCCCOc1ccc(-c2ccc(C#N)cc2)cc1,97.0,,GREA,370.15,,1,0.0,black
polymer_1384,[*]CC([*])(C)C(=O)OCCCOc1ccc(C(=O)Oc2ccc3ccc(=O)oc3c2)cc1,68.0,,GREA,341.15,,1,0.0,black
polymer_1385,[*]CC([*])(C)C(=O)OCCCOc1ccc2cc(C(=O)Oc3ccccc3)ccc2c1,84.0,,GREA,357.15,,1,0.0,black
polymer_1386,[*]CC([*])(C)C(=O)OCCC[Si](OC)(OC)OC,9.0,,GREA,282.15,,1,0.0,black
polymer_1387,[*]CC([*])(C)C(=O)OCCC[Si](O[Si](C)(C)C)(O[Si](C)(C)C)O[Si](C)(C)C,72.35000000000002,,GREA,345.5,,1,0.0,black
polymer_1388,[*]CC([*])(C)C(=O)OCCC[Si]12O[Si]3(CC(C)C)O[Si]4(CC(C)C)O[Si](CC(C)C)(O1)O[Si]1(CC(C)C)O[Si](CC(C)C)(O2)O[Si](CC(C)C)(O3)O[Si](CC(C)C)(O4)O1,85.0,,GREA,358.15,,1,0.0,black
polymer_1389,[*]CC([*])(C)C(=O)OCCCc1ccc(/N=N/c2ccc(OC(F)(F)F)cc2)cc1,211.5,,GREA,484.65,,1,0.0,black
polymer_1390,[*]CC([*])(C)C(=O)OCCCn1c2ccccc2c2ccccc21,113.0,,GREA,386.15,,1,0.0,black
polymer_1391,[*]CC([*])(C)C(=O)OCCF,90.0,,GREA,363.15,,1,0.0,black
polymer_1392,[*]CC([*])(C)C(=O)OCCN(C)C,28.620000000000005,,GREA,301.77,,1,0.0,black
polymer_1393,[*]CC([*])(C)C(=O)OCCN(C)c1ccc(/C=C/c2ccc([N+](=O)[O-])cc2)cc1,107.0,,GREA,380.15,,1,0.0,black
polymer_1394,[*]CC([*])(C)C(=O)OCCN(C)c1ccc(/N=N/c2ccc(/N=N/c3ccc(C#N)cc3)cc2C)cc1,120.0,,GREA,393.15,,1,0.0,black
polymer_1395,[*]CC([*])(C)C(=O)OCCN(C)c1ccc(/N=N/c2ccc(S(=O)(=O)Nc3cc(C)on3)cc2)cc1,123.0,,GREA,396.15,,1,0.0,black
polymer_1396,[*]CC([*])(C)C(=O)OCCN(C)c1ccc(/N=N/c2ccc([N+](=O)[O-])cc2)cc1,110.0,,GREA,383.15,,1,0.0,black
polymer_1397,[*]CC([*])(C)C(=O)OCCN(C)c1ccc(N(C)C)cc1,43.0,,GREA,316.15,,1,0.0,black
polymer_1398,[*]CC([*])(C)C(=O)OCCN(CC)CC,26.0,,GREA,299.15,,1,0.0,black
polymer_1399,[*]CC([*])(C)C(=O)OCCN(CC)c1ccc(/N=N/c2ccc(C#N)cc2)cc1,119.0,,GREA,392.15,,1,0.0,black
polymer_1400,[*]CC([*])(C)C(=O)OCCN(CC)c1ccc(/N=N/c2ccc(OC)cc2)c(C)c1,95.0,,GREA,368.15,,1,0.0,black
polymer_1401,[*]CC([*])(C)C(=O)OCCN(CC)c1ccc(/N=N/c2ccc(S(C)(=O)=O)cc2)cc1,144.0,,GREA,417.15,,1,0.0,black
polymer_1402,[*]CC([*])(C)C(=O)OCCN(CC)c1ccc(/N=N/c2ccc([N+](=O)[O-])c3ccccc23)cc1,116.0,,GREA,389.15,,1,0.0,black
polymer_1403,[*]CC([*])(C)C(=O)OCCN(CC)c1ccc(/N=N/c2ccc([N+](=O)[O-])cc2)cc1,126.0,,GREA,399.15,,1,0.0,black
polymer_1404,[*]CC([*])(C)C(=O)OCCN(CC)c1ccc(/N=N/c2nc3ccc([N+](=O)[O-])cc3s2)cc1,140.0,,GREA,413.15,,1,0.0,black
polymer_1405,[*]CC([*])(C)C(=O)OCCN(CC)c1ccc([N+](=O)[O-])cc1,98.0,,GREA,371.15,,1,0.0,black
polymer_1406,[*]CC([*])(C)C(=O)OCCN(CC)c1ccccc1,37.5,,GREA,310.65,,1,0.0,black
polymer_1407,[*]CC([*])(C)C(=O)OCCN(CCCC)c1ccc(/N=N/c2ccc(S(=O)(=O)Nc3cc(C)on3)cc2)cc1,105.0,,GREA,378.15,,1,0.0,black
polymer_1408,[*]CC([*])(C)C(=O)OCCN(CCCC)c1ccc(/N=N/c2ccc(S(=O)(=O)Nc3nccs3)cc2)cc1,53.0,,GREA,326.15,,1,0.0,black
polymer_1409,[*]CC([*])(C)C(=O)OCCNC(C)(C)C,41.0,,GREA,314.15,,1,0.0,black
polymer_1410,[*]CC([*])(C)C(=O)OCCOC,24.0,,GREA,297.15,,1,0.0,black
polymer_1411,[*]CC([*])(C)C(=O)OCCOC(=O)c1cc([N+](=O)[O-])cc([N+](=O)[O-])c1,92.0,,GREA,365.15,,1,0.0,black
polymer_1412,[*]CC([*])(C)C(=O)OCCOCC,-16.0,,GREA,257.15,,1,0.0,black
polymer_1413,[*]CC([*])(C)C(=O)OCCOCCO,20.0,,GREA,293.15,,1,0.0,black
polymer_1414,[*]CC([*])(C)C(=O)OCCOCCOC,57.0,,GREA,330.15,,1,0.0,black
polymer_1415,[*]CC([*])(C)C(=O)OCCOCCOCC1(C)COCCOCCOCCOC1,10.0,,GREA,283.15,,1,0.0,black
polymer_1416,[*]CC([*])(C)C(=O)OCCOCCOCC1COCCOCCOCCO1,10.0,,GREA,283.15,,1,0.0,black
polymer_1417,[*]CC([*])(C)C(=O)OCCOCCOCCOCCOCCOCCOCCOCCOC,-57.99999999999997,,GREA,215.15,,1,0.0,black
polymer_1418,[*]CC([*])(C)C(=O)OCCOCCOCCOCCOc1ccc(/N=N/c2ccc(C#N)cc2)cc1,20.0,,GREA,293.15,,1,0.0,black
polymer_1419,[*]CC([*])(C)C(=O)OCCOCCOCCOc1ccc(/N=N/c2ccc(C#N)cc2)cc1,37.0,,GREA,310.15,,1,0.0,black
polymer_1420,[*]CC([*])(C)C(=O)OCCOCCOCC[N+](CC)(CC)CCCCS(=O)(=O)O,27.0,,GREA,300.15,,1,0.0,black
polymer_1421,[*]CC([*])(C)C(=O)OCCOCCOc1ccc(/N=N/c2ccc(C#N)cc2)cc1,57.0,,GREA,330.15,,1,0.0,black
polymer_1422,[*]CC([*])(C)C(=O)OCCOCC[N+](CC)(CC)CCCCS(=O)(=O)O,95.0,,GREA,368.15,,1,0.0,black
polymer_1423,[*]CC([*])(C)C(=O)OCCO[N+](=O)[O-],55.0,,GREA,328.15,,1,0.0,black
polymer_1424,[*]CC([*])(C)C(=O)OCCO[Si](C)(C)C,89.0,,GREA,362.15,,1,0.0,black
polymer_1425,[*]CC([*])(C)C(=O)OCCOc1ccc(-c2ccc(-c3ccc(C#N)cc3)cc2)cc1,115.0,,GREA,388.15,,1,0.0,black
polymer_1426,[*]CC([*])(C)C(=O)OCCOc1ccc(/N=N/c2ccc(C#N)cc2)cc1,109.0,,GREA,382.15,,1,0.0,black
polymer_1427,[*]CC([*])(C)C(=O)OCCOc1ccc(/N=N/c2ccc(OC)cc2)cc1,109.0,,GREA,382.15,,1,0.0,black
polymer_1428,[*]CC([*])(C)C(=O)OCCOc1ccc(/N=N/c2ccc([N+](=O)[O-])cc2)cc1,112.0,,GREA,385.15,,1,0.0,black
polymer_1429,[*]CC([*])(C)C(=O)OCCOc1ccc(C(=O)Oc2ccc(OCCCC)cc2)cc1,137.0,,GREA,410.15,,1,0.0,black
polymer_1430,[*]CC([*])(C)C(=O)OCCS(=O)(=O)c1ccc(/N=N/c2ccc(N(CC)CC)cc2)cc1,142.0,,GREA,415.15,,1,0.0,black
polymer_1431,[*]CC([*])(C)C(=O)OCCS(=O)CC,25.0,,GREA,298.15,,1,0.0,black
polymer_1432,[*]CC([*])(C)C(=O)OCC[N+](C)(C)CCCCCCC,-43.99999999999997,,GREA,229.15,,1,0.0,black
polymer_1433,[*]CC([*])(C)C(=O)OCC[N+](C)(C)CCCCS(=O)(=O)O,261.0,,GREA,534.15,,1,0.0,black
polymer_1434,[*]CC([*])(C)C(=O)OCCc1ccc(/N=N/c2ccc(OC(F)(F)F)cc2)cc1,209.5,,GREA,482.65,,1,0.0,black
polymer_1435,[*]CC([*])(C)C(=O)OCCc1ccc(/N=N/c2ccccc2)cc1,80.0,,GREA,353.15,,1,0.0,black
polymer_1436,[*]CC([*])(C)C(=O)OCCn1c2ccccc2c2cc(/N=N/c3ccc([N+](=O)[O-])cc3)ccc21,164.0,,GREA,437.15,,1,0.0,black
polymer_1437,[*]CC([*])(C)C(=O)OCCn1c2ccccc2c2cc(/N=N/c3ccc([N+](=O)[O-])cc3[N+](=O)[O-])ccc21,182.0,,GREA,455.15,,1,0.0,black
polymer_1438,[*]CC([*])(C)C(=O)OCCn1c2ccccc2c2ccccc21,148.0,,GREA,421.15,,1,0.0,black
polymer_1439,[*]CC([*])(C)C(=O)OCSC,60.0,,GREA,333.15,,1,0.0,black
polymer_1440,[*]CC([*])(C)C(=O)OCc1c(Cl)cccc1Cl,58.900000000000034,,GREA,332.05,,1,0.0,black
polymer_1441,[*]CC([*])(C)C(=O)OCc1c(F)cccc1F,82.0,,GREA,355.15,,1,0.0,black
polymer_1442,[*]CC([*])(C)C(=O)OCc1cc(Cl)cc(Cl)c1,29.950000000000045,,GREA,303.1,,1,0.0,black
polymer_1443,[*]CC([*])(C)C(=O)OCc1cc(Cl)ccc1Cl,27.80000000000001,,GREA,300.95,,1,0.0,black
polymer_1444,[*]CC([*])(C)C(=O)OCc1ccc(/C=C/C(=O)C2c3ccccc3C(=O)c3ccccc32)cc1,163.0,,GREA,436.15,,1,0.0,black
polymer_1445,[*]CC([*])(C)C(=O)OCc1ccc(/C=C/C(=O)Oc2ccc3oc(=O)ccc3c2)cc1,140.0,,GREA,413.15,,1,0.0,black
polymer_1446,[*]CC([*])(C)C(=O)OCc1ccc(Cl)c(Cl)c1,34.450000000000045,,GREA,307.6,,1,0.0,black
polymer_1447,[*]CC([*])(C)C(=O)OCc1ccc(Cl)cc1,43.60000000000002,,GREA,316.75,,1,0.0,black
polymer_1448,[*]CC([*])(C)C(=O)OCc1ccc(Cl)cc1Cl,19.400000000000034,,GREA,292.55,,1,0.0,black
polymer_1449,[*]CC([*])(C)C(=O)OCc1ccc(F)cc1F,46.0,,GREA,319.15,,1,0.0,black
polymer_1450,[*]CC([*])(C)C(=O)OCc1ccc(OCCOCC)c(OCCOCC)c1,-2.0,,GREA,271.15,,1,0.0,black
polymer_1451,[*]CC([*])(C)C(=O)OCc1ccc(OCCOCCOCC)c(OCCOCCOCC)c1,-32.99999999999997,,GREA,240.15,,1,0.0,black
polymer_1452,[*]CC([*])(C)C(=O)OCc1ccc(OCCOCCOCCOCC)c(OCCOCCOCCOCC)c1,-91.99999999999997,,GREA,181.15,,1,0.0,black
polymer_1453,[*]CC([*])(C)C(=O)OCc1ccc2c(c1)OCCOCCOCCOCCO2,38.0,,GREA,311.15,,1,0.0,black
polymer_1454,[*]CC([*])(C)C(=O)OCc1ccc2c(c1)c1ccccc1n2CC,136.0,,GREA,409.15,,1,0.0,black
polymer_1455,[*]CC([*])(C)C(=O)OCc1ccc2c(c1)c1ccccc1n2CCCC,87.0,,GREA,360.15,,1,0.0,black
polymer_1456,[*]CC([*])(C)C(=O)OCc1ccc2c(c1)c1ccccc1n2CCCCCC,73.0,,GREA,346.15,,1,0.0,black
polymer_1457,[*]CC([*])(C)C(=O)OCc1ccc2c(c1)c1ccccc1n2CCCCCCCC,45.0,,GREA,318.15,,1,0.0,black
polymer_1458,[*]CC([*])(C)C(=O)OCc1ccc2c(c1)c1ccccc1n2CCCCCCCCCC,29.0,,GREA,302.15,,1,0.0,black
polymer_1459,[*]CC([*])(C)C(=O)OCc1ccc2c(c1)c1ccccc1n2CCCCCCCCCCCC,25.0,,GREA,298.15,,1,0.0,black
polymer_1460,[*]CC([*])(C)C(=O)OCc1ccc2c(c1)c1ccccc1n2CCCCCCCCCCCCCC,26.0,,GREA,299.15,,1,0.0,black
polymer_1461,[*]CC([*])(C)C(=O)OCc1ccc2c(c1)c1ccccc1n2CCCCCCCCCCCCCCCC,23.0,,GREA,296.15,,1,0.0,black
polymer_1462,[*]CC([*])(C)C(=O)OCc1ccc[se]1,56.0,,GREA,329.15,,1,0.0,black
polymer_1463,[*]CC([*])(C)C(=O)OCc1cccc(Cl)c1,18.25,,GREA,291.4,,1,0.0,black
polymer_1464,[*]CC([*])(C)C(=O)OCc1cccc(Cl)c1Cl,42.60000000000002,,GREA,315.75,,1,0.0,black
polymer_1465,[*]CC([*])(C)C(=O)OCc1ccccc1Cl,54.10000000000002,,GREA,327.25,,1,0.0,black
polymer_1466,[*]CC([*])(C)C(=O)OCc1ccco1,111.0,,GREA,384.15,,1,0.0,black
polymer_1467,[*]CC([*])(C)C(=O)OCc1cccs1,66.0,,GREA,339.15,,1,0.0,black
polymer_1468,[*]CC([*])(C)C(=O)OCc1ccsc1,83.5,,GREA,356.65,,1,0.0,black
polymer_1469,[*]CC([*])(C)C(=O)O[Si](C)(C)C,97.5,,GREA,370.65,,1,0.0,black
polymer_1470,[*]CC([*])(C)C(=O)Oc1c(C(C)C)cccc1C(C)C,198.0,,GREA,471.15,,1,0.0,black
polymer_1471,[*]CC([*])(C)C(=O)Oc1c(C)cccc1C,167.0,,GREA,440.15,,1,0.0,black
polymer_1472,[*]CC([*])(C)C(=O)Oc1c(Cl)c(Cl)c(Cl)c(Cl)c1Cl,110.0,,GREA,383.15,,1,0.0,black
polymer_1473,[*]CC([*])(C)C(=O)Oc1c(OC)cc(/C=C/c2ccccc2)cc1OC,140.0,,GREA,413.15,,1,0.0,black
polymer_1474,[*]CC([*])(C)C(=O)Oc1cc(C)cc(C)c1,106.0,,GREA,379.15,,1,0.0,black
polymer_1475,[*]CC([*])(C)C(=O)Oc1cc(C)ccc1C,111.0,,GREA,384.15,,1,0.0,black
polymer_1476,[*]CC([*])(C)C(=O)Oc1ccc(-c2nnc(-c3ccc(C(C)(C)C)cc3)o2)cc1,156.0,,GREA,429.15,,1,0.0,black
polymer_1477,[*]CC([*])(C)C(=O)Oc1ccc(/C=C/c2ccccc2)cc1,143.0,,GREA,416.15,,1,0.0,black
polymer_1478,[*]CC([*])(C)C(=O)Oc1ccc(/N=N/c2ccc(C#N)cc2)cc1,185.0,,GREA,458.15,,1,0.0,black
polymer_1479,[*]CC([*])(C)C(=O)Oc1ccc(/N=N/c2ccc(OC)cc2)cc1,120.0,,GREA,393.15,,1,0.0,black
polymer_1480,[*]CC([*])(C)C(=O)Oc1ccc(/N=N/c2ccc(OCCCCCCCCCCCOC(=O)c3ccc4c(c3)OCCOCCOCCOCCO4)cc2)cc1,19.0,,GREA,292.15,,1,0.0,black
polymer_1481,[*]CC([*])(C)C(=O)Oc1ccc(/N=N/c2ccc([N+](=O)[O-])cc2)cc1,145.0,,GREA,418.15,,1,0.0,black
polymer_1482,[*]CC([*])(C)C(=O)Oc1ccc(C#N)cc1,155.0,,GREA,428.15,,1,0.0,black
polymer_1483,[*]CC([*])(C)C(=O)Oc1ccc(C(=O)/C=C/c2ccc(Cl)cc2)cc1,127.0,,GREA,400.15,,1,0.0,black
polymer_1484,[*]CC([*])(C)C(=O)Oc1ccc(C(=O)/C=C/c2ccc(OC)c(OC)c2)cc1,137.0,,GREA,410.15,,1,0.0,black
polymer_1485,[*]CC([*])(C)C(=O)Oc1ccc(C(=O)/C=C/c2ccc(OCc3ccccc3)cc2)cc1,152.0,,GREA,425.15,,1,0.0,black
polymer_1486,[*]CC([*])(C)C(=O)Oc1ccc(C(=O)O)cc1,110.0,,GREA,383.15,,1,0.0,black
polymer_1487,[*]CC([*])(C)C(=O)Oc1ccc(C(=O)OC)cc1,109.0,,GREA,382.15,,1,0.0,black
polymer_1488,[*]CC([*])(C)C(=O)Oc1ccc(C(=O)Oc2ccc(-c3ccccc3)cc2)cc1,100.0,,GREA,373.15,,1,0.0,black
polymer_1489,[*]CC([*])(C)C(=O)Oc1ccc(C(=O)Oc2ccc(C(=O)c3ccccc3)cc2)cc1,72.0,,GREA,345.15,,1,0.0,black
polymer_1490,[*]CC([*])(C)C(=O)Oc1ccc(C(=O)Oc2ccc(C)cc2)cc1,98.0,,GREA,371.15,,1,0.0,black
polymer_1491,[*]CC([*])(C)C(=O)Oc1ccc(C(=O)Oc2ccc(OC)cc2)cc1,77.0,,GREA,350.15,,1,0.0,black
polymer_1492,[*]CC([*])(C)C(=O)Oc1ccc(C(=O)Oc2ccc(Oc3ccccc3)cc2)cc1,74.0,,GREA,347.15,,1,0.0,black
polymer_1493,[*]CC([*])(C)C(=O)Oc1ccc(C(=O)Oc2ccccc2)cc1,99.0,,GREA,372.15,,1,0.0,black
polymer_1494,[*]CC([*])(C)C(=O)Oc1ccc(C(=O)c2ccccc2)c(O)c1,270.0,,GREA,543.15,,1,0.0,black
polymer_1495,[*]CC([*])(C)C(=O)Oc1ccc(C(=O)c2ccccc2)cc1,118.0,,GREA,391.15,,1,0.0,black
polymer_1496,[*]CC([*])(C)C(=O)Oc1ccc(C(C)(C)C)cc1,91.0,,GREA,364.15,,1,0.0,black
polymer_1497,[*]CC([*])(C)C(=O)Oc1ccc(C)cc1C,109.0,,GREA,382.15,,1,0.0,black
polymer_1498,[*]CC([*])(C)C(=O)Oc1ccc(CC#N)cc1,131.0,,GREA,404.15,,1,0.0,black
polymer_1499,[*]CC([*])(C)C(=O)Oc1ccc(OCc2ccccc2)cc1,95.30000000000001,,GREA,368.45,,1,0.0,black
polymer_1500,[*]CC([*])(C)C(=O)Oc1ccc([N+](=O)[O-])c(C)c1,101.0,,GREA,374.15,,1,0.0,black
polymer_1501,[*]CC([*])(C)C(=O)Oc1ccc2c(c1)CCC2,113.5,,GREA,386.65,,1,0.0,black
polymer_1502,[*]CC([*])(C)C(=O)Oc1cccc(C)c1C,120.0,,GREA,393.15,,1,0.0,black
polymer_1503,[*]CC([*])(C)C(=O)Oc1ccccc1,110.0,,GREA,383.15,,1,0.0,black
polymer_1504,[*]CC([*])(C)C(N)=O,88.70000000000005,,GREA,361.85,,1,0.0,black
polymer_1505,[*]CC([*])(C)CCC,27.0,,GREA,300.15,,1,0.0,black
polymer_1506,[*]CC([*])(C)OC,67.0,,GREA,340.15,,1,0.0,black
polymer_1507,[*]CC([*])(C)c1ccc(C(C)C)cc1,140.0,,GREA,413.15,,1,0.0,black
polymer_1508,[*]CC([*])(C)c1ccc(C(O)C(F)(F)F)cc1,199.0,,GREA,472.15,,1,0.0,black
polymer_1509,[*]CC([*])(C)c1ccc(C)cc1,176.0,,GREA,449.15,,1,0.0,black
polymer_1510,[*]CC([*])(C)c1ccc2ccccc2c1,208.0,,GREA,481.15,,1,0.0,black
polymer_1511,[*]CC([*])(C)c1ccc2ccccc2n1,193.0,,GREA,466.15,,1,0.0,black
polymer_1512,[*]CC([*])(C)c1nc(N(CCOCCOCCOC)CCOCCOCCOC)nc(N(CCOCCOCCOC)c2ccccc2)n1,-74.99999999999997,,GREA,198.15,,1,0.0,black
polymer_1513,[*]CC([*])(CC(=O)O)C(=O)O,141.0,,GREA,414.15,,1,0.0,black
polymer_1514,[*]CC([*])(CC(=O)OC(C)C)C(=O)OC(C)C,100.0,,GREA,373.15,,1,0.0,black
polymer_1515,[*]CC([*])(CC(=O)OC(C)C)C(=O)OC12CC3CC(C)(CC(C)(C3)C1)C2,158.0,,GREA,431.15,,1,0.0,black
polymer_1516,[*]CC([*])(CC(=O)OC(C)C)C(=O)OC12CC3CC(CC(C3)C1)C2,180.0,,GREA,453.15,,1,0.0,black
polymer_1517,[*]CC([*])(CC(=O)OC)C(=O)O,159.0,,GREA,432.15,,1,0.0,black
polymer_1518,[*]CC([*])(CC(=O)OC)C(=O)OC,95.0,,GREA,368.15,,1,0.0,black
polymer_1519,[*]CC([*])(CC(=O)OC)C(=O)OC12CC3CC(C)(CC(C)(C3)C1)C2,144.0,,GREA,417.15,,1,0.0,black
polymer_1520,[*]CC([*])(CC(=O)OC)C(=O)OC12CC3CC(CC(C3)C1)C2,197.0,,GREA,470.15,,1,0.0,black
polymer_1521,[*]CC([*])(CC(=O)OC1CCC1)C(=O)OC1CCC1,60.0,,GREA,333.15,,1,0.0,black
polymer_1522,[*]CC([*])(CC(=O)OC1CCCCC1)C(=O)OC1CCCCC1,142.0,,GREA,415.15,,1,0.0,black
polymer_1523,[*]CC([*])(CC(=O)OC1CCCCCC1)C(=O)OC1CCCCCC1,105.0,,GREA,378.15,,1,0.0,black
polymer_1524,[*]CC([*])(CC(=O)OC1CCCCCCC1)C(=O)OC1CCCCCCC1,124.0,,GREA,397.15,,1,0.0,black
polymer_1525,[*]CC([*])(CC(=O)OCC(C)C)C(=O)OCC(C)C,125.0,,GREA,398.15,,1,0.0,black
polymer_1526,[*]CC([*])(CC(=O)OCC)C(=O)O,135.0,,GREA,408.15,,1,0.0,black
polymer_1527,[*]CC([*])(CC(=O)OCC)C(=O)OCC,65.5,,GREA,338.65,,1,0.0,black
polymer_1528,[*]CC([*])(CC(=O)OCC1CCCCC1)C(=O)OCC1CCCCC1,83.0,,GREA,356.15,,1,0.0,black
polymer_1529,[*]CC([*])(CC(=O)OCCC)C(=O)OCCC,46.5,,GREA,319.65,,1,0.0,black
polymer_1530,[*]CC([*])(CC(=O)OCCC1CCCCC1)C(=O)OCCC1CCCCC1,48.0,,GREA,321.15,,1,0.0,black
polymer_1531,[*]CC([*])(CC(=O)OCCCC)C(=O)OCCCC,24.0,,GREA,297.15,,1,0.0,black
polymer_1532,[*]CC([*])(CC(=O)OCCCC1CCCCC1)C(=O)OCCCC1CCCCC1,7.0,,GREA,280.15,,1,0.0,black
polymer_1533,[*]CC([*])(CC(=O)OCCCCC)C(=O)OCCCCC,2.0,,GREA,275.15,,1,0.0,black
polymer_1534,[*]CC([*])(CC(=O)OCCCCCC)C(=O)OCCCCCC,-7.0,,GREA,266.15,,1,0.0,black
polymer_1535,[*]CC([*])(CC(=O)OCCCCCCC)C(=O)OCCCCCCC,-22.99999999999997,,GREA,250.15,,1,0.0,black
polymer_1536,[*]CC([*])(CC(=O)OCCCCCCCC)C(=O)OCCCCCCCC,-18.99999999999997,,GREA,254.15,,1,0.0,black
polymer_1537,[*]CC([*])(CC(=O)OCCCCCCCCC)C(=O)OCCCCCCCCC,-13.0,,GREA,260.15,,1,0.0,black
polymer_1538,[*]CC([*])(CC(=O)OCCCCl)C(=O)OCCCCl,47.0,,GREA,320.15,,1,0.0,black
polymer_1539,[*]CC([*])(CC(=O)OCCCc1ccccc1)C(=O)OCCCc1ccccc1,-8.0,,GREA,265.15,,1,0.0,black
polymer_1540,[*]CC([*])(CC(=O)OCCCl)C(=O)OCCCl,43.0,,GREA,316.15,,1,0.0,black
polymer_1541,[*]CC([*])(CC(=O)OCCOC)C(=O)OCCOC,34.0,,GREA,307.15,,1,0.0,black
polymer_1542,[*]CC([*])(CC(=O)OCCOCCOC)C(=O)OCCOCCOC,-40.49999999999997,,GREA,232.65,,1,0.0,black
polymer_1543,[*]CC([*])(CC(=O)OCCOCCOCCOC)C(=O)OCCOCCOCCOC,-18.99999999999997,,GREA,254.15,,1,0.0,black
polymer_1544,[*]CC([*])(CC(=O)OCCOCCOCCOCCOCCOCCOCCOC)C(=O)OCCOCCOCCOCCOCCOCCOCCOC,-40.49999999999997,,GREA,232.65,,1,0.0,black
polymer_1545,[*]CC([*])(CC(=O)OCCc1ccccc1)C(=O)OCCc1ccccc1,45.0,,GREA,318.15,,1,0.0,black
polymer_1546,[*]CC([*])(CC(=O)OCc1ccccc1)C(=O)OCc1ccccc1,55.0,,GREA,328.15,,1,0.0,black
polymer_1547,[*]CC([*])(CC(=O)Oc1ccc(OC)cc1)C(=O)Oc1ccc(OC)cc1,119.5,,GREA,392.65,,1,0.0,black
polymer_1548,[*]CC([*])(CC(=O)Oc1ccc(OCC)cc1)C(=O)Oc1ccc(OCC)cc1,110.5,,GREA,383.65,,1,0.0,black
polymer_1549,[*]CC([*])(CC(=O)Oc1ccc(OCCC)cc1)C(=O)Oc1ccc(OCCC)cc1,94.5,,GREA,367.65,,1,0.0,black
polymer_1550,[*]CC([*])(CC(=O)Oc1ccc(OCCCCC)cc1)C(=O)Oc1ccc(OCCCCC)cc1,73.5,,GREA,346.65,,1,0.0,black
polymer_1551,[*]CC([*])(CC(=O)Oc1ccc(OCCCCCCC)cc1)C(=O)Oc1ccc(OCCCCCCC)cc1,111.0,,GREA,384.15,,1,0.0,black
polymer_1552,[*]CC([*])(CC(=O)Oc1ccccc1)C(=O)Oc1ccccc1,132.0,,GREA,405.15,,1,0.0,black
polymer_1553,[*]CC([*])(CC)C(=O)OCC,27.0,,GREA,300.15,,1,0.0,black
polymer_1554,[*]CC([*])(CCC(C)C(=O)OC)C(=O)OC,34.0,,GREA,307.15,,1,0.0,black
polymer_1555,[*]CC([*])(CCC)C(=O)OC,83.5,,GREA,356.65,,1,0.0,black
polymer_1556,[*]CC([*])(CCCCC)C(=O)OC,53.0,,GREA,326.15,,1,0.0,black
polymer_1557,[*]CC([*])(CCCCCCCC)C(=O)OC,34.0,,GREA,307.15,,1,0.0,black
polymer_1558,[*]CC([*])(CF)C(=O)OCC,43.0,,GREA,316.15,,1,0.0,black
polymer_1559,[*]CC([*])(Cl)C(=O)OC,125.0,,GREA,398.15,,1,0.0,black
polymer_1560,[*]CC([*])(Cl)C(=O)OCCC,66.0,,GREA,339.15,,1,0.0,black
polymer_1561,[*]CC([*])(Cl)C(=O)OCCC(F)(F)C(F)(F)C(F)(F)C(F)(F)C(F)(F)C(F)(F)C(F)(F)C(F)(F)F,61.0,,GREA,334.15,,1,0.0,black
polymer_1562,[*]CC([*])(Cl)C(=O)OCCCC,42.0,,GREA,315.15,,1,0.0,black
polymer_1563,[*]CC([*])(Cl)C(=O)OCCCCCCOc1ccc(C(=O)Oc2ccc(OCCCC)cc2)cc1,112.5,,GREA,385.65,,1,0.0,black
polymer_1564,[*]CC([*])(Cl)C(=O)OCCOc1ccc(C(=O)Oc2ccc(OCCCC)cc2)cc1,153.0,,GREA,426.15,,1,0.0,black
polymer_1565,[*]CC([*])(F)C(=O)OC,142.0,,GREA,415.15,,1,0.0,black
polymer_1566,[*]CC([*])(F)C(=O)OC(C(F)(F)F)C(F)(F)F,102.0,,GREA,375.15,,1,0.0,black
polymer_1567,[*]CC([*])(F)C(=O)OCC,94.0,,GREA,367.15,,1,0.0,black
polymer_1568,[*]CC([*])(F)C(=O)OCC(Cl)(Cl)Cl,127.0,,GREA,400.15,,1,0.0,black
polymer_1569,[*]CC([*])(F)C(=O)OCC(F)(F)C(F)(F)C(F)(F)C(F)(F)F,63.0,,GREA,336.15,,1,0.0,black
polymer_1570,[*]CC([*])(F)C(=O)OCC(F)(F)C(F)(F)C(F)(F)C(F)F,60.0,,GREA,333.15,,1,0.0,black
polymer_1571,[*]CC([*])(F)C(=O)OCC(F)(F)C(F)(F)C(F)(F)F,75.0,,GREA,348.15,,1,0.0,black
polymer_1572,[*]CC([*])(F)C(=O)OCC(F)(F)C(F)(F)F,99.0,,GREA,372.15,,1,0.0,black
polymer_1573,[*]CC([*])(F)C(=O)OCC(F)(F)C(F)F,90.5,,GREA,363.65,,1,0.0,black
polymer_1574,[*]CC([*])(F)C(=O)OCC(F)(F)F,124.0,,GREA,397.15,,1,0.0,black
polymer_1575,[*]CC([*])(F)C(=O)OCCC,62.0,,GREA,335.15,,1,0.0,black
polymer_1576,[*]CC([*])(F)C(=O)OCCC(F)(F)C(F)(F)C(F)(F)C(F)(F)C(F)(F)C(F)(F)C(F)(F)C(F)(F)C(F)(F)C(F)(F)F,53.0,,GREA,326.15,,1,0.0,black
polymer_1577,[*]CC([*])(F)C(=O)OCCC(F)(F)C(F)(F)C(F)(F)C(F)(F)C(F)(F)C(F)(F)C(F)(F)C(F)(F)F,87.5,,GREA,360.65,,1,0.0,black
polymer_1578,[*]CC([*])(F)C(=O)OCCC(F)(F)C(F)(F)C(F)(F)C(F)(F)C(F)(F)C(F)(F)F,53.0,,GREA,326.15,,1,0.0,black
polymer_1579,[*]CC([*])(F)C(=O)OCCC(F)(F)C(F)(F)C(F)(F)C(F)(F)F,6.0,,GREA,279.15,,1,0.0,black
polymer_1580,[*]CC([*])(F)C(C)=O,142.0,,GREA,415.15,,1,0.0,black
polymer_1581,[*]CC([*])(F)C(F)(F)F,49.0,,GREA,322.15,,1,0.0,black
polymer_1582,[*]CC([*])Br,99.85000000000002,Poly(vinyl bromide),Nguyen,373,,1,0.0,black
polymer_1583,[*]CC([*])C(=O)CC,-60.14999999999998,Poly(vinyl ethyl ketone),Nguyen,213,,1,0.0,black
polymer_1584,[*]CC([*])C(=O)N(C)C,114.0,,GREA,387.15,,1,0.0,black
polymer_1585,[*]CC([*])C(=O)N1CCCCC1,108.0,,GREA,381.15,,1,0.0,black
polymer_1586,[*]CC([*])C(=O)N1CCOCC1,150.0,,GREA,423.15,,1,0.0,black
polymer_1587,[*]CC([*])C(=O)N1CC[NH+](CC)CC1,72.5,,GREA,345.65,,1,0.0,black
polymer_1588,[*]CC([*])C(=O)NC,171.0,,GREA,444.15,,1,0.0,black
polymer_1589,[*]CC([*])C(=O)NC(C)(C)CC(C)=O,72.5,,GREA,345.65,,1,0.0,black
polymer_1590,[*]CC([*])C(=O)NC(C)(C)CS(=O)(=O)O,85.0,,GREA,358.15,,1,0.0,black
polymer_1591,[*]CC([*])C(=O)NC(C)CC,116.85000000000002,Poly(N-sec-butylacrylamide),Nguyen,390,,1,0.0,black
polymer_1592,[*]CC([*])C(=O)NCCCCCC(=O)O,68.0,,GREA,341.15,,1,0.0,black
polymer_1593,[*]CC([*])C(=O)NCCCCCCCC,-53.14999999999998,Poly(N-octyl acrylamide),Nguyen,220,,1,0.0,black
polymer_1594,[*]CC([*])C(=O)NCCC[N+](C)(C)C,57.0,,GREA,330.15,,1,0.0,black
polymer_1595,[*]CC([*])C(=O)NCCC[N+](C)(C)CCCS(=O)(=O)O,141.5,,GREA,414.65,,1,0.0,black
polymer_1596,[*]CC([*])C(=O)NCP(=O)(O)O,26.0,,GREA,299.15,,1,0.0,black
polymer_1597,[*]CC([*])C(=O)Nc1ccc(C(=O)/C=C/c2ccc(Br)cc2)cc1,64.0,,GREA,337.15,,1,0.0,black
polymer_1598,[*]CC([*])C(=O)Nc1ccc(C(=O)/C=C/c2cccc(Br)c2)cc1,55.0,,GREA,328.15,,1,0.0,black
polymer_1599,[*]CC([*])C(=O)Nc1ccc(Cl)cc1,76.0,,GREA,349.15,,1,0.0,black
polymer_1600,[*]CC([*])C(=O)Nc1ccc2c(c1)C(=O)c1ccccc1C2=O,128.0,,GREA,401.15,,1,0.0,black
polymer_1601,[*]CC([*])C(=O)Nc1cccc(Cl)c1,70.0,,GREA,343.15,,1,0.0,black
polymer_1602,[*]CC([*])C(=O)Nc1ccccc1Cl,63.0,,GREA,336.15,,1,0.0,black
polymer_1603,[*]CC([*])C(=O)OC(C(F)(F)F)C(F)(F)F,42.30000000000001,,GREA,315.45,,1,0.0,black
polymer_1604,[*]CC([*])C(=O)OC(C)C,-5.0,,GREA,268.15,,1,0.0,black
polymer_1605,[*]CC([*])C(=O)OC(CC)CC,-6.0,,GREA,267.15,,1,0.0,black
polymer_1606,[*]CC([*])C(=O)OC(Cl)C(Cl)(Cl)Cl,70.5,,GREA,343.65,,1,0.0,black
polymer_1607,[*]CC([*])C(=O)OC(F)(C(F)(F)F)C(F)(F)F,10.0,,GREA,283.15,,1,0.0,black
polymer_1608,[*]CC([*])C(=O)OC(F)(F)C(F)(F)C(F)(F)C(F)(F)C(F)(F)C(F)(F)C(F)(F)C(F)(F)F,9.0,,GREA,282.15,,1,0.0,black
polymer_1609,[*]CC([*])C(=O)OC(OCC)C(F)(F)F,5.0,,GREA,278.15,,1,0.0,black
polymer_1610,[*]CC([*])C(=O)OC([2H])([2H])[2H],35.0,,GREA,308.15,,1,0.0,black
polymer_1611,[*]CC([*])C(=O)OC12CC3CC(C)(CC(C)(C3)C1)C2,104.0,,GREA,377.15,,1,0.0,black
polymer_1612,[*]CC([*])C(=O)OC12CC3CC(CC(C3)C1)C2,183.0,,GREA,456.15,,1,0.0,black
polymer_1613,[*]CC([*])C(=O)OC1CC(C)CC(C)(C)C1,15.0,,GREA,288.15,,1,0.0,black
polymer_1614,[*]CC([*])C(=O)OC1CC2CCC1(C)C2(C)C,100.0,,GREA,373.15,,1,0.0,black
polymer_1615,[*]CC([*])C(=O)OC1CCCCCCCCCCC1,37.0,,GREA,310.15,,1,0.0,black
polymer_1616,[*]CC([*])C(=O)OCC#N,22.850000000000023,Poly(cyanomethyl acrylate),Nguyen,296,,1,0.0,black
polymer_1617,[*]CC([*])C(=O)OCC(C)(C)C,22.0,,GREA,295.15,,1,0.0,black
polymer_1618,[*]CC([*])C(=O)OCC(C)CC,-31.99999999999997,,GREA,241.15,,1,0.0,black
polymer_1619,[*]CC([*])C(=O)OCC(C)O,-7.0,,GREA,266.15,,1,0.0,black
polymer_1620,[*]CC([*])C(=O)OCC(COC(=O)c1ccccc1)(COC(=O)c1ccccc1)COC(=O)c1ccccc1,48.0,,GREA,321.15,,1,0.0,black
polymer_1621,[*]CC([*])C(=O)OCC(F)(F)C(F)(F)C(F)(F)C(F)(F)C(F)(F)C(F)(F)C(F)(F)F,-17.0,,GREA,256.15,,1,0.0,black
polymer_1622,[*]CC([*])C(=O)OCC(F)(F)C(F)(F)C(F)(F)C(F)(F)C(F)(F)F,-38.99999999999997,,GREA,234.15,,1,0.0,black
polymer_1623,[*]CC([*])C(=O)OCC(F)(F)C(F)(F)C(F)(F)C(F)(F)F,-36.99999999999997,,GREA,236.15,,1,0.0,black
polymer_1624,[*]CC([*])C(=O)OCC(F)(F)C(F)(F)C(F)(F)C(F)F,-34.99999999999997,,GREA,238.15,,1,0.0,black
polymer_1625,[*]CC([*])C(=O)OCC(F)(F)C(F)(F)C(F)(F)F,-29.99999999999997,,GREA,243.15,,1,0.0,black
polymer_1626,[*]CC([*])C(=O)OCC(F)(F)C(F)(F)F,-25.99999999999997,,GREA,247.15,,1,0.0,black
polymer_1627,[*]CC([*])C(=O)OCC(F)(F)C(F)(F)OC(F)(F)C(F)(F)C(F)(F)C(F)(F)F,-67.99999999999997,,GREA,205.15,,1,0.0,black
polymer_1628,[*]CC([*])C(=O)OCC(F)(F)C(F)(F)OC(F)(F)C(F)(F)C(F)(F)F,-67.99999999999997,,GREA,205.15,,1,0.0,black
polymer_1629,[*]CC([*])C(=O)OCC(F)(F)C(F)(F)OC(F)(F)C(F)(F)F,-48.99999999999997,,GREA,224.15,,1,0.0,black
polymer_1630,[*]CC([*])C(=O)OCC(F)(F)C(F)(F)OC(F)(F)F,-54.99999999999997,,GREA,218.15,,1,0.0,black
polymer_1631,[*]CC([*])C(=O)OCC(F)(F)C(F)C(F)(F)F,-21.99999999999997,,GREA,251.15,,1,0.0,black
polymer_1632,[*]CC([*])C(=O)OCC(F)(F)F,3.1000000000000227,,GREA,276.25,,1,0.0,black
polymer_1633,[*]CC([*])C(=O)OCC1(CC)COC(c2ccccc2)OC1,50.0,,GREA,323.15,,1,0.0,black
polymer_1634,[*]CC([*])C(=O)OCC1(CC)COCOC1,42.0,,GREA,315.15,,1,0.0,black
polymer_1635,[*]CC([*])C(=O)OCCC#N,4.0,,GREA,277.15,,1,0.0,black
polymer_1636,[*]CC([*])C(=O)OCCC(C)OC,-55.99999999999997,,GREA,217.15,,1,0.0,black
polymer_1637,[*]CC([*])C(=O)OCCC(F)(F)C(F)(F)C(F)(F)C(F)(F)C(F)(F)C(F)(F)C(F)(F)C(F)(F)F,52.0,,GREA,325.15,,1,0.0,black
polymer_1638,[*]CC([*])C(=O)OCCC(F)(F)C(F)(F)C(F)(F)C(F)(F)C(F)(F)C(F)(F)F,-12.0,,GREA,261.15,,1,0.0,black
polymer_1639,[*]CC([*])C(=O)OCCCCC,-56.99999999999997,,GREA,216.15,,1,0.0,black
polymer_1640,[*]CC([*])C(=O)OCCCCCC,-56.99999999999997,,GREA,216.15,,1,0.0,black
polymer_1641,[*]CC([*])C(=O)OCCCCCC(=O)Oc1ccc(-c2ccc(C#N)cc2)cc1,38.0,,GREA,311.15,,1,0.0,black
polymer_1642,[*]CC([*])C(=O)OCCCCCCC,-59.99999999999997,,GREA,213.15,,1,0.0,black
polymer_1643,[*]CC([*])C(=O)OCCCCCCCCCCCCOC(=O)c1ccc(OC(=O)c2ccc(C#N)cc2)cc1,15.0,,GREA,288.15,,1,0.0,black
polymer_1644,[*]CC([*])C(=O)OCCCCCCCCCCCCOc1ccc(C(=O)Oc2ccc(-c3cccc(OC(=O)c4ccc(OC(=O)c5ccc(OCCCCCCCCCCCC)cc5)cc4)c3)cc2)cc1,67.0,,GREA,340.15,,1,0.0,black
polymer_1645,[*]CC([*])C(=O)OCCCCCCCCCCCOc1ccc(C(=O)Oc2ccc(-c3ccc(OC(C)CCCCCC)cc3)cc2)cc1,50.0,,GREA,323.15,,1,0.0,black
polymer_1646,[*]CC([*])C(=O)OCCCCCCCCCCCn1c2ccccc2c2ccccc21,15.0,,GREA,288.15,,1,0.0,black
polymer_1647,[*]CC([*])C(=O)OCCCCCCCCCCOC(=O)c1ccc(OC(=O)c2ccc(C#N)cc2)cc1,15.0,,GREA,288.15,,1,0.0,black
polymer_1648,[*]CC([*])C(=O)OCCCCCCCCCCOc1cnc(-c2ccc(OC(=O)C3COC(C)(C)O3)cc2)nc1,29.0,,GREA,302.15,,1,0.0,black
polymer_1649,[*]CC([*])C(=O)OCCCCCCCCCOC(=O)c1ccc(OC(=O)c2ccc(C#N)cc2)cc1,15.0,,GREA,288.15,,1,0.0,black
polymer_1650,[*]CC([*])C(=O)OCCCCCCCCOC(=O)c1ccc(OC(=O)c2ccc(C#N)cc2)cc1,15.0,,GREA,288.15,,1,0.0,black
polymer_1651,[*]CC([*])C(=O)OCCCCCCCCn1c2ccccc2c2ccccc21,12.0,,GREA,285.15,,1,0.0,black
polymer_1652,[*]CC([*])C(=O)OCCCCCCCOC(=O)c1ccc(OC(=O)c2ccc(C#N)cc2)cc1,20.0,,GREA,293.15,,1,0.0,black
polymer_1653,[*]CC([*])C(=O)OCCCCCCOC(=O)c1ccc(OC(=O)c2ccc(C#N)cc2)cc1,30.0,,GREA,303.15,,1,0.0,black
polymer_1654,[*]CC([*])C(=O)OCCCCCCOc1ccc(-c2ccc(C#N)cc2)cc1,45.0,,GREA,318.15,,1,0.0,black
polymer_1655,[*]CC([*])C(=O)OCCCCCCOc1ccc(/C=N/c2ccc(OCCCCC)cc2)c(O)c1,41.0,,GREA,314.15,,1,0.0,black
polymer_1656,[*]CC([*])C(=O)OCCCCCCOc1ccc(/N=N/c2ccc([N+](=O)[O-])cc2)cc1,35.80000000000001,,GREA,308.95,,1,0.0,black
polymer_1657,[*]CC([*])C(=O)OCCCCCCOc1ccc(C(=O)Oc2ccc(C#N)cc2)cc1,19.5,,GREA,292.65,,1,0.0,black
polymer_1658,[*]CC([*])C(=O)OCCCCCCOc1ccc(C(=O)Oc2ccc(OC)cc2)cc1,29.5,,GREA,302.65,,1,0.0,black
polymer_1659,[*]CC([*])C(=O)OCCCCCCSCC#N,-58.99999999999997,,GREA,214.15,,1,0.0,black
polymer_1660,[*]CC([*])C(=O)OCCCCCCn1c2ccccc2c2ccccc21,48.0,,GREA,321.15,,1,0.0,black
polymer_1661,[*]CC([*])C(=O)OCCCCCOC(=O)c1ccc(OC(=O)c2ccc(C#N)cc2)cc1,30.0,,GREA,303.15,,1,0.0,black
polymer_1662,[*]CC([*])C(=O)OCCCCCn1c2ccccc2c2ccccc21,53.0,,GREA,326.15,,1,0.0,black
polymer_1663,[*]CC([*])C(=O)OCCCCOC(=O)c1ccc(OC(=O)c2ccc(C#N)cc2)cc1,40.0,,GREA,313.15,,1,0.0,black
polymer_1664,[*]CC([*])C(=O)OCCCCOc1ccc(-c2ccc(C#N)cc2)cc1,30.0,,GREA,303.15,,1,0.0,black
polymer_1665,[*]CC([*])C(=O)OCCCCOc1ccc(/N=N/c2ccc([N+](=O)[O-])cc2)cc1,36.700000000000045,,GREA,309.85,,1,0.0,black
polymer_1666,[*]CC([*])C(=O)OCCCCSC,-69.99999999999997,,GREA,203.15,,1,0.0,black
polymer_1667,[*]CC([*])C(=O)OCCCCn1c2ccccc2c2ccccc21,68.0,,GREA,341.15,,1,0.0,black
polymer_1668,[*]CC([*])C(=O)OCCCOC,-66.49999999999997,,GREA,206.65,,1,0.0,black
polymer_1669,[*]CC([*])C(=O)OCCCOCC,-61.49999999999997,,GREA,211.65,,1,0.0,black
polymer_1670,[*]CC([*])C(=O)OCCCOc1ccc(-c2ccc(C#N)cc2)cc1,54.25,,GREA,327.4,,1,0.0,black
polymer_1671,[*]CC([*])C(=O)OCCCOc1ccc(/N=N/c2ccc([N+](=O)[O-])cc2)cc1,45.60000000000002,,GREA,318.75,,1,0.0,black
polymer_1672,[*]CC([*])C(=O)OCCCOc1ccc(C(=O)OCCCC(F)(F)C(F)(F)C(F)(F)C(F)(F)C(F)(F)C(F)(F)C(F)(F)C(F)(F)F)cc1,48.0,,GREA,321.15,,1,0.0,black
polymer_1673,[*]CC([*])C(=O)OCCCOc1ccc(C(=O)OCCCC(F)(F)C(F)(F)C(F)(F)C(F)(F)C(F)(F)C(F)(F)F)cc1,17.0,,GREA,290.15,,1,0.0,black
polymer_1674,[*]CC([*])C(=O)OCCCSC,-64.99999999999997,,GREA,208.15,,1,0.0,black
polymer_1675,[*]CC([*])C(=O)OCCCSCC,-75.99999999999997,,GREA,197.15,,1,0.0,black
polymer_1676,[*]CC([*])C(=O)OCCCSCCC#N,-57.99999999999997,,GREA,215.15,,1,0.0,black
polymer_1677,[*]CC([*])C(=O)OCCCn1c2ccccc2c2ccccc21,83.0,,GREA,356.15,,1,0.0,black
polymer_1678,[*]CC([*])C(=O)OCCN(C)C,-38.99999999999997,,GREA,234.15,,1,0.0,black
polymer_1679,[*]CC([*])C(=O)OCCN(CC)c1ccc(/N=N/c2ccc([N+](=O)[O-])cc2)cc1,102.0,,GREA,375.15,,1,0.0,black
polymer_1680,[*]CC([*])C(=O)OCCN(CC)c1ccc(/N=N/c2ccc([N+](=O)[O-])cc2Cl)cc1,87.0,,GREA,360.15,,1,0.0,black
polymer_1681,[*]CC([*])C(=O)OCCO,20.700000000000045,,GREA,293.85,,1,0.0,black
polymer_1682,[*]CC([*])C(=O)OCCOC,-33.99999999999997,,GREA,239.15,,1,0.0,black
polymer_1683,[*]CC([*])C(=O)OCCOC(=O)c1cc([N+](=O)[O-])cc([N+](=O)[O-])c1,60.80000000000001,,GREA,333.95,,1,0.0,black
polymer_1684,[*]CC([*])C(=O)OCCOC(F)(F)C(F)F,-21.99999999999997,,GREA,251.15,,1,0.0,black
polymer_1685,[*]CC([*])C(=O)OCCOCC,-49.99999999999997,,GREA,223.15,,1,0.0,black
polymer_1686,[*]CC([*])C(=O)OCCOCC(F)(F)C(F)(F)C(F)(F)F,-44.99999999999997,,GREA,228.15,,1,0.0,black
polymer_1687,[*]CC([*])C(=O)OCCOCC(F)(F)F,-37.99999999999997,,GREA,235.15,,1,0.0,black
polymer_1688,[*]CC([*])C(=O)OCCOCC1(CC)COC1,-16.0,,GREA,257.15,,1,0.0,black
polymer_1689,[*]CC([*])C(=O)OCCOCCOC(F)(F)C(F)F,-39.99999999999997,,GREA,233.15,,1,0.0,black
polymer_1690,[*]CC([*])C(=O)OCCOc1ccc(C(=O)Oc2ccc(OC(=O)c3ccc(OCCCC)cc3)cc2)cc1,45.0,,GREA,318.15,,1,0.0,black
polymer_1691,[*]CC([*])C(=O)OCCOc1ccc(C(=O)Oc2ccc(OC(=O)c3ccc(OCCCCC)cc3)cc2)cc1,46.0,,GREA,319.15,,1,0.0,black
polymer_1692,[*]CC([*])C(=O)OCCOc1ccc(C(=O)Oc2ccc(OC)cc2)cc1,70.0,,GREA,343.15,,1,0.0,black
polymer_1693,[*]CC([*])C(=O)OCCOc1ccc(C(C)(C)c2ccc(OCCO)cc2)cc1,22.0,,GREA,295.15,,1,0.0,black
polymer_1694,[*]CC([*])C(=O)OCCSC,-59.99999999999997,,GREA,213.15,,1,0.0,black
polymer_1695,[*]CC([*])C(=O)OCCSCC,-70.99999999999997,,GREA,202.15,,1,0.0,black
polymer_1696,[*]CC([*])C(=O)OCCSCC#N,-23.99999999999997,,GREA,249.15,,1,0.0,black
polymer_1697,[*]CC([*])C(=O)OCCSCCC#N,-49.99999999999997,,GREA,223.15,,1,0.0,black
polymer_1698,[*]CC([*])C(=O)OCCSCCCC#N,-57.99999999999997,,GREA,215.15,,1,0.0,black
polymer_1699,[*]CC([*])C(=O)OCCc1ccccc1,-3.0,,GREA,270.15,,1,0.0,black
polymer_1700,[*]CC([*])C(=O)OCCn1c2ccccc2c2ccccc21,106.80000000000001,,GREA,379.95,,1,0.0,black
polymer_1701,[*]CC([*])C(=O)OCF,15.0,,GREA,288.15,,1,0.0,black
polymer_1702,[*]CC([*])C(=O)OCc1c(Br)c(Br)c(Br)c(Br)c1Br,181.0,,GREA,454.15,,1,0.0,black
polymer_1703,[*]CC([*])C(=O)OCc1ccc(C#N)cc1,44.0,,GREA,317.15,,1,0.0,black
polymer_1704,[*]CC([*])C(=O)OCc1ccccc1,9.25,,GREA,282.4,,1,0.0,black
polymer_1705,[*]CC([*])C(=O)O[Na],114.40000000000003,,GREA,387.55,,1,0.0,black
polymer_1706,[*]CC([*])C(=O)Oc1c(Cl)c(Cl)c(Cl)c(Cl)c1Cl,145.0,,GREA,418.15,,1,0.0,black
polymer_1707,[*]CC([*])C(=O)Oc1c(F)c(F)c(F)c(F)c1F,64.0,,GREA,337.15,,1,0.0,black
polymer_1708,[*]CC([*])C(=O)Oc1cc(C)cc(C)c1,54.0,,GREA,327.15,,1,0.0,black
polymer_1709,[*]CC([*])C(=O)Oc1ccc(-c2ccccc2)cc1,110.0,,GREA,383.15,,1,0.0,black
polymer_1710,[*]CC([*])C(=O)Oc1ccc(/N=N/c2ccc(OC)cc2)cc1,140.0,,GREA,413.15,,1,0.0,black
polymer_1711,[*]CC([*])C(=O)Oc1ccc(/N=N/c2ccc([N+](=O)[O-])cc2)cc1,134.0,,GREA,407.15,,1,0.0,black
polymer_1712,[*]CC([*])C(=O)Oc1ccc(C#N)cc1,92.0,,GREA,365.15,,1,0.0,black
polymer_1713,[*]CC([*])C(=O)Oc1ccc(C(=O)O)cc1,125.0,,GREA,398.15,,1,0.0,black
polymer_1714,[*]CC([*])C(=O)Oc1ccc(C(=O)OC)cc1,67.0,,GREA,340.15,,1,0.0,black
polymer_1715,[*]CC([*])C(=O)Oc1ccc(C(=O)OCC)cc1,37.0,,GREA,310.15,,1,0.0,black
polymer_1716,[*]CC([*])C(=O)Oc1ccc(C(=O)OCCCC)cc1,13.0,,GREA,286.15,,1,0.0,black
polymer_1717,[*]CC([*])C(=O)Oc1ccc(C(=O)OCc2ccccc2)cc1,16.25,,GREA,289.4,,1,0.0,black
polymer_1718,[*]CC([*])C(=O)Oc1ccc(C(=O)Oc2ccc(OC(=O)c3ccc(OCCCC)cc3)cc2)cc1,47.0,,GREA,320.15,,1,0.0,black
polymer_1719,[*]CC([*])C(=O)Oc1ccc(C(=O)Oc2ccc(OC(=O)c3ccc(OCCCCC)cc3)cc2)cc1,48.0,,GREA,321.15,,1,0.0,black
polymer_1720,[*]CC([*])C(=O)Oc1ccc(C(=O)c2ccc(Cl)cc2)cc1,78.0,,GREA,351.15,,1,0.0,black
polymer_1721,[*]CC([*])C(=O)Oc1ccc(C(C)(C)C)cc1,71.0,,GREA,344.15,,1,0.0,black
polymer_1722,[*]CC([*])C(=O)Oc1ccc(C)cc1,42.5,,GREA,315.65,,1,0.0,black
polymer_1723,[*]CC([*])C(=O)Oc1ccc(Cl)cc1,330.0,,GREA,603.15,,1,0.0,black
polymer_1724,[*]CC([*])C(=O)Oc1ccc(Cl)cc1Cl,60.0,,GREA,333.15,,1,0.0,black
polymer_1725,[*]CC([*])C(=O)Oc1ccc(OC)cc1,50.5,,GREA,323.65,,1,0.0,black
polymer_1726,[*]CC([*])C(=O)Oc1ccc([N+](=O)[O-])cc1,73.30000000000001,,GREA,346.45,,1,0.0,black
polymer_1727,[*]CC([*])C(=O)Oc1cccc(C(=O)OC)c1,38.0,,GREA,311.15,,1,0.0,black
polymer_1728,[*]CC([*])C(=O)Oc1cccc(C(=O)OCC)c1,24.0,,GREA,297.15,,1,0.0,black
polymer_1729,[*]CC([*])C(=O)Oc1cccc(C)c1,24.5,,GREA,297.65,,1,0.0,black
polymer_1730,[*]CC([*])C(=O)Oc1cccc(N(C)C)c1,47.0,,GREA,320.15,,1,0.0,black
polymer_1731,[*]CC([*])C(=O)Oc1cccc2ccccc12,85.0,,GREA,358.15,,1,0.0,black
polymer_1732,[*]CC([*])C(=O)Oc1ccccc1,60.0,,GREA,333.15,,1,0.0,black
polymer_1733,[*]CC([*])C(=O)Oc1ccccc1C,51.5,,GREA,324.65,,1,0.0,black
polymer_1734,[*]CC([*])C(=O)Oc1ccccc1C(=O)OC,46.0,,GREA,319.15,,1,0.0,black
polymer_1735,[*]CC([*])C(=O)Oc1ccccc1C(=O)OCC,30.0,,GREA,303.15,,1,0.0,black
polymer_1736,[*]CC([*])C(=O)Oc1ccccc1C(C)(C)C,72.0,,GREA,345.15,,1,0.0,black
polymer_1737,[*]CC([*])C(=O)Oc1ccccc1Cl,318.0,,GREA,591.15,,1,0.0,black
polymer_1738,[*]CC([*])C(=O)c1ccc(Br)c(OC)c1,44.0,,GREA,317.15,,1,0.0,black
polymer_1739,[*]CC([*])C(=O)c1ccc(Br)cc1,101.5,,GREA,374.65,,1,0.0,black
polymer_1740,[*]CC([*])C(=O)c1ccc(C(C)(C)C)cc1,103.5,,GREA,376.65,,1,0.0,black
polymer_1741,[*]CC([*])C(=O)c1ccc(C(C)C)cc1,62.5,,GREA,335.65,,1,0.0,black
polymer_1742,[*]CC([*])C(=O)c1ccc(C)c(C)c1,42.0,,GREA,315.15,,1,0.0,black
polymer_1743,[*]CC([*])C(=O)c1ccc(C)cc1,59.5,,GREA,332.65,,1,0.0,black
polymer_1744,[*]CC([*])C(=O)c1ccc(CC)cc1,49.25,,GREA,322.4,,1,0.0,black
polymer_1745,[*]CC([*])C(=O)c1ccc(CCC)cc1,44.0,,GREA,317.15,,1,0.0,black
polymer_1746,[*]CC([*])C(=O)c1ccc(Cl)cc1,63.0,,GREA,336.15,,1,0.0,black
polymer_1747,[*]CC([*])C(=O)c1ccc(OC)cc1,46.0,,GREA,319.15,,1,0.0,black
polymer_1748,[*]CC([*])C(=O)n1c2ccccc2c2ccccc21,50.10000000000002,,GREA,323.25,,1,0.0,black
polymer_1749,[*]CC([*])C(C)=O,115.0,,GREA,388.15,,1,0.0,black
polymer_1750,[*]CC([*])C1=NCCN1,-48.349999999999966,,GREA,224.8,,1,0.0,black
polymer_1751,[*]CC([*])C1CCC(C(C)(C)C)CC1,131.0,,GREA,404.15,,1,0.0,black
polymer_1752,[*]CC([*])C1CCC(C)CC1,132.0,,GREA,405.15,,1,0.0,black
polymer_1753,[*]CC([*])C1CCCC(C)C1,141.0,,GREA,414.15,,1,0.0,black
polymer_1754,[*]CC([*])C1CCCCC1C,186.0,,GREA,459.15,,1,0.0,black
polymer_1755,[*]CC([*])CC(C)(C)C,190.0,,GREA,463.15,,1,0.0,black
polymer_1756,[*]CC([*])CC(C)C,35.200000000000045,,GREA,308.35,,1,0.0,black
polymer_1757,[*]CC([*])CC1CCCC1,60.0,,GREA,333.15,,1,0.0,black
polymer_1758,[*]CC([*])CC1CCCCC1,75.0,,GREA,348.15,,1,0.0,black
polymer_1759,[*]CC([*])CCC1CCCCC1,40.0,,GREA,313.15,,1,0.0,black
polymer_1760,[*]CC([*])CCCC,-49.99999999999997,,GREA,223.15,,1,0.0,black
polymer_1761,[*]CC([*])CCCCCCCC,-34.99999999999997,,GREA,238.15,,1,0.0,black
polymer_1762,[*]CC([*])CCCCCCCCCC,-6.0,,GREA,267.15,,1,0.0,black
polymer_1763,[*]CC([*])CCCCCCCCCCCC,10.0,,GREA,283.15,,1,0.0,black
polymer_1764,[*]CC([*])CCCCCCCCCCCCCC,-23.99999999999997,,GREA,249.15,,1,0.0,black
polymer_1765,[*]CC([*])CCCCCCCCCCCCCCCC,55.0,,GREA,328.15,,1,0.0,black
polymer_1766,[*]CC([*])CCCCCCCCCCCCCCCCCC,-87.99999999999997,,GREA,185.15,,1,0.0,black
polymer_1767,[*]CC([*])CCCCCCCCCI,-6.0,,GREA,267.15,,1,0.0,black
polymer_1768,[*]CC([*])CCCI,30.0,,GREA,303.15,,1,0.0,black
polymer_1769,[*]CC([*])CCI,70.0,,GREA,343.15,,1,0.0,black
polymer_1770,[*]CC([*])CC[Si](C)(C)C,132.0,,GREA,405.15,,1,0.0,black
polymer_1771,[*]CC([*])CCc1ccccc1,10.0,,GREA,283.15,,1,0.0,black
polymer_1772,[*]CC([*])CN,190.0,,GREA,463.15,,1,0.0,black
polymer_1773,[*]CC([*])CNc1ccc([N+](=O)[O-])c(C(F)(F)F)c1,153.0,,GREA,426.15,,1,0.0,black
polymer_1774,[*]CC([*])CNc1ccc([N+](=O)[O-])cc1,144.0,,GREA,417.15,,1,0.0,black
polymer_1775,[*]CC([*])CNc1ccc([N+](=O)[O-])cc1C,151.0,,GREA,424.15,,1,0.0,black
polymer_1776,[*]CC([*])CNc1ccc([N+](=O)[O-])cc1[N+](=O)[O-],160.0,,GREA,433.15,,1,0.0,black
polymer_1777,[*]CC([*])CNc1ccc([N+](=O)[O-])cn1,151.0,,GREA,424.15,,1,0.0,black
polymer_1778,[*]CC([*])CO,36.0,,GREA,309.15,,1,0.0,black
polymer_1779,[*]CC([*])C[Si](C)(C)C,114.0,,GREA,387.15,,1,0.0,black
polymer_1780,[*]CC([*])Cc1ccc(C)cc1,65.0,,GREA,338.15,,1,0.0,black
polymer_1781,[*]CC([*])Cc1cccc(C)c1,40.0,,GREA,313.15,,1,0.0,black
polymer_1782,[*]CC([*])Cc1ccccc1,70.0,,GREA,343.15,,1,0.0,black
polymer_1783,[*]CC([*])Cc1ccccc1C,80.0,,GREA,353.15,,1,0.0,black
polymer_1784,[*]CC([*])N,57.0,,GREA,330.15,,1,0.0,black
polymer_1785,[*]CC([*])N1CCCC1=S,80.0,,GREA,353.15,,1,0.0,black
polymer_1786,[*]CC([*])N1CCCCCC1=O,174.60000000000002,,GREA,447.75,,1,0.0,black
polymer_1787,[*]CC([*])NC(=O)OC(C)(C)C,120.0,,GREA,393.15,,1,0.0,black
polymer_1788,[*]CC([*])NC=O,150.0,,GREA,423.15,,1,0.0,black
polymer_1789,[*]CC([*])OC(=O)/C=C/c1ccccc1,127.0,,GREA,400.15,,1,0.0,black
polymer_1790,[*]CC([*])OC(=O)C(C)(C(C)C)C(C)C,120.0,,GREA,393.15,,1,0.0,black
polymer_1791,[*]CC([*])OC(=O)C(C)(C)C(C)(C)CC,90.0,,GREA,363.15,,1,0.0,black
polymer_1792,[*]CC([*])OC(=O)C(C)(C)C(C)C(C)C,55.0,,GREA,328.15,,1,0.0,black
polymer_1793,[*]CC([*])OC(=O)C(C)(C)CC(C)(C)C,55.0,,GREA,328.15,,1,0.0,black
polymer_1794,[*]CC([*])OC(=O)C(C)(C)CCC,10.0,,GREA,283.15,,1,0.0,black
polymer_1795,[*]CC([*])OC(=O)C(C)(CC)C(C)(C)C,120.0,,GREA,393.15,,1,0.0,black
polymer_1796,[*]CC([*])OC(=O)C(Cl)(Cl)Cl,59.0,,GREA,332.15,,1,0.0,black
polymer_1797,[*]CC([*])OC(=O)C(F)(F)C(F)(F)C(F)(F)C(F)(F)C(F)(F)C(F)(F)C(F)(F)C(F)(F)C(F)(F)F,-17.99999999999997,,GREA,255.15,,1,0.0,black
polymer_1798,[*]CC([*])OC(=O)C(F)(F)C(F)(F)C(F)(F)C(F)(F)C(F)(F)C(F)(F)C(F)(F)F,-10.0,,GREA,263.15,,1,0.0,black
polymer_1799,[*]CC([*])OC(=O)C(F)(F)C(F)(F)C(F)(F)C(F)(F)C(F)(F)F,-9.0,,GREA,264.15,,1,0.0,black
polymer_1800,[*]CC([*])OC(=O)C(F)(F)C(F)(F)C(F)(F)C(F)(F)F,20.0,,GREA,293.15,,1,0.0,black
polymer_1801,[*]CC([*])OC(=O)C(F)(F)C(F)(F)C(F)(F)F,27.0,,GREA,300.15,,1,0.0,black
polymer_1802,[*]CC([*])OC(=O)C(F)(F)C(F)(F)F,42.0,,GREA,315.15,,1,0.0,black
polymer_1803,[*]CC([*])OC(=O)C1(C)CCCCC1,86.0,,GREA,359.15,,1,0.0,black
polymer_1804,[*]CC([*])OC(=O)C1(F)C(F)(F)C(F)(F)C(F)(F)C(F)(F)C1(F)F,54.0,,GREA,327.15,,1,0.0,black
polymer_1805,[*]CC([*])OC(=O)C1CCCC1,36.0,,GREA,309.15,,1,0.0,black
polymer_1806,[*]CC([*])OC(=O)C1CCCCC1,66.0,,GREA,339.15,,1,0.0,black
polymer_1807,[*]CC([*])OC(=O)C=Cc1ccccc1,76.85000000000002,poly(vinyl cinnamate),Uchicago,350,,1,0.0,black
polymer_1808,[*]CC([*])OC(=O)CC(C)(C)c1ccccc1,20.0,,GREA,293.15,,1,0.0,black
polymer_1809,[*]CC([*])OC(=O)CC1CCCC1,-3.0,,GREA,270.15,,1,0.0,black
polymer_1810,[*]CC([*])OC(=O)CC1CCCCC1,25.0,,GREA,298.15,,1,0.0,black
polymer_1811,[*]CC([*])OC(=O)CCCC(=O)c1ccccc1,45.0,,GREA,318.15,,1,0.0,black
polymer_1812,[*]CC([*])OC(=O)CCCC1CCCCC1,-10.0,,GREA,263.15,,1,0.0,black
polymer_1813,[*]CC([*])OC(=O)CCl,20.450000000000045,,GREA,293.6,,1,0.0,black
polymer_1814,[*]CC([*])OC(=O)OC([2H])([2H])[2H],55.0,,GREA,328.15,,1,0.0,black
polymer_1815,[*]CC([*])OC(=O)OCC(Cl)(Cl)Cl,74.0,,GREA,347.15,,1,0.0,black
polymer_1816,[*]CC([*])OC(=O)OCC(F)(F)F,57.0,,GREA,330.15,,1,0.0,black
polymer_1817,[*]CC([*])OC(=O)OCCC(F)(F)C(F)(F)C(F)(F)C(F)(F)C(F)(F)C(F)(F)F,37.0,,GREA,310.15,,1,0.0,black
polymer_1818,[*]CC([*])OC(=O)c1ccc(Br)cc1,85.5,,GREA,358.65,,1,0.0,black
polymer_1819,[*]CC([*])OC(=O)c1ccc(C(C)(C)C)cc1,121.0,,GREA,394.15,,1,0.0,black
polymer_1820,[*]CC([*])OC(=O)c1ccc(C(C)C)cc1,67.70000000000005,,GREA,340.85,,1,0.0,black
polymer_1821,[*]CC([*])OC(=O)c1ccc(C)cc1,73.5,,GREA,346.65,,1,0.0,black
polymer_1822,[*]CC([*])OC(=O)c1ccc(CC)cc1,57.0,,GREA,330.15,,1,0.0,black
polymer_1823,[*]CC([*])OC(=O)c1ccc(Cl)cc1,70.25,,GREA,343.4,,1,0.0,black
polymer_1824,[*]CC([*])OC(=O)c1ccc(OC(=O)CCC)cc1,61.0,,GREA,334.15,,1,0.0,black
polymer_1825,[*]CC([*])OC(=O)c1ccc(OC(C)=O)cc1,76.0,,GREA,349.15,,1,0.0,black
polymer_1826,[*]CC([*])OC(=O)c1ccc(OC)cc1,86.5,,GREA,359.65,,1,0.0,black
polymer_1827,[*]CC([*])OC(=O)c1ccc(OCC)cc1,70.0,,GREA,343.15,,1,0.0,black
polymer_1828,[*]CC([*])OC(=O)c1ccc([Si](C)(C)C)cc1,130.5,,GREA,403.65,,1,0.0,black
polymer_1829,[*]CC([*])OC(=O)c1cccc(Br)c1,57.5,,GREA,330.65,,1,0.0,black
polymer_1830,[*]CC([*])OC(=O)c1cccc(C)c1,49.0,,GREA,322.15,,1,0.0,black
polymer_1831,[*]CC([*])OC(=O)c1cccc(Cl)c1,61.75,,GREA,334.9,,1,0.0,black
polymer_1832,[*]CC([*])OC(=O)c1cccc(OC)c1,44.0,,GREA,317.15,,1,0.0,black
polymer_1833,[*]CC([*])OC(=O)c1cccc([N+](=O)[O-])c1,93.0,,GREA,366.15,,1,0.0,black
polymer_1834,[*]CC([*])OC(=O)c1cccc([Si](C)(C)C)c1,80.0,,GREA,353.15,,1,0.0,black
polymer_1835,[*]CC([*])OC(=O)c1ccccc1,70.40000000000003,,GREA,343.55,,1,0.0,black
polymer_1836,[*]CC([*])OC(=O)c1ccccc1C,42.5,,GREA,315.65,,1,0.0,black
polymer_1837,[*]CC([*])OC(=O)c1ccccc1Cl,55.75,,GREA,328.9,,1,0.0,black
polymer_1838,[*]CC([*])OC(=O)c1ccccc1OC,65.0,,GREA,338.15,,1,0.0,black
polymer_1839,[*]CC([*])OC(=O)c1ccccc1OC(C)=O,59.5,,GREA,332.65,,1,0.0,black
polymer_1840,[*]CC([*])OC(=O)c1cccnc1,86.5,,GREA,359.65,,1,0.0,black
polymer_1841,[*]CC([*])OC(=O)c1ccncc1,98.5,,GREA,371.65,,1,0.0,black
polymer_1842,[*]CC([*])OC(=O)c1nn(C(C)=O)c2ccccc12,150.0,,GREA,423.15,,1,0.0,black
polymer_1843,[*]CC([*])OC(F)(C(F)(F)F)C(F)(F)F,65.0,,GREA,338.15,,1,0.0,black
polymer_1844,[*]CC([*])OCC(C)(C)CC,9.0,,GREA,282.15,,1,0.0,black
polymer_1845,[*]CC([*])OCC(CC)CCCC,-65.99999999999997,,GREA,207.15,,1,0.0,black
polymer_1846,[*]CC([*])OCCC,-49.14999999999998,Poly(propyl vinyl ether),Nguyen,224,,1,0.0,black
polymer_1847,[*]CC([*])OCCCCCCCCCCCOc1ccc(C(=O)Oc2ccc(C#N)cc2)cc1,37.0,,GREA,310.15,,1,0.0,black
polymer_1848,[*]CC([*])OCCCCCCCCCCCOc1ccc(C(=O)Oc2ccc(OCC)cc2)cc1,37.0,,GREA,310.15,,1,0.0,black
polymer_1849,[*]CC([*])OCCCCCCCOc1ccc(-c2ccc(C#N)cc2)cc1,13.0,,GREA,286.15,,1,0.0,black
polymer_1850,[*]CC([*])OCCOCCOCCOC,-75.99999999999997,,GREA,197.15,,1,0.0,black
polymer_1851,[*]CC([*])OCCOc1ccc(/C=C(\C#N)C(=O)OC)cc1,47.0,,GREA,320.15,,1,0.0,black
polymer_1852,[*]CC([*])OCCOc1ccc(/N=N/c2ccc(C#N)cc2)cc1,61.0,,GREA,334.15,,1,0.0,black
polymer_1853,[*]CC([*])OCCOc1ccc(/N=N/c2ccc([N+](=O)[O-])cc2)cc1,54.0,,GREA,327.15,,1,0.0,black
polymer_1854,[*]CC([*])OCCOc1ccc(C=C(C#N)C#N)cc1,38.0,,GREA,311.15,,1,0.0,black
polymer_1855,[*]CC([*])O[N+](=O)[O-],37.5,,GREA,310.65,,1,0.0,black
polymer_1856,[*]CC([*])P(=O)(N(C)C)N(C)C,25.0,,GREA,298.15,,1,0.0,black
polymer_1857,[*]CC([*])P(=O)(O)O,88.0,,GREA,361.15,,1,0.0,black
polymer_1858,[*]CC([*])P(=O)(OCC)N(C)C,32.0,,GREA,305.15,,1,0.0,black
polymer_1859,[*]CC([*])P(=O)(Oc1ccccc1)N(C)C,27.0,,GREA,300.15,,1,0.0,black
polymer_1860,[*]CC([*])P(=O)(c1ccccc1)c1ccccc1,127.5,,GREA,400.65,,1,0.0,black
polymer_1861,[*]CC([*])S(=O)(=O)c1ccccc1,128.0,,GREA,401.15,,1,0.0,black
polymer_1862,[*]CC([*])SCC,-7.0,,GREA,266.15,,1,0.0,black
polymer_1863,[*]CC([*])SCCCC,-19.99999999999997,,GREA,253.15,,1,0.0,black
polymer_1864,[*]CC([*])[Si](C)(C)C,137.0,,GREA,410.15,,1,0.0,black
polymer_1865,[*]CC([*])[Si](C)(C)Cc1ccccc1,-23.99999999999997,,GREA,249.15,,1,0.0,black
polymer_1866,[*]CC([*])c1c(C)cc(C)cc1C,126.0,,GREA,399.15,,1,0.0,black
polymer_1867,[*]CC([*])c1c(Cl)cccc1Cl,165.0,,GREA,438.15,,1,0.0,black
polymer_1868,[*]CC([*])c1c(F)c(F)c(C(F)(F)F)c(F)c1F,112.0,,GREA,385.15,,1,0.0,black
polymer_1869,[*]CC([*])c1c(F)c(F)c(OC)c(F)c1F,94.0,,GREA,367.15,,1,0.0,black
polymer_1870,[*]CC([*])c1c(F)c(F)c(OCC(F)(F)C(F)(F)C(F)(F)C(F)(F)C(F)(F)C(F)(F)C(F)(F)F)c(F)c1F,21.0,,GREA,294.15,,1,0.0,black
polymer_1871,[*]CC([*])c1c(F)c(F)c(OCC(F)(F)C(F)(F)F)c(F)c1F,61.0,,GREA,334.15,,1,0.0,black
polymer_1872,[*]CC([*])c1c(F)c(F)c(P(=O)(O)O)c(F)c1F,330.0,,GREA,603.15,,1,0.0,black
polymer_1873,[*]CC([*])c1c([2H])c([2H])c([2H])c([2H])c1[2H],100.0,,GREA,373.15,,1,0.0,black
polymer_1874,[*]CC([*])c1cc(-c2ccc(C(=O)OC(C)CC)cc2)ccc1-c1ccc(C(=O)OC(C)CC)cc1,212.5,,GREA,485.65,,1,0.0,black
polymer_1875,[*]CC([*])c1cc(-c2ccc(C(=O)OC(C)CCCCCC)cc2)ccc1-c1ccc(C(=O)OC(C)CCCCCC)cc1,102.0,,GREA,375.15,,1,0.0,black
polymer_1876,[*]CC([*])c1cc(-c2ccc(C(=O)OC3CC(C)CCC3C(C)C)cc2)ccc1-c1ccc(C(=O)OC2CC(C)CCC2C(C)C)cc1,217.5,,GREA,490.65,,1,0.0,black
polymer_1877,[*]CC([*])c1cc(Br)ccc1OC,86.0,,GREA,359.15,,1,0.0,black
polymer_1878,[*]CC([*])c1cc(Br)ccc1OC(C)C,35.0,,GREA,308.15,,1,0.0,black
polymer_1879,[*]CC([*])c1cc(Br)ccc1OCC,80.0,,GREA,353.15,,1,0.0,black
polymer_1880,[*]CC([*])c1cc(Br)ccc1OCCC,54.0,,GREA,327.15,,1,0.0,black
polymer_1881,[*]CC([*])c1cc(Br)ccc1OCCC(C)C,37.0,,GREA,310.15,,1,0.0,black
polymer_1882,[*]CC([*])c1cc(Br)ccc1OCCCC,47.0,,GREA,320.15,,1,0.0,black
polymer_1883,[*]CC([*])c1cc(Br)ccc1OCCCCC,49.0,,GREA,322.15,,1,0.0,black
polymer_1884,[*]CC([*])c1cc(C(=O)OC)ccc1-c1ccc(OCCCCCCCC)cc1,126.0,,GREA,399.15,,1,0.0,black
polymer_1885,[*]CC([*])c1cc(C(=O)OCC)ccc1-c1ccc(OCCCCCCCC)cc1,95.0,,GREA,368.15,,1,0.0,black
polymer_1886,[*]CC([*])c1cc(C(=O)OCCCC)ccc1-c1ccc(OCCCCCCCC)cc1,74.0,,GREA,347.15,,1,0.0,black
polymer_1887,[*]CC([*])c1cc(C(=O)OCCCCCC)ccc1-c1ccc(OCCCCCCCC)cc1,64.0,,GREA,337.15,,1,0.0,black
polymer_1888,[*]CC([*])c1cc(C(=O)OCCCCCCCC)ccc1-c1ccc(OCCCCCCCC)cc1,57.0,,GREA,330.15,,1,0.0,black
polymer_1889,[*]CC([*])c1cc(C(=O)OCCCCCCCCCC)ccc1-c1ccc(OCCCCCCCC)cc1,44.0,,GREA,317.15,,1,0.0,black
polymer_1890,[*]CC([*])c1cc(C(=O)OCCCCCCCCCCCC)ccc1-c1ccc(OCCCCCCCC)cc1,42.0,,GREA,315.15,,1,0.0,black
polymer_1891,[*]CC([*])c1cc(C(=O)Oc2ccc(OC)cc2)ccc1C(=O)Oc1ccc(OC)cc1,115.0,,GREA,388.15,,1,0.0,black
polymer_1892,[*]CC([*])c1cc(C(=O)Oc2ccc(OCCCC)cc2)ccc1C(=O)Oc1ccc(OCCCC)cc1,103.60000000000002,,GREA,376.75,,1,0.0,black
polymer_1893,[*]CC([*])c1cc(C(C)(C)C)ccc1C,87.0,,GREA,360.15,,1,0.0,black
polymer_1894,[*]CC([*])c1cc(C(F)(F)F)cc(C(F)(F)F)c1,116.0,,GREA,389.15,,1,0.0,black
polymer_1895,[*]CC([*])c1cc(C)c(C)cc1C,104.0,,GREA,377.15,,1,0.0,black
polymer_1896,[*]CC([*])c1cc(C)cc(C)c1,112.0,,GREA,385.15,,1,0.0,black
polymer_1897,[*]CC([*])c1cc(Cl)ccc1Cl,108.0,,GREA,381.15,,1,0.0,black
polymer_1898,[*]CC([*])c1cc(OC)c(O)c(OC)c1,147.0,,GREA,420.15,,1,0.0,black
polymer_1899,[*]CC([*])c1cc(OC)c(OC(C)=O)c(OC)c1,147.0,,GREA,420.15,,1,0.0,black
polymer_1900,[*]CC([*])c1cc[n+](CCCCCCCC)cc1,206.20000000000005,,GREA,479.35,,1,0.0,black
polymer_1901,[*]CC([*])c1ccc(-c2ccc3c(c2)C(CCCCCC)(CCCCCC)c2cc(-c4ccc5c(c4)C(CCCCCC)(CCCCCC)c4ccccc4-5)ccc2-3)cc1,78.60000000000002,,GREA,351.75,,1,0.0,black
polymer_1902,[*]CC([*])c1ccc(-c2ccc3c(c2)C(CCCCCC)(CCCCCC)c2ccccc2-3)cc1,81.25,,GREA,354.4,,1,0.0,black
polymer_1903,[*]CC([*])c1ccc(-c2cccc3nsnc23)cc1,150.0,,GREA,423.15,,1,0.0,black
polymer_1904,[*]CC([*])c1ccc(/C(C)=N/O)cc1,134.0,,GREA,407.15,,1,0.0,black
polymer_1905,[*]CC([*])c1ccc(/C(Cc2ccccc2)=N/O)cc1,111.0,,GREA,384.15,,1,0.0,black
polymer_1906,[*]CC([*])c1ccc(B(O[Si](C)(C)C)O[Si](C)(C)C)cc1,84.0,,GREA,357.15,,1,0.0,black
polymer_1907,[*]CC([*])c1ccc(B(Oc2ccc(-c3c(F)c(F)c(F)c(F)c3F)c3cccnc23)c2ccc(C(C)(C)C)cc2)cc1,245.0,,GREA,518.15,,1,0.0,black
polymer_1908,[*]CC([*])c1ccc(B(Oc2ccc(-c3ccc(N(C)C)cc3)c3cccnc23)c2ccc(C(C)(C)C)cc2)cc1,230.0,,GREA,503.15,,1,0.0,black
polymer_1909,[*]CC([*])c1ccc(B(Oc2ccc(-c3ccc(OC)cc3)c3cccnc23)c2ccc(C(C)(C)C)cc2)cc1,220.0,,GREA,493.15,,1,0.0,black
polymer_1910,[*]CC([*])c1ccc(B(Oc2ccc(B3OC(C)(C)C(C)(C)O3)c3cccnc23)c2ccc(C(C)(C)C)cc2)cc1,275.0,,GREA,548.15,,1,0.0,black
polymer_1911,[*]CC([*])c1ccc(B(Oc2ccc(Cl)c3cccnc23)c2ccc(C(C)(C)C)cc2)cc1,238.0,,GREA,511.15,,1,0.0,black
polymer_1912,[*]CC([*])c1ccc(B(Oc2cccc3cccnc23)c2ccc(C(C)(C)C)cc2)cc1,240.0,,GREA,513.15,,1,0.0,black
polymer_1913,[*]CC([*])c1ccc(C#N)cc1,180.0,,GREA,453.15,,1,0.0,black
polymer_1914,[*]CC([*])c1ccc(C(=O)C(F)(F)F)cc1,95.0,,GREA,368.15,,1,0.0,black
polymer_1915,[*]CC([*])c1ccc(C(=O)CC)cc1,102.0,,GREA,375.15,,1,0.0,black
polymer_1916,[*]CC([*])c1ccc(C(=O)CCC)cc1,74.0,,GREA,347.15,,1,0.0,black
polymer_1917,[*]CC([*])c1ccc(C(=O)CCCC)cc1,70.0,,GREA,343.15,,1,0.0,black
polymer_1918,[*]CC([*])c1ccc(C(=O)CCCCC)cc1,66.0,,GREA,339.15,,1,0.0,black
polymer_1919,[*]CC([*])c1ccc(C(=O)CCCCCCC)cc1,50.0,,GREA,323.15,,1,0.0,black
polymer_1920,[*]CC([*])c1ccc(C(=O)CCN2CCCCC2)cc1,38.0,,GREA,311.15,,1,0.0,black
polymer_1921,[*]CC([*])c1ccc(C(=O)CCN2CCOCC2)cc1,41.0,,GREA,314.15,,1,0.0,black
polymer_1922,[*]CC([*])c1ccc(C(=O)Cc2ccccc2)cc1,78.0,,GREA,351.15,,1,0.0,black
polymer_1923,[*]CC([*])c1ccc(C(=O)N(C)C)cc1,125.0,,GREA,398.15,,1,0.0,black
polymer_1924,[*]CC([*])c1ccc(C(=O)N(CC)CC)cc1,102.0,,GREA,375.15,,1,0.0,black
polymer_1925,[*]CC([*])c1ccc(C(=O)N2CCCCC2)cc1,114.0,,GREA,387.15,,1,0.0,black
polymer_1926,[*]CC([*])c1ccc(C(=O)N2CCOCC2)cc1,127.0,,GREA,400.15,,1,0.0,black
polymer_1927,[*]CC([*])c1ccc(C(=O)OC(C)C)cc1,95.0,,GREA,368.15,,1,0.0,black
polymer_1928,[*]CC([*])c1ccc(C(=O)OCC(C)C)cc1,90.0,,GREA,363.15,,1,0.0,black
polymer_1929,[*]CC([*])c1ccc(C(=O)OCC)cc1,94.0,,GREA,367.15,,1,0.0,black
polymer_1930,[*]CC([*])c1ccc(C(=O)OCCC)cc1,92.0,,GREA,365.15,,1,0.0,black
polymer_1931,[*]CC([*])c1ccc(C(=O)OCCCC)cc1,76.0,,GREA,349.15,,1,0.0,black
polymer_1932,[*]CC([*])c1ccc(C(=O)OCCCCCC)cc1,66.0,,GREA,339.15,,1,0.0,black
polymer_1933,[*]CC([*])c1ccc(C(=O)OCCN(C)C)cc1,91.0,,GREA,364.15,,1,0.0,black
polymer_1934,[*]CC([*])c1ccc(C(=O)OCCN(CC)CC)cc1,74.0,,GREA,347.15,,1,0.0,black
polymer_1935,[*]CC([*])c1ccc(C(=O)c2ccc(OC)cc2)cc1,103.0,,GREA,376.15,,1,0.0,black
polymer_1936,[*]CC([*])c1ccc(C(=O)c2ccccc2)cc1,98.0,,GREA,371.15,,1,0.0,black
polymer_1937,[*]CC([*])c1ccc(C(C)(C)O)cc1,170.0,,GREA,443.15,,1,0.0,black
polymer_1938,[*]CC([*])c1ccc(C(C)(O)CC)cc1,190.0,,GREA,463.15,,1,0.0,black
polymer_1939,[*]CC([*])c1ccc(C(C)(O)CCC)cc1,135.0,,GREA,408.15,,1,0.0,black
polymer_1940,[*]CC([*])c1ccc(C(C)(O)CCCC)cc1,90.0,,GREA,363.15,,1,0.0,black
polymer_1941,[*]CC([*])c1ccc(C(C)(O)CCCCC)cc1,100.0,,GREA,373.15,,1,0.0,black
polymer_1942,[*]CC([*])c1ccc(C(C)=O)cc1,115.5,,GREA,388.65,,1,0.0,black
polymer_1943,[*]CC([*])c1ccc(C(C)C)cc1,62.400000000000034,,GREA,335.55,,1,0.0,black
polymer_1944,[*]CC([*])c1ccc(C(F)(F)C(F)(F)C(F)(F)C(F)(F)C(F)(F)C(F)(F)C(F)(F)F)cc1,42.0,,GREA,315.15,,1,0.0,black
polymer_1945,[*]CC([*])c1ccc(C(O)C(F)(F)F)cc1,110.0,,GREA,383.15,,1,0.0,black
polymer_1946,[*]CC([*])c1ccc(C(O)CCN(C)C)cc1,43.0,,GREA,316.15,,1,0.0,black
polymer_1947,[*]CC([*])c1ccc(C(O)CCN2CCCCC2)cc1,54.0,,GREA,327.15,,1,0.0,black
polymer_1948,[*]CC([*])c1ccc(C(O)CCN2CCOCC2)cc1,50.0,,GREA,323.15,,1,0.0,black
polymer_1949,[*]CC([*])c1ccc(C([Si](C)(C)C)[Si](C)(C)C)cc1,156.0,,GREA,429.15,,1,0.0,black
polymer_1950,[*]CC([*])c1ccc(C([Sn](C)(C)C)[Sn](C)(C)C)cc1,140.0,,GREA,413.15,,1,0.0,black
polymer_1951,[*]CC([*])c1ccc(C)nc1,136.0,,GREA,409.15,,1,0.0,black
polymer_1952,[*]CC([*])c1ccc(CC)cc1,71.40000000000003,,GREA,344.55,,1,0.0,black
polymer_1953,[*]CC([*])c1ccc(CCC(F)(F)C(F)(F)C(F)(F)C(F)(F)F)cc1,23.0,,GREA,296.15,,1,0.0,black
polymer_1954,[*]CC([*])c1ccc(CCC)cc1,46.75,,GREA,319.9,,1,0.0,black
polymer_1955,[*]CC([*])c1ccc(CCCCCC)cc1,-26.99999999999997,,GREA,246.15,,1,0.0,black
polymer_1956,[*]CC([*])c1ccc(CCCCCCCC)cc1,-44.99999999999997,,GREA,228.15,,1,0.0,black
polymer_1957,[*]CC([*])c1ccc(CCCCCCCCC)cc1,-52.99999999999997,,GREA,220.15,,1,0.0,black
polymer_1958,[*]CC([*])c1ccc(CCCCCCCCCC)cc1,-64.99999999999997,,GREA,208.15,,1,0.0,black
polymer_1959,[*]CC([*])c1ccc(CCCCCCCCCCCC)cc1,-51.99999999999997,,GREA,221.15,,1,0.0,black
polymer_1960,[*]CC([*])c1ccc(CCCCCCCCCCCCCC)cc1,-35.99999999999997,,GREA,237.15,,1,0.0,black
polymer_1961,[*]CC([*])c1ccc(CCCCCCCCCCCCCCCC)cc1,4.5,,GREA,277.65,,1,0.0,black
polymer_1962,[*]CC([*])c1ccc(CCCCCCCCCCCCCCCCCC)cc1,32.0,,GREA,305.15,,1,0.0,black
polymer_1963,[*]CC([*])c1ccc(CCl)cc1,113.5,,GREA,386.65,,1,0.0,black
polymer_1964,[*]CC([*])c1ccc(COC(C)CC)cc1,40.0,,GREA,313.15,,1,0.0,black
polymer_1965,[*]CC([*])c1ccc(COCC(CC)CCCC)cc1,-22.99999999999997,,GREA,250.15,,1,0.0,black
polymer_1966,[*]CC([*])c1ccc(COCC(F)(F)C(F)(F)C(F)(F)C(F)(F)F)cc1,23.0,,GREA,296.15,,1,0.0,black
polymer_1967,[*]CC([*])c1ccc(COCCC(F)(F)C(F)(F)C(F)(F)C(F)(F)C(F)(F)C(F)(F)C(F)(F)C(F)(F)F)cc1,55.0,,GREA,328.15,,1,0.0,black
polymer_1968,[*]CC([*])c1ccc(COCCC(F)(F)C(F)(F)C(F)(F)C(F)(F)C(F)(F)C(F)(F)F)cc1,18.0,,GREA,291.15,,1,0.0,black
polymer_1969,[*]CC([*])c1ccc(COCCC(F)(F)C(F)(F)C(F)(F)C(F)(F)F)cc1,13.0,,GREA,286.15,,1,0.0,black
polymer_1970,[*]CC([*])c1ccc(COCCCC)cc1,10.0,,GREA,283.15,,1,0.0,black
polymer_1971,[*]CC([*])c1ccc(COCCCCCC)cc1,-19.99999999999997,,GREA,253.15,,1,0.0,black
polymer_1972,[*]CC([*])c1ccc(COCCCCO)cc1,20.0,,GREA,293.15,,1,0.0,black
polymer_1973,[*]CC([*])c1ccc(COCCO)cc1,46.0,,GREA,319.15,,1,0.0,black
polymer_1974,[*]CC([*])c1ccc(COCCOCC)cc1,0.0,,GREA,273.15,,1,0.0,black
polymer_1975,[*]CC([*])c1ccc(COCCOCCCC)cc1,-37.99999999999997,,GREA,235.15,,1,0.0,black
polymer_1976,[*]CC([*])c1ccc(COCCOCCCCCCCC)cc1,-41.99999999999997,,GREA,231.15,,1,0.0,black
polymer_1977,[*]CC([*])c1ccc(COc2ccc(-c3ccc(-c4ccc(-c5ccc(CCCCCC)s5)s4)c4nsnc34)cc2)cc1,122.0,,GREA,395.15,,1,0.0,black
polymer_1978,[*]CC([*])c1ccc(COc2ccc(-c3ccc(-c4ccc(C)cc4)c4nsnc34)cc2)cc1,117.0,,GREA,390.15,,1,0.0,black
polymer_1979,[*]CC([*])c1ccc(COc2ccc(-c3ccc(-c4ccc(C)s4)c4nsnc34)cc2)cc1,130.0,,GREA,403.15,,1,0.0,black
polymer_1980,[*]CC([*])c1ccc(COc2ccc(-c3ccc(C#N)cc3)cc2)cc1,132.0,,GREA,405.15,,1,0.0,black
polymer_1981,[*]CC([*])c1ccc(C[Si](C)(C)C)cc1,82.0,,GREA,355.15,,1,0.0,black
polymer_1982,[*]CC([*])c1ccc(Cl)c(C)c1,114.0,,GREA,387.15,,1,0.0,black
polymer_1983,[*]CC([*])c1ccc(Cl)c(Cl)c1,128.0,,GREA,401.15,,1,0.0,black
polymer_1984,[*]CC([*])c1ccc(Cl)c([N+](=O)[O-])c1,132.90000000000003,,GREA,406.05,,1,0.0,black
polymer_1985,[*]CC([*])c1ccc(Cl)cc1C,145.0,,GREA,418.15,,1,0.0,black
polymer_1986,[*]CC([*])c1ccc(Cn2c3ccccc3c3ccccc32)cc1,166.0,,GREA,439.15,,1,0.0,black
polymer_1987,[*]CC([*])c1ccc(I)cc1,158.0,,GREA,431.15,,1,0.0,black
polymer_1988,[*]CC([*])c1ccc(N(c2ccccc2)c2ccccc2)cc1,123.5,,GREA,396.65,,1,0.0,black
polymer_1989,[*]CC([*])c1ccc(O)c(OC)c1,142.0,,GREA,415.15,,1,0.0,black
polymer_1990,[*]CC([*])c1ccc(OC(C)=O)c(OC)c1,115.0,,GREA,388.15,,1,0.0,black
polymer_1991,[*]CC([*])c1ccc(OCC)cc1,86.0,,GREA,359.15,,1,0.0,black
polymer_1992,[*]CC([*])c1ccc(OCCC(C)C)cc1,57.0,,GREA,330.15,,1,0.0,black
polymer_1993,[*]CC([*])c1ccc(OCCOCCOC(C)=O)cc1,-3.0,,GREA,270.15,,1,0.0,black
polymer_1994,[*]CC([*])c1ccc(OP2(OCCOCCOCCOC)=NP(OCCOCCOCCOC)(OCCOCCOCCOC)=NP(OCCOCCOCCOC)(OCCOCCOCCOC)=N2)cc1,-45.99999999999997,,GREA,227.15,,1,0.0,black
polymer_1995,[*]CC([*])c1ccc(Oc2ccccc2)cc1,85.0,,GREA,358.15,,1,0.0,black
polymer_1996,[*]CC([*])c1ccc(S(=O)(=O)OCCC)cc1,217.0,,GREA,490.15,,1,0.0,black
polymer_1997,[*]CC([*])c1ccc([SiH](C)C)cc1,105.0,,GREA,378.15,,1,0.0,black
polymer_1998,[*]CC([*])c1ccc([Si](C)(C)C)cc1,136.0,,GREA,409.15,,1,0.0,black
polymer_1999,[*]CC([*])c1ccc([Si](C)(C)O)cc1,147.0,,GREA,420.15,,1,0.0,black
polymer_2000,[*]CC([*])c1ccc([Si](C)(C)OC(C)C)cc1,180.0,,GREA,453.15,,1,0.0,black
polymer_2001,[*]CC([*])c1ccc([Si](C)(C)O[Si](C)(C)C)cc1,35.5,,GREA,308.65,,1,0.0,black
polymer_2002,[*]CC([*])c1ccc([Si](C)(C)O[Si](C)(C)O[Si](C)(C)C)cc1,-26.99999999999997,,GREA,246.15,,1,0.0,black
polymer_2003,[*]CC([*])c1ccc([Si](C)(O[Si](C)(C)C)O[Si](C)(C)C)cc1,54.0,,GREA,327.15,,1,0.0,black
polymer_2004,[*]CC([*])c1ccc([Si](O[Si](C)(C)C)(O[Si](C)(C)C)O[Si](C)(C)C)cc1,114.0,,GREA,387.15,,1,0.0,black
polymer_2005,[*]CC([*])c1ccc2c(c1)OCO2,138.0,,GREA,411.15,,1,0.0,black
polymer_2006,[*]CC([*])c1ccc2ccccc2c1,146.5,,GREA,419.65,,1,0.0,black
polymer_2007,[*]CC([*])c1cccc(B(O[Si](C)(C)C)O[Si](C)(C)C)c1,35.0,,GREA,308.15,,1,0.0,black
polymer_2008,[*]CC([*])c1cccc(Br)c1,102.0,,GREA,375.15,,1,0.0,black
polymer_2009,[*]CC([*])c1cccc(C)n1,92.0,,GREA,365.15,,1,0.0,black
polymer_2010,[*]CC([*])c1cccc(Cl)c1,90.0,,GREA,363.15,,1,0.0,black
polymer_2011,[*]CC([*])c1cccc(F)c1,86.0,,GREA,359.15,,1,0.0,black
polymer_2012,[*]CC([*])c1cccc(N(c2ccc(C)cc2)c2ccc(C)cc2)c1,126.5,,GREA,399.65,,1,0.0,black
polymer_2013,[*]CC([*])c1cccc(NC(C)=O)c1,163.0,,GREA,436.15,,1,0.0,black
polymer_2014,[*]CC([*])c1cccc(O)c1,169.0,,GREA,442.15,,1,0.0,black
polymer_2015,[*]CC([*])c1cccc(OC(C)=O)c1,76.0,,GREA,349.15,,1,0.0,black
polymer_2016,[*]CC([*])c1cccc2c1OCO2,119.0,,GREA,392.15,,1,0.0,black
polymer_2017,[*]CC([*])c1cccc2ccccc12,160.0,,GREA,433.15,,1,0.0,black
polymer_2018,[*]CC([*])c1ccccc1Br,149.0,,GREA,422.15,,1,0.0,black
polymer_2019,[*]CC([*])c1ccccc1C,131.0,,GREA,404.15,,1,0.0,black
polymer_2020,[*]CC([*])c1ccccc1C(=O)N(C)C,190.0,,GREA,463.15,,1,0.0,black
polymer_2021,[*]CC([*])c1ccccc1C(=O)NC,189.0,,GREA,462.15,,1,0.0,black
polymer_2022,[*]CC([*])c1ccccc1C(=O)Nc1ccccc1,191.0,,GREA,464.15,,1,0.0,black
polymer_2023,[*]CC([*])c1ccccc1C(=O)O,177.0,,GREA,450.15,,1,0.0,black
polymer_2024,[*]CC([*])c1ccccc1C(=O)OC,130.0,,GREA,403.15,,1,0.0,black
polymer_2025,[*]CC([*])c1ccccc1C(=O)OC(C)C,146.0,,GREA,419.15,,1,0.0,black
polymer_2026,[*]CC([*])c1ccccc1C(=O)OCC,118.0,,GREA,391.15,,1,0.0,black
polymer_2027,[*]CC([*])c1ccccc1C(=O)OCC(C)C,127.0,,GREA,400.15,,1,0.0,black
polymer_2028,[*]CC([*])c1ccccc1C(=O)OCCC,108.0,,GREA,381.15,,1,0.0,black
polymer_2029,[*]CC([*])c1ccccc1C(=O)OCCC(C)C,68.0,,GREA,341.15,,1,0.0,black
polymer_2030,[*]CC([*])c1ccccc1C(=O)OCCCC,66.0,,GREA,339.15,,1,0.0,black
polymer_2031,[*]CC([*])c1ccccc1C(=O)OCCCCC,92.0,,GREA,365.15,,1,0.0,black
polymer_2032,[*]CC([*])c1ccccc1C(=O)OCCCCCC,45.0,,GREA,318.15,,1,0.0,black
polymer_2033,[*]CC([*])c1ccccc1C(=O)OCCN(C)C,69.0,,GREA,342.15,,1,0.0,black
polymer_2034,[*]CC([*])c1ccccc1C(=O)Oc1ccccc1,124.0,,GREA,397.15,,1,0.0,black
polymer_2035,[*]CC([*])c1ccccc1C(F)(F)F,165.0,,GREA,438.15,,1,0.0,black
polymer_2036,[*]CC([*])c1ccccc1COC,89.0,,GREA,362.15,,1,0.0,black
polymer_2037,[*]CC([*])c1ccccc1COC(C)C,88.0,,GREA,361.15,,1,0.0,black
polymer_2038,[*]CC([*])c1ccccc1COCC,74.0,,GREA,347.15,,1,0.0,black
polymer_2039,[*]CC([*])c1ccccc1COCCC,97.0,,GREA,370.15,,1,0.0,black
polymer_2040,[*]CC([*])c1ccccc1COCCC(C)C,78.0,,GREA,351.15,,1,0.0,black
polymer_2041,[*]CC([*])c1ccccc1COCCCC,67.0,,GREA,340.15,,1,0.0,black
polymer_2042,[*]CC([*])c1ccccc1COCCCCC,47.0,,GREA,320.15,,1,0.0,black
polymer_2043,[*]CC([*])c1ccccc1COCCCCCCCC,13.0,,GREA,286.15,,1,0.0,black
polymer_2044,[*]CC([*])c1ccccc1COCCc1ccccc1,63.0,,GREA,336.15,,1,0.0,black
polymer_2045,[*]CC([*])c1ccccc1COCc1ccccc1,72.0,,GREA,345.15,,1,0.0,black
polymer_2046,[*]CC([*])c1ccccc1F,160.5,,GREA,433.65,,1,0.0,black
polymer_2047,[*]CC([*])c1ccccc1O,172.0,,GREA,445.15,,1,0.0,black
polymer_2048,[*]CC([*])c1ccccc1OC(C)=O,118.0,,GREA,391.15,,1,0.0,black
polymer_2049,[*]CC([*])c1cccs1,71.0,,GREA,344.15,,1,0.0,black
polymer_2050,[*]CC([*])c1nc(C)nc(C)n1,70.0,,GREA,343.15,,1,0.0,black
polymer_2051,[*]CC([*])c1nnn[nH]1,72.0,,GREA,345.15,,1,0.0,black
polymer_2052,[*]CC([*])n1c2ccccc2c2c3ccccc3ccc21,291.5,,GREA,564.65,,1,0.0,black
polymer_2053,[*]CC([*])n1c2ccccc2c2cc3ccccc3cc21,253.0,,GREA,526.15,,1,0.0,black
polymer_2054,[*]CC([*])n1cc2ccccc2n1,41.5,,GREA,314.65,,1,0.0,black
polymer_2055,[*]CC([*])n1ccc2ccccc21,19.0,,GREA,292.15,,1,0.0,black
polymer_2056,[*]CC([*])n1ccnc1,175.0,,GREA,448.15,,1,0.0,black
polymer_2057,[*]CC([*])n1cncn1,165.0,,GREA,438.15,,1,0.0,black
polymer_2058,[*]CC(c1ccccc1)C1C(=O)N(C(C)(C)C)C(=O)C1[*],178.0,,GREA,451.15,,1,0.0,black
polymer_2059,[*]CC(c1ccccc1)C1C(=O)N(C)C(=O)C1[*],205.0,,GREA,478.15,,1,0.0,black
polymer_2060,[*]CC(c1ccccc1)C1C(=O)N(CCCCCCCCCCCC)C(=O)C1[*],70.0,,GREA,343.15,,1,0.0,black
polymer_2061,[*]CC(c1ccccc1)C1C(=O)N(CCCCNC(=O)C(F)(F)C(F)(F)C(F)(F)C(F)(F)C(F)(F)C(F)(F)C(F)(F)F)C(=O)C1[*],113.0,,GREA,386.15,,1,0.0,black
polymer_2062,[*]CC(c1ccccc1)C1C(=O)N(CCCN(CC)c2ccc(/N=N/c3ccc([N+](=O)[O-])cc3)c(C)c2)C(=O)C1[*],137.0,,GREA,410.15,,1,0.0,black
polymer_2063,[*]CC(c1ccccc1)C1C(=O)N(CCCN(CC)c2ccc(/N=N/c3ccc([N+](=O)[O-])cc3Cl)c(C)c2)C(=O)C1[*],149.0,,GREA,422.15,,1,0.0,black
polymer_2064,[*]CC(c1ccccc1)C1C(=O)N(CCCOc2ccc(-c3ccc(C#N)cc3)cc2)C(=O)C1[*],130.0,,GREA,403.15,,1,0.0,black
polymer_2065,[*]CC(c1ccccc1)C1C(=O)N(CCN(CC)c2ccc(/N=N/c3ccc([N+](=O)[O-])cc3)cc2)C(=O)C1[*],172.0,,GREA,445.15,,1,0.0,black
polymer_2066,[*]CC(c1ccccc1)C1C(=O)N(c2ccc(C(C)(C)C)cc2)C(=O)C1[*],237.0,,GREA,510.15,,1,0.0,black
polymer_2067,[*]CC(c1ccccc1)C1C(=O)N(c2ccc(NC(=O)OCC3CCCN3c3ccc([N+](=O)[O-])cc3)cc2)C(=O)C1[*],208.0,,GREA,481.15,,1,0.0,black
polymer_2068,[*]CC(c1ccccc1)C1C(=O)N(c2ccc(Oc3ccccc3)cc2)C(=O)C1[*],194.0,,GREA,467.15,,1,0.0,black
polymer_2069,[*]CC(c1ccccc1)C1C(=O)N(c2ccccc2)C(=O)C1[*],221.0,,GREA,494.15,,1,0.0,black
polymer_2070,[*]CC/C=C/CCC(=O)OCCCCCCCCCCCCCCCCOC([*])=O,-17.99999999999997,,GREA,255.15,,1,0.0,black
polymer_2071,[*]CC/C=C/CCC(=O)OCCCCCCCCCCOC([*])=O,-15.0,,GREA,258.15,,1,0.0,black
polymer_2072,[*]CC1(C)C(=O)OC(=O)C1(C)C([*])OC,260.0,,GREA,533.15,,1,0.0,black
polymer_2073,[*]CC1(C)C(=O)OC(=O)C1(C)C([*])OCC,244.0,,GREA,517.15,,1,0.0,black
polymer_2074,[*]CC1(C)C(=O)OC(=O)C1(C)C([*])OCC(C)C,219.0,,GREA,492.15,,1,0.0,black
polymer_2075,[*]CC1(C)C(=O)OC(=O)C1(C)C([*])OCCCC,197.0,,GREA,470.15,,1,0.0,black
polymer_2076,[*]CC1(C)CC([*])(C)C(=O)OC1=O,144.0,,GREA,417.15,,1,0.0,black
polymer_2077,[*]CC1([*])CC(=O)N(c2ccccc2)C1=O,236.0,,GREA,509.15,,1,0.0,black
polymer_2078,[*]CC1([*])CCCCC1,100.0,,GREA,373.15,,1,0.0,black
polymer_2079,[*]CC1([*])OCC(c2ccccc2)O1,75.0,,GREA,348.15,,1,0.0,black
polymer_2080,[*]CC1=CCC(C([*])(C)C)CC1,77.0,,GREA,350.15,,1,0.0,black
polymer_2081,[*]CC1C(=O)N(C2CCCCC2)C(=O)C1C([*])(C)C,192.0,,GREA,465.15,,1,0.0,black
polymer_2082,[*]CC1C(=O)N(CCCCCCCCCCCC)C(=O)C1C([*])CCCCCCCCCCCCCCCC,30.0,,GREA,303.15,,1,0.0,black
polymer_2083,[*]CC1C(=O)N(CCCCNC(=O)C(F)(F)C(F)(F)C(F)(F)C(F)(F)C(F)(F)C(F)(F)C(F)(F)F)C(=O)C1C([*])CCCCCCCCCCCCCCCC,63.0,,GREA,336.15,,1,0.0,black
polymer_2084,[*]CC1C(=O)N(c2ccc(N(C)C)cc2)C(=O)C1C([*])OC,221.0,,GREA,494.15,,1,0.0,black
polymer_2085,[*]CC1C(=O)N(c2ccccc2)C(=O)C1C([*])(C)C,188.0,,GREA,461.15,,1,0.0,black
polymer_2086,[*]CC1C(=O)OC(=O)C1C([*])(C)C,141.0,,GREA,414.15,,1,0.0,black
polymer_2087,[*]CC1C(=O)OC(=O)C1C([*])(C)N=C=O,100.0,,GREA,373.15,,1,0.0,black
polymer_2088,[*]CC1C(=O)OC(=O)C1C([*])OC,153.5,,GREA,426.65,,1,0.0,black
polymer_2089,[*]CC1C(=O)OC(=O)C1C([*])OC(C)C,142.0,,GREA,415.15,,1,0.0,black
polymer_2090,[*]CC1C(=O)OC(=O)C1C([*])OCC,146.0,,GREA,419.15,,1,0.0,black
polymer_2091,[*]CC1C(=O)OC(=O)C1C([*])OCC(C)C,145.0,,GREA,418.15,,1,0.0,black
polymer_2092,[*]CC1C(=O)OC(=O)C1C([*])OCCCC,118.0,,GREA,391.15,,1,0.0,black
polymer_2093,[*]CC1CC(C[*])C2C3CCC(C3)C12,164.0,,GREA,437.15,,1,0.0,black
polymer_2094,[*]CC1CC([*])C(=O)OC1=O,140.0,,GREA,413.15,,1,0.0,black
polymer_2095,[*]CC1CC([*])C(OC(=O)CCCCCCCCCCOc2ccc(-c3ccc(C#N)cc3)cc2)C1OC(=O)CCCCCCCCCCOc1ccc(-c2ccc(C#N)cc2)cc1,14.5,,GREA,287.65,,1,0.0,black
polymer_2096,[*]CC1CC([*])CC1OC(=O)CCCCCCCCCCOc1ccc(-c2ccc(C#N)cc2)cc1,30.5,,GREA,303.65,,1,0.0,black
polymer_2097,[*]CC1CC2CC1C1CCC(Cn3c(=O)c4cc5c(=O)n([*])c(=O)c5cc4c3=O)C21,265.0,,GREA,538.15,,1,0.0,black
polymer_2098,[*]CC1CCC(N2C(=O)C3C4C=CC(C5C(=O)N(C6CCC([*])CC6C)C(=O)C45)C3C2=O)C(C)C1,241.0,,GREA,514.15,,1,0.0,black
polymer_2099,[*]CC1CCC(N2C(=O)c3ccc(-c4ccc5c(c4)C(=O)N(C4CCC([*])CC4C)C5=O)cc3C2=O)C(C)C1,260.0,,GREA,533.15,,1,0.0,black
polymer_2100,[*]CC1CCC(N2C(=O)c3ccc(C(=O)c4ccc5c(c4)C(=O)N(C4CCC([*])CC4C)C5=O)cc3C2=O)C(C)C1,240.0,,GREA,513.15,,1,0.0,black
polymer_2101,[*]CC1CCC(N2C(=O)c3ccc(C(c4ccc5c(c4)C(=O)N(C4CCC([*])CC4C)C5=O)(C(F)(F)F)C(F)(F)F)cc3C2=O)C(C)C1,225.0,,GREA,498.15,,1,0.0,black
polymer_2102,[*]CC1CCC(N2C(=O)c3ccc(Oc4ccc5c(c4)C(=O)N(C4CCC([*])CC4C)C5=O)cc3C2=O)C(C)C1,250.0,,GREA,523.15,,1,0.0,black
polymer_2103,[*]CC1CCC(NC(=O)CCCCC(=O)NC([*])(C)C)CC1,80.0,,GREA,353.15,,1,0.0,black
polymer_2104,[*]CC1CCCC(Cn2c(=O)c3cc4c(=O)n([*])c(=O)c4cc3c2=O)C1,263.0,,GREA,536.15,,1,0.0,black
polymer_2105,[*]CC1COC(CC(=O)NCCCCCCNC([*])=O)CO1,73.0,,GREA,346.15,,1,0.0,black
polymer_2106,[*]CC=CCC([*])(C(=O)OC12CC3CC(CC(C3)C1)C2)C(=O)OC12CC3CC(CC(C3)C1)C2,34.0,,GREA,307.15,,1,0.0,black
polymer_2107,[*]CC=CCC([*])c1ccccc1,14.0,,GREA,287.15,,1,0.0,black
polymer_2108,[*]CC=CCC[Si]([*])(C)c1ccccc1,-14.899999999999977,,GREA,258.25,,1,0.0,black
polymer_2109,[*]CC=CCS([*])(=O)=O,86.0,,GREA,359.15,,1,0.0,black
polymer_2110,[*]CC=CC[Si]([*])(C)C,-57.49999999999997,,GREA,215.65,,1,0.0,black
polymer_2111,[*]CC=CC[Si]([*])(C)CCCOc1ccc(-c2ccccc2)cc1,10.0,,GREA,283.15,,1,0.0,black
polymer_2112,[*]CC=CC[Si]([*])(C)CCCOc1ccc2ccccc2c1,-1.0,,GREA,272.15,,1,0.0,black
polymer_2113,[*]CC=CC[Si]([*])(C)CCCOc1ccccc1,-29.99999999999997,,GREA,243.15,,1,0.0,black
polymer_2114,[*]CC=CC[Si]([*])(C)c1ccccc1,-1.0,,GREA,272.15,,1,0.0,black
polymer_2115,[*]CC=CC[Si]([*])(C=C)C=C,-64.99999999999997,,GREA,208.15,,1,0.0,black
polymer_2116,[*]CC=CC[Si]([*])(CCCOc1ccccc1)c1ccccc1,-5.0,,GREA,268.15,,1,0.0,black
polymer_2117,[*]CC=CC[Si]([*])(c1ccccc1)c1ccccc1,34.900000000000034,,GREA,308.05,,1,0.0,black
polymer_2118,[*]CCC#CC#CCCC(=O)OCCN(CCOC([*])=O)c1ccc([N+](=O)[O-])cc1,30.0,,GREA,303.15,,1,0.0,black
polymer_2119,[*]CCC(=O)NCCCCCCCCCCCCNC(=O)CCP([*])(C)=O,44.0,,GREA,317.15,,1,0.0,black
polymer_2120,[*]CCC(=O)NCCCCCCCCCCNC(=O)CCP([*])(C)=O,45.5,,GREA,318.65,,1,0.0,black
polymer_2121,[*]CCC(=O)NCCCCCCCCNC(=O)CCP([*])(C)=O,52.0,,GREA,325.15,,1,0.0,black
polymer_2122,[*]CCC(=O)NCCCCCCNC(=O)CC([*])C,17.0,,GREA,290.15,,1,0.0,black
polymer_2123,[*]CCC(=O)NCCCCCCNC(=O)CCC(C)(C)c1ccc(C([*])(C)C)cc1,93.25,,GREA,366.4,,1,0.0,black
polymer_2124,[*]CCC(=O)NCCCCCCNC(=O)CCP([*])(C)=O,57.5,,GREA,330.65,,1,0.0,black
polymer_2125,[*]CCC(=O)Nc1ccc(N=Nc2ccc(NC([*])=O)cc2)cc1,220.0,,GREA,493.15,,1,0.0,black
polymer_2126,[*]CCC(=O)OC1COC2C(OC([*])=O)COC12,77.0,,GREA,350.15,,1,0.0,black
polymer_2127,[*]CCC(=O)OCC1CCC(COC([*])=O)CC1,-1.0,,GREA,272.15,,1,0.0,black
polymer_2128,[*]CCC(=O)OCCCCCCCCCOC([*])=O,31.0,,GREA,304.15,,1,0.0,black
polymer_2129,[*]CCC(=O)OCCCCCCOC([*])=O,-49.99999999999997,,GREA,223.15,,1,0.0,black
polymer_2130,[*]CCC(=O)OCCCCOC([*])=O,-31.99999999999997,,GREA,241.15,,1,0.0,black
polymer_2131,[*]CCC(=O)OCCCOC([*])=O,-34.69999999999999,,GREA,238.45,,1,0.0,black
polymer_2132,[*]CCC(=O)OCCOC(=O)c1ccc(C(=O)OCCOC([*])=O)cc1,24.0,,GREA,297.15,,1,0.0,black
polymer_2133,[*]CCC(=O)OCCOCCOC([*])=O,-38.19999999999999,,GREA,234.95,,1,0.0,black
polymer_2134,[*]CCC(=O)Oc1ccc(C(C)(C)c2ccc(OC(=O)CC([*])C)cc2)cc1,56.0,,GREA,329.15,,1,0.0,black
polymer_2135,[*]CCC(=O)Oc1ccc(C2(c3ccc(OC([*])=O)cc3)c3ccccc3-c3ccccc32)cc1,234.0,,GREA,507.15,,1,0.0,black
polymer_2136,[*]CCC(=O)Oc1ccc(CCC(=O)NC(Cc2ccc(OC(=O)CC([*])C)cc2)C(=O)OCc2ccccc2)cc1,55.0,,GREA,328.15,,1,0.0,black
polymer_2137,[*]CCC(=O)Oc1cccc(OC([*])=O)c1,38.200000000000045,,GREA,311.35,,1,0.0,black
polymer_2138,[*]CCC(C(=O)OC)C([*])C(=O)OC,31.200000000000045,,GREA,304.35,,1,0.0,black
polymer_2139,[*]CCC(C)(C)C([*])(C)C,87.0,,GREA,360.15,,1,0.0,black
polymer_2140,[*]CCC(C)(C)CCCNC(=O)c1ccc(C(=O)NC([*])C)cc1,150.0,,GREA,423.15,,1,0.0,black
polymer_2141,[*]CCC(C)C([*])(C)C(=O)OC,45.0,,GREA,318.15,,1,0.0,black
polymer_2142,[*]CCC(C)C([*])C,-25.99999999999997,,GREA,247.15,,1,0.0,black
polymer_2143,[*]CCC(C)CNC(=O)c1cc(C(=O)NCC([*])C)cc(C(C)(C)C)c1,149.0,,GREA,422.15,,1,0.0,black
polymer_2144,[*]CCC(C)OC(=O)CCCCCCCCC(=O)OC([*])C,-65.99999999999997,,GREA,207.15,,1,0.0,black
polymer_2145,[*]CCC(C)O[Si](C)(C)O[Si](C)(C)OC([*])C,-82.99999999999997,,GREA,190.15,,1,0.0,black
polymer_2146,[*]CCC(C)O[Si](C)(C)O[Si](C)(C)O[Si](C)(C)OC([*])C,-89.99999999999997,,GREA,183.15,,1,0.0,black
polymer_2147,[*]CCC(C)O[Si](C)(C)O[Si](C)(C)O[Si](C)(C)O[Si](C)(C)OC([*])C,-95.99999999999997,,GREA,177.15,,1,0.0,black
polymer_2148,[*]CCC(C)O[Si](C)(C)O[Si](C)(C)O[Si](C)(C)O[Si](C)(C)O[Si](C)(C)OC([*])C,-105.99999999999997,,GREA,167.15,,1,0.0,black
polymer_2149,[*]CCC(Cl)C([*])Cl,70.0,,GREA,343.15,,1,0.0,black
polymer_2150,[*]CCC(F)(F)C(F)(F)C(F)(F)C(F)(F)C(F)(F)C(F)(F)C(F)(F)C(F)(F)C(F)(F)C(F)(F)CC[Si](C)(CCC(F)(F)F)O[Si]([*])(C)CCC(F)(F)F,-11.0,,GREA,262.15,,1,0.0,black
polymer_2151,[*]CCC(F)(F)C(F)(F)C(F)(F)C(F)(F)C(F)(F)C(F)(F)C(F)(F)C(F)(F)CC[Si](C)(CCC(F)(F)F)O[Si]([*])(C)CCC(F)(F)F,-27.99999999999997,,GREA,245.15,,1,0.0,black
polymer_2152,[*]CCC(F)(F)C(F)(F)C(F)(F)C(F)(F)C(F)(F)C(F)(F)CC[Si](C)(CCC(F)(F)F)O[Si](C)(CCC(F)(F)F)O[Si](C)(CCC(F)(F)F)O[Si]([*])(C)CCC(F)(F)F,-42.99999999999997,,GREA,230.15,,1,0.0,black
polymer_2153,[*]CCC(F)(F)C(F)(F)C(F)(F)C(F)(F)C(F)(F)C(F)(F)CC[Si](C)(CCC(F)(F)F)O[Si]([*])(C)CCC(F)(F)F,-23.99999999999997,,GREA,249.15,,1,0.0,black
polymer_2154,[*]CCC(F)(F)C(F)(F)C(F)(F)C(F)(F)CC[Si](C)(CCC(F)(F)F)O[Si]([*])(C)CCC(F)(F)F,-24.99999999999997,,GREA,248.15,,1,0.0,black
polymer_2155,[*]CCC(F)(F)C(F)(F)CC[Si](C)(CCC(F)(F)F)O[Si]([*])(C)CCC(F)(F)F,-26.99999999999997,,GREA,246.15,,1,0.0,black
polymer_2156,[*]CCC(F)(F)C([*])(F)F,-107.99999999999997,,GREA,165.15,,1,0.0,black
polymer_2157,[*]CCC(F)(F)CC[Si](C)(CCC(F)(F)F)O[Si]([*])(C)CCC(F)(F)F,-37.99999999999997,,GREA,235.15,,1,0.0,black
polymer_2158,[*]CCC([*])(C)C,-12.0,,GREA,261.15,,1,0.0,black
polymer_2159,[*]CCC([*])(C)c1ccccc1,93.0,,GREA,366.15,,1,0.0,black
polymer_2160,[*]CCC([*])=O,15.0,,GREA,288.15,,1,0.0,black
polymer_2161,[*]CCC([2H])(C)C([*])[2H],-47.49999999999997,,GREA,225.65,,1,0.0,black
polymer_2162,[*]CCC(c1ccccc1)C([*])c1ccccc1,104.30000000000001,,GREA,377.45,,1,0.0,black
polymer_2163,[*]CCC(c1ccccc1)[Si]([*])(C)C,27.0,,GREA,300.15,,1,0.0,black
polymer_2164,[*]CCC/N=C/c1cc(Cc2ccc(O)c(/C=N/CCC[Si](C)(C)O[Si]([*])(C)C)c2)ccc1O,-51.62499999999997,,GREA,221.525,,1,0.0,black
polymer_2165,[*]CCC/N=C1/C=C(O)/C(=N/CCC[Si](C)(C)O[Si]([*])(C)C)C=C1O,70.34000000000003,,GREA,343.49,,1,0.0,black
polymer_2166,[*]CCC/N=C1/C=C/C(=N\CCC[Si](C)(C)O[Si]([*])(C)C)c2c(O)ccc(O)c21,32.900000000000034,,GREA,306.05,,1,0.0,black
polymer_2167,[*]CCC/N=C1\c2ccccc2/C(=N\CCC[Si](C)(C)O[Si]([*])(C)C)c2c(O)ccc(O)c21,7.5,,GREA,280.65,,1,0.0,black
polymer_2168,[*]CCC1(CCC(=O)N2CCN(C([*])=O)CC2)c2ccccc2-c2ccccc21,145.0,,GREA,418.15,,1,0.0,black
polymer_2169,[*]CCC1(CCC(=O)NCCCC2(CCCNC([*])=O)c3ccccc3-c3ccccc32)c2ccccc2-c2ccccc21,165.0,,GREA,438.15,,1,0.0,black
polymer_2170,[*]CCC1(CCC(=O)NCCCCCCNC([*])=O)c2ccccc2-c2ccccc21,122.0,,GREA,395.15,,1,0.0,black
polymer_2171,[*]CCC1(CCC(=O)NCc2cccc(CNC([*])=O)c2)c2ccccc2-c2ccccc21,150.0,,GREA,423.15,,1,0.0,black
polymer_2172,[*]CCC1C(=O)N(C)C(=O)C1[*],141.20000000000005,,GREA,414.35,,1,0.0,black
polymer_2173,[*]CCC1C(=O)N(CC)C(=O)C1[*],109.20000000000005,,GREA,382.35,,1,0.0,black
polymer_2174,[*]CCC1C(=O)N(CCC)C(=O)C1[*],90.40000000000003,,GREA,363.55,,1,0.0,black
polymer_2175,[*]CCC1C(=O)N(CCCC)C(=O)C1[*],67.90000000000003,,GREA,341.05,,1,0.0,black
polymer_2176,[*]CCC1C(=O)N(CCCCCC)C(=O)C1[*],41.5,,GREA,314.65,,1,0.0,black
polymer_2177,[*]CCC1C(=O)N(CCCCCCCCCCCC)C(=O)C1[*],55.400000000000034,,GREA,328.55,,1,0.0,black
polymer_2178,[*]CCC1C(=O)N(CCCCCCCCCCCCCC)C(=O)C1[*],62.400000000000034,,GREA,335.55,,1,0.0,black
polymer_2179,[*]CCC1C(=O)N(CCCCCCCCCCCCCCCC)C(=O)C1[*],65.60000000000002,,GREA,338.75,,1,0.0,black
polymer_2180,[*]CCC1C(=O)N(CCCCCCCCCCCCCCCCCC)C(=O)C1[*],67.10000000000002,,GREA,340.25,,1,0.0,black
polymer_2181,[*]CCC1C(=O)N(CCCCNC(=O)C(F)(F)C(F)(F)C(F)(F)C(F)(F)C(F)(F)C(F)(F)C(F)(F)F)C(=O)C1[*],100.0,,GREA,373.15,,1,0.0,black
polymer_2182,[*]CCC1C(=O)N(c2ccc(N(C)C)cc2)C(=O)C1[*],195.0,,GREA,468.15,,1,0.0,black
polymer_2183,[*]CCC1CC(OC(=O)CCCCCCCCCCOc2ccc(-c3ccc(C#N)cc3)cc2)CC1[*],24.0,,GREA,297.15,,1,0.0,black
polymer_2184,[*]CCC1CC([*])C2C1C1CC2C(C)(C(=O)OC)C1,146.0,,GREA,419.15,,1,0.0,black
polymer_2185,[*]CCC1CC([*])C2C3CC(CC3CC)C12,138.0,,GREA,411.15,,1,0.0,black
polymer_2186,[*]CCC1CC([*])C2C3CC(CC3c3ccc(COC(C)CC)cc3)C12,139.0,,GREA,412.15,,1,0.0,black
polymer_2187,[*]CCC1CC([*])C2CCCC12,101.0,,GREA,374.15,,1,0.0,black
polymer_2188,[*]CCC1CC2C(CC([*])C2OC(=O)CCCCCCCCCCOc2ccc(-c3ccc(C#N)cc3)cc2)C1OC(=O)CCCCCCCCCCOc1ccc(-c2ccc(C#N)cc2)cc1,23.5,,GREA,296.65,,1,0.0,black
polymer_2189,[*]CCC1C[N+](C)(C)CC1[*],-6.699999999999989,,GREA,266.45,,1,0.0,black
polymer_2190,[*]CCCC(=O)Nc1ccc(NC([*])=O)cc1,135.0,,GREA,408.15,,1,0.0,black
polymer_2191,[*]CCCC(=O)OCCCCCCNC([*])=O,-17.99999999999997,,GREA,255.15,,1,0.0,black
polymer_2192,[*]CCCC(=O)OCCCCOC([*])=O,-36.49999999999997,,GREA,236.65,,1,0.0,black
polymer_2193,[*]CCCC(=O)OCCCOC([*])=O,-32.99999999999997,,GREA,240.15,,1,0.0,black
polymer_2194,[*]CCCC(=O)OCCOCCOC([*])=O,-54.99999999999997,,GREA,218.15,,1,0.0,black
polymer_2195,[*]CCCC(=O)Oc1ccc(/C=N/c2ccc(/N=C/c3ccc(OC(=O)CCC[Si](C)(C)O[Si]([*])(C)C)cc3)cc2)cc1,60.0,,GREA,333.15,,1,0.0,black
polymer_2196,[*]CCCC(=O)Oc1ccc(/C=N/c2ccc(Cc3ccc(/N=C/c4ccc(OC(=O)CCC[Si](C)(C)O[Si]([*])(C)C)cc4)cc3)cc2)cc1,68.0,,GREA,341.15,,1,0.0,black
polymer_2197,[*]CCCC(=O)Oc1ccc(/C=N/c2ccc(Oc3ccc(/N=C/c4ccc(OC(=O)CCC[Si](C)(C)O[Si]([*])(C)C)cc4)cc3)cc2)cc1,52.0,,GREA,325.15,,1,0.0,black
polymer_2198,[*]CCCC(=O)Oc1ccc(C2(c3ccc(OC([*])=O)cc3)c3ccccc3-c3ccccc32)cc1,207.0,,GREA,480.15,,1,0.0,black
polymer_2199,[*]CCCC(=O)Oc1ccccc1C(=O)OC(=O)c1ccccc1OC([*])=O,50.0,,GREA,323.15,,1,0.0,black
polymer_2200,[*]CCCC(C)C(=O)OC([*])C,-32.99999999999997,,GREA,240.15,,1,0.0,black
polymer_2201,[*]CCCC(Cl)C([*])Cl,42.0,,GREA,315.15,,1,0.0,black
polymer_2202,[*]CCCC([*])(C)C,-19.99999999999997,,GREA,253.15,,1,0.0,black
polymer_2203,[*]CCCC([*])(C)C(=O)O,132.0,,GREA,405.15,,1,0.0,black
polymer_2204,[*]CCCC([*])(C)CC,-22.99999999999997,,GREA,250.15,,1,0.0,black
polymer_2205,[*]CCCC([*])C,-52.599999999999966,,GREA,220.55,,1,0.0,black
polymer_2206,[*]CCCC1(C)CCN(C(=O)CCC(=O)N2CCC([*])(C)CC2)CC1,99.0,,GREA,372.15,,1,0.0,black
polymer_2207,[*]CCCC1(C)CCN(C(=O)CCCC(=O)N2CCC([*])(C)CC2)CC1,58.0,,GREA,331.15,,1,0.0,black
polymer_2208,[*]CCCC=CCCCC([*])Cl,-62.99999999999997,,GREA,210.15,,1,0.0,black
polymer_2209,[*]CCCCC(=O)N(CCCCCCN(CC(F)(F)C(F)(F)C(F)(F)C(F)(F)C(F)(F)C(F)(F)C(F)(F)F)C([*])=O)CC(F)(F)C(F)(F)C(F)(F)C(F)(F)C(F)(F)C(F)(F)C(F)(F)F,119.40000000000003,,GREA,392.55,,1,0.0,black
polymer_2210,[*]CCCCC(=O)NC(Cc1ccccc1)C(=O)OC/C=C/COC(=O)C(Cc1ccccc1)NC([*])=O,61.0,,GREA,334.15,,1,0.0,black
polymer_2211,[*]CCCCC(=O)NC(Cc1ccccc1)C(=O)OC1COC2C(OC(=O)C(Cc3ccccc3)NC([*])=O)COC12,97.5,,GREA,370.65,,1,0.0,black
polymer_2212,[*]CCCCC(=O)NC1CCC(CC2CCC(NC([*])=O)CC2)CC1,185.0,,GREA,458.15,,1,0.0,black
polymer_2213,[*]CCCCC(=O)NCC(=O)NCCCCCCNC([*])=O,53.400000000000034,,GREA,326.55,,1,0.0,black
polymer_2214,[*]CCCCC(=O)NCC1CCC(CNC([*])=O)CC1,113.0,,GREA,386.15,,1,0.0,black
polymer_2215,[*]CCCCC(=O)NCC1CCCC(CNC([*])=O)C1,107.0,,GREA,380.15,,1,0.0,black
polymer_2216,[*]CCCCC(=O)NCC1COC(CNC([*])=O)CO1,93.0,,GREA,366.15,,1,0.0,black
polymer_2217,[*]CCCCC(=O)NCCCC1(CCCNC([*])=O)c2ccccc2-c2ccccc21,120.0,,GREA,393.15,,1,0.0,black
polymer_2218,[*]CCCCC(=O)NCCCCCC(=O)OCCCCCCCCCCOC(=O)CCCCCNC([*])=O,-12.0,,GREA,261.15,,1,0.0,black
polymer_2219,[*]CCCCC(=O)NCCCCCC(=O)OCCCCCCOC(=O)CCCCCNC([*])=O,-7.0,,GREA,266.15,,1,0.0,black
polymer_2220,[*]CCCCC(=O)NCCCCCC(=O)OCCCCOC(=O)CCCCCNC([*])=O,-15.0,,GREA,258.15,,1,0.0,black
polymer_2221,[*]CCCCC(=O)NCCCCCCCCCCNC([*])=O,45.0,,GREA,318.15,,1,0.0,black
polymer_2222,[*]CCCCC(=O)NCCCCCCCCCNC([*])=O,68.0,,GREA,341.15,,1,0.0,black
polymer_2223,[*]CCCCC(=O)NCCCCCCCCNC([*])=O,50.0,,GREA,323.15,,1,0.0,black
polymer_2224,[*]CCCCC(=O)NCCCCCCCNC([*])=O,55.0,,GREA,328.15,,1,0.0,black
polymer_2225,[*]CCCCC(=O)NCCCCCNC([*])=O,46.5,,GREA,319.65,,1,0.0,black
polymer_2226,[*]CCCCC(=O)NCCCCNC([*])=O,58.0,,GREA,331.15,,1,0.0,black
polymer_2227,[*]CCCCC(=O)NCCCOCCCNC([*])=O,34.0,,GREA,307.15,,1,0.0,black
polymer_2228,[*]CCCCC(=O)NCCCP(=O)(CCCNC([*])=O)c1ccccc1,55.0,,GREA,328.15,,1,0.0,black
polymer_2229,[*]CCCCC(=O)NCCCP(CCCNC([*])=O)c1ccccc1,49.0,,GREA,322.15,,1,0.0,black
polymer_2230,[*]CCCCC(=O)NCCNC([*])=O,71.0,,GREA,344.15,,1,0.0,black
polymer_2231,[*]CCCCC(=O)NCc1ccc(OC2COC3C(Oc4ccc(CNC([*])=O)cc4)COC23)cc1,116.0,,GREA,389.15,,1,0.0,black
polymer_2232,[*]CCCCC(=O)NCc1cccc(CNC([*])=O)c1,84.0,,GREA,357.15,,1,0.0,black
polymer_2233,[*]CCCCC(=O)Nc1cc(NC([*])=O)cc(-c2nnc(-c3ccccn3)o2)c1,159.0,,GREA,432.15,,1,0.0,black
polymer_2234,[*]CCCCC(=O)Nc1ccc(CCNC([*])=O)cc1,115.0,,GREA,388.15,,1,0.0,black
polymer_2235,[*]CCCCC(=O)Nc1ccc(NC([*])=O)cc1,133.0,,GREA,406.15,,1,0.0,black
polymer_2236,[*]CCCCC(=O)Nc1ccc(OC2COC3C(Oc4ccc(NC([*])=O)cc4)COC23)cc1,150.0,,GREA,423.15,,1,0.0,black
polymer_2237,[*]CCCCC(=O)Nc1ccc(Oc2ccc(NC([*])=O)cc2)cc1,230.0,,GREA,503.15,,1,0.0,black
polymer_2238,[*]CCCCC(=O)Nc1ccc(S(=O)(=O)c2ccc(NC([*])=O)cc2)cc1,194.0,,GREA,467.15,,1,0.0,black
polymer_2239,[*]CCCCC(=O)Nc1ccc2oc(CCCCCCCCc3nc4cc(NC([*])=O)ccc4o3)nc2c1,92.0,,GREA,365.15,,1,0.0,black
polymer_2240,[*]CCCCC(=O)Nc1cccc(NC(=S)NC(=O)c2ccc(NC([*])=O)cc2)c1,267.0,,GREA,540.15,,1,0.0,black
polymer_2241,[*]CCCCC(=O)Nc1cccc(NC([*])=O)c1,114.25,,GREA,387.4,,1,0.0,black
polymer_2242,[*]CCCCC(=O)Nc1cccc(Oc2ccc(NC([*])=O)cc2)c1,160.0,,GREA,433.15,,1,0.0,black
polymer_2243,[*]CCCCC(=O)Nc1cccc(S(=O)(=O)c2cccc(NC([*])=O)c2)c1,140.0,,GREA,413.15,,1,0.0,black
polymer_2244,[*]CCCCC(=O)OC([*])C,-39.99999999999997,,GREA,233.15,,1,0.0,black
polymer_2245,[*]CCCCC(=O)OC1CCC(OC([*])=O)CC1,77.80000000000001,,GREA,350.95,,1,0.0,black
polymer_2246,[*]CCCCC(=O)OC1COC2C(OCCCCOC3COC4C(OC([*])=O)COC34)COC12,114.0,,GREA,387.15,,1,0.0,black
polymer_2247,[*]CCCCC(=O)OCC(CCCCCCOc1ccc(/N=N/c2ccc(Br)cc2)cc1)COC([*])=O,24.0,,GREA,297.15,,1,0.0,black
polymer_2248,[*]CCCCC(=O)OCC(CCCCCCOc1ccc(/N=N/c2ccc(C(F)(F)F)cc2)cc1)COC([*])=O,44.0,,GREA,317.15,,1,0.0,black
polymer_2249,[*]CCCCC(=O)OCC(CCCCCCOc1ccc(/N=N/c2ccc(Cl)cc2)cc1)COC([*])=O,9.0,,GREA,282.15,,1,0.0,black
polymer_2250,[*]CCCCC(=O)OCC(F)(F)C(F)(F)C(F)(F)COC([*])=O,-60.49999999999997,,GREA,212.65,,1,0.0,black
polymer_2251,[*]CCCCC(=O)OCC(O)COc1ccc(C(=O)Oc2ccc(OCC(O)COC([*])=O)cc2)cc1,37.0,,GREA,310.15,,1,0.0,black
polymer_2252,[*]CCCCC(=O)OCC(O)COc1ccc(OCC(O)COC([*])=O)cc1,19.0,,GREA,292.15,,1,0.0,black
polymer_2253,[*]CCCCC(=O)OCCCCCCCCCCCOc1ccc(-c2nnc(-c3ccc(OCCCCCCCCCCCOC([*])=O)cc3)s2)cc1,69.0,,GREA,342.15,,1,0.0,black
polymer_2254,[*]CCCCC(=O)OCCCCCCOC([*])=O,-68.99999999999997,,GREA,204.15,,1,0.0,black
polymer_2255,[*]CCCCC(=O)OCCCCCOC([*])=O,-68.99999999999997,,GREA,204.15,,1,0.0,black
polymer_2256,[*]CCCCC(=O)OCCCCOC(=O)c1ccc(C(=O)OCCCCOC([*])=O)cc1,-19.99999999999997,,GREA,253.15,,1,0.0,black
polymer_2257,[*]CCCCC(=O)OCCCOC([*])=O,-54.99999999999997,,GREA,218.15,,1,0.0,black
polymer_2258,[*]CCCCC(=O)OCCN(CCOC([*])=O)c1ccc(/C=N/N(c2ccccc2)c2ccccc2)cc1,54.0,,GREA,327.15,,1,0.0,black
polymer_2259,[*]CCCCC(=O)OCCOC(=O)c1ccc(C(=O)OCCOC([*])=O)cc1,8.0,,GREA,281.15,,1,0.0,black
polymer_2260,[*]CCCCC(=O)OCCOCCOC([*])=O,-50.99999999999997,,GREA,222.15,,1,0.0,black
polymer_2261,[*]CCCCC(=O)OCCOCCOCCOC([*])=O,-48.99999999999997,,GREA,224.15,,1,0.0,black
polymer_2262,[*]CCCCC(=O)Oc1c(-c2ccccc2)cc(Cc2cc(-c3ccccc3)c(OC([*])=O)c(-c3ccccc3)c2)cc1-c1ccccc1,115.0,,GREA,388.15,,1,0.0,black
polymer_2263,[*]CCCCC(=O)Oc1ccc(/C(=C/c2ccc(-c3ccc(/C=C(\c4ccccc4)c4ccc(OC([*])=O)cc4)cc3)cc2)c2ccccc2)cc1,128.0,,GREA,401.15,,1,0.0,black
polymer_2264,[*]CCCCC(=O)Oc1ccc(C2(c3ccc(OC([*])=O)cc3)c3ccccc3-c3ccccc32)cc1,166.0,,GREA,439.15,,1,0.0,black
polymer_2265,[*]CCCCC(=O)Oc1ccc(Cc2ccc(OC([*])=O)cc2)cc1,60.5,,GREA,333.65,,1,0.0,black
polymer_2266,[*]CCCCC(=O)Oc1ccc(OC([*])=O)cc1,90.0,,GREA,363.15,,1,0.0,black
polymer_2267,[*]CCCCC(=O)Oc1ccccc1C(=O)OC(=O)c1ccccc1OC([*])=O,55.0,,GREA,328.15,,1,0.0,black
polymer_2268,[*]CCCCC(C)(C)c1ccc2c(c1)C(=O)N(c1ccc(Cc3ccc(N4C(=O)c5ccc(C([*])(C)C)cc5C4=O)cc3)cc1)C2=O,169.90000000000003,,GREA,443.05,,1,0.0,black
polymer_2269,[*]CCCCC(C)O[Si](C)(C)O[Si](C)(C)OC([*])C,-86.99999999999997,,GREA,186.15,,1,0.0,black
polymer_2270,[*]CCCCC(C)O[Si](C)(C)O[Si](C)(C)O[Si](C)(C)OC([*])C,-93.99999999999997,,GREA,179.15,,1,0.0,black
polymer_2271,[*]CCCCC(C)O[Si](C)(C)O[Si](C)(C)O[Si](C)(C)O[Si](C)(C)OC([*])C,-97.99999999999997,,GREA,175.15,,1,0.0,black
polymer_2272,[*]CCCCC(C)O[Si](C)(C)O[Si](C)(C)O[Si](C)(C)O[Si](C)(C)O[Si](C)(C)OC([*])C,-103.99999999999997,,GREA,169.15,,1,0.0,black
polymer_2273,[*]CCCCC(c1ccc(O)cc1)C([*])c1ccc(O)cc1C,25.0,,GREA,298.15,,1,0.0,black
polymer_2274,[*]CCCCCC(=O)NCCCCCCCNC([*])=O,55.0,,GREA,328.15,,1,0.0,black
polymer_2275,[*]CCCCCC(=O)NCCCCCCNC([*])=O,54.0,,GREA,327.15,,1,0.0,black
polymer_2276,[*]CCCCCC(=O)Nc1ccc(NC([*])=O)cc1,133.0,,GREA,406.15,,1,0.0,black
polymer_2277,[*]CCCCCC(=O)Nc1ccc(Oc2ccc(NC([*])=O)cc2)cc1,180.0,,GREA,453.15,,1,0.0,black
polymer_2278,[*]CCCCCC(=O)Nc1ccc(S(=O)(=O)c2ccc(NC([*])=O)cc2)cc1,163.0,,GREA,436.15,,1,0.0,black
polymer_2279,[*]CCCCCC(=O)Nc1cccc(Oc2ccc(NC([*])=O)cc2)c1,130.0,,GREA,403.15,,1,0.0,black
polymer_2280,[*]CCCCCC(=O)OCCCCCCS(=O)(=O)c1ccc(/N=N/c2ccc(N([*])C)cc2)cc1,60.5,,GREA,333.65,,1,0.0,black
polymer_2281,[*]CCCCCC(=O)OCCOC([*])=O,-45.99999999999997,,GREA,227.15,,1,0.0,black
polymer_2282,[*]CCCCCC(=O)OCCOCCOC([*])=O,-41.49999999999997,,GREA,231.65,,1,0.0,black
polymer_2283,[*]CCCCCC(=O)OCCOCCOCCOC([*])=O,-44.49999999999997,,GREA,228.65,,1,0.0,black
polymer_2284,[*]CCCCCC(=O)Oc1c(-c2ccccc2)cc(Cc2cc(-c3ccccc3)c(OC([*])=O)c(-c3ccccc3)c2)cc1-c1ccccc1,111.0,,GREA,384.15,,1,0.0,black
polymer_2285,[*]CCCCCC(=O)Oc1ccccc1C(=O)OC(=O)c1ccccc1OC([*])=O,40.0,,GREA,313.15,,1,0.0,black
polymer_2286,[*]CCCCCC(Cl)C([*])Cl,-17.0,,GREA,256.15,,1,0.0,black
polymer_2287,[*]CCCCCC([*])C,-65.99999999999997,,GREA,207.15,,1,0.0,black
polymer_2288,[*]CCCCCC([*])CC,-72.99999999999997,,GREA,200.15,,1,0.0,black
polymer_2289,[*]CCCCCC([*])CCC,-67.99999999999997,,GREA,205.15,,1,0.0,black
polymer_2290,[*]CCCCCC([*])CCCC,-68.99999999999997,,GREA,204.15,,1,0.0,black
polymer_2291,[*]CCCCCC([*])CCCCCC,-75.99999999999997,,GREA,197.15,,1,0.0,black
polymer_2292,[*]CCCCCC([*])CCCCCCCC,-71.99999999999997,,GREA,201.15,,1,0.0,black
polymer_2293,[*]CCCCCC([*])CCCCCCCCCC,-64.99999999999997,,GREA,208.15,,1,0.0,black
polymer_2294,[*]CCCCCC(c1ccc(O)cc1)C([*])c1ccc(O)cc1C,16.0,,GREA,289.15,,1,0.0,black
polymer_2295,[*]CCCCCCC(=O)NC(Cc1ccccc1)C(=O)OC1COC2C(OC(=O)C(Cc3ccccc3)NC([*])=O)COC12,91.0,,GREA,364.15,,1,0.0,black
polymer_2296,[*]CCCCCCC(=O)NCCCCCCNC([*])=O,57.0,,GREA,330.15,,1,0.0,black
polymer_2297,[*]CCCCCCC(=O)Nc1ccc(NC([*])=O)cc1,138.0,,GREA,411.15,,1,0.0,black
polymer_2298,[*]CCCCCCC(=O)Nc1ccc(OC2COC3C(Oc4ccc(NC([*])=O)cc4)COC23)cc1,72.5,,GREA,345.65,,1,0.0,black
polymer_2299,[*]CCCCCCC(=O)Nc1ccc(Oc2ccc(NC([*])=O)cc2)cc1,180.0,,GREA,453.15,,1,0.0,black
polymer_2300,[*]CCCCCCC(=O)Nc1ccc2oc(CCCCCCc3nc4cc(NC([*])=O)ccc4o3)nc2c1,77.0,,GREA,350.15,,1,0.0,black
polymer_2301,[*]CCCCCCC(=O)Nc1cccc(NC([*])=O)c1,115.5,,GREA,388.65,,1,0.0,black
polymer_2302,[*]CCCCCCC(=O)Nc1cccc(Oc2ccc(NC([*])=O)cc2)c1,140.0,,GREA,413.15,,1,0.0,black
polymer_2303,[*]CCCCCCC(=O)Nc1cccc(S(=O)(=O)c2cccc(NC([*])=O)c2)c1,125.0,,GREA,398.15,,1,0.0,black
polymer_2304,[*]CCCCCCC(=O)OCC#CCOC([*])=O,-37.99999999999997,,GREA,235.15,,1,0.0,black
polymer_2305,[*]CCCCCCC(=O)OCCCCCCCCCCCCCCCCOC([*])=O,-25.99999999999997,,GREA,247.15,,1,0.0,black
polymer_2306,[*]CCCCCCC(=O)OCCCCCCCCCCOC([*])=O,-21.99999999999997,,GREA,251.15,,1,0.0,black
polymer_2307,[*]CCCCCCC(=O)OCCCOC([*])=O,-52.49999999999997,,GREA,220.65,,1,0.0,black
polymer_2308,[*]CCCCCCC(=O)OCCOC(=O)c1ccc(C(=O)OCCOC([*])=O)cc1,-1.0,,GREA,272.15,,1,0.0,black
polymer_2309,[*]CCCCCCC(=O)OCCOCCOC([*])=O,-65.99999999999997,,GREA,207.15,,1,0.0,black
polymer_2310,[*]CCCCCCC(=O)Oc1ccc(C2(c3ccc(OC([*])=O)cc3)c3ccccc3-c3ccccc32)cc1,158.0,,GREA,431.15,,1,0.0,black
polymer_2311,[*]CCCCCCC(=O)Oc1ccccc1C(=O)OC(=O)c1ccccc1OC([*])=O,28.0,,GREA,301.15,,1,0.0,black
polymer_2312,[*]CCCCCCC(Cl)C([*])Cl,-17.99999999999997,,GREA,255.15,,1,0.0,black
polymer_2313,[*]CCCCCCC(c1ccc(O)cc1)C([*])c1ccc(O)cc1C,18.0,,GREA,291.15,,1,0.0,black
polymer_2314,[*]CCCCCCC=CCCCCCCC([*])Cl,-56.99999999999997,,GREA,216.15,,1,0.0,black
polymer_2315,[*]CCCCCCCC(=O)NCCCCCCNC(=O)CCCCCCCC1C([*])C=CC(CCCCCC)C1CCCCCCCC,-3.0,,GREA,270.15,,1,0.0,black
polymer_2316,[*]CCCCCCCC(=O)Nc1ccc(Cc2ccc(NC([*])=O)cc2)cc1,140.0,,GREA,413.15,,1,0.0,black
polymer_2317,[*]CCCCCCCC(=O)Nc1ccc(NC([*])=O)cc1,130.0,,GREA,403.15,,1,0.0,black
polymer_2318,[*]CCCCCCCC(=O)Nc1ccc(Oc2ccc(NC([*])=O)cc2)cc1,160.0,,GREA,433.15,,1,0.0,black
polymer_2319,[*]CCCCCCCC(=O)Nc1ccc(S(=O)(=O)c2ccc(NC([*])=O)cc2)cc1,178.0,,GREA,451.15,,1,0.0,black
polymer_2320,[*]CCCCCCCC(=O)Nc1cccc(Oc2ccc(NC([*])=O)cc2)c1,120.0,,GREA,393.15,,1,0.0,black
polymer_2321,[*]CCCCCCCC(=O)Nc1cccc(S(=O)(=O)c2cccc(NC([*])=O)c2)c1,125.0,,GREA,398.15,,1,0.0,black
polymer_2322,[*]CCCCCCCC(=O)OCCCCOC([*])=O,-62.49999999999997,,GREA,210.65,,1,0.0,black
polymer_2323,[*]CCCCCCCC(=O)OCCOC([*])=O,-44.99999999999997,,GREA,228.15,,1,0.0,black
polymer_2324,[*]CCCCCCCC(=O)OCCOCCOC([*])=O,-70.99999999999997,,GREA,202.15,,1,0.0,black
polymer_2325,[*]CCCCCCCC(=O)Oc1ccc(C2(c3ccc(OC([*])=O)cc3)c3ccccc3-c3ccccc32)cc1,150.0,,GREA,423.15,,1,0.0,black
polymer_2326,[*]CCCCCCCC(=O)Oc1ccccc1C(=O)OC(=O)c1ccccc1OC([*])=O,25.0,,GREA,298.15,,1,0.0,black
polymer_2327,[*]CCCCCCCC([*])C,-57.99999999999997,,GREA,215.15,,1,0.0,black
polymer_2328,[*]CCCCCCCC(c1ccc(O)cc1)C([*])c1ccc(O)cc1C,4.0,,GREA,277.15,,1,0.0,black
polymer_2329,[*]CCCCCCCC1OCC(CCCCOC([*])=O)O1,-43.99999999999997,,GREA,229.15,,1,0.0,black
polymer_2330,[*]CCCCCCCC1OCC(COC([*])=O)O1,-22.99999999999997,,GREA,250.15,,1,0.0,black
polymer_2331,[*]CCCCCCCC1OCC(OC([*])=O)CO1,6.5,,GREA,279.65,,1,0.0,black
polymer_2332,[*]CCCCCCCC1OCC2(CO1)COC(CCCCCCCC(=O)OCCOC([*])=O)OC2,0.0,,GREA,273.15,,1,0.0,black
polymer_2333,[*]CCCCCCCCC(=O)N1CCCCC(NC([*])=O)C1,-46.49999999999997,,GREA,226.65,,1,0.0,black
polymer_2334,[*]CCCCCCCCC(=O)N1CCN(C([*])=O)CC1,82.0,,GREA,355.15,,1,0.0,black
polymer_2335,[*]CCCCCCCCC(=O)NC(Cc1ccccc1)C(=O)NCCCOCCOCCOCCCNC(=O)C(Cc1ccccc1)NC([*])=O,44.0,,GREA,317.15,,1,0.0,black
polymer_2336,[*]CCCCCCCCC(=O)NC(Cc1ccccc1)C(=O)OC/C=C/COC(=O)C(Cc1ccccc1)NC([*])=O,46.0,,GREA,319.15,,1,0.0,black
polymer_2337,[*]CCCCCCCCC(=O)NC(Cc1ccccc1)C(=O)OC1COC2C(OC(=O)C(Cc3ccccc3)NC([*])=O)COC12,74.0,,GREA,347.15,,1,0.0,black
polymer_2338,[*]CCCCCCCCC(=O)NC1CCC(CC2CCC(NC([*])=O)CC2)CC1,144.0,,GREA,417.15,,1,0.0,black
polymer_2339,[*]CCCCCCCCC(=O)NC1CCC(CCC2CCC(NC([*])=O)CC2)CC1,116.0,,GREA,389.15,,1,0.0,black
polymer_2340,[*]CCCCCCCCC(=O)NCC(=O)NCC(=O)OC1COC2C(OC(=O)CNC(=O)CNC([*])=O)COC12,47.0,,GREA,320.15,,1,0.0,black
polymer_2341,[*]CCCCCCCCC(=O)NCC(=O)OC1COC2C(OC(=O)CNC([*])=O)COC12,66.0,,GREA,339.15,,1,0.0,black
polymer_2342,[*]CCCCCCCCC(=O)NCC1CCC(CNC([*])=O)CC1,89.0,,GREA,362.15,,1,0.0,black
polymer_2343,[*]CCCCCCCCC(=O)NCC1COC(CNC([*])=O)CO1,73.0,,GREA,346.15,,1,0.0,black
polymer_2344,[*]CCCCCCCCC(=O)NCCCC1(CCCNC([*])=O)c2ccccc2-c2ccccc21,85.0,,GREA,358.15,,1,0.0,black
polymer_2345,[*]CCCCCCCCC(=O)NCCCCCCCCCCCNC([*])=O,40.0,,GREA,313.15,,1,0.0,black
polymer_2346,[*]CCCCCCCCC(=O)NCCCCCCCCCCNC([*])=O,60.0,,GREA,333.15,,1,0.0,black
polymer_2347,[*]CCCCCCCCC(=O)NCCCCCCCCNC([*])=O,54.0,,GREA,327.15,,1,0.0,black
polymer_2348,[*]CCCCCCCCC(=O)NCCCOCCOCCOCCCNC([*])=O,40.0,,GREA,313.15,,1,0.0,black
polymer_2349,[*]CCCCCCCCC(=O)NCCc1ccc(CCNC([*])=O)cc1,105.0,,GREA,378.15,,1,0.0,black
polymer_2350,[*]CCCCCCCCC(=O)NCc1ccc(CNC([*])=O)cc1,115.0,,GREA,388.15,,1,0.0,black
polymer_2351,[*]CCCCCCCCC(=O)NNC(=O)OCCCCCCCCCCOC(=O)NNC([*])=O,34.0,,GREA,307.15,,1,0.0,black
polymer_2352,[*]CCCCCCCCC(=O)NNC(=O)OCCCCCCCCOC(=O)NNC([*])=O,38.0,,GREA,311.15,,1,0.0,black
polymer_2353,[*]CCCCCCCCC(=O)NNC(=O)OCCCCCCOC(=O)NNC([*])=O,45.0,,GREA,318.15,,1,0.0,black
polymer_2354,[*]CCCCCCCCC(=O)NNC(=O)OCCCCCOC(=O)NNC([*])=O,20.0,,GREA,293.15,,1,0.0,black
polymer_2355,[*]CCCCCCCCC(=O)NNC(=O)OCCCCOC(=O)NNC([*])=O,56.0,,GREA,329.15,,1,0.0,black
polymer_2356,[*]CCCCCCCCC(=O)NNC(=O)OCCCOC(=O)NNC([*])=O,22.0,,GREA,295.15,,1,0.0,black
polymer_2357,[*]CCCCCCCCC(=O)NNC(=O)OCCOC(=O)NNC([*])=O,63.0,,GREA,336.15,,1,0.0,black
polymer_2358,[*]CCCCCCCCC(=O)Nc1cc(NC([*])=O)cc(-c2nnc(-c3ccccn3)o2)c1,85.0,,GREA,358.15,,1,0.0,black
polymer_2359,[*]CCCCCCCCC(=O)Nc1ccc(C(=O)c2ccc(Oc3ccc(Oc4ccc(C(=O)c5ccc(NC([*])=O)cc5)cc4)cc3)cc2)cc1,130.0,,GREA,403.15,,1,0.0,black
polymer_2360,[*]CCCCCCCCC(=O)Nc1ccc(C(=O)c2ccc(Oc3cccc(Oc4ccc(C(=O)c5ccc(NC([*])=O)cc5)cc4)c3)cc2)cc1,143.0,,GREA,416.15,,1,0.0,black
polymer_2361,[*]CCCCCCCCC(=O)Nc1ccc(Cc2ccc(NC([*])=O)cc2)cc1,160.0,,GREA,433.15,,1,0.0,black
polymer_2362,[*]CCCCCCCCC(=O)Nc1ccc(NC([*])=O)cc1,125.0,,GREA,398.15,,1,0.0,black
polymer_2363,[*]CCCCCCCCC(=O)Nc1ccc(Oc2ccc(NC([*])=O)cc2)cc1,160.0,,GREA,433.15,,1,0.0,black
polymer_2364,[*]CCCCCCCCC(=O)Nc1ccc(S(=O)(=O)c2ccc(NC([*])=O)cc2)cc1,72.34000000000003,,GREA,345.49,,1,0.0,black
polymer_2365,[*]CCCCCCCCC(=O)Nc1ccc2oc(CCCCCCCCc3nc4cc(NC([*])=O)ccc4o3)nc2c1,93.0,,GREA,366.15,,1,0.0,black
polymer_2366,[*]CCCCCCCCC(=O)Nc1ccc2oc(CCCCCCc3nc4cc(NC([*])=O)ccc4o3)nc2c1,86.0,,GREA,359.15,,1,0.0,black
polymer_2367,[*]CCCCCCCCC(=O)Nc1cccc(C(=O)c2ccc(Oc3ccc(C(=O)c4ccc(NC([*])=O)cc4)cc3)cc2)c1,148.0,,GREA,421.15,,1,0.0,black
polymer_2368,[*]CCCCCCCCC(=O)Nc1cccc(C(=O)c2ccc(Oc3ccc(C(=O)c4cccc(NC([*])=O)c4)cc3)cc2)c1,141.0,,GREA,414.15,,1,0.0,black
polymer_2369,[*]CCCCCCCCC(=O)Nc1cccc(C(=O)c2ccc(Oc3ccc(Oc4ccc(C(=O)c5cccc(NC([*])=O)c5)cc4)cc3)cc2)c1,144.0,,GREA,417.15,,1,0.0,black
polymer_2370,[*]CCCCCCCCC(=O)Nc1cccc(NC(=S)NC(=O)c2ccc(NC([*])=O)cc2)c1,265.0,,GREA,538.15,,1,0.0,black
polymer_2371,[*]CCCCCCCCC(=O)Nc1cccc(NC([*])=O)c1,110.0,,GREA,383.15,,1,0.0,black
polymer_2372,[*]CCCCCCCCC(=O)Nc1cccc(Oc2ccc(NC([*])=O)cc2)c1,125.0,,GREA,398.15,,1,0.0,black
polymer_2373,[*]CCCCCCCCC(=O)Nc1cccc(S(=O)(=O)c2cccc(NC([*])=O)c2)c1,112.0,,GREA,385.15,,1,0.0,black
polymer_2374,[*]CCCCCCCCC(=O)OC([*])=O,60.0,,GREA,333.15,,1,0.0,black
polymer_2375,[*]CCCCCCCCC(=O)OC/C=C/COC([*])=O,-40.99999999999997,,GREA,232.15,,1,0.0,black
polymer_2376,[*]CCCCCCCCC(=O)OC1CCC(OC([*])=O)CC1,66.0,,GREA,339.15,,1,0.0,black
polymer_2377,[*]CCCCCCCCC(=O)OC1COC2C(OC([*])=O)COC12,3.0,,GREA,276.15,,1,0.0,black
polymer_2378,[*]CCCCCCCCC(=O)OCC#CC(C#CCOC([*])=O)=Cc1ccc(C#Cc2ccc(C=C(C#Cc3ccccc3)C#Cc3ccccc3)cc2)cc1,60.0,,GREA,333.15,,1,0.0,black
polymer_2379,[*]CCCCCCCCC(=O)OCC#CC(C#CCOC([*])=O)=Cc1ccc(C#Cc2ccc([N+](=O)[O-])cc2)cc1,60.0,,GREA,333.15,,1,0.0,black
polymer_2380,[*]CCCCCCCCC(=O)OCC#CC(C#CCOC([*])=O)=Cc1ccc(C#Cc2ccccc2)cc1,60.0,,GREA,333.15,,1,0.0,black
polymer_2381,[*]CCCCCCCCC(=O)OCC#CCOC([*])=O,-26.49999999999997,,GREA,246.65,,1,0.0,black
polymer_2382,[*]CCCCCCCCC(=O)OCC(O)COc1ccc(C(=O)Oc2ccc(OCC(O)COC([*])=O)cc2)cc1,36.0,,GREA,309.15,,1,0.0,black
polymer_2383,[*]CCCCCCCCC(=O)OCCCCCCCCCCCOc1ccc(-c2nnc(-c3ccc(OCCCCCCCCCCCOC([*])=O)cc3)s2)cc1,52.0,,GREA,325.15,,1,0.0,black
polymer_2384,[*]CCCCCCCCC(=O)OCCCCCCCCCCOC([*])=O,-53.99999999999997,,GREA,219.15,,1,0.0,black
polymer_2385,[*]CCCCCCCCC(=O)OCCCCCCOC([*])=O,-37.99999999999997,,GREA,235.15,,1,0.0,black
polymer_2386,[*]CCCCCCCCC(=O)OCCCCOC([*])=O,-56.99999999999997,,GREA,216.15,,1,0.0,black
polymer_2387,[*]CCCCCCCCC(=O)OCCOC(=O)c1ccc(C(=O)OCCOC([*])=O)cc1,-6.5,,GREA,266.65,,1,0.0,black
polymer_2388,[*]CCCCCCCCC(=O)OCCOCCOC([*])=O,-74.49999999999997,,GREA,198.65,,1,0.0,black
polymer_2389,[*]CCCCCCCCC(=O)Oc1c(-c2ccccc2)cc(-c2cc(-c3ccccc3)c(OC([*])=O)c(-c3ccccc3)c2)cc1-c1ccccc1,98.0,,GREA,371.15,,1,0.0,black
polymer_2390,[*]CCCCCCCCC(=O)Oc1c(-c2ccccc2)cc(Cc2cc(-c3ccccc3)c(OC([*])=O)c(-c3ccccc3)c2)cc1-c1ccccc1,92.0,,GREA,365.15,,1,0.0,black
polymer_2391,[*]CCCCCCCCC(=O)Oc1ccc(-c2nnc(C=Cc3ccc(OC([*])=O)cc3)s2)cc1,30.0,,GREA,303.15,,1,0.0,black
polymer_2392,[*]CCCCCCCCC(=O)Oc1ccc(/C(=C/c2ccc(-c3ccc(/C=C(\c4ccccc4)c4ccc(OC([*])=O)cc4)cc3)cc2)c2ccccc2)cc1,111.0,,GREA,384.15,,1,0.0,black
polymer_2393,[*]CCCCCCCCC(=O)Oc1ccc(C2(c3ccc(OC([*])=O)cc3)c3ccccc3-c3ccccc32)cc1,151.0,,GREA,424.15,,1,0.0,black
polymer_2394,[*]CCCCCCCCC(=O)Oc1ccc(C2(c3ccc(OC([*])=O)cc3)c3ccccc3Cc3ccccc32)cc1,134.0,,GREA,407.15,,1,0.0,black
polymer_2395,[*]CCCCCCCCC(=O)Oc1ccc(OC([*])=O)cc1,52.80000000000001,,GREA,325.95,,1,0.0,black
polymer_2396,[*]CCCCCCCCC(=O)Oc1cccc(-c2nnc(C=Cc3ccc(OC([*])=O)cc3)s2)c1,37.0,,GREA,310.15,,1,0.0,black
polymer_2397,[*]CCCCCCCCC(=O)Oc1cccc(C=Cc2nnc(-c3ccc(OC([*])=O)cc3)s2)c1,55.0,,GREA,328.15,,1,0.0,black
polymer_2398,[*]CCCCCCCCC(=O)Oc1cccc(C=Cc2nnc(-c3cccc(OC([*])=O)c3)s2)c1,41.0,,GREA,314.15,,1,0.0,black
polymer_2399,[*]CCCCCCCCC(=O)Oc1ccccc1C(=O)OC(=O)c1ccccc1OC([*])=O,28.0,,GREA,301.15,,1,0.0,black
polymer_2400,[*]CCCCCCCCC(C)(C)c1ccc2c(c1)C(=O)N(c1ccc(Oc3ccc(N4C(=O)c5ccc(C([*])(C)C)cc5C4=O)cc3)cc1)C2=O,123.65000000000003,,GREA,396.8,,1,0.0,black
polymer_2401,[*]CCCCCCCCC(Cl)C([*])Cl,-29.99999999999997,,GREA,243.15,,1,0.0,black
polymer_2402,[*]CCCCCCCCC([*])Cl,-32.99999999999997,,GREA,240.15,,1,0.0,black
polymer_2403,[*]CCCCCCCCC(c1ccc(O)cc1)C([*])c1ccc(O)cc1C,-12.0,,GREA,261.15,,1,0.0,black
polymer_2404,[*]CCCCCCCCCC(=O)NCCc1ccc(CCNC([*])=O)cc1,96.0,,GREA,369.15,,1,0.0,black
polymer_2405,[*]CCCCCCCCCC(=O)NCc1ccc(CNC([*])=O)cc1,110.0,,GREA,383.15,,1,0.0,black
polymer_2406,[*]CCCCCCCCCC(=O)Nc1ccc(Oc2ccc(NC([*])=O)cc2)cc1,150.0,,GREA,423.15,,1,0.0,black
polymer_2407,[*]CCCCCCCCCC(=O)Nc1cccc(Oc2ccc(NC([*])=O)cc2)c1,110.0,,GREA,383.15,,1,0.0,black
polymer_2408,[*]CCCCCCCCCC(=O)Oc1ccc(C2(c3ccc(OC([*])=O)cc3)c3ccccc3-c3ccccc32)cc1,136.0,,GREA,409.15,,1,0.0,black
polymer_2409,[*]CCCCCCCCCC(c1ccc(O)cc1)C([*])c1ccc(O)cc1C,-1.0,,GREA,272.15,,1,0.0,black
polymer_2410,[*]CCCCCCCCCC=CCCCCCCCCCC([*])COCCOCCOCCOCCOCCCCCC,-75.99999999999997,,GREA,197.15,,1,0.0,black
polymer_2411,[*]CCCCCCCCCC=CCCCCCCCCCC([*])COCCOCCOCCOCCOCc1ccc2ccc3cccc4ccc1c2c34,-35.99999999999997,,GREA,237.15,,1,0.0,black
polymer_2412,[*]CCCCCCCCCC=CCCCCCCCCCC([*])Cl,-36.99999999999997,,GREA,236.15,,1,0.0,black
polymer_2413,[*]CCCCCCCCCCC(=O)N([*])C,-12.0,,GREA,261.15,,1,0.0,black
polymer_2414,[*]CCCCCCCCCCC(=O)NC(Cc1ccccc1)C(=O)OC1COC2C(OC(=O)C(Cc3ccccc3)NC([*])=O)COC12,76.0,,GREA,349.15,,1,0.0,black
polymer_2415,[*]CCCCCCCCCCC(=O)NC1CCC(CC2CCC(NC([*])=O)CC2)CC1,142.0,,GREA,415.15,,1,0.0,black
polymer_2416,[*]CCCCCCCCCCC(=O)NC1CCC(CCC2CCC(NC([*])=O)CC2)CC1,105.0,,GREA,378.15,,1,0.0,black
polymer_2417,[*]CCCCCCCCCCC(=O)NCC1CCC(CNC([*])=O)CC1,85.0,,GREA,358.15,,1,0.0,black
polymer_2418,[*]CCCCCCCCCCC(=O)NCCCCCCCCCCCNC([*])=O,39.0,,GREA,312.15,,1,0.0,black
polymer_2419,[*]CCCCCCCCCCC(=O)NCCCCCCCCCCNC([*])=O,49.0,,GREA,322.15,,1,0.0,black
polymer_2420,[*]CCCCCCCCCCC(=O)NCCCCCCCCNC([*])=O,50.0,,GREA,323.15,,1,0.0,black
polymer_2421,[*]CCCCCCCCCCC(=O)NCc1ccc(CNC([*])=O)cc1,105.0,,GREA,378.15,,1,0.0,black
polymer_2422,[*]CCCCCCCCCCC(=O)Nc1ccc(Oc2ccc(NC([*])=O)cc2)cc1,150.0,,GREA,423.15,,1,0.0,black
polymer_2423,[*]CCCCCCCCCCC(=O)Nc1ccc(S(=O)(=O)c2ccc(NC([*])=O)cc2)cc1,160.0,,GREA,433.15,,1,0.0,black
polymer_2424,[*]CCCCCCCCCCC(=O)Nc1cccc(Oc2ccc(NC([*])=O)cc2)c1,110.0,,GREA,383.15,,1,0.0,black
polymer_2425,[*]CCCCCCCCCCC(=O)Nc1cccc(S(=O)(=O)c2cccc(NC([*])=O)c2)c1,107.0,,GREA,380.15,,1,0.0,black
polymer_2426,[*]CCCCCCCCCCC(=O)OCC#CCOC([*])=O,-26.99999999999997,,GREA,246.15,,1,0.0,black
polymer_2427,[*]CCCCCCCCCCC(=O)OCC(O)COc1ccc(OCC(O)COC([*])=O)cc1,10.0,,GREA,283.15,,1,0.0,black
polymer_2428,[*]CCCCCCCCCCC(=O)OCCOC(=O)c1ccc(C(=O)OCCOC([*])=O)cc1,-8.0,,GREA,265.15,,1,0.0,black
polymer_2429,[*]CCCCCCCCCCC(=O)OCCOCCOC([*])=O,-70.99999999999997,,GREA,202.15,,1,0.0,black
polymer_2430,[*]CCCCCCCCCCC(=O)Oc1ccc(C2(c3ccc(OC([*])=O)cc3)c3ccccc3-c3ccccc32)cc1,117.0,,GREA,390.15,,1,0.0,black
polymer_2431,[*]CCCCCCCCCCC(Cl)C([*])Cl,-31.99999999999997,,GREA,241.15,,1,0.0,black
polymer_2432,[*]CCCCCCCCCCC(c1ccc(O)cc1)C([*])c1ccc(O)cc1C,-4.0,,GREA,269.15,,1,0.0,black
polymer_2433,[*]CCCCCCCCCCCC(=O)N([*])C,-28.99999999999997,,GREA,244.15,,1,0.0,black
polymer_2434,[*]CCCCCCCCCCCC(=O)NCCCCCCCCCCCCCNC([*])=O,56.5,,GREA,329.65,,1,0.0,black
polymer_2435,[*]CCCCCCCCCCCC(=O)NCc1ccc(CNC([*])=O)cc1,100.0,,GREA,373.15,,1,0.0,black
polymer_2436,[*]CCCCCCCCCCCC(c1ccc(O)cc1)C([*])c1ccc(O)cc1C,4.0,,GREA,277.15,,1,0.0,black
polymer_2437,[*]CCCCCCCCCCCCC(=O)NC1CCC(CC2CCC(NC([*])=O)CC2)CC1,131.0,,GREA,404.15,,1,0.0,black
polymer_2438,[*]CCCCCCCCCCCCC(=O)NCCCCCCCCCCCCNC([*])=O,49.0,,GREA,322.15,,1,0.0,black
polymer_2439,[*]CCCCCCCCCCCCC(=O)NCCc1ccc(CCNC([*])=O)cc1,93.0,,GREA,366.15,,1,0.0,black
polymer_2440,[*]CCCCCCCCCCCCC(=O)Oc1ccc(-c2ccc(OC([*])=O)cc2)cc1,95.0,,GREA,368.15,,1,0.0,black
polymer_2441,[*]CCCCCCCCCCCCC(c1ccc(O)cc1)C([*])c1ccc(O)cc1C,-1.0,,GREA,272.15,,1,0.0,black
polymer_2442,[*]CCCCCCCCCCCCCC(=O)NCc1ccc(CNC([*])=O)cc1,90.0,,GREA,363.15,,1,0.0,black
polymer_2443,[*]CCCCCCCCCCCCCCC(=O)NCCCCCCCCCCCCNC([*])=O,46.0,,GREA,319.15,,1,0.0,black
polymer_2444,[*]CCCCCCCCCCCCCCC(=O)NCCCCCCCCCCNC([*])=O,45.0,,GREA,318.15,,1,0.0,black
polymer_2445,[*]CCCCCCCCCCCCCCC(=O)NCCCCCCCCNC([*])=O,52.0,,GREA,325.15,,1,0.0,black
polymer_2446,[*]CCCCCCCCCCCCCCC(=O)NCCCCCCNC([*])=O,40.0,,GREA,313.15,,1,0.0,black
polymer_2447,[*]CCCCCCCCCCCCCCCCC(=O)NCCCCCCCCCCCCCCCCCCNC([*])=O,50.0,,GREA,323.15,,1,0.0,black
polymer_2448,[*]CCCCCCCCCCCCCCCCC(=O)NCCCCCCCCCCCCCCNC([*])=O,48.0,,GREA,321.15,,1,0.0,black
polymer_2449,[*]CCCCCCCCCCCCCCCCC(=O)NCCCCCCCCCCCCNC([*])=O,46.5,,GREA,319.65,,1,0.0,black
polymer_2450,[*]CCCCCCCCCCCCCCCCC(=O)NCCCCCCCCCCNC([*])=O,46.0,,GREA,319.15,,1,0.0,black
polymer_2451,[*]CCCCCCCCCCCCCCCCC(=O)NCCCCCCCCNC([*])=O,36.0,,GREA,309.15,,1,0.0,black
polymer_2452,[*]CCCCCCCCCCCCCCCCC(=O)NCCCCCCNC([*])=O,47.0,,GREA,320.15,,1,0.0,black
polymer_2453,[*]CCCCCCCCCCCCCCCCC(=O)NCCc1ccc(CCNC([*])=O)cc1,75.0,,GREA,348.15,,1,0.0,black
polymer_2454,[*]CCCCCCCCCCCCCCCCC(=O)NCc1ccc(CNC([*])=O)cc1,75.0,,GREA,348.15,,1,0.0,black
polymer_2455,[*]CCCCCCCCCCCCCCCCC(=O)OCCCCCCCCCCOC([*])=O,-17.0,,GREA,256.15,,1,0.0,black
polymer_2456,[*]CCCCCCCCCCCCCCCCC(=O)OCCOCCOC([*])=O,-67.99999999999997,,GREA,205.15,,1,0.0,black
polymer_2457,[*]CCCCCCCCCCCCCCCCCCC(=O)NCCCCCCCCCCCCNC([*])=O,221.60000000000002,,GREA,494.75,,1,0.0,black
polymer_2458,[*]CCCCCCCCCCCCCCCCCCC(=O)NCCCCCCCCCCCNC([*])=O,29.0,,GREA,302.15,,1,0.0,black
polymer_2459,[*]CCCCCCCCCCCCCCCCCCC(=O)NCCCCCCCCCNC([*])=O,42.0,,GREA,315.15,,1,0.0,black
polymer_2460,[*]CCCCCCCCCCCCCCCCCCC(=O)NCCCCCCCNC([*])=O,46.0,,GREA,319.15,,1,0.0,black
polymer_2461,[*]CCCCCCCCCCCCCCCCCCC(=O)NCCCCCNC([*])=O,52.0,,GREA,325.15,,1,0.0,black
polymer_2462,[*]CCCCCCCCCCCCCCCCCCC(=O)OCCCCCCN1C(=O)c2ccc(S(=O)(=O)c3ccc4c(c3)C(=O)N(CCCCCCOC([*])=O)C4=O)cc2C1=O,19.0,,GREA,292.15,,1,0.0,black
polymer_2463,[*]CCCCCCCCCCCCCCCCCCCCC(=O)NCCCCCCCCNC([*])=O,48.0,,GREA,321.15,,1,0.0,black
polymer_2464,[*]CCCCCCCCCCCCCCCCCCCCC(=O)Oc1ccc(N2C(=O)c3ccc(-c4ccc5c(c4)C(=O)N(c4ccc(OC([*])=O)cc4)C5=O)cc3C2=O)cc1,140.0,,GREA,413.15,,1,0.0,black
polymer_2465,[*]CCCCCCCCCCCCCCCCCCCCC([*])COCCOCCOCCOCCOCc1ccc2ccc3cccc4ccc1c2c34,-20.99999999999997,,GREA,252.15,,1,0.0,black
polymer_2466,[*]CCCCCCCCCCCCCCCCCCCCCCCCCCCCCCCCCCC(=O)OCCCCOC([*])=O,-54.99999999999997,,GREA,218.15,,1,0.0,black
polymer_2467,[*]CCCCCCCCCCCCCCNC([*])=O,-7.0,,GREA,266.15,,1,0.0,black
polymer_2468,[*]CCCCCCCCCCCCNC([*])=O,41.0,,GREA,314.15,,1,0.0,black
polymer_2469,[*]CCCCCCCCCCCCOC([*])=O,-35.99999999999997,,GREA,237.15,,1,0.0,black
polymer_2470,[*]CCCCCCCCCCCN1C(=O)c2ccc(C(=O)Oc3ccc(-c4ccc(OC([*])=O)cc4)cc3)cc2C1=O,60.0,,GREA,333.15,,1,0.0,black
polymer_2471,[*]CCCCCCCCCCCN1C(=O)c2ccc(C(=O)Oc3ccc(C4(c5ccc(OC([*])=O)cc5)CCCCC4)cc3)cc2C1=O,96.0,,GREA,369.15,,1,0.0,black
polymer_2472,[*]CCCCCCCCCCCN1C(=O)c2ccc(C(=O)Oc3ccc(C4(c5ccc(OC([*])=O)cc5)OC(=O)c5ccccc54)cc3)cc2C1=O,114.0,,GREA,387.15,,1,0.0,black
polymer_2473,[*]CCCCCCCCCCCN1C(=O)c2ccc(C(=O)Oc3ccc(OC([*])=O)cc3)cc2C1=O,58.0,,GREA,331.15,,1,0.0,black
polymer_2474,[*]CCCCCCCCCCCN1C(=O)c2ccc(C(=O)Oc3ccc4ccc(OC([*])=O)cc4c3)cc2C1=O,98.0,,GREA,371.15,,1,0.0,black
polymer_2475,[*]CCCCCCCCCCCn1c(=O)c2cc3c(=O)n(CCCCCCCCCCCC(=O)Oc4ccc5cc(OC([*])=O)ccc5c4)c(=O)c3cc2c1=O,62.0,,GREA,335.15,,1,0.0,black
polymer_2476,[*]CCCCCCCCCCN(c1ccccc1)c1ncnc(N([*])c2ccccc2)n1,55.0,,GREA,328.15,,1,0.0,black
polymer_2477,[*]CCCCCCCCCCN1C(=O)C2C3C=CC(C4C(=O)N([*])C(=O)C34)C2C1=O,219.0,,GREA,492.15,,1,0.0,black
polymer_2478,[*]CCCCCCCCCCN1C(=O)c2ccc(-c3ccc(-c4ccc5c(c4)C(=O)N(CCCCCCCCCCC(=O)OCCCCCN4C(=O)c6ccc(-c7ccc8c(c7)C(=O)N(CCCCCOC([*])=O)C8=O)cc6C4=O)C5=O)cc3)cc2C1=O,41.0,,GREA,314.15,,1,0.0,black
polymer_2479,[*]CCCCCCCCCCN1C(=O)c2ccc(C(=O)Oc3ccc(-c4ccc(OC([*])=O)cc4)cc3)cc2C1=O,61.0,,GREA,334.15,,1,0.0,black
polymer_2480,[*]CCCCCCCCCCN1C(=O)c2ccc(C(=O)c3ccc4c(c3)C(=O)N(CCCCCCCCCCC(=O)Nc3ccc(Cc5ccc(NC([*])=O)cc5)cc3)C4=O)cc2C1=O,136.0,,GREA,409.15,,1,0.0,black
polymer_2481,[*]CCCCCCCCCCN1C(=O)c2ccc(C(=O)c3ccc4c(c3)C(=O)N(CCCCCCCCCCC(=O)Nc3ccc(NC([*])=O)cc3)C4=O)cc2C1=O,125.0,,GREA,398.15,,1,0.0,black
polymer_2482,[*]CCCCCCCCCCN1C(=O)c2ccc(C(=O)c3ccc4c(c3)C(=O)N(CCCCCCCCCCC(=O)Nc3ccc(Oc5ccc(NC([*])=O)cc5)cc3)C4=O)cc2C1=O,132.0,,GREA,405.15,,1,0.0,black
polymer_2483,[*]CCCCCCCCCCN1C(=O)c2ccc(C(=O)c3ccc4c(c3)C(=O)N(CCCCCCCCCCC(=O)Nc3ccc(Oc5ccc(Oc6ccc(NC([*])=O)cc6)cc5)cc3)C4=O)cc2C1=O,122.0,,GREA,395.15,,1,0.0,black
polymer_2484,[*]CCCCCCCCCCN1C(=O)c2ccc(C(=O)c3ccc4c(c3)C(=O)N(CCCCCCCCCCC(=O)Nc3cccc(Oc5ccc(NC([*])=O)cc5)c3)C4=O)cc2C1=O,126.0,,GREA,399.15,,1,0.0,black
polymer_2485,[*]CCCCCCCCCCNC(=O)CCCCCNC([*])=O,25.5,,GREA,298.65,,1,0.0,black
polymer_2486,[*]CCCCCCCCCCNC([*])=O,46.0,,GREA,319.15,,1,0.0,black
polymer_2487,[*]CCCCCCCCCCOC([*])=O,-46.04999999999998,,GREA,227.1,,1,0.0,black
polymer_2488,[*]CCCCCCCCCCSCCCCCCCCCCC(=O)NCCc1ccc(CCNC([*])=O)cc1,58.0,,GREA,331.15,,1,0.0,black
polymer_2489,[*]CCCCCCCCCC[N+]([*])(C)C,65.90000000000003,,GREA,339.05,,1,0.0,black
polymer_2490,[*]CCCCCCCCCCn1c(=O)c2cc3c(=O)n(CCCCCCCCCCC(=O)Oc4ccc5cc(OC([*])=O)ccc5c4)c(=O)c3cc2c1=O,66.0,,GREA,339.15,,1,0.0,black
polymer_2491,[*]CCCCCCCCCn1c(=O)c2cc3c(=O)n([*])c(=O)c3cc2c1=O,110.0,,GREA,383.15,,1,0.0,black
polymer_2492,[*]CCCCCCCCN(C)c1ccc(C(=O)c2ccc(N([*])C)cc2)cc1,50.0,,GREA,323.15,,1,0.0,black
polymer_2493,[*]CCCCCCCCNC([*])=O,48.0,,GREA,321.15,,1,0.0,black
polymer_2494,[*]CCCCCCCC[Si](C)(C)O[Si]([*])(C)C,-87.99999999999997,,GREA,185.15,,1,0.0,black
polymer_2495,[*]CCCCCCCNC([*])=O,37.0,,GREA,310.15,,1,0.0,black
polymer_2496,[*]CCCCCCN(C(=O)C(F)(F)C(F)(F)C(F)(F)C(=O)N([*])C(C)C)C(C)C,142.5,,GREA,415.65,,1,0.0,black
polymer_2497,[*]CCCCCCN(C)C(=O)CCC(=O)N([*])C,7.5,,GREA,280.65,,1,0.0,black
polymer_2498,[*]CCCCCCN(C)C(=O)CCCC(=O)N([*])C,3.0,,GREA,276.15,,1,0.0,black
polymer_2499,[*]CCCCCCN(C)c1ccc(C(=O)c2ccc(N([*])C)cc2)cc1,75.5,,GREA,348.65,,1,0.0,black
polymer_2500,[*]CCCCCCN(C)c1nc(-c2ccccc2)nc(N([*])C)n1,57.0,,GREA,330.15,,1,0.0,black
polymer_2501,[*]CCCCCCN(c1ccccc1)c1ncnc(N([*])c2ccccc2)n1,72.0,,GREA,345.15,,1,0.0,black
polymer_2502,[*]CCCCCCN1C(=O)C(=O)N([*])C1=O,55.0,,GREA,328.15,,1,0.0,black
polymer_2503,[*]CCCCCCN1C(=O)CC(C)(SCCOCCSC2(C)CC(=O)N(CCCCCCN3C(=O)C(C)C(SCCOCCSC4C(=O)N([*])C(=O)C4C)C3=O)C2=O)C1=O,78.0,,GREA,351.15,,1,0.0,black
polymer_2504,[*]CCCCCCN1C(=O)c2ccc(C(=O)Oc3ccc(-c4ccc(OC([*])=O)cc4)cc3)cc2C1=O,107.0,,GREA,380.15,,1,0.0,black
polymer_2505,[*]CCCCCCN1C(=O)c2ccc(C(=O)Oc3ccc(OC([*])=O)cc3)cc2C1=O,74.315,,GREA,347.465,,1,0.0,black
polymer_2506,[*]CCCCCCNC([*])=O,52.0,,GREA,325.15,,1,0.0,black
polymer_2507,[*]CCCCCCOC([*])=O,-14.0,,GREA,259.15,,1,0.0,black
polymer_2508,[*]CCCCCCSCCCCCCC(=O)NCc1ccc(CNC([*])=O)cc1,65.0,,GREA,338.15,,1,0.0,black
polymer_2509,[*]CCCCCC[Si](C)(C)O[Si]([*])(C)C,-89.99999999999997,,GREA,183.15,,1,0.0,black
polymer_2510,[*]CCCCCN1C(=O)c2ccc(C(=O)Oc3ccc(-c4ccc(OC([*])=O)cc4)cc3)cc2C1=O,118.0,,GREA,391.15,,1,0.0,black
polymer_2511,[*]CCCCCN1C(=O)c2ccc(C(=O)Oc3ccc(C4(c5ccc(OC([*])=O)cc5)CCCCC4)cc3)cc2C1=O,122.0,,GREA,395.15,,1,0.0,black
polymer_2512,[*]CCCCCN1C(=O)c2ccc(C(=O)Oc3ccc(OC([*])=O)cc3)cc2C1=O,89.0,,GREA,362.15,,1,0.0,black
polymer_2513,[*]CCCCCN1C(=O)c2ccc(C(=O)Oc3ccc4ccc(OC([*])=O)cc4c3)cc2C1=O,113.0,,GREA,386.15,,1,0.0,black
polymer_2514,[*]CCCCCN1C(=O)c2ccc(C(=O)c3ccc4c(c3)C(=O)N(CCCCCC(=O)Nc3ccc(Cc5ccc(NC([*])=O)cc5)cc3)C4=O)cc2C1=O,187.0,,GREA,460.15,,1,0.0,black
polymer_2515,[*]CCCCCN1C(=O)c2ccc(C(=O)c3ccc4c(c3)C(=O)N(CCCCCC(=O)Nc3ccc(NC([*])=O)cc3)C4=O)cc2C1=O,200.0,,GREA,473.15,,1,0.0,black
polymer_2516,[*]CCCCCN1C(=O)c2ccc(C(=O)c3ccc4c(c3)C(=O)N(CCCCCC(=O)Nc3ccc(Oc5ccc(NC([*])=O)cc5)cc3)C4=O)cc2C1=O,195.0,,GREA,468.15,,1,0.0,black
polymer_2517,[*]CCCCCN1C(=O)c2ccc(C(=O)c3ccc4c(c3)C(=O)N(CCCCCC(=O)Nc3ccc(Oc5ccc(Oc6ccc(NC([*])=O)cc6)cc5)cc3)C4=O)cc2C1=O,158.0,,GREA,431.15,,1,0.0,black
polymer_2518,[*]CCCCCN1C(=O)c2ccc(C(=O)c3ccc4c(c3)C(=O)N(CCCCCC(=O)Nc3cccc(Oc5ccc(NC([*])=O)cc5)c3)C4=O)cc2C1=O,170.0,,GREA,443.15,,1,0.0,black
polymer_2519,[*]CCCCCSC([*])=O,19.0,,GREA,292.15,,1,0.0,black
polymer_2520,[*]CCCCCSSCCCCC[*],-64.99999999999997,,GREA,208.15,,1,0.0,black
polymer_2521,[*]CCCCCSSSCCCCC[*],-69.99999999999997,,GREA,203.15,,1,0.0,black
polymer_2522,[*]CCCCCSSSSCCCCC[*],-75.99999999999997,,GREA,197.15,,1,0.0,black
polymer_2523,[*]CCCCC[Si]([*])(C)c1ccccc1,-10.399999999999977,,GREA,262.75,,1,0.0,black
polymer_2524,[*]CCCCCn1c(=O)c2cc3c(=O)n(CCCCCC(=O)Oc4ccc(OC([*])=O)cc4-c4ccccc4)c(=O)c3cc2c1=O,82.0,,GREA,355.15,,1,0.0,black
polymer_2525,[*]CCCCCn1c(=O)c2cc3c(=O)n(CCCCCC(=O)Oc4ccc(OC([*])=O)cc4Cl)c(=O)c3cc2c1=O,87.0,,GREA,360.15,,1,0.0,black
polymer_2526,[*]CCCCCn1c(=O)c2cc3c(=O)n(CCCCCC(=O)Oc4ccc(Oc5ccc(OC([*])=O)cc5)cc4)c(=O)c3cc2c1=O,91.0,,GREA,364.15,,1,0.0,black
polymer_2527,[*]CCCCCn1c(=O)c2cc3c(=O)n(CCCCCC(=O)Oc4ccc5ccc(OC([*])=O)cc5c4)c(=O)c3cc2c1=O,98.0,,GREA,371.15,,1,0.0,black
polymer_2528,[*]CCCCN(C)S(=O)(=O)c1ccc(Oc2ccc(C(C)(C)c3ccc(Oc4ccc(S(=O)(=O)N([*])C)cc4)cc3)cc2)cc1,120.0,,GREA,393.15,,1,0.0,black
polymer_2529,[*]CCCCN(c1ccccc1)c1ncnc(N([*])c2ccccc2)n1,91.0,,GREA,364.15,,1,0.0,black
polymer_2530,[*]CCCCN1C(=O)C2C3C=CC(C4C(=O)N([*])C(=O)C34)C2C1=O,211.0,,GREA,484.15,,1,0.0,black
polymer_2531,[*]CCCCN1C(=O)c2ccc(C(=O)Oc3ccc(-c4ccc(OC([*])=O)cc4)cc3)cc2C1=O,123.0,,GREA,396.15,,1,0.0,black
polymer_2532,[*]CCCCN1C(=O)c2ccc(C(=O)Oc3ccc(OC([*])=O)cc3)cc2C1=O,89.315,,GREA,362.465,,1,0.0,black
polymer_2533,[*]CCCCNC(=O)CCCCC(=O)NCCCP([*])(C)=O,59.0,,GREA,332.15,,1,0.0,black
polymer_2534,[*]CCCCOC([*])=O,-65.99999999999997,,GREA,207.15,,1,0.0,black
polymer_2535,[*]CCCCOCCCCC(=O)NCc1ccc(CNC([*])=O)cc1,70.0,,GREA,343.15,,1,0.0,black
polymer_2536,[*]CCCCSCCCCC(=O)NCc1ccc(CNC([*])=O)cc1,70.0,,GREA,343.15,,1,0.0,black
polymer_2537,[*]CCCCn1c(=O)c2cc3c(=O)n(CCC([*])C)c(=O)c3cc2c1=O,135.0,,GREA,408.15,,1,0.0,black
polymer_2538,[*]CCCN(C)c1ccc(C(=O)c2ccc(N([*])C)cc2)cc1,101.0,,GREA,374.15,,1,0.0,black
polymer_2539,[*]CCCN([*])C,-37.49999999999997,,GREA,235.65,,1,0.0,black
polymer_2540,[*]CCCN([*])C(=O)C(F)(F)C(F)(F)C(F)(F)C(F)(F)C(F)(F)C(F)(F)C(F)(F)F,25.0,,GREA,298.15,,1,0.0,black
polymer_2541,[*]CCCN([*])C(=O)CC,8.0,,GREA,281.15,,1,0.0,black
polymer_2542,[*]CCCN([*])C(=O)CCCCC,-16.0,,GREA,257.15,,1,0.0,black
polymer_2543,[*]CCCN([*])C(=O)c1ccccc1,72.0,,GREA,345.15,,1,0.0,black
polymer_2544,[*]CCCN([*])C(C)=O,30.0,,GREA,303.15,,1,0.0,black
polymer_2545,[*]CCCN1C(=O)C2C3C=CC(C4C(=O)N([*])C(=O)C34)C2C1=O,210.0,,GREA,483.15,,1,0.0,black
polymer_2546,[*]CCCN1C(=O)CC([*])CC1=O,90.0,,GREA,363.15,,1,0.0,black
polymer_2547,[*]CCCN1C(=O)c2ccc(-c3ccc4c(c3)C(=O)N(CCC[Si](C)(C)O[Si]([*])(C)C)C4=O)cc2C1=O,75.0,,GREA,348.15,,1,0.0,black
polymer_2548,[*]CCCN1C(=O)c2ccc(C(=O)Oc3ccc(-c4ccc(OC(=O)c5ccc6c(c5)C(=O)N(CC([*])C)C6=O)cc4)cc3)cc2C1=O,155.0,,GREA,428.15,,1,0.0,black
polymer_2549,[*]CCCN1C(=O)c2ccc(C(=O)Oc3ccc(-c4ccc(OC([*])=O)cc4)cc3)cc2C1=O,132.0,,GREA,405.15,,1,0.0,black
polymer_2550,[*]CCCN1C(=O)c2ccc(C(=O)Oc3ccc(OC([*])=O)cc3)cc2C1=O,132.0,,GREA,405.15,,1,0.0,black
polymer_2551,[*]CCCN1C(=O)c2ccc(C(=O)Oc3ccc4cc(OC(=O)c5ccc6c(c5)C(=O)N(CC([*])C)C6=O)ccc4c3)cc2C1=O,130.0,,GREA,403.15,,1,0.0,black
polymer_2552,[*]CCCN1C(=O)c2ccc(C(=O)c3ccc4c(c3)C(=O)N(CCCC(=O)Nc3ccc(Cc5ccc(NC([*])=O)cc5)cc3)C4=O)cc2C1=O,195.0,,GREA,468.15,,1,0.0,black
polymer_2553,[*]CCCN1C(=O)c2ccc(C(=O)c3ccc4c(c3)C(=O)N(CCCC(=O)Nc3ccc(NC([*])=O)cc3)C4=O)cc2C1=O,209.0,,GREA,482.15,,1,0.0,black
polymer_2554,[*]CCCN1C(=O)c2ccc(C(=O)c3ccc4c(c3)C(=O)N(CCCC(=O)Nc3ccc(Oc5ccc(NC([*])=O)cc5)cc3)C4=O)cc2C1=O,198.0,,GREA,471.15,,1,0.0,black
polymer_2555,[*]CCCN1C(=O)c2ccc(C(=O)c3ccc4c(c3)C(=O)N(CCCC(=O)Nc3ccc(Oc5ccc(Oc6ccc(NC([*])=O)cc6)cc5)cc3)C4=O)cc2C1=O,178.0,,GREA,451.15,,1,0.0,black
polymer_2556,[*]CCCN1C(=O)c2ccc(C(=O)c3ccc4c(c3)C(=O)N(CCCC(=O)Nc3cccc(Oc5ccc(NC([*])=O)cc5)c3)C4=O)cc2C1=O,188.0,,GREA,461.15,,1,0.0,black
polymer_2557,[*]CCCN1C(=O)c2ccc(C(=O)c3ccc4c(c3)C(=O)N(CCC[Si](C)(C)O[Si]([*])(C)C)C4=O)cc2C1=O,68.0,,GREA,341.15,,1,0.0,black
polymer_2558,[*]CCCNC(=O)C(=O)NCC([*])(C)C,109.0,,GREA,382.15,,1,0.0,black
polymer_2559,[*]CCCNC(=O)C(=O)NCCC[Si](C)(C)O[Si]([*])(C)C,-46.47999999999999,,GREA,226.67,,1,0.0,black
polymer_2560,[*]CCCNC(=O)CCCC(=O)NCC([*])(C)C,82.0,,GREA,355.15,,1,0.0,black
polymer_2561,[*]CCCNC(=O)CCCCC(=O)NCC([*])(C)C,77.0,,GREA,350.15,,1,0.0,black
polymer_2562,[*]CCCNC(=O)CCCCC(=O)NCCCN([*])C,5.0,,GREA,278.15,,1,0.0,black
polymer_2563,[*]CCCNC(=O)CCCCC(=O)NCCCP([*])(C)=O,33.0,,GREA,306.15,,1,0.0,black
polymer_2564,[*]CCCNC(=O)CCCCC(=O)NCCCP([*])CC(C)C,71.0,,GREA,344.15,,1,0.0,black
polymer_2565,[*]CCCNC(=O)CCCCC(=O)NCCCP([*])CCCCCCCC,12.0,,GREA,285.15,,1,0.0,black
polymer_2566,[*]CCCNC(=O)CCCCCC(=O)NCC([*])(C)C,70.5,,GREA,343.65,,1,0.0,black
polymer_2567,[*]CCCNC(=O)CCCCCCCC(=O)NCC([*])(C)C,63.0,,GREA,336.15,,1,0.0,black
polymer_2568,[*]CCCNC(=O)c1ccc(C(=O)NCC([*])(C)C)cc1,157.0,,GREA,430.15,,1,0.0,black
polymer_2569,[*]CCCNC(=O)c1ccc(C(=O)NCC([*])C)cc1,153.0,,GREA,426.15,,1,0.0,black
polymer_2570,[*]CCCNC(=O)c1ccc(C(=O)NCCC([*])C(C)C)cc1,150.0,,GREA,423.15,,1,0.0,black
polymer_2571,[*]CCCNC(=O)c1ccc(C(=O)NCCC([*])CC)cc1,135.0,,GREA,408.15,,1,0.0,black
polymer_2572,[*]CCCNC(=O)c1ccc(C(=O)NCCCC([*])(C)C)cc1,152.0,,GREA,425.15,,1,0.0,black
polymer_2573,[*]CCCNC(=O)c1ccc(Oc2ccc(C(=O)NCC([*])(C)C)cc2)cc1,155.0,,GREA,428.15,,1,0.0,black
polymer_2574,[*]CCCNC(=O)c1cccc(C(=O)NCC([*])(C)C)c1,153.0,,GREA,426.15,,1,0.0,black
polymer_2575,[*]CCCNC([*])=O,62.80000000000001,,GREA,335.95,,1,0.0,black
polymer_2576,[*]CCCOC(=O)C(CCCCCCCCOc1ccc(-c2ccc(OCc3ccc(C#N)cc3)cc2)cc1)C(=O)OCCC[Sn]([*])(C)C,22.0,,GREA,295.15,,1,0.0,black
polymer_2577,[*]CCCOC(=O)C(CCCCCCOc1ccc(-c2ccc(OCc3ccc([N+](=O)[O-])cc3)cc2)cc1)C(=O)OCCC[Sn]([*])(C)C,40.5,,GREA,313.65,,1,0.0,black
polymer_2578,[*]CCCOC([*])=O,1.5,,GREA,274.65,,1,0.0,black
polymer_2579,[*]CCCOCOCC[*],-79.99999999999997,,GREA,193.15,,1,0.0,black
polymer_2580,[*]CCCO[Si](C)(C)OC([*])C,-80.99999999999997,,GREA,192.15,,1,0.0,black
polymer_2581,[*]CCCSSCCC[*],-73.99999999999997,,GREA,199.15,,1,0.0,black
polymer_2582,[*]CCCSSCC[*],-71.99999999999997,,GREA,201.15,,1,0.0,black
polymer_2583,[*]CCC[Si]([*])(C)C,-54.99999999999997,,GREA,218.15,,1,0.0,black
polymer_2584,[*]CCC[Si]([*])(C)CCC[Si](C)(C)C,-45.99999999999997,,GREA,227.15,,1,0.0,black
polymer_2585,[*]CCC[Si]([*])(C)C[Si](C)(C)C,-50.99999999999997,,GREA,222.15,,1,0.0,black
polymer_2586,[*]CCC[Si]([*])(C)O[Si](C)(C)CCCOc1ccc(-c2ccc(C#N)cc2)cc1,-4.599999999999966,,GREA,268.55,,1,0.0,black
polymer_2587,[*]CCC[Si]([*])(C)O[Si](C)(C)CCCOc1ccc(C#N)cc1,-45.49999999999997,,GREA,227.65,,1,0.0,black
polymer_2588,[*]CCC[Si]([*])(C)O[Si](C)(C)CCCOc1ccc(C(=O)Oc2ccc(-c3ccc(C#N)cc3)cc2)cc1,10.100000000000023,,GREA,283.25,,1,0.0,black
polymer_2589,[*]CCC[Si]([*])(C)O[Si](C)(C)CCCOc1ccc(C(=O)Oc2ccc(C#N)cc2)cc1,-19.099999999999966,,GREA,254.05,,1,0.0,black
polymer_2590,[*]CCC[Si]([*])(C)c1ccc(N(C)C)cc1,6.5,,GREA,279.65,,1,0.0,black
polymer_2591,[*]CCC[Si]([*])(C)c1cccc(C)c1,-24.99999999999997,,GREA,248.15,,1,0.0,black
polymer_2592,[*]CCC[Si]([*])(C)c1ccccc1,-1.5,,GREA,271.65,,1,0.0,black
polymer_2593,[*]CCC[Si]([*])(C[Si](C)(C)c1ccccc1)C[Si](C)(C)c1ccccc1,-35.99999999999997,,GREA,237.15,,1,0.0,black
polymer_2594,[*]CCC[Si]([*])(c1ccc(C)cc1)c1ccc(C)cc1,38.0,,GREA,311.15,,1,0.0,black
polymer_2595,[*]CCC[Si]([*])(c1cccc2ccccc12)C1CCCCC1,47.5,,GREA,320.65,,1,0.0,black
polymer_2596,[*]CCC[Si]([*])(c1ccccc1)c1ccc(N(C)C)cc1,52.0,,GREA,325.15,,1,0.0,black
polymer_2597,[*]CCCn1c(=O)c2cc3c(=O)n(CCCC([*])(C)C)c(=O)c3cc2c1=O,135.0,,GREA,408.15,,1,0.0,black
polymer_2598,[*]CCN(C)C(=O)CCCCCCCCC(=O)N([*])C,0.0,,GREA,273.15,,1,0.0,black
polymer_2599,[*]CCN(C)c1ccc(N2C(=O)c3ccc(C(c4ccc5c(c4)C(=O)N(c4ccc(N([*])C)cc4)C5=O)(C(F)(F)F)C(F)(F)F)cc3C2=O)cc1,227.0,,GREA,500.15,,1,0.0,black
polymer_2600,[*]CCN([*])C,-30.99999999999997,,GREA,242.15,,1,0.0,black
polymer_2601,[*]CCN([*])C(=O)C(C)C,30.0,,GREA,303.15,,1,0.0,black
polymer_2602,[*]CCN([*])C(=O)C(OC)(c1ccccc1)C(F)(F)F,89.0,,GREA,362.15,,1,0.0,black
polymer_2603,[*]CCN([*])C(=O)C1(c2ccc(Cl)cc2)CCC1,112.0,,GREA,385.15,,1,0.0,black
polymer_2604,[*]CCN([*])C(=O)C12CC3CC(CC(C3)C1)C2,123.0,,GREA,396.15,,1,0.0,black
polymer_2605,[*]CCN([*])C(=O)C1CC1,77.0,,GREA,350.15,,1,0.0,black
polymer_2606,[*]CCN([*])C(=O)CC,60.0,,GREA,333.15,,1,0.0,black
polymer_2607,[*]CCN([*])C(=O)CC(C)C,30.0,,GREA,303.15,,1,0.0,black
polymer_2608,[*]CCN([*])C(=O)CC12CC3CC(CC(C3)C1)C2,139.0,,GREA,412.15,,1,0.0,black
polymer_2609,[*]CCN([*])C(=O)CCC,42.0,,GREA,315.15,,1,0.0,black
polymer_2610,[*]CCN([*])C(=O)CCC(=O)OC,31.0,,GREA,304.15,,1,0.0,black
polymer_2611,[*]CCN([*])C(=O)CCCC,13.0,,GREA,286.15,,1,0.0,black
polymer_2612,[*]CCN([*])C(=O)CCCCC,7.0,,GREA,280.15,,1,0.0,black
polymer_2613,[*]CCN([*])C(=O)CCCCCC,10.0,,GREA,283.15,,1,0.0,black
polymer_2614,[*]CCN([*])C(=O)CCCCCCC,10.0,,GREA,283.15,,1,0.0,black
polymer_2615,[*]CCN([*])C(=O)CCCCCCCCCCC,10.0,,GREA,283.15,,1,0.0,black
polymer_2616,[*]CCN([*])C(=O)CCCCCCCCCCCCCCCCC,10.0,,GREA,283.15,,1,0.0,black
polymer_2617,[*]CCN([*])C(=O)CSC,39.0,,GREA,312.15,,1,0.0,black
polymer_2618,[*]CCN([*])C(=O)Cc1ccc(C(F)(F)F)cc1,75.0,,GREA,348.15,,1,0.0,black
polymer_2619,[*]CCN([*])C(=O)c1c(F)c(F)c(F)c(F)c1F,136.0,,GREA,409.15,,1,0.0,black
polymer_2620,[*]CCN([*])C(=O)c1c(F)c(F)cc(F)c1F,122.0,,GREA,395.15,,1,0.0,black
polymer_2621,[*]CCN([*])C(=O)c1c(F)cc(F)c(F)c1F,122.0,,GREA,395.15,,1,0.0,black
polymer_2622,[*]CCN([*])C(=O)c1c(F)cc(F)cc1F,135.0,,GREA,408.15,,1,0.0,black
polymer_2623,[*]CCN([*])C(=O)c1c(F)ccc(F)c1F,124.0,,GREA,397.15,,1,0.0,black
polymer_2624,[*]CCN([*])C(=O)c1c(F)cccc1F,121.5,,GREA,394.65,,1,0.0,black
polymer_2625,[*]CCN([*])C(=O)c1cc(F)c(F)c(F)c1,65.0,,GREA,338.15,,1,0.0,black
polymer_2626,[*]CCN([*])C(=O)c1cc(F)c(F)c(F)c1F,97.0,,GREA,370.15,,1,0.0,black
polymer_2627,[*]CCN([*])C(=O)c1cc(F)c(F)cc1F,105.0,,GREA,378.15,,1,0.0,black
polymer_2628,[*]CCN([*])C(=O)c1cc(F)cc(F)c1,106.0,,GREA,379.15,,1,0.0,black
polymer_2629,[*]CCN([*])C(=O)c1cc(F)cc(F)c1F,110.0,,GREA,383.15,,1,0.0,black
polymer_2630,[*]CCN([*])C(=O)c1cc(F)ccc1F,112.0,,GREA,385.15,,1,0.0,black
polymer_2631,[*]CCN([*])C(=O)c1ccc(F)c(F)c1,101.0,,GREA,374.15,,1,0.0,black
polymer_2632,[*]CCN([*])C(=O)c1ccc(F)c(F)c1F,102.0,,GREA,375.15,,1,0.0,black
polymer_2633,[*]CCN([*])C(=O)c1ccc(F)cc1,104.0,,GREA,377.15,,1,0.0,black
polymer_2634,[*]CCN([*])C(=O)c1ccc(F)cc1F,108.0,,GREA,381.15,,1,0.0,black
polymer_2635,[*]CCN([*])C(=O)c1ccc(SC(F)(F)F)cc1,100.0,,GREA,373.15,,1,0.0,black
polymer_2636,[*]CCN([*])C(=O)c1ccc2ccccc2c1,130.0,,GREA,403.15,,1,0.0,black
polymer_2637,[*]CCN([*])C(=O)c1cccc(F)c1,97.0,,GREA,370.15,,1,0.0,black
polymer_2638,[*]CCN([*])C(=O)c1cccc(F)c1F,110.0,,GREA,383.15,,1,0.0,black
polymer_2639,[*]CCN([*])C(=O)c1ccccc1,111.0,,GREA,384.15,,1,0.0,black
polymer_2640,[*]CCN([*])C(=O)c1ccccc1F,109.0,,GREA,382.15,,1,0.0,black
polymer_2641,[*]CCN([*])C(C)=O,80.0,,GREA,353.15,,1,0.0,black
polymer_2642,[*]CCN([*])CC,-31.99999999999997,,GREA,241.15,,1,0.0,black
polymer_2643,[*]CCN([*])CCOCCOC,16.0,,GREA,289.15,,1,0.0,black
polymer_2644,[*]CCN([*])CC[Si](C)(C)C,-64.79999999999998,,GREA,208.35,,1,0.0,black
polymer_2645,[*]CCN([*])Cc1ccccc1,-16.0,,GREA,257.15,,1,0.0,black
polymer_2646,[*]CCN1C(=O)CC([*])C1=O,131.0,,GREA,404.15,,1,0.0,black
polymer_2647,[*]CCN1C(=O)c2ccc(C(=O)c3ccc4c(c3)C(=O)N(CCC(=O)Nc3ccc(Cc5ccc(NC([*])=O)cc5)cc3)C4=O)cc2C1=O,221.0,,GREA,494.15,,1,0.0,black
polymer_2648,[*]CCN1C(=O)c2ccc(C(=O)c3ccc4c(c3)C(=O)N(CCC(=O)Nc3ccc(NC([*])=O)cc3)C4=O)cc2C1=O,237.0,,GREA,510.15,,1,0.0,black
polymer_2649,[*]CCN1C(=O)c2ccc(C(=O)c3ccc4c(c3)C(=O)N(CCC(=O)Nc3ccc(Oc5ccc(NC([*])=O)cc5)cc3)C4=O)cc2C1=O,232.0,,GREA,505.15,,1,0.0,black
polymer_2650,[*]CCN1C(=O)c2ccc(C(=O)c3ccc4c(c3)C(=O)N(CCC(=O)Nc3ccc(Oc5ccc(Oc6ccc(NC([*])=O)cc6)cc5)cc3)C4=O)cc2C1=O,221.0,,GREA,494.15,,1,0.0,black
polymer_2651,[*]CCN1C(=O)c2ccc(C(=O)c3ccc4c(c3)C(=O)N(CCC(=O)Nc3cccc(Oc5ccc(NC([*])=O)cc5)c3)C4=O)cc2C1=O,224.0,,GREA,497.15,,1,0.0,black
polymer_2652,[*]CCN1C(=O)c2ccc(C(c3ccc4c(c3)C(=O)N(CCN([*])c3ccc(/C=C/C5=CC(=C(C#N)C#N)CC(C)(C)C5)cc3)C4=O)(C(F)(F)F)C(F)(F)F)cc2C1=O,224.0,,GREA,497.15,,1,0.0,black
polymer_2653,[*]CCN1C(=O)c2ccc(C(c3ccc4c(c3)C(=O)N(CCN([*])c3ccc(/N=N/c5ccc(C#N)cc5)cc3)C4=O)(C(F)(F)F)C(F)(F)F)cc2C1=O,213.0,,GREA,486.15,,1,0.0,black
polymer_2654,[*]CCN1C(=O)c2ccc(C(c3ccc4c(c3)C(=O)N(CCN([*])c3ccc(/N=N/c5ccc(C=O)cc5)cc3)C4=O)(C(F)(F)F)C(F)(F)F)cc2C1=O,170.0,,GREA,443.15,,1,0.0,black
polymer_2655,[*]CCN1C(=O)c2ccc(C(c3ccc4c(c3)C(=O)N(CCN([*])c3ccc(/N=N/c5ccc([N+](=O)[O-])cc5C)cc3)C4=O)(C(F)(F)F)C(F)(F)F)cc2C1=O,205.0,,GREA,478.15,,1,0.0,black
polymer_2656,[*]CCNC(=O)c1cc(C(=O)NCCC(C)C([*])C)cc(C(C)(C)C)c1,173.0,,GREA,446.15,,1,0.0,black
polymer_2657,[*]CCNC(=O)c1ccc(C(=O)NCC(C)(C)CC([*])C)cc1,147.0,,GREA,420.15,,1,0.0,black
polymer_2658,[*]CCNC(=O)c1ccc(C(=O)NCC(C)CC([*])CC)cc1,139.0,,GREA,412.15,,1,0.0,black
polymer_2659,[*]CCNC(=O)c1cccc(C(=O)NCCC(C)C([*])C)c1,125.0,,GREA,398.15,,1,0.0,black
polymer_2660,[*]CCOC(=O)C(CCCCCCOc1ccc(/N=C/c2ccc([N+](=O)[O-])cc2)cc1)C(=O)OC([*])C,3.0,,GREA,276.15,,1,0.0,black
polymer_2661,[*]CCOC(=O)CC([*])C,-71.49999999999997,,GREA,201.65,,1,0.0,black
polymer_2662,[*]CCOC(=O)CCC#CC#CCCC(=O)OCCN([*])c1ccc(/N=N/c2c(C)cc(/N=N/c3ccc(C#N)cc3)cc2C)cc1,63.0,,GREA,336.15,,1,0.0,black
polymer_2663,[*]CCOC(=O)CCCCC(=O)OCCC([*])C,-78.59999999999997,,GREA,194.55,,1,0.0,black
polymer_2664,[*]CCOC(=O)NCC1(C)CC(NC(=O)OCCN([*])c2ccc(/N=N/c3ccc(B(c4c(C)cc(C)cc4C)c4c(C)cc(C)cc4C)cc3)cc2)CC(C)(C)C1,146.0,,GREA,419.15,,1,0.0,black
polymer_2665,[*]CCOC(=O)NCCCCCCNC(=O)OCCN([*])c1ccc(/N=N/c2ccc([N+](=O)[O-])cc2)c(C)c1,75.0,,GREA,348.15,,1,0.0,black
polymer_2666,[*]CCOC(=O)Nc1ccc(C)c(NC(=O)OCCN([*])c2ccc(/C=C/c3cc[n+](CCCC)cc3)cc2)c1,121.0,,GREA,394.15,,1,0.0,black
polymer_2667,[*]CCOC(=O)Nc1ccc(C)c(NC(=O)OCCN([*])c2ccc(/N=N/c3ccc(-c4nc5ccc([N+](=O)[O-])cc5n4CC)cc3)cc2)c1,158.0,,GREA,431.15,,1,0.0,black
polymer_2668,[*]CCOC(=O)Nc1ccc(C)c(NC(=O)OCCN([*])c2ccc(/N=N/c3ccc(/C=C/c4nc5ccc([N+](=O)[O-])cc5n4CC)cc3)cc2)c1,171.0,,GREA,444.15,,1,0.0,black
polymer_2669,[*]CCOC(=O)Nc1ccc(C)c(NC(=O)OCCN([*])c2ccc(/N=N/c3ccc(/N=N/c4cc(OC)c(/N=N/c5ccc([N+](=O)[O-])cc5)cc4OC)c(C)c3)cc2)c1,148.0,,GREA,421.15,,1,0.0,black
polymer_2670,[*]CCOC(=O)Nc1ccc(C)c(NC(=O)OCCN([*])c2ccc(/N=N/c3ccc(B(c4c(C)cc(C)cc4C)c4c(C)cc(C)cc4C)cc3)cc2)c1,159.0,,GREA,432.15,,1,0.0,black
polymer_2671,[*]CCOC(=O)Nc1ccc(C)c(NC(=O)OCCN([*])c2ccc(/N=N/c3ccc([N+](=O)[O-])cc3C)c(C)c2)c1,135.0,,GREA,408.15,,1,0.0,black
polymer_2672,[*]CCOC(=O)Nc1ccc(C)c(NC(=O)OCCN([*])c2ccc(/N=N/c3ccc([N+](=O)[O-])cc3C)cc2)c1,137.0,,GREA,410.15,,1,0.0,black
polymer_2673,[*]CCOC(=O)Nc1ccc(C)c(NC(=O)OCCN([*])c2ccc([N+](=O)[O-])cc2C)c1,98.0,,GREA,371.15,,1,0.0,black
polymer_2674,[*]CCOC(=O)Nc1ccc(Cc2ccc(NC(=O)OCCN([*])c3ccc(/N=N/c4ccc([N+](=O)[O-])cc4)c(C)c3)cc2)cc1,115.0,,GREA,388.15,,1,0.0,black
polymer_2675,[*]CCOC(=O)Nc1ccc(Cc2ccc(NC(=O)OCCN([*])c3ccc(/N=N/c4ccc([N+](=O)[O-])cc4C)c(C)c3)cc2)cc1,130.0,,GREA,403.15,,1,0.0,black
polymer_2676,[*]CCOC(=O)Oc1ccc(C(C)(C)c2ccc(OC(=O)OCCN([*])c3ccc(OC)cc3)cc2)cc1,60.0,,GREA,333.15,,1,0.0,black
polymer_2677,[*]CCOC(=O)c1cc(OCc2cc(OCc3ccccc3)cc(OCc3ccccc3)c2)cc(C(=O)OCCN([*])c2ccc(/C=C/c3ccc(/C=C/C4=C(C#N)C(=C(C#N)C#N)OC4(c4ccccc4)C(F)(F)F)s3)cc2)c1,130.0,,GREA,403.15,,1,0.0,black
polymer_2678,[*]CCOC(=O)c1ccc(-c2ccc(C(=O)OC([*])C)cc2)cc1,92.5,,GREA,365.65,,1,0.0,black
polymer_2679,[*]CCOC(=O)c1ccc(C(=O)OCCN([*])c2ccc(/N=N/c3ccc(-c4nc5ccc([N+](=O)[O-])cc5n4CC)cc3)cc2)c(OC)c1,146.0,,GREA,419.15,,1,0.0,black
polymer_2680,[*]CCOC(=O)c1ccc(C(=O)OCCN([*])c2ccc(/N=N/c3ccc(-c4nc5ccc([N+](=O)[O-])cc5n4CC)cc3)cc2)cc1,149.0,,GREA,422.15,,1,0.0,black
polymer_2681,[*]CCOC(=O)c1ccc(C(=O)OCCN([*])c2ccc(/N=N/c3ccc(/C=C/c4nc5ccc([N+](=O)[O-])cc5n4CC)cc3)cc2)c(OC)c1,173.0,,GREA,446.15,,1,0.0,black
polymer_2682,[*]CCOC(=O)c1ccc(C(=O)OCCN([*])c2ccc(C=C(C#N)C#N)cc2)cc1,127.0,,GREA,400.15,,1,0.0,black
polymer_2683,[*]CCOC(=O)c1ccc(OC2(F)C(F)(F)C(F)(F)C2(F)Oc2ccc(C(=O)OCCN([*])c3ccc(/C=C/C4=CC(=C(C#N)C#N)CC(C)(C)C4)cc3)cc2)cc1,143.0,,GREA,416.15,,1,0.0,black
polymer_2684,[*]CCOC(=O)c1ccc(OCC#CC#CCOc2ccc(C(=O)OCCN([*])c3ccc(/N=N/c4ccc(/N=N/c5cc(C)c(C#N)c(C)c5)cc4)cc3)cc2)cc1,120.0,,GREA,393.15,,1,0.0,black
polymer_2685,[*]CCOC(=O)c1ccc(OCC#CC#CCOc2ccc(C(=O)OCCN([*])c3ccc(/N=N/c4ccc(/N=N/c5cc(C)c([N+](=O)[O-])c(C)c5)cc4)cc3)cc2)cc1,115.0,,GREA,388.15,,1,0.0,black
polymer_2686,[*]CCOC(=O)c1ccc(OCC#CC#CCOc2ccc(C(=O)OCCN([*])c3ccc(/N=N/c4ccc(C#N)cc4)cc3)cc2)cc1,121.0,,GREA,394.15,,1,0.0,black
polymer_2687,[*]CCOC(=O)c1ccc2c(c1)C(=O)N(c1cccc(N3C(=O)c4ccc(C(=O)OCCN([*])c5ccc(/N=N/c6ccc(C)cc6)cc5)cc4C3=O)c1)C2=O,171.0,,GREA,444.15,,1,0.0,black
polymer_2688,[*]CCOC(=O)c1cccc(C(=O)OCCN([*])c2ccc(/N=N/c3ccc(-c4nc5ccc([N+](=O)[O-])cc5n4CC)cc3)cc2)c1,147.0,,GREA,420.15,,1,0.0,black
polymer_2689,[*]CCOC(=O)c1cccc(OCC#CC#CCOc2cccc(C(=O)OCCN([*])c3ccc(/N=N/c4ccc(C#N)cc4)cc3)c2)c1,50.0,,GREA,323.15,,1,0.0,black
polymer_2690,[*]CCOC([*])=O,-23.99999999999997,,GREA,249.15,,1,0.0,black
polymer_2691,[*]CCOC([*])C,-49.99999999999997,,GREA,223.15,,1,0.0,black
polymer_2692,[*]CCOCCCCSSCC[*],-75.99999999999997,,GREA,197.15,,1,0.0,black
polymer_2693,[*]CCOCCOC([*])=O,-34.99999999999997,,GREA,238.15,,1,0.0,black
polymer_2694,[*]CCOCOCCCCSSCC[*],-75.99999999999997,,GREA,197.15,,1,0.0,black
polymer_2695,[*]CCOCOCC[*],-83.99999999999997,,GREA,189.15,,1,0.0,black
polymer_2696,[*]CCO[Si](C)(C)OC([*])C,-87.99999999999997,,GREA,185.15,,1,0.0,black
polymer_2697,[*]CCOc1ccc(-c2cc(-c3ccccc3)c3cc(Oc4ccc5nc(-c6ccc(OCCN([*])c7ccc(C(C#N)=C(C#N)C#N)cc7)cc6)cc(-c6ccccc6)c5c4)ccc3n2)cc1,175.0,,GREA,448.15,,1,0.0,black
polymer_2698,[*]CCOc1ccc(-c2nc3ccc(Oc4ccc5nc(-c6ccc(OCCN(C)c7ccc(/C=C/C8=CC(=C9C(=O)c%10ccccc%10C9=C(C#N)C#N)C=C(/C=C/c9ccc(N([*])C)cc9)O8)cc7)cc6)c(-c6ccccc6)nc5c4)cc3nc2-c2ccccc2)cc1,260.0,,GREA,533.15,,1,0.0,black
polymer_2699,[*]CCOc1ccc(-c2nc3ccc(Oc4ccc5nc(-c6ccc(OCCN([*])c7ccc(/C=C/c8ccc([N+](=O)[O-])cc8)cc7)cc6)c(-c6ccccc6)nc5c4)cc3nc2-c2ccccc2)cc1,201.0,,GREA,474.15,,1,0.0,black
polymer_2700,[*]CCOc1ccc(-c2nc3ccc(Oc4ccc5nc(-c6ccc(OCCN([*])c7ccc(/N=N/c8ccc([N+](=O)[O-])cc8)cc7)cc6)c(-c6ccccc6)nc5c4)cc3nc2-c2ccccc2)cc1,199.0,,GREA,472.15,,1,0.0,black
polymer_2701,[*]CCOc1ccc(-c2nc3ccc(Oc4ccc5nc(-c6ccc(OCCN([*])c7ccc(/N=N/c8ccc([N+](=O)[O-])cc8C)cc7)cc6)c(-c6ccccc6)nc5c4)cc3nc2-c2ccccc2)cc1,188.0,,GREA,461.15,,1,0.0,black
polymer_2702,[*]CCOc1ccc(N2C(=O)c3ccc(C(c4ccc5c(c4)C(=O)N(c4ccc(OCCN([*])c6ccc(C(C#N)=C(C#N)C#N)cc6)cc4)C5=O)(C(F)(F)F)C(F)(F)F)cc3C2=O)cc1,218.0,,GREA,491.15,,1,0.0,black
polymer_2703,[*]CCP(=O)(CCC(=O)NCCCCCCNC([*])=O)c1ccccc1,29.0,,GREA,302.15,,1,0.0,black
polymer_2704,[*]CCP(=S)(CCC(=O)NCCCCCCNC([*])=O)c1ccccc1,43.0,,GREA,316.15,,1,0.0,black
polymer_2705,[*]CCSC(=O)CCC([*])C,-49.99999999999997,,GREA,223.15,,1,0.0,black
polymer_2706,[*]CCSC([*])C,-58.99999999999997,,GREA,214.15,,1,0.0,black
polymer_2707,[*]CCSCCC(=O)NCCCCCCNC([*])=O,27.0,,GREA,300.15,,1,0.0,black
polymer_2708,[*]CCSCCC(=O)OCCOC([*])=O,-42.99999999999997,,GREA,230.15,,1,0.0,black
polymer_2709,[*]CCSCCC(=O)OCCOCCOC([*])=O,-32.99999999999997,,GREA,240.15,,1,0.0,black
polymer_2710,[*]CCSCCC(=O)OCCOCCOCCOC([*])=O,-34.99999999999997,,GREA,238.15,,1,0.0,black
polymer_2711,[*]CCSCCC(=O)OCCOCCOCCOCCOC([*])=O,-37.99999999999997,,GREA,235.15,,1,0.0,black
polymer_2712,[*]CCSCCC(=O)OCCOCCOCCOCCOCCOC([*])=O,-38.99999999999997,,GREA,234.15,,1,0.0,black
polymer_2713,[*]CCSCCCCCCSCCC(=O)OCCCCOC([*])=O,-72.99999999999997,,GREA,200.15,,1,0.0,black
polymer_2714,[*]CCSC[*],-53.49999999999997,,GREA,219.65,,1,0.0,black
polymer_2715,[*]CCSCc1ccc(Cc2ccc(CSCCC(=O)OCCSCc3ccc(Cc4ccc(CSCCOC([*])=O)cc4)cc3)cc2)cc1,12.0,,GREA,285.15,,1,0.0,black
polymer_2716,[*]CCSSCC[*],-54.99999999999997,,GREA,218.15,,1,0.0,black
polymer_2717,[*]CC[Si](C)(C)O[Si]([*])(C)C,-87.99999999999997,,GREA,185.15,,1,0.0,black
polymer_2718,[*]CC[Si](C)(C)O[Si]([*])(C)O[Si](C)(C)C,-88.99999999999997,,GREA,184.15,,1,0.0,black
polymer_2719,[*]CC[Si]1(O[Si]([*])(C)C)O[Si](C)(C)O[Si](C)(C)O1,-63.99999999999997,,GREA,209.15,,1,0.0,black
polymer_2720,[*]CCc1c(Cl)cc([*])cc1Cl,110.0,,GREA,383.15,,1,0.0,black
polymer_2721,[*]CCc1cc(C)c([*])cc1C,100.0,,GREA,373.15,,1,0.0,black
polymer_2722,[*]CCc1ccc(CC(=O)NCCCCCCNC([*])=O)cc1,87.0,,GREA,360.15,,1,0.0,black
polymer_2723,[*]CCc1ccc(CCC(=O)NCCCCCCCCCCCCCCCCCCNC([*])=O)cc1,65.0,,GREA,338.15,,1,0.0,black
polymer_2724,[*]CCc1ccc(CCC(=O)NCCCCCCCCCCCCCCNC([*])=O)cc1,85.0,,GREA,358.15,,1,0.0,black
polymer_2725,[*]CCc1ccc(CCC(=O)NCCCCCCCCCCCCNC([*])=O)cc1,85.0,,GREA,358.15,,1,0.0,black
polymer_2726,[*]CCc1ccc(CCC(=O)NCCCCCCNC([*])=O)cc1,85.0,,GREA,358.15,,1,0.0,black
polymer_2727,[*]CCc1ccc(OC(=O)CCC(=O)Oc2ccc(CC(NC([*])=O)C(=O)OCc3ccccc3)cc2)cc1,78.0,,GREA,351.15,,1,0.0,black
polymer_2728,[*]CCc1ccc(OC(=O)CCCC(=O)Oc2ccc(CC(NC([*])=O)C(=O)OCc3ccccc3)cc2)cc1,66.0,,GREA,339.15,,1,0.0,black
polymer_2729,[*]CCc1ccc(OC(=O)CCCCC(=O)Oc2ccc(CC(NC([*])=O)C(=O)OCc3ccccc3)cc2)cc1,54.5,,GREA,327.65,,1,0.0,black
polymer_2730,[*]CCc1ccc(OC(=O)CCCCCCC(=O)Oc2ccc(CC(NC([*])=O)C(=O)OCc3ccccc3)cc2)cc1,47.0,,GREA,320.15,,1,0.0,black
polymer_2731,[*]CCc1ccc(OC(=O)CCCCCCCCC(=O)Oc2ccc(CC(NC([*])=O)C(=O)OCc3ccccc3)cc2)cc1,42.0,,GREA,315.15,,1,0.0,black
polymer_2732,[*]CCc1ccc(OC(=O)COCC(=O)Oc2ccc(CC(NC([*])=O)C(=O)OCc3ccccc3)cc2)cc1,76.0,,GREA,349.15,,1,0.0,black
polymer_2733,[*]CCc1ccc(OC(=O)COCCOCC(=O)Oc2ccc(CC(NC([*])=O)C(=O)OCc3ccccc3)cc2)cc1,55.0,,GREA,328.15,,1,0.0,black
polymer_2734,[*]CCc1ccc(OCC(=O)NCCCCCCNC([*])=O)cc1,72.0,,GREA,345.15,,1,0.0,black
polymer_2735,[*]CCc1ccc([*])c2ccccc12,160.0,,GREA,433.15,,1,0.0,black
polymer_2736,[*]CCc1ccc([*])cc1Br,80.0,,GREA,353.15,,1,0.0,black
polymer_2737,[*]CCc1ccc([*])cc1C#N,90.0,,GREA,363.15,,1,0.0,black
polymer_2738,[*]CCc1ccc([*])cc1CC,25.0,,GREA,298.15,,1,0.0,black
polymer_2739,[*]CCc1ccc([*])cc1CCCC,20.0,,GREA,293.15,,1,0.0,black
polymer_2740,[*]CCc1ccc([*])cc1Cl,75.0,,GREA,348.15,,1,0.0,black
polymer_2741,[*]CCc1ccc([*])o1,25.5,,GREA,298.65,,1,0.0,black
polymer_2742,[*]CCc1ccc([*])s1,26.0,,GREA,299.15,,1,0.0,black
polymer_2743,[*]CCc1cccc([*])c1,9.0,,GREA,282.15,,1,0.0,black
polymer_2744,[*]CN(CC([*])O)c1ccc(/N=N/c2ccc(Cl)cc2)cc1,160.0,,GREA,433.15,,1,0.0,black
polymer_2745,[*]CN(CC([*])O)c1ccccc1,78.5,,GREA,351.65,,1,0.0,black
polymer_2746,[*]CN(Cc1cc(C23CC4CC(CC(C4)C2)C3)cc([*])c1O)c1ccccc1,109.40000000000003,,GREA,382.55,,1,0.0,black
polymer_2747,[*]CN1C(=O)C2C3C=CC(C2C1=O)C1C(=O)N(C([*])C)C(=O)C31,212.0,,GREA,485.15,,1,0.0,black
polymer_2748,[*]CN1C(=O)c2ccc(C(=O)Nc3ccc(C4(c5ccc(NC([*])=O)cc5)c5ccccc5-c5ccccc54)cc3)cc2C1=O,345.0,,GREA,618.15,,1,0.0,black
polymer_2749,[*]CN1C(=O)c2ccc(C(=O)Nc3ccc(Cc4ccc(NC([*])=O)cc4)cc3)cc2C1=O,266.0,,GREA,539.15,,1,0.0,black
polymer_2750,[*]CN1C(=O)c2ccc(C(=O)Nc3ccc(NC([*])=O)cc3)cc2C1=O,292.0,,GREA,565.15,,1,0.0,black
polymer_2751,[*]CN1C(=O)c2ccc(C(=O)Nc3ccc(Oc4c(F)c(F)c(Oc5ccc(NC([*])=O)cc5)c(F)c4F)cc3)cc2C1=O,254.0,,GREA,527.15,,1,0.0,black
polymer_2752,[*]CN1C(=O)c2ccc(C(=O)Nc3ccc(Oc4ccc(NC([*])=O)cc4)cc3)cc2C1=O,262.0,,GREA,535.15,,1,0.0,black
polymer_2753,[*]CN1C(=O)c2ccc(C(=O)Nc3ccc(Oc4ccc(Oc5ccc(NC([*])=O)cc5)cc4)cc3)cc2C1=O,242.0,,GREA,515.15,,1,0.0,black
polymer_2754,[*]CN1C(=O)c2ccc(C(=O)Nc3ccc(Oc4cccc(Oc5ccc(NC([*])=O)cc5)c4)cc3)cc2C1=O,220.0,,GREA,493.15,,1,0.0,black
polymer_2755,[*]CN1C(=O)c2ccc(C(=O)Nc3ccc(S(=O)(=O)c4ccc(NC([*])=O)cc4)cc3)cc2C1=O,232.0,,GREA,505.15,,1,0.0,black
polymer_2756,[*]CN1C(=O)c2ccc(C(=O)c3ccc4c(c3)C(=O)N(CC(=O)Nc3ccc(Cc5ccc(NC([*])=O)cc5)cc3)C4=O)cc2C1=O,233.0,,GREA,506.15,,1,0.0,black
polymer_2757,[*]CN1C(=O)c2ccc(C(=O)c3ccc4c(c3)C(=O)N(CC(=O)Nc3ccc(NC([*])=O)cc3)C4=O)cc2C1=O,250.0,,GREA,523.15,,1,0.0,black
polymer_2758,[*]CN1C(=O)c2ccc(C(=O)c3ccc4c(c3)C(=O)N(CC(=O)Nc3ccc(Oc5ccc(NC([*])=O)cc5)cc3)C4=O)cc2C1=O,235.0,,GREA,508.15,,1,0.0,black
polymer_2759,[*]CN1C(=O)c2ccc(C(=O)c3ccc4c(c3)C(=O)N(CC(=O)Nc3ccc(Oc5ccc(Oc6ccc(NC([*])=O)cc6)cc5)cc3)C4=O)cc2C1=O,230.0,,GREA,503.15,,1,0.0,black
polymer_2760,[*]CN1C(=O)c2ccc(C(=O)c3ccc4c(c3)C(=O)N(CC(=O)Nc3cccc(Oc5ccc(NC([*])=O)cc5)c3)C4=O)cc2C1=O,226.0,,GREA,499.15,,1,0.0,black
polymer_2761,[*]CN1C(=O)c2ccc(C(c3ccc4c(c3)C(=O)N(CC(=O)Nc3ccc(-c5nnc(-c6ccc(NC([*])=O)cc6)o5)cc3)C4=O)(C(F)(F)F)C(F)(F)F)cc2C1=O,280.0,,GREA,553.15,,1,0.0,black
polymer_2762,[*]CN1C(=O)c2ccc(C(c3ccc4c(c3)C(=O)N(CC(=O)Nc3ccc(Oc5ccc(-c6ccc(Oc7ccc(NC([*])=O)cc7)cc6)cc5)cc3)C4=O)(C(F)(F)F)C(F)(F)F)cc2C1=O,245.0,,GREA,518.15,,1,0.0,black
polymer_2763,[*]CN1C(=O)c2ccc(C(c3ccc4c(c3)C(=O)N(CC(=O)Nc3ccc(Oc5ccc(-c6nnc(-c7ccc(Oc8ccc(NC([*])=O)cc8)cc7)o6)cc5)cc3)C4=O)(C(F)(F)F)C(F)(F)F)cc2C1=O,263.0,,GREA,536.15,,1,0.0,black
polymer_2764,[*]CN1C(=O)c2ccc(C(c3ccc4c(c3)C(=O)N(CC(=O)Nc3ccc(Oc5ccc(Oc6ccc(NC([*])=O)cc6)cc5)cc3)C4=O)(C(F)(F)F)C(F)(F)F)cc2C1=O,242.0,,GREA,515.15,,1,0.0,black
polymer_2765,[*]CN1C(=O)c2ccc(C(c3ccc4c(c3)C(=O)N(CC(=O)Nc3ccc(Oc5ccc(S(=O)(=O)c6ccc(Oc7ccc(NC([*])=O)cc7)cc6)cc5)cc3)C4=O)(C(F)(F)F)C(F)(F)F)cc2C1=O,241.0,,GREA,514.15,,1,0.0,black
polymer_2766,[*]CN1C(=O)c2ccc(C(c3ccc4c(c3)C(=O)N(CC(=O)Nc3ccc(Oc5ccc6nc(-c7ccccc7)c(-c7ccc(-c8nc9cc(Oc%10ccc(NC([*])=O)cc%10)ccc9nc8-c8ccccc8)cc7)nc6c5)cc3)C4=O)(C(F)(F)F)C(F)(F)F)cc2C1=O,280.0,,GREA,553.15,,1,0.0,black
polymer_2767,[*]CN1C(=O)c2ccc(C(c3ccc4c(c3)C(=O)N(CC(=O)Nc3ccc(Oc5ccc6nc(-c7ccccc7)c(-c7ccc(N8C(=O)c9ccc%10c%11c(ccc(c9%11)C8=O)C(=O)N(c8ccc(-c9nc%11cc(Oc%12ccc(NC([*])=O)cc%12)ccc%11nc9-c9ccccc9)cc8)C%10=O)cc7)nc6c5)cc3)C4=O)(C(F)(F)F)C(F)(F)F)cc2C1=O,306.0,,GREA,579.15,,1,0.0,black
polymer_2768,[*]CN1C(=O)c2ccc(C(c3ccc4c(c3)C(=O)N(CC(=O)Nc3ccc(Oc5ccc6nc(-c7ccccc7)c(-c7ccc(Oc8ccc(-c9nc%10cc(Oc%11ccc(NC([*])=O)cc%11)ccc%10nc9-c9ccccc9)cc8)cc7)nc6c5)cc3)C4=O)(C(F)(F)F)C(F)(F)F)cc2C1=O,260.0,,GREA,533.15,,1,0.0,black
polymer_2769,[*]CN1C(=O)c2ccc(C(c3ccc4c(c3)C(=O)N(CC(=O)Nc3ccc(Oc5cccc(Oc6ccc(NC([*])=O)cc6)c5)cc3)C4=O)(C(F)(F)F)C(F)(F)F)cc2C1=O,221.0,,GREA,494.15,,1,0.0,black
polymer_2770,[*]CN1C(=O)c2ccc(C(c3ccc4c(c3)C(=O)N(Cc3nc5ccc(Cc6ccc7nc([*])oc(=O)c7c6)cc5c(=O)o3)C4=O)(C(F)(F)F)C(F)(F)F)cc2C1=O,218.0,,GREA,491.15,,1,0.0,black
polymer_2771,[*]CNC(=O)C(Cc1ccccc1)NC(=O)CCCCCCCCC(=O)NC(Cc1ccccc1)C(=O)NCC(=O)NCCCOCCOCCOCCCNC([*])=O,36.0,,GREA,309.15,,1,0.0,black
polymer_2772,[*]CNC(=O)C([*])C,96.0,,GREA,369.15,,1,0.0,black
polymer_2773,[*]CNC(=O)CC(C)CCCCCC(=O)NCc1c(C)c(C)c([*])c(C)c1C,211.0,,GREA,484.15,,1,0.0,black
polymer_2774,[*]CNC(=O)CCCC(=O)NCc1c(C)c(C)c([*])c(C)c1C,192.0,,GREA,465.15,,1,0.0,black
polymer_2775,[*]CNC(=O)CCCCC(=O)NCCC(C)(C)CC([*])C,65.0,,GREA,338.15,,1,0.0,black
polymer_2776,[*]CNC(=O)CCCCC(=O)NCc1cc(C)c([*])cc1C,70.0,,GREA,343.15,,1,0.0,black
polymer_2777,[*]CNC(=O)CCCCC(=O)NCc1cc([*])cc(C(C)(C)C)c1,109.0,,GREA,382.15,,1,0.0,black
polymer_2778,[*]CNC(=O)CCOCCC(=O)NCc1c(C)c(C)c([*])c(C)c1C,191.0,,GREA,464.15,,1,0.0,black
polymer_2779,[*]CNC(=O)CCOCCC(=O)NCc1cc(C)c([*])cc1C,80.0,,GREA,353.15,,1,0.0,black
polymer_2780,[*]CNC(=O)OCC([*])C,40.0,,GREA,313.15,,1,0.0,black
polymer_2781,[*]CNC(=O)c1ccc(C(=O)NCCC(C)(C)CC([*])C)cc1,148.0,,GREA,421.15,,1,0.0,black
polymer_2782,[*]CNC(=O)c1ccc(C(=O)NCc2cc(C)c([*])cc2C)cc1,225.0,,GREA,498.15,,1,0.0,black
polymer_2783,[*]CNC(=O)c1cccc(C(=O)NCC2CC([*])CC(C(C)(C)C)C2)c1,209.0,,GREA,482.15,,1,0.0,black
polymer_2784,[*]CNC(=O)c1cccc(C(=O)NCc2cc([*])cc(C(C)(C)C)c2)c1,188.0,,GREA,461.15,,1,0.0,black
polymer_2785,[*]CNCCCCCCCCNCC(=O)c1ccc(Sc2ccc(C([*])=O)cc2)cc1,231.0,,GREA,504.15,,1,0.0,black
polymer_2786,[*]CNc1ccc(Oc2ccc(NCC(=O)c3ccc(Sc4ccc(C([*])=O)cc4)cc3)cc2)cc1,208.0,,GREA,481.15,,1,0.0,black
polymer_2787,[*]CNc1ccc(S(=O)(=O)c2ccc(NCC(=O)c3ccc(Oc4ccc(C([*])=O)cc4)cc3)cc2)cc1,247.0,,GREA,520.15,,1,0.0,black
polymer_2788,[*]COC(=O)/C=C/C(=O)OC([*])C,-14.0,,GREA,259.15,,1,0.0,black
polymer_2789,[*]COC(=O)C([*])(C)C,-12.0,,GREA,261.15,,1,0.0,black
polymer_2790,[*]COC(=O)C([*])(C)CC,-9.0,,GREA,264.15,,1,0.0,black
polymer_2791,[*]COC(=O)C([*])(C)CCC,1.900000000000034,,GREA,275.05,,1,0.0,black
polymer_2792,[*]COC(=O)C([*])(CC)CC,60.0,,GREA,333.15,,1,0.0,black
polymer_2793,[*]COC(=O)C([*])C,-24.99999999999997,,GREA,248.15,,1,0.0,black
polymer_2794,[*]COC(=O)C1(C)CNC(C)(C(=O)OCC(C)(C)CSCC([*])(C)C)CN1,40.0,,GREA,313.15,,1,0.0,black
polymer_2795,[*]COC(=O)C12CC3CC(C1)CC(C(=O)OC([*])COc1ccc(/N=N/c4ccc(C#N)cc4)cc1)(C3)C2,105.0,,GREA,378.15,,1,0.0,black
polymer_2796,[*]COC(=O)C1CCC(C(=O)OC([*])COc2ccc(/N=N/c3ccc(C#N)cc3)cc2)CC1,106.0,,GREA,379.15,,1,0.0,black
polymer_2797,[*]COC(=O)C1CCC(C(=O)OCC([*])(C)C)CC1,30.0,,GREA,303.15,,1,0.0,black
polymer_2798,[*]COC(=O)CCC(=O)OCC(=O)NCCCCCCNC([*])=O,30.0,,GREA,303.15,,1,0.0,black
polymer_2799,[*]COC(=O)CCC(=O)OCC([*])(C)C,-17.99999999999997,,GREA,255.15,,1,0.0,black
polymer_2800,[*]COC(=O)CCCCC(=O)OCC(=O)NCCCCCCNC([*])=O,19.0,,GREA,292.15,,1,0.0,black
polymer_2801,[*]COC(=O)CCCCC(=O)OCC([*])(C)C,-31.549999999999983,,GREA,241.6,,1,0.0,black
polymer_2802,[*]COC(=O)CCCCC(=O)OCC([*])CCCCCCOc1ccc(/N=N/c2ccc(C)cc2)cc1,29.0,,GREA,302.15,,1,0.0,black
polymer_2803,[*]COC(=O)CCCCC(=O)OCC([*])CCCCCCOc1ccc(/N=N/c2ccc(OC)cc2)cc1,22.0,,GREA,295.15,,1,0.0,black
polymer_2804,[*]COC(=O)CCCCC(=O)OCCC(C)(C)CC([*])C,-69.99999999999997,,GREA,203.15,,1,0.0,black
polymer_2805,[*]COC(=O)CCCCCCC(=O)OCC(=O)NCCCCCCNC([*])=O,8.0,,GREA,281.15,,1,0.0,black
polymer_2806,[*]COC(=O)CCCCCCCC1OCC([*])(C)CO1,-25.99999999999997,,GREA,247.15,,1,0.0,black
polymer_2807,[*]COC(=O)CCCCCCCCC(=O)OCC(=O)NCCCCCCNC([*])=O,2.0,,GREA,275.15,,1,0.0,black
polymer_2808,[*]COC(=O)CCCCCCCCC(=O)OCC([*])(C)CC,-68.99999999999997,,GREA,204.15,,1,0.0,black
polymer_2809,[*]COC(=O)CCCCCCCCC(=O)Oc1ccc(S(=O)(=O)c2ccc(Oc3ccc(/C=C4\CC/C(=C\c5ccc(Oc6ccc(S(=O)(=O)c7ccc(OC(=O)CCCCCCCCC(=O)OC[Si](C)(C)O[Si]([*])(C)C)cc7)cc6)cc5)C4=O)cc3)cc2)cc1,73.0,,GREA,346.15,,1,0.0,black
polymer_2810,[*]COC(=O)CCCCCCCCC(=O)Oc1ccc(S(=O)(=O)c2ccc(Oc3ccc(/C=C4\CCC/C(=C\c5ccc(Oc6ccc(S(=O)(=O)c7ccc(OC(=O)CCCCCCCCC(=O)OC[Si](C)(C)O[Si]([*])(C)C)cc7)cc6)cc5)C4=O)cc3)cc2)cc1,80.0,,GREA,353.15,,1,0.0,black
polymer_2811,[*]COC(=O)CCCCCCCCC(=O)Oc1ccc(S(=O)(=O)c2ccc(Oc3ccc(/C=C4\CCCC/C(=C\c5ccc(Oc6ccc(S(=O)(=O)c7ccc(OC(=O)CCCCCCCCC(=O)OC[Si](C)(C)O[Si]([*])(C)C)cc7)cc6)cc5)C4=O)cc3)cc2)cc1,81.0,,GREA,354.15,,1,0.0,black
polymer_2812,[*]COC(=O)CCCCCCCCCCC(=O)OCC(=O)NCCCCCCNC([*])=O,0.9000000000000341,,GREA,274.05,,1,0.0,black
polymer_2813,[*]COC(=O)CCCCCCCCCCCCC(=O)OCC([*])CCCCCCOc1ccc(/N=N/c2ccc(C#N)cc2)cc1,21.5,,GREA,294.65,,1,0.0,black
polymer_2814,[*]COC(=O)CNC([*])=O,67.0,,GREA,340.15,,1,0.0,black
polymer_2815,[*]COC(=O)Cc1ccc(C(=O)OCC([*])(C)C)cc1,33.0,,GREA,306.15,,1,0.0,black
polymer_2816,[*]COC(=O)N1CCN(C(=O)OCC([*])(C)C)CC1,70.0,,GREA,343.15,,1,0.0,black
polymer_2817,[*]COC(=O)NC(=O)c1cc(C(=O)NC(=O)OCC([*])(C)C)cc(C(C)(C)C)c1,144.0,,GREA,417.15,,1,0.0,black
polymer_2818,[*]COC(=O)NC(=O)c1ccc(C(=O)NC(=O)OCC([*])(C)C)cc1,102.0,,GREA,375.15,,1,0.0,black
polymer_2819,[*]COC(=O)NC(=O)c1ccc(C(=O)NC(=O)OCC([*])CCCCCCCCCCCC)cc1,75.0,,GREA,348.15,,1,0.0,black
polymer_2820,[*]COC(=O)NC(=O)c1cccc(C(=O)NC(=O)OCC([*])(C)C)c1,66.0,,GREA,339.15,,1,0.0,black
polymer_2821,[*]COC(=O)NC(=O)c1cccc(C(=O)NC(=O)OCC([*])CCCC)c1,64.0,,GREA,337.15,,1,0.0,black
polymer_2822,[*]COC(=O)NC(=O)c1cccc(C(=O)NC(=O)OCC([*])CCCCCCCC)c1,65.0,,GREA,338.15,,1,0.0,black
polymer_2823,[*]COC(=O)NC(=O)c1cccc(C(=O)NC(=O)OCC([*])CCCCCCCCCCCC)c1,112.0,,GREA,385.15,,1,0.0,black
polymer_2824,[*]COC(=O)NCCCCCCNC(=O)OCC(C)(C)CS(=O)(=O)CC([*])(C)C,30.0,,GREA,303.15,,1,0.0,black
polymer_2825,[*]COC(=O)NCCCCCCNC(=O)OCC(CC)n1c(=O)c2cc3c(=O)n(C([*])CC)c(=O)c3cc2c1=O,61.0,,GREA,334.15,,1,0.0,black
polymer_2826,[*]COC(=O)NCCCCCCNC(=O)OCC([*])(C)C(=O)O,-25.99999999999997,,GREA,247.15,,1,0.0,black
polymer_2827,[*]COC(=O)Nc1ccc(C)c(NC(=O)OCC([*])(CC)CC)c1,-59.99999999999997,,GREA,213.15,,1,0.0,black
polymer_2828,[*]COC(=O)Nc1ccc(Cc2ccc(NC(=O)OCC(C)(C)CS(=O)(=O)CC([*])(C)C)cc2)cc1,90.0,,GREA,363.15,,1,0.0,black
polymer_2829,[*]COC(=O)Nc1ccc(Cc2ccc(NC(=O)OCC([*])(C)C)cc2)cc1,94.0,,GREA,367.15,,1,0.0,black
polymer_2830,[*]COC(=O)Nc1ccc(Cc2ccc(NC(=O)OCc3cc([*])cc(C(C)(C)C)c3)cc2)cc1,114.0,,GREA,387.15,,1,0.0,black
polymer_2831,[*]COC(=O)OC([*])COC(C)(C)C,18.0,,GREA,291.15,,1,0.0,black
polymer_2832,[*]COC(=O)OC([*])COCCCC,-21.99999999999997,,GREA,251.15,,1,0.0,black
polymer_2833,[*]COC(=O)OC([*])COCCOC,-49.99999999999997,,GREA,223.15,,1,0.0,black
polymer_2834,[*]COC(=O)OC1C([*])OC2OC(C)(C)OC21,128.0,,GREA,401.15,,1,0.0,black
polymer_2835,[*]COC(=O)OC1COC2C(OC(=O)OCC(OC)C([*])OC)COC12,61.0,,GREA,334.15,,1,0.0,black
polymer_2836,[*]COC(=O)OC1COC2C(OC(=O)OCC3OC(C)(C)OC3[*])COC12,95.5,,GREA,368.65,,1,0.0,black
polymer_2837,[*]COC(=O)OCC(C)(C)CS(=O)(=O)CC([*])(C)C,50.0,,GREA,323.15,,1,0.0,black
polymer_2838,[*]COC(=O)OCC(OC(=O)C(=O)OCC)C([*])OC(=O)C(=O)OCC,53.80000000000001,,GREA,326.95,,1,0.0,black
polymer_2839,[*]COC(=O)OCC(OC(=O)C(CC(C)C)NC(=O)OCc1ccccc1)C([*])OC(=O)C(CC(C)C)NC(=O)OCc1ccccc1,50.900000000000034,,GREA,324.05,,1,0.0,black
polymer_2840,[*]COC(=O)OCC(OC(=O)C(Cc1ccccc1)NC(=O)OC(C)(C)C)C([*])OC(=O)C(Cc1ccccc1)NC(=O)OC(C)(C)C,82.40000000000003,,GREA,355.55,,1,0.0,black
polymer_2841,[*]COC(=O)OCC(OC(=O)OCC)C([*])OC(=O)OCC,49.80000000000001,,GREA,322.95,,1,0.0,black
polymer_2842,[*]COC(=O)OCC(OC(=O)Oc1ccc(C(=O)OC)cc1)C([*])OC(=O)Oc1ccc(C(=O)OC)cc1,90.90000000000003,,GREA,364.05,,1,0.0,black
polymer_2843,[*]COC(=O)OCC(OC(C)=O)C([*])OC(C)=O,58.60000000000002,,GREA,331.75,,1,0.0,black
polymer_2844,[*]COC(=O)OCC(OC=O)C([*])OC=O,54.30000000000001,,GREA,327.45,,1,0.0,black
polymer_2845,[*]COC(=O)OCC([*])(C)C,25.0,,GREA,298.15,,1,0.0,black
polymer_2846,[*]COC(=O)OCC([*])(C)C(=O)OCc1ccccc1,-2.0,,GREA,271.15,,1,0.0,black
polymer_2847,[*]COC(=O)OCC1OC(C)(C)OC1[*],51.30000000000001,,GREA,324.45,,1,0.0,black
polymer_2848,[*]COC(=O)OCC1OC(OCC)(OCC)OC1[*],10.800000000000011,,GREA,283.95,,1,0.0,black
polymer_2849,[*]COC(=O)OCC1OC(OCC)OC1[*],23.5,,GREA,296.65,,1,0.0,black
polymer_2850,[*]COC(=O)c1c(F)c(F)c(-c2c(F)c(F)c(C(=O)OC([*])COc3ccc(/N=N/c4ccc(C#N)cc4)cc3)c(F)c2F)c(F)c1F,112.0,,GREA,385.15,,1,0.0,black
polymer_2851,[*]COC(=O)c1ccc(-c2ccc(-c3ccc(C(=O)OCC([*])(C)C)cc3)cc2)cc1,100.0,,GREA,373.15,,1,0.0,black
polymer_2852,[*]COC(=O)c1ccc(-c2ccc(-c3ccc(C(=O)OCC([*])(CC)CC)cc3)cc2)cc1,-19.99999999999997,,GREA,253.15,,1,0.0,black
polymer_2853,[*]COC(=O)c1ccc(-c2ccc(C(=O)OC([*])COc3ccc(/N=N/c4ccc(C#N)cc4)cc3)cc2)cc1,141.0,,GREA,414.15,,1,0.0,black
polymer_2854,[*]COC(=O)c1ccc(-c2ccc(C(=O)OCC([*])(C)C)cc2)cc1,101.0,,GREA,374.15,,1,0.0,black
polymer_2855,[*]COC(=O)c1ccc(-c2ccc(C(=O)OCC([*])(C)CC)cc2)cc1,99.0,,GREA,372.15,,1,0.0,black
polymer_2856,[*]COC(=O)c1ccc(-c2ccc(C(=O)OCC([*])(C)CCC)cc2)cc1,95.0,,GREA,368.15,,1,0.0,black
polymer_2857,[*]COC(=O)c1ccc(-c2ccc(OCCC(C)Oc3ccc(-c4ccc(C(=O)OCC([*])C)cc4)cc3)cc2)cc1,84.0,,GREA,357.15,,1,0.0,black
polymer_2858,[*]COC(=O)c1ccc(/C=C/c2ccc(C(=O)OCC([*])(C)C)cc2)cc1,80.0,,GREA,353.15,,1,0.0,black
polymer_2859,[*]COC(=O)c1ccc(C(=O)OC(C)COC([*])C)cc1,37.0,,GREA,310.15,,1,0.0,black
polymer_2860,[*]COC(=O)c1ccc(C(=O)OC([*])C)cc1,98.0,,GREA,371.15,,1,0.0,black
polymer_2861,[*]COC(=O)c1ccc(C(=O)OC([*])COc2ccc(/N=N/c3ccc(C#N)cc3)cc2)c2ccccc12,117.0,,GREA,390.15,,1,0.0,black
polymer_2862,[*]COC(=O)c1ccc(C(=O)OC([*])COc2ccc(/N=N/c3ccc(C#N)cc3)cc2)cc1,122.0,,GREA,395.15,,1,0.0,black
polymer_2863,[*]COC(=O)c1ccc(C(=O)OC([*])COc2ccc(/N=N/c3ccc(C#N)cc3)cc2)s1,119.0,,GREA,392.15,,1,0.0,black
polymer_2864,[*]COC(=O)c1ccc(C(=O)OCC(C(C)C)C([*])C(C)C)cc1,65.0,,GREA,338.15,,1,0.0,black
polymer_2865,[*]COC(=O)c1ccc(C(=O)OCC(C)(C)CS(=O)(=O)CC([*])(C)C)cc1,105.0,,GREA,378.15,,1,0.0,black
polymer_2866,[*]COC(=O)c1ccc(C(=O)OCC(C)C([*])C)cc1,37.5,,GREA,310.65,,1,0.0,black
polymer_2867,[*]COC(=O)c1ccc(C(=O)OCC(CC)C([*])CC)cc1,32.0,,GREA,305.15,,1,0.0,black
polymer_2868,[*]COC(=O)c1ccc(C(=O)OCC(CCC)C([*])CCC)cc1,30.0,,GREA,303.15,,1,0.0,black
polymer_2869,[*]COC(=O)c1ccc(C(=O)OCC(CCCC)C([*])CCCC)cc1,16.0,,GREA,289.15,,1,0.0,black
polymer_2870,[*]COC(=O)c1ccc(C(=O)OCC(CCCCCC)C([*])CCCCCC)cc1,-15.5,,GREA,257.65,,1,0.0,black
polymer_2871,[*]COC(=O)c1ccc(C(=O)OCC(CCCCCCCCCC)C([*])CCCCCCCCCC)cc1,-37.99999999999997,,GREA,235.15,,1,0.0,black
polymer_2872,[*]COC(=O)c1ccc(C(=O)OCC(CCCCCCCCCCCCCCCC)C([*])CCCCCCCCCCCCCCCC)cc1,-25.99999999999997,,GREA,247.15,,1,0.0,black
polymer_2873,[*]COC(=O)c1ccc(C(=O)OCC([*])(C)C)cc1,68.0,,GREA,341.15,,1,0.0,black
polymer_2874,[*]COC(=O)c1ccc(C(=O)OCC([*])(C)CC)cc1,63.0,,GREA,336.15,,1,0.0,black
polymer_2875,[*]COC(=O)c1ccc(C(=O)OCC([*])C)cc1,55.0,,GREA,328.15,,1,0.0,black
polymer_2876,[*]COC(=O)c1ccc(C(=O)OCC2CC([*])CC(C(C)(C)C)C2)cc1,118.0,,GREA,391.15,,1,0.0,black
polymer_2877,[*]COC(=O)c1ccc(C(=O)OCCC(C)(C)CC([*])C)cc1,-9.0,,GREA,264.15,,1,0.0,black
polymer_2878,[*]COC(=O)c1ccc(N2C(=O)CC(SCCCCCSC3CC(=O)N(c4ccc(C(=O)NC([*])CC)cc4)C3=O)C2=O)cc1,91.0,,GREA,364.15,,1,0.0,black
polymer_2879,[*]COC(=O)c1ccc(OC(=O)c2ccc(C(=O)Oc3ccc(C(=O)OC(C)COC(C)COC([*])C)cc3)cc2)cc1,36.0,,GREA,309.15,,1,0.0,black
polymer_2880,[*]COC(=O)c1ccc(Oc2ccc(C(=O)OCC([*])(C)C)cc2)cc1,73.0,,GREA,346.15,,1,0.0,black
polymer_2881,[*]COC(=O)c1ccc2cc(C(=O)OC([*])COc3ccc(/N=N/c4ccc(C#N)cc4)cc3)ccc2c1,138.0,,GREA,411.15,,1,0.0,black
polymer_2882,[*]COC(=O)c1cccc(-c2ccc(C(=O)OC([*])COc3ccc(/N=N/c4ccc(C#N)cc4)cc3)cc2)c1,135.0,,GREA,408.15,,1,0.0,black
polymer_2883,[*]COC(=O)c1cccc(C(=O)OC([*])C)c1,77.0,,GREA,350.15,,1,0.0,black
polymer_2884,[*]COC(=O)c1cccc(C(=O)OC([*])COc2ccc(/N=N/c3ccc(C#N)cc3)cc2)c1,119.0,,GREA,392.15,,1,0.0,black
polymer_2885,[*]COC(=O)c1cccc(C(=O)OCC(C)(C)C[Si](C)(C)O[Si](C)(C)CC([*])(C)C)c1,-51.99999999999997,,GREA,221.15,,1,0.0,black
polymer_2886,[*]COC(=O)c1ccccc1-c1ccccc1C(=O)OC([*])COc1ccc(/N=N/c2ccc(C#N)cc2)cc1,120.0,,GREA,393.15,,1,0.0,black
polymer_2887,[*]COC(=O)c1ccccc1C(=O)OC([*])C,95.0,,GREA,368.15,,1,0.0,black
polymer_2888,[*]COC(=O)c1ccccc1C(=O)OC([*])COc1ccc(/N=N/c2ccc(C#N)cc2)cc1,105.0,,GREA,378.15,,1,0.0,black
polymer_2889,[*]COC(=O)c1cccnc1C(=O)OC([*])COc1ccc(/N=N/c2ccc(C#N)cc2)cc1,130.0,,GREA,403.15,,1,0.0,black
polymer_2890,[*]COC1OC([*])C(O)C(O)C1O,200.0,,GREA,473.15,,1,0.0,black
polymer_2891,[*]COCC(=C)COC(=O)OCC([*])=C,70.5,,GREA,343.65,,1,0.0,black
polymer_2892,[*]COCC(=O)NCCCCCCNC([*])=O,10.0,,GREA,283.15,,1,0.0,black
polymer_2893,[*]COCC(=O)OCCCCOC([*])=O,-22.99999999999997,,GREA,250.15,,1,0.0,black
polymer_2894,[*]COCC(C)OC(=O)c1ccccc1C(=O)OC([*])C,25.0,,GREA,298.15,,1,0.0,black
polymer_2895,[*]COCC([*])(C)C,-49.99999999999997,,GREA,223.15,,1,0.0,black
polymer_2896,[*]COCC([*])(C)CC,-46.99999999999997,,GREA,226.15,,1,0.0,black
polymer_2897,[*]COCC([*])(C)CO,62.0,,GREA,335.15,,1,0.0,black
polymer_2898,[*]COCC([*])(C)COCC(F)(F)C(F)(F)C(F)(F)C(F)(F)C(F)(F)C(F)(F)C(F)(F)F,-48.99999999999997,,GREA,224.15,,1,0.0,black
polymer_2899,[*]COCC([*])(C)COCC(F)(F)C(F)(F)C(F)(F)F,-44.99999999999997,,GREA,228.15,,1,0.0,black
polymer_2900,[*]COCC([*])(C)COCC(F)(F)F,-40.99999999999997,,GREA,232.15,,1,0.0,black
polymer_2901,[*]COCC([*])(C)COCCC#N,-51.99999999999997,,GREA,221.15,,1,0.0,black
polymer_2902,[*]COCC([*])(C)COCCCCCCCCCCOc1ccc(-c2ccc(C#N)cc2)cc1,7.0,,GREA,280.15,,1,0.0,black
polymer_2903,[*]COCC([*])(C)COCCOCCOCCOC,-17.99999999999997,,GREA,255.15,,1,0.0,black
polymer_2904,[*]COCC([*])(CC)CC,-29.99999999999997,,GREA,243.15,,1,0.0,black
polymer_2905,[*]COCC([*])(CC)CCl,20.0,,GREA,293.15,,1,0.0,black
polymer_2906,[*]COCC([*])(CC)CO,331.9,,GREA,605.05,,1,0.0,black
polymer_2907,[*]COCC([*])(CC)COC(=O)C(=C)C,40.0,,GREA,313.15,,1,0.0,black
polymer_2908,[*]COCC([*])(CO)CO,99.0,,GREA,372.15,,1,0.0,black
polymer_2909,[*]COCC([*])(CS(=O)(=O)C(C)C)CS(=O)(=O)C(C)C,91.0,,GREA,364.15,,1,0.0,black
polymer_2910,[*]COCC([*])(CS(=O)(=O)CC)CS(=O)(=O)CC,84.0,,GREA,357.15,,1,0.0,black
polymer_2911,[*]COCC([*])(CS(=O)(=O)CCC)CS(=O)(=O)CCC,71.0,,GREA,344.15,,1,0.0,black
polymer_2912,[*]COCC([*])(CS(=O)(=O)CCCC)CS(=O)(=O)CCCC,66.0,,GREA,339.15,,1,0.0,black
polymer_2913,[*]COCC([*])(CS(=O)(=O)CCCCC)CS(=O)(=O)CCCCC,56.0,,GREA,329.15,,1,0.0,black
polymer_2914,[*]COCC([*])(CS(C)(=O)=O)CS(C)(=O)=O,126.0,,GREA,399.15,,1,0.0,black
polymer_2915,[*]COCC([*])(CSC(C)C)CSC(C)C,-9.0,,GREA,264.15,,1,0.0,black
polymer_2916,[*]COCC([*])(CSC)CSC,-6.0,,GREA,267.15,,1,0.0,black
polymer_2917,[*]COCC([*])(CSCC)CSCC,-31.99999999999997,,GREA,241.15,,1,0.0,black
polymer_2918,[*]COCC([*])(CSCCCCC)CSCCCCC,-32.99999999999997,,GREA,240.15,,1,0.0,black
polymer_2919,[*]COCC([*])(C[N-][N+]#N)C[N-][N+]#N,-29.99999999999997,,GREA,243.15,,1,0.0,black
polymer_2920,[*]COCC([*])C,-54.99999999999997,,GREA,218.15,,1,0.0,black
polymer_2921,[*]COCC([*])C(C)(C)C,-4.0,,GREA,269.15,,1,0.0,black
polymer_2922,[*]COCC([*])O,17.0,,GREA,290.15,,1,0.0,black
polymer_2923,[*]COCCCCCCCOc1ccc(-c2ccc(C(=O)Oc3ccc(OC([*])C)c([N+](=O)[O-])c3)cc2)cc1,50.0,,GREA,323.15,,1,0.0,black
polymer_2924,[*]COCCOC([*])=O,-12.599999999999966,,GREA,260.55,,1,0.0,black
polymer_2925,[*]COCCOC([*])CCl,-39.99999999999997,,GREA,233.15,,1,0.0,black
polymer_2926,[*]COCCSSC[*],-52.99999999999997,,GREA,220.15,,1,0.0,black
polymer_2927,[*]COCCSSSSC[*],-39.99999999999997,,GREA,233.15,,1,0.0,black
polymer_2928,[*]COCOCCSSC[*],-57.49999999999997,,GREA,215.65,,1,0.0,black
polymer_2929,[*]COCOC[*],-63.99999999999997,,GREA,209.15,,1,0.0,black
polymer_2930,[*]COCc1ccc([*])cc1,217.0,,GREA,490.15,,1,0.0,black
polymer_2931,[*]COOC([*])c1ccc(Br)cc1,9.600000000000023,,GREA,282.75,,1,0.0,black
polymer_2932,[*]COOC([*])c1ccc(C(C)(C)C)cc1,19.900000000000034,,GREA,293.05,,1,0.0,black
polymer_2933,[*]COOC([*])c1ccc(C)cc1,4.600000000000023,,GREA,277.75,,1,0.0,black
polymer_2934,[*]COc1c(Cl)cc(C(C)(C)c2cc(Cl)c(OCC([*])OC(C)=O)c(Cl)c2)cc1Cl,100.0,,GREA,373.15,,1,0.0,black
polymer_2935,[*]COc1ccc(C(C)(C)c2ccc(OCC([*])OC(=O)CC)cc2)cc1,60.0,,GREA,333.15,,1,0.0,black
polymer_2936,[*]COc1ccc(C(C)(C)c2ccc(OCC([*])OC(C)=O)cc2)cc1,60.0,,GREA,333.15,,1,0.0,black
polymer_2937,[*]COc1ccc(C(C)(c2ccccc2)c2ccc(OCC([*])OC(C)=O)cc2)cc1,110.0,,GREA,383.15,,1,0.0,black
polymer_2938,[*]COc1ccc(C(c2ccc(OCC([*])(CO)CCl)cc2)(C(F)(F)F)C(F)(F)F)cc1,107.0,,GREA,380.15,,1,0.0,black
polymer_2939,[*]COc1ccc(CC(=O)NCCCCCCNC([*])=O)cc1,69.5,,GREA,342.65,,1,0.0,black
polymer_2940,[*]COc1ccc(Cc2ccc(OCC([*])O)cc2)cc1,143.20000000000005,,GREA,416.35,,1,0.0,black
polymer_2941,[*]COc1ccc(N2C(=O)c3ccc(C(=O)c4ccc5c(c4)C(=O)N(c4ccc(OCC([*])(C)C)cc4)C5=O)cc3C2=O)cc1,234.0,,GREA,507.15,,1,0.0,black
polymer_2942,[*]COc1ccc(N2C(=O)c3ccc(C(c4ccc5c(c4)C(=O)N(c4ccc(OC([*])C)cc4)C5=O)(C(F)(F)F)C(F)(F)F)cc3C2=O)cc1,234.0,,GREA,507.15,,1,0.0,black
polymer_2943,[*]COc1ccc(N2C(=O)c3ccc(C(c4ccc5c(c4)C(=O)N(c4ccc(OC([*])CCC)cc4)C5=O)(C(F)(F)F)C(F)(F)F)cc3C2=O)cc1,204.0,,GREA,477.15,,1,0.0,black
polymer_2944,[*]COc1ccc(N2C(=O)c3ccc(C(c4ccc5c(c4)C(=O)N(c4ccc(OC([*])CCCCCC)cc4)C5=O)(C(F)(F)F)C(F)(F)F)cc3C2=O)cc1,182.0,,GREA,455.15,,1,0.0,black
polymer_2945,[*]COc1ccc(OCC(=O)NCCCCCCNC([*])=O)cc1,67.0,,GREA,340.15,,1,0.0,black
polymer_2946,[*]COc1ccc(OCC(=O)OC([*])=O)cc1,70.0,,GREA,343.15,,1,0.0,black
polymer_2947,[*]COc1ccc(OCC([*])O)cc1,60.0,,GREA,333.15,,1,0.0,black
polymer_2948,[*]COc1ccc(OCC([*])OC(C)=O)cc1,49.0,,GREA,322.15,,1,0.0,black
polymer_2949,[*]COc1ccc(OCCCCCCCCCCCCOc2ccc(OCc3ccc([*])cc3)cc2)cc1,24.0,,GREA,297.15,,1,0.0,black
polymer_2950,[*]COc1ccc(S(=O)(=O)c2ccc(OCC([*])OC(C)=O)cc2)cc1,130.0,,GREA,403.15,,1,0.0,black
polymer_2951,[*]COc1ccc2ccccc2c1Sc1c(OCC(=O)Nc2ccc(Cc3ccc(NC([*])=O)cc3)cc2)ccc2ccccc12,241.0,,GREA,514.15,,1,0.0,black
polymer_2952,[*]COc1ccc2ccccc2c1Sc1c(OCC(=O)Nc2ccc(NC([*])=O)cc2)ccc2ccccc12,268.0,,GREA,541.15,,1,0.0,black
polymer_2953,[*]COc1ccc2ccccc2c1Sc1c(OCC(=O)Nc2ccc(Oc3ccc(NC([*])=O)cc3)cc2)ccc2ccccc12,245.0,,GREA,518.15,,1,0.0,black
polymer_2954,[*]COc1ccc2ccccc2c1Sc1c(OCC(=O)Nc2cccc(NC([*])=O)c2)ccc2ccccc12,254.0,,GREA,527.15,,1,0.0,black
polymer_2955,[*]COc1ccc2ccccc2c1Sc1c(OCC(=O)Nc2cccc3c(NC([*])=O)cccc23)ccc2ccccc12,264.0,,GREA,537.15,,1,0.0,black
polymer_2956,[*]COc1cccc(OCC([*])O)c1,65.0,,GREA,338.15,,1,0.0,black
polymer_2957,[*]CS(=O)(=O)CC([*])(C)C,108.5,,GREA,381.65,,1,0.0,black
polymer_2958,[*]CSCC(=O)NCCCCCCNC([*])=O,-7.0,,GREA,266.15,,1,0.0,black
polymer_2959,[*]CSCC([*])(C)C,-49.29999999999998,,GREA,223.85,,1,0.0,black
polymer_2960,[*]CSCC([*])(C)CC,-49.99999999999997,,GREA,223.15,,1,0.0,black
polymer_2961,[*]CSCC([*])(CC)CC,-36.24999999999997,,GREA,236.9,,1,0.0,black
polymer_2962,[*]CSCc1ccc(Cc2ccc(CSCC(=O)OCCSCc3ccc(Cc4ccc(CSCCOC([*])=O)cc4)cc3)cc2)cc1,14.0,,GREA,287.15,,1,0.0,black
polymer_2963,[*]CSSC([*])c1ccccc1,4.800000000000011,,GREA,277.95,,1,0.0,black
polymer_2964,[*]CSSC[*],-26.99999999999997,,GREA,246.15,,1,0.0,black
polymer_2965,[*]CSSCc1ccc([*])cc1,23.0,,GREA,296.15,,1,0.0,black
polymer_2966,[*]CSSCc1ccccc1[*],39.0,,GREA,312.15,,1,0.0,black
polymer_2967,[*]CSSSCc1ccc([*])cc1,8.0,,GREA,281.15,,1,0.0,black
polymer_2968,[*]CSSSSC[*],-23.99999999999997,,GREA,249.15,,1,0.0,black
polymer_2969,[*]CSSSSCc1ccc([*])cc1,3.0,,GREA,276.15,,1,0.0,black
polymer_2970,[*]CSc1nnc(SCC(=O)N/N=C/c2ccc(OCCCCCCCCCCOc3ccc(/C=N/NC([*])=O)cc3)cc2)s1,117.0,,GREA,390.15,,1,0.0,black
polymer_2971,[*]C[Si](C)(C)[Si](C)(C)[Si](C)(C)[Si]([*])(C)C,-67.99999999999997,,GREA,205.15,,1,0.0,black
polymer_2972,[*]C[Si]([*])(C)C,-89.99999999999997,,GREA,183.15,,1,0.0,black
polymer_2973,[*]C[Si]([*])(C)CCCCCC,-77.59999999999997,,GREA,195.55,,1,0.0,black
polymer_2974,[*]C[Si]([*])(C)CCCN(CC)CC,-31.74999999999997,,GREA,241.4,,1,0.0,black
polymer_2975,[*]C[Si]([*])(C)CCCOCCOCCOC,-73.29999999999998,,GREA,199.85,,1,0.0,black
polymer_2976,[*]C[Si]([*])(C)CCCn1c2ccccc2c2ccccc21,71.20000000000005,,GREA,344.35,,1,0.0,black
polymer_2977,[*]C[Si]([*])(C)c1ccccc1,28.0,,GREA,301.15,,1,0.0,black
polymer_2978,[*]C[Si]([*])(CCC)CCC,-40.99999999999997,,GREA,232.15,,1,0.0,black
polymer_2979,[*]C[Si]([*])(CCCC)CCCC,-29.99999999999997,,GREA,243.15,,1,0.0,black
polymer_2980,[*]C[Si]([*])(CCCCC)CCCCC,-54.99999999999997,,GREA,218.15,,1,0.0,black
polymer_2981,[*]C[Si]([*])(CCCCCC)CCCCCC,-55.99999999999997,,GREA,217.15,,1,0.0,black
polymer_2982,[*]C[n+]1ccc(-c2cc[n+](Cc3ccc([*])cc3)cc2)cc1,95.0,,GREA,368.15,,1,0.0,black
polymer_2983,[*]C[n+]1ccc(-c2cc[n+](Cc3cccc([*])c3)cc2)cc1,128.0,,GREA,401.15,,1,0.0,black
polymer_2984,[*]C[n+]1ccc(-c2cc[n+](Cc3ccccc3[*])cc2)cc1,70.5,,GREA,343.65,,1,0.0,black
polymer_2985,[*]Cc1cc(C(C)(C)C)cc([*])c1O,50.0,,GREA,323.15,,1,0.0,black
polymer_2986,[*]Cc1cc(C(C)C)c(N2C(=O)c3ccc(C(=O)c4ccc5c(c4)C(=O)N(c4c(C(C)C)cc([*])cc4C(C)C)C5=O)cc3C2=O)c(C(C)C)c1,263.0,,GREA,536.15,,1,0.0,black
polymer_2987,[*]Cc1cc(C(C)C)c(N2C(=O)c3ccc(C(c4ccc5c(c4)C(=O)N(c4c(C(C)C)cc([*])cc4C(C)C)C5=O)(C(F)(F)F)C(F)(F)F)cc3C2=O)c(C(C)C)c1,278.5,,GREA,551.65,,1,0.0,black
polymer_2988,[*]Cc1cc(C)c(N2C(=O)c3ccc(C(=O)Nc4cc(NC(=O)c5ccc6c(c5)C(=O)N(c5c(C)cc([*])cc5C)C6=O)ccc4/N=N/c4ccc([N+](=O)[O-])cc4)cc3C2=O)c(C)c1,264.0,,GREA,537.15,,1,0.0,black
polymer_2989,[*]Cc1cc(C)c(N2C(=O)c3ccc(C(=O)OCCN(CCOC(=O)c4ccc5c(c4)C(=O)N(c4c(C)cc([*])cc4C)C5=O)c4ccc(/N=N/c5ccc([N+](=O)[O-])cc5)cc4)cc3C2=O)c(C)c1,179.0,,GREA,452.15,,1,0.0,black
polymer_2990,[*]Cc1cc(C)c(N2C(=O)c3ccc(C(=O)OCCN(CCOC(=O)c4ccc5c(c4)C(=O)N(c4c(C)cc([*])cc4C)C5=O)c4ccc(/N=N/c5ccc([N+](=O)[O-])cc5C#N)cc4)cc3C2=O)c(C)c1,216.0,,GREA,489.15,,1,0.0,black
polymer_2991,[*]Cc1cc(C)c(N2C(=O)c3ccc(C(=O)OCCN(CCOC(=O)c4ccc5c(c4)C(=O)N(c4c(C)cc([*])cc4C)C5=O)c4ccc(/N=N/c5ccc([N+](=O)[O-])cc5[N+](=O)[O-])cc4)cc3C2=O)c(C)c1,176.0,,GREA,449.15,,1,0.0,black
polymer_2992,[*]Cc1cc(C)c(N2C(=O)c3ccc(C(=O)OCCN(CCOC(=O)c4ccc5c(c4)C(=O)N(c4c(C)cc([*])cc4C)C5=O)c4ccccc4)cc3C2=O)c(C)c1,177.0,,GREA,450.15,,1,0.0,black
polymer_2993,[*]Cc1cc(C)c(N2C(=O)c3ccc(C(c4ccc5c(c4)C(=O)N(c4c(C)cc([*])cc4C)C5=O)(C(F)(F)F)C(F)(F)F)cc3C2=O)c(C)c1,307.5,,GREA,580.65,,1,0.0,black
polymer_2994,[*]Cc1cc(C)c(N2C(=O)c3ccc(Oc4cc5ccccc5cc4Oc4ccc5c(c4)C(=O)N(c4c(C)cc([*])cc4C)C5=O)cc3C2=O)c(C)c1,265.0,,GREA,538.15,,1,0.0,black
polymer_2995,[*]Cc1cc(C)c(N2C(=O)c3ccc(Oc4ccc(C(C)(C)c5ccc(Oc6ccc7c(c6)C(=O)N(c6c(C)cc([*])cc6C)C7=O)cc5)cc4)cc3C2=O)c(C)c1,247.0,,GREA,520.15,,1,0.0,black
polymer_2996,[*]Cc1cc(C)c(N2C(=O)c3ccc(Oc4ccc5ccc(Oc6ccc7c(c6)C(=O)N(c6c(C)cc([*])cc6C)C7=O)cc5c4)cc3C2=O)c(C)c1,272.0,,GREA,545.15,,1,0.0,black
polymer_2997,[*]Cc1cc(C)c(N2C(=O)c3ccc(Oc4cccc5c(Oc6ccc7c(c6)C(=O)N(c6c(C)cc([*])cc6C)C7=O)cccc45)cc3C2=O)c(C)c1,281.0,,GREA,554.15,,1,0.0,black
polymer_2998,[*]Cc1cc(C)c(N2C(=O)c3cccc(Oc4ccc(C(C)(C)c5ccc(Oc6cccc7c6C(=O)N(c6c(C)cc([*])cc6C)C7=O)cc5)cc4)c3C2=O)c(C)c1,223.0,,GREA,496.15,,1,0.0,black
polymer_2999,[*]Cc1cc(C)c(NC(=O)c2ccc3c(c2)C(=O)N(c2ccc(/N=N/c4ccc(F)cc4)c(N4C(=O)c5ccc(C(=O)Nc6c(C)cc([*])cc6C)cc5C4=O)c2)C3=O)c(C)c1,279.0,,GREA,552.15,,1,0.0,black
polymer_3000,[*]Cc1cc(C)c(NC(=O)c2ccc3c(c2)C(=O)N(c2ccc(/N=N/c4ccc(OC(F)(F)F)cc4)c(N4C(=O)c5ccc(C(=O)Nc6c(C)cc([*])cc6C)cc5C4=O)c2)C3=O)c(C)c1,278.0,,GREA,551.15,,1,0.0,black
polymer_3001,[*]Cc1cc(C)c(NC(=O)c2ccc3c(c2)C(=O)N(c2ccc(/N=N/c4ccc([N+](=O)[O-])cc4)c(N4C(=O)c5ccc(C(=O)Nc6c(C)cc([*])cc6C)cc5C4=O)c2)C3=O)c(C)c1,280.0,,GREA,553.15,,1,0.0,black
polymer_3002,[*]Cc1cc(C)c(Oc2ccc(-n3c(=O)c4cc5c(=O)n(-c6ccc(Oc7c(C)cc([*])cc7C)cc6)c(=O)c5cc4c3=O)cc2)c(C)c1,299.5,,GREA,572.65,,1,0.0,black
polymer_3003,[*]Cc1cc(C)c(Oc2ccc(N3C(=O)c4ccc(-c5ccc6c(c5)C(=O)N(c5ccc(Oc7c(C)cc([*])cc7C)cc5)C6=O)cc4C3=O)cc2)c(C)c1,310.0,,GREA,583.15,,1,0.0,black
polymer_3004,[*]Cc1cc(C)c(Oc2ccc(N3C(=O)c4ccc(C(=O)c5ccc6c(c5)C(=O)N(c5ccc(Oc7c(C)cc([*])cc7C)cc5)C6=O)cc4C3=O)cc2)c(C)c1,303.0,,GREA,576.15,,1,0.0,black
polymer_3005,[*]Cc1cc(C)c(Oc2ccc(N3C(=O)c4ccc(C(c5ccc6c(c5)C(=O)N(c5ccc(Oc7c(C)cc([*])cc7C)cc5)C6=O)(C(F)(F)F)C(F)(F)F)cc4C3=O)cc2)c(C)c1,298.0,,GREA,571.15,,1,0.0,black
polymer_3006,[*]Cc1cc(C)c(Oc2ccc(S(=O)(=O)c3ccc(Oc4c(C)cc([*])cc4C)cc3)cc2)c(C)c1,232.0,,GREA,505.15,,1,0.0,black
polymer_3007,[*]Cc1cc(C)c(Oc2ccc3c(c2)C(=O)N(c2c(C)cc(-c4cc(C)c(N5C(=O)c6ccc(Oc7c(C)cc([*])cc7C)cc6C5=O)c(C)c4)cc2C)C3=O)c(C)c1,420.0,,GREA,693.15,,1,0.0,black
polymer_3008,[*]Cc1cc(C)c(Oc2ccc3c(c2)C(=O)N(c2c(C)cc(Cc4cc(C)c(N5C(=O)c6ccc(Oc7c(C)cc([*])cc7C)cc6C5=O)c(C)c4)cc2C)C3=O)c(C)c1,264.0,,GREA,537.15,,1,0.0,black
polymer_3009,[*]Cc1cc(C)c(Oc2ccc3c(c2)C(=O)N(c2ccc(Oc4ccc(-c5ccc(Oc6ccc(N7C(=O)c8ccc(Oc9c(C)cc([*])cc9C)cc8C7=O)cc6)cc5)cc4)cc2)C3=O)c(C)c1,248.0,,GREA,521.15,,1,0.0,black
polymer_3010,[*]Cc1cc(C)c(Oc2ccc3c(c2)C(=O)N(c2ccc(Oc4ccc(N5C(=O)c6ccc(Oc7c(C)cc([*])cc7C)cc6C5=O)cc4)cc2)C3=O)c(C)c1,266.0,,GREA,539.15,,1,0.0,black
polymer_3011,[*]Cc1cc(C)c(Oc2ccc3c(c2)C(=O)N(c2cccc(N4C(=O)c5ccc(Oc6c(C)cc([*])cc6C)cc5C4=O)c2)C3=O)c(C)c1,245.0,,GREA,518.15,,1,0.0,black
polymer_3012,[*]Cc1cc(C)c(Oc2cccc3c2C(=O)N(c2c(C)cc(-c4cc(C)c(N5C(=O)c6cccc(Oc7c(C)cc([*])cc7C)c6C5=O)c(C)c4)cc2C)C3=O)c(C)c1,276.0,,GREA,549.15,,1,0.0,black
polymer_3013,[*]Cc1cc(C)c(Oc2cccc3c2C(=O)N(c2c(C)cc(C)c(N4C(=O)c5cccc(Oc6c(C)cc([*])cc6C)c5C4=O)c2C)C3=O)c(C)c1,287.0,,GREA,560.15,,1,0.0,black
polymer_3014,[*]Cc1cc(C)c(Oc2cccc3c2C(=O)N(c2c(C)cc(Cc4cc(C)c(N5C(=O)c6cccc(Oc7c(C)cc([*])cc7C)c6C5=O)c(C)c4)cc2C)C3=O)c(C)c1,243.0,,GREA,516.15,,1,0.0,black
polymer_3015,[*]Cc1cc(C)c(Oc2cccc3c2C(=O)N(c2ccc(Oc4ccc(-c5ccc(Oc6ccc(N7C(=O)c8cccc(Oc9c(C)cc([*])cc9C)c8C7=O)cc6)cc5)cc4)cc2)C3=O)c(C)c1,259.0,,GREA,532.15,,1,0.0,black
polymer_3016,[*]Cc1cc(C)c(Oc2cccc3c2C(=O)N(c2ccc(Oc4ccc(N5C(=O)c6cccc(Oc7c(C)cc([*])cc7C)c6C5=O)cc4)cc2)C3=O)c(C)c1,270.0,,GREA,543.15,,1,0.0,black
polymer_3017,[*]Cc1cc(C)c(Oc2cccc3c2C(=O)N(c2cccc(N4C(=O)c5cccc(Oc6c(C)cc([*])cc6C)c5C4=O)c2)C3=O)c(C)c1,269.0,,GREA,542.15,,1,0.0,black
polymer_3018,[*]Cc1cc(C23CC4CC(CC(C4)C2)C3)cc(CN([*])C)c1O,188.8,,GREA,461.95,,1,0.0,black
polymer_3019,[*]Cc1cc(CC)c(N2C(=O)c3ccc(C(c4ccc5c(c4)C(=O)N(c4c(CC)cc([*])cc4CC)C5=O)(C(F)(F)F)C(F)(F)F)cc3C2=O)c(CC)c1,266.0,,GREA,539.15,,1,0.0,black
polymer_3020,[*]Cc1cc(CC)c(NC(=O)c2ccc3c(c2)C(=O)N(c2ccc(/N=N/c4ccc(C)cc4)c(N4C(=O)c5ccc(C(=O)Nc6c(CC)cc([*])cc6CC)cc5C4=O)c2)C3=O)c(CC)c1,269.0,,GREA,542.15,,1,0.0,black
polymer_3021,[*]Cc1cc2cc(C(=O)Nc3ccc(-c4ccc(NC(=O)c5cc6cc([*])c(OC(=O)COc7ccc8ccc(=O)oc8c7)cc6oc5=O)cc4)cc3)c(=O)oc2cc1OC(=O)COc1ccc2ccc(=O)oc2c1,248.0,,GREA,521.15,,1,0.0,black
polymer_3022,[*]Cc1cc2cc(C(=O)Nc3ccc(C(c4ccc(NC(=O)c5cc6cc([*])c(OC(=O)COc7ccc8ccc(=O)oc8c7)cc6oc5=O)cc4)(C(F)(F)F)C(F)(F)F)cc3)c(=O)oc2cc1OC(=O)COc1ccc2ccc(=O)oc2c1,257.0,,GREA,530.15,,1,0.0,black
polymer_3023,[*]Cc1cc2cc(C(=O)Nc3ccc(Cc4ccc(NC(=O)c5cc6cc([*])c(OC(=O)COc7ccc8ccc(=O)oc8c7)cc6oc5=O)cc4)cc3)c(=O)oc2cc1OC(=O)COc1ccc2ccc(=O)oc2c1,221.0,,GREA,494.15,,1,0.0,black
polymer_3024,[*]Cc1cc2cc(C(=O)Nc3ccc(NC(=O)c4cc5cc([*])c(OC(=O)COc6ccc7ccc(=O)oc7c6)cc5oc4=O)cc3)c(=O)oc2cc1OC(=O)COc1ccc2ccc(=O)oc2c1,252.0,,GREA,525.15,,1,0.0,black
polymer_3025,[*]Cc1cc2cc(C(=O)Nc3ccc(Oc4ccc(NC(=O)c5cc6cc([*])c(OC(=O)COc7ccc8ccc(=O)oc8c7)cc6oc5=O)cc4)cc3)c(=O)oc2cc1OC(=O)COc1ccc2ccc(=O)oc2c1,226.0,,GREA,499.15,,1,0.0,black
polymer_3026,[*]Cc1cc2cc(C(=O)Nc3ccc(S(=O)(=O)c4ccc(NC(=O)c5cc6cc([*])c(OC(=O)COc7ccc8ccc(=O)oc8c7)cc6oc5=O)cc4)cc3)c(=O)oc2cc1OC(=O)COc1ccc2ccc(=O)oc2c1,233.0,,GREA,506.15,,1,0.0,black
polymer_3027,[*]Cc1cc2cc(C(=O)Nc3cccc(NC(=O)c4cc5cc([*])c(OC(=O)COc6ccc7ccc(=O)oc7c6)cc5oc4=O)c3)c(=O)oc2cc1OC(=O)COc1ccc2ccc(=O)oc2c1,240.0,,GREA,513.15,,1,0.0,black
polymer_3028,[*]Cc1ccc(-c2ccc(OCCCCCCCCCCCCOc3ccc(C([*])C)cc3)cc2)cc1,40.0,,GREA,313.15,,1,0.0,black
polymer_3029,[*]Cc1ccc(-c2sc(-c3ccc(CC(=O)Nc4ccc(-c5ccc(NC([*])=O)cc5)cc4)cc3)c(-c3ccccc3)c2-c2ccccc2)cc1,272.0,,GREA,545.15,,1,0.0,black
polymer_3030,[*]Cc1ccc(-c2sc(-c3ccc(CC(=O)Nc4ccc(-c5sc(-c6ccc(NC([*])=O)cc6)c(-c6ccccc6)c5-c5ccccc5)cc4)cc3)c(-c3ccccc3)c2-c2ccccc2)cc1,273.0,,GREA,546.15,,1,0.0,black
polymer_3031,[*]Cc1ccc(-c2sc(-c3ccc(CC(=O)Nc4ccc(Cc5ccc(NC([*])=O)cc5)cc4)cc3)c(-c3ccccc3)c2-c2ccccc2)cc1,227.0,,GREA,500.15,,1,0.0,black
polymer_3032,[*]Cc1ccc(-c2sc(-c3ccc(CC(=O)Nc4ccc(NC([*])=O)cc4)cc3)c(-c3ccccc3)c2-c2ccccc2)cc1,251.0,,GREA,524.15,,1,0.0,black
polymer_3033,[*]Cc1ccc(-c2sc(-c3ccc(CC(=O)Nc4ccc(Oc5ccc(NC([*])=O)cc5)cc4)cc3)c(-c3ccccc3)c2-c2ccccc2)cc1,226.0,,GREA,499.15,,1,0.0,black
polymer_3034,[*]Cc1ccc(-c2sc(-c3ccc(CC(=O)Nc4ccc(S(=O)(=O)c5ccc(NC([*])=O)cc5)cc4)cc3)c(-c3ccccc3)c2-c2ccccc2)cc1,252.0,,GREA,525.15,,1,0.0,black
polymer_3035,[*]Cc1ccc(-c2sc(-c3ccc(CC(=O)Nc4cccc(NC([*])=O)c4)cc3)c(-c3ccccc3)c2-c2ccccc2)cc1,228.0,,GREA,501.15,,1,0.0,black
polymer_3036,[*]Cc1ccc(-c2sc(-c3ccc(CC(=O)Nc4cccc5c(NC([*])=O)cccc45)cc3)c(-c3ccccc3)c2-c2ccccc2)cc1,255.0,,GREA,528.15,,1,0.0,black
polymer_3037,[*]Cc1ccc(-n2c(=O)c3cc4c(=O)n(-c5ccc([*])cc5C(C)(C)C)c(=O)c4cc3c2=O)c(C(C)(C)C)c1,217.0,,GREA,490.15,,1,0.0,black
polymer_3038,[*]Cc1ccc(-n2c(=O)c3cc4c(=O)n(-c5ccc([*])cc5C)c(=O)c4cc3c2=O)c(C)c1,274.0,,Qiu,547.15,,1,0.0,black
polymer_3039,[*]Cc1ccc(-n2c(=O)c3ccc4c(=O)n(-c5ccc([*])cc5C)c(=O)c4c3c2=O)c(C)c1,354.0,,Qiu,627.15,,1,0.0,black
polymer_3040,[*]Cc1ccc(C(=O)NCCCCCCNC([*])=O)cc1,104.0,,GREA,377.15,,1,0.0,black
polymer_3041,[*]Cc1ccc(C(=O)NCCCCCNC([*])=O)cc1,103.0,,GREA,376.15,,1,0.0,black
polymer_3042,[*]Cc1ccc(C(=O)NCCCCNC([*])=O)cc1,84.0,,GREA,357.15,,1,0.0,black
polymer_3043,[*]Cc1ccc(C(=O)NCCCNC([*])=O)cc1,109.0,,GREA,382.15,,1,0.0,black
polymer_3044,[*]Cc1ccc(C(=O)OCCOC([*])=O)cc1,24.0,,GREA,297.15,,1,0.0,black
polymer_3045,[*]Cc1ccc(C(=O)OCc2ccc(COC([*])=O)cc2)cc1,47.0,,GREA,320.15,,1,0.0,black
polymer_3046,[*]Cc1ccc(C)c(N2C(=O)c3cccc(Sc4cccc5c4C(=O)N(c4ccc([*])cc4C)C5=O)c3C2=O)c1,274.0,,Qiu,547.15,,1,0.0,black
polymer_3047,[*]Cc1ccc(CC(=O)NCCCCCCCCCCCCCCCCCCNC([*])=O)cc1,78.0,,GREA,351.15,,1,0.0,black
polymer_3048,[*]Cc1ccc(CC(=O)NCCCCCCCCNC([*])=O)cc1,110.0,,GREA,383.15,,1,0.0,black
polymer_3049,[*]Cc1ccc(CC(=O)NCCCCCCNC([*])=O)cc1,95.0,,GREA,368.15,,1,0.0,black
polymer_3050,[*]Cc1ccc(CC(=O)OC([*])=O)cc1,65.0,,GREA,338.15,,1,0.0,black
polymer_3051,[*]Cc1ccc(N2C(=O)C3CCC4C(=O)N(c5ccc([*])cc5C)C(=O)C4C3C2=O)c(C)c1,340.0,,GREA,613.15,,1,0.0,black
polymer_3052,[*]Cc1ccc(N2C(=O)c3ccc(-c4ccc5c(c4)C(=O)N(c4ccc([*])cc4C(C)(C)C)C5=O)cc3C2=O)c(C(C)(C)C)c1,324.0,,GREA,597.15,,1,0.0,black
polymer_3053,[*]Cc1ccc(N2C(=O)c3ccc(C(=O)c4ccc5c(c4)C(=O)N(c4ccc([*])cc4C(C)(C)C)C5=O)cc3C2=O)c(C(C)(C)C)c1,213.0,,GREA,486.15,,1,0.0,black
polymer_3054,[*]Cc1ccc(N2C(=O)c3ccc(C(c4ccc5c(c4)C(=O)N(c4ccc([*])cc4C(C)(C)C)C5=O)(C(F)(F)F)C(F)(F)F)cc3C2=O)c(C(C)(C)C)c1,274.0,,GREA,547.15,,1,0.0,black
polymer_3055,[*]Cc1ccc(N2C(=O)c3ccc(Oc4ccc(Oc5ccc6c(c5)C(=O)N(c5ccc([*])cc5OC)C6=O)cc4)cc3C2=O)c(OC)c1,269.0,,GREA,542.15,,1,0.0,black
polymer_3056,[*]Cc1ccc(N2C(=O)c3ccc(Oc4ccc5c(c4)C(=O)N(c4ccc([*])cc4C(C)(C)C)C5=O)cc3C2=O)c(C(C)(C)C)c1,216.0,,GREA,489.15,,1,0.0,black
polymer_3057,[*]Cc1ccc(N2C(=O)c3ccc(S(=O)(=O)c4ccc5c(c4)C(=O)N(c4ccc([*])cc4C(C)(C)C)C5=O)cc3C2=O)c(C(C)(C)C)c1,336.0,,GREA,609.15,,1,0.0,black
polymer_3058,[*]Cc1ccc(N2C(=O)c3ccc(Sc4ccc5c(c4)C(=O)N(c4ccc([*])cc4C(C)(C)C)C5=O)cc3C2=O)c(C(C)(C)C)c1,300.5,,GREA,573.65,,1,0.0,black
polymer_3059,[*]Cc1ccc(N2C(=O)c3cccc4c(N5CCC(CCCC6CCN(c7ccc8c9c(cccc79)C(=O)N(c7ccc([*])cc7C(C)(C)C)C8=O)CC6)CC5)ccc(c34)C2=O)c(C(C)(C)C)c1,202.70000000000005,,GREA,475.85,,1,0.0,black
polymer_3060,[*]Cc1ccc(NC(=O)CCC(=O)NC([*])(C)C)cc1,158.0,,GREA,431.15,,1,0.0,black
polymer_3061,[*]Cc1ccc(NC(=O)CCCCC(=O)NC([*])(C)C)cc1,130.0,,GREA,403.15,,1,0.0,black
polymer_3062,[*]Cc1ccc(NC(=O)CCCCCCCCC(=O)NC([*])(C)C)cc1,92.0,,GREA,365.15,,1,0.0,black
polymer_3063,[*]Cc1ccc(NC(=O)c2ccc(C(=O)NC([*])(C)C)cc2)cc1,175.0,,GREA,448.15,,1,0.0,black
polymer_3064,[*]Cc1ccc(OC(=O)CC(C)CCC(=O)Oc2ccc(CCC(=O)NC([*])C(=O)OC)cc2)cc1,53.0,,GREA,326.15,,1,0.0,black
polymer_3065,[*]Cc1ccc(OC(=O)CCC(=O)Oc2ccc(CC(=O)NC([*])C(=O)OCC)cc2)cc1,75.5,,GREA,348.65,,1,0.0,black
polymer_3066,[*]Cc1ccc(OC(=O)CCC(=O)Oc2ccc(CC(=O)NC([*])C(=O)OCCCCCC)cc2)cc1,59.0,,GREA,332.15,,1,0.0,black
polymer_3067,[*]Cc1ccc(OC(=O)CCC(=O)Oc2ccc(CC(=O)NC([*])C(=O)OCCCCCCCC)cc2)cc1,51.0,,GREA,324.15,,1,0.0,black
polymer_3068,[*]Cc1ccc(OC(=O)CCC(=O)Oc2ccc(CCC(=O)NC([*])C(=O)OC(C)C)cc2)cc1,82.0,,GREA,355.15,,1,0.0,black
polymer_3069,[*]Cc1ccc(OC(=O)CCC(=O)Oc2ccc(CCC(=O)NC([*])C(=O)OC(C)CC)cc2)cc1,75.0,,GREA,348.15,,1,0.0,black
polymer_3070,[*]Cc1ccc(OC(=O)CCC(=O)Oc2ccc(CCC(=O)NC([*])C(=O)OC)cc2)cc1,91.5,,GREA,364.65,,1,0.0,black
polymer_3071,[*]Cc1ccc(OC(=O)CCC(=O)Oc2ccc(CCC(=O)NC([*])C(=O)OCC(C)C)cc2)cc1,75.0,,GREA,348.15,,1,0.0,black
polymer_3072,[*]Cc1ccc(OC(=O)CCC(=O)Oc2ccc(CCC(=O)NC([*])C(=O)OCC)cc2)cc1,78.0,,GREA,351.15,,1,0.0,black
polymer_3073,[*]Cc1ccc(OC(=O)CCC(=O)Oc2ccc(CCC(=O)NC([*])C(=O)OCCCC)cc2)cc1,67.0,,GREA,340.15,,1,0.0,black
polymer_3074,[*]Cc1ccc(OC(=O)CCC(=O)Oc2ccc(CCC(=O)NC([*])C(=O)OCCCCCC)cc2)cc1,53.0,,GREA,326.15,,1,0.0,black
polymer_3075,[*]Cc1ccc(OC(=O)CCC(=O)Oc2ccc(CCC(=O)NC([*])C(=O)OCCCCCCCC)cc2)cc1,48.0,,GREA,321.15,,1,0.0,black
polymer_3076,[*]Cc1ccc(OC(=O)CCC(=O)Oc2ccc(CCC(=O)NC([*])C(=O)OCCCCCCCCCCCC)cc2)cc1,40.0,,GREA,313.15,,1,0.0,black
polymer_3077,[*]Cc1ccc(OC(=O)CCC(=O)Oc2ccc(CCC(=O)NC([*])C(=O)OCCOCCOCC)cc2)cc1,34.0,,GREA,307.15,,1,0.0,black
polymer_3078,[*]Cc1ccc(OC(=O)CCC(C)CC(=O)Oc2ccc(CC(=O)NC([*])C(=O)OCC)cc2)cc1,63.0,,GREA,336.15,,1,0.0,black
polymer_3079,[*]Cc1ccc(OC(=O)CCC(C)CC(=O)Oc2ccc(CC(=O)NC([*])C(=O)OCCCCCC)cc2)cc1,38.0,,GREA,311.15,,1,0.0,black
polymer_3080,[*]Cc1ccc(OC(=O)CCC(C)CC(=O)Oc2ccc(CC(=O)NC([*])C(=O)OCCCCCCCC)cc2)cc1,30.0,,GREA,303.15,,1,0.0,black
polymer_3081,[*]Cc1ccc(OC(=O)CCC(C)CC(=O)Oc2ccc(CCC(=O)NC([*])C(=O)OC(C)CC)cc2)cc1,45.0,,GREA,318.15,,1,0.0,black
polymer_3082,[*]Cc1ccc(OC(=O)CCC(C)CC(=O)Oc2ccc(CCC(=O)NC([*])C(=O)OCCCC)cc2)cc1,35.0,,GREA,308.15,,1,0.0,black
polymer_3083,[*]Cc1ccc(OC(=O)CCCC(=O)Oc2ccc(CC(=O)NC([*])C(=O)OCC)cc2)cc1,65.0,,GREA,338.15,,1,0.0,black
polymer_3084,[*]Cc1ccc(OC(=O)CCCC(=O)Oc2ccc(CC(=O)NC([*])C(=O)OCCCCCC)cc2)cc1,42.0,,GREA,315.15,,1,0.0,black
polymer_3085,[*]Cc1ccc(OC(=O)CCCC(=O)Oc2ccc(CC(=O)NC([*])C(=O)OCCCCCCCC)cc2)cc1,38.0,,GREA,311.15,,1,0.0,black
polymer_3086,[*]Cc1ccc(OC(=O)CCCC(=O)Oc2ccc(CCC(=O)NC([*])C(=O)OC(C)C)cc2)cc1,68.0,,GREA,341.15,,1,0.0,black
polymer_3087,[*]Cc1ccc(OC(=O)CCCC(=O)Oc2ccc(CCC(=O)NC([*])C(=O)OC(C)CC)cc2)cc1,52.0,,GREA,325.15,,1,0.0,black
polymer_3088,[*]Cc1ccc(OC(=O)CCCC(=O)Oc2ccc(CCC(=O)NC([*])C(=O)OC)cc2)cc1,76.0,,GREA,349.15,,1,0.0,black
polymer_3089,[*]Cc1ccc(OC(=O)CCCC(=O)Oc2ccc(CCC(=O)NC([*])C(=O)OCC(C)C)cc2)cc1,62.0,,GREA,335.15,,1,0.0,black
polymer_3090,[*]Cc1ccc(OC(=O)CCCC(=O)Oc2ccc(CCC(=O)NC([*])C(=O)OCC)cc2)cc1,70.0,,GREA,343.15,,1,0.0,black
polymer_3091,[*]Cc1ccc(OC(=O)CCCC(=O)Oc2ccc(CCC(=O)NC([*])C(=O)OCCCC)cc2)cc1,56.0,,GREA,329.15,,1,0.0,black
polymer_3092,[*]Cc1ccc(OC(=O)CCCC(=O)Oc2ccc(CCC(=O)NC([*])C(=O)OCCCCCC)cc2)cc1,43.0,,GREA,316.15,,1,0.0,black
polymer_3093,[*]Cc1ccc(OC(=O)CCCC(=O)Oc2ccc(CCC(=O)NC([*])C(=O)OCCCCCCCC)cc2)cc1,32.5,,GREA,305.65,,1,0.0,black
polymer_3094,[*]Cc1ccc(OC(=O)CCCC(=O)Oc2ccc(CCC(=O)NC([*])C(=O)OCCCCCCCCCCCC)cc2)cc1,27.5,,GREA,300.65,,1,0.0,black
polymer_3095,[*]Cc1ccc(OC(=O)CCCC(=O)Oc2ccc(CCC(=O)NC([*])C(=O)OCCOCCOCC)cc2)cc1,21.0,,GREA,294.15,,1,0.0,black
polymer_3096,[*]Cc1ccc(OC(=O)CCCCC(=O)Oc2ccc(CC(=O)NC([*])C(=O)OCC)cc2)cc1,63.0,,GREA,336.15,,1,0.0,black
polymer_3097,[*]Cc1ccc(OC(=O)CCCCC(=O)Oc2ccc(CC(=O)NC([*])C(=O)OCCCCCC)cc2)cc1,36.0,,GREA,309.15,,1,0.0,black
polymer_3098,[*]Cc1ccc(OC(=O)CCCCC(=O)Oc2ccc(CC(=O)NC([*])C(=O)OCCCCCCCC)cc2)cc1,28.0,,GREA,301.15,,1,0.0,black
polymer_3099,[*]Cc1ccc(OC(=O)CCCCC(=O)Oc2ccc(CCC(=O)NC([*])C(=O)OC(C)C)cc2)cc1,56.5,,GREA,329.65,,1,0.0,black
polymer_3100,[*]Cc1ccc(OC(=O)CCCCC(=O)Oc2ccc(CCC(=O)NC([*])C(=O)OC(C)CC)cc2)cc1,50.0,,GREA,323.15,,1,0.0,black
polymer_3101,[*]Cc1ccc(OC(=O)CCCCC(=O)Oc2ccc(CCC(=O)NC([*])C(=O)OC)cc2)cc1,70.0,,GREA,343.15,,1,0.0,black
polymer_3102,[*]Cc1ccc(OC(=O)CCCCC(=O)Oc2ccc(CCC(=O)NC([*])C(=O)OCC(C)C)cc2)cc1,56.0,,GREA,329.15,,1,0.0,black
polymer_3103,[*]Cc1ccc(OC(=O)CCCCC(=O)Oc2ccc(CCC(=O)NC([*])C(=O)OCC)cc2)cc1,61.0,,GREA,334.15,,1,0.0,black
polymer_3104,[*]Cc1ccc(OC(=O)CCCCC(=O)Oc2ccc(CCC(=O)NC([*])C(=O)OCCCC)cc2)cc1,46.0,,GREA,319.15,,1,0.0,black
polymer_3105,[*]Cc1ccc(OC(=O)CCCCC(=O)Oc2ccc(CCC(=O)NC([*])C(=O)OCCCCCC)cc2)cc1,37.72500000000002,,GREA,310.875,,1,0.0,black
polymer_3106,[*]Cc1ccc(OC(=O)CCCCC(=O)Oc2ccc(CCC(=O)NC([*])C(=O)OCCCCCCCC)cc2)cc1,28.0,,GREA,301.15,,1,0.0,black
polymer_3107,[*]Cc1ccc(OC(=O)CCCCC(=O)Oc2ccc(CCC(=O)NC([*])C(=O)OCCCCCCCCCCCC)cc2)cc1,22.0,,GREA,295.15,,1,0.0,black
polymer_3108,[*]Cc1ccc(OC(=O)CCCCC(=O)Oc2ccc(CCC(=O)NC([*])C(=O)OCCOCCOCC)cc2)cc1,15.0,,GREA,288.15,,1,0.0,black
polymer_3109,[*]Cc1ccc(OC(=O)CCCCCCC(=O)Oc2ccc(CC(=O)NC([*])C(=O)OCC)cc2)cc1,54.0,,GREA,327.15,,1,0.0,black
polymer_3110,[*]Cc1ccc(OC(=O)CCCCCCC(=O)Oc2ccc(CC(=O)NC([*])C(=O)OCCCCCC)cc2)cc1,27.0,,GREA,300.15,,1,0.0,black
polymer_3111,[*]Cc1ccc(OC(=O)CCCCCCC(=O)Oc2ccc(CC(=O)NC([*])C(=O)OCCCCCCCC)cc2)cc1,22.0,,GREA,295.15,,1,0.0,black
polymer_3112,[*]Cc1ccc(OC(=O)CCCCCCC(=O)Oc2ccc(CCC(=O)NC([*])C(=O)OC(C)C)cc2)cc1,46.0,,GREA,319.15,,1,0.0,black
polymer_3113,[*]Cc1ccc(OC(=O)CCCCCCC(=O)Oc2ccc(CCC(=O)NC([*])C(=O)OC(C)CC)cc2)cc1,46.0,,GREA,319.15,,1,0.0,black
polymer_3114,[*]Cc1ccc(OC(=O)CCCCCCC(=O)Oc2ccc(CCC(=O)NC([*])C(=O)OC)cc2)cc1,55.5,,GREA,328.65,,1,0.0,black
polymer_3115,[*]Cc1ccc(OC(=O)CCCCCCC(=O)Oc2ccc(CCC(=O)NC([*])C(=O)OCC(C)C)cc2)cc1,42.0,,GREA,315.15,,1,0.0,black
polymer_3116,[*]Cc1ccc(OC(=O)CCCCCCC(=O)Oc2ccc(CCC(=O)NC([*])C(=O)OCC)cc2)cc1,50.0,,GREA,323.15,,1,0.0,black
polymer_3117,[*]Cc1ccc(OC(=O)CCCCCCC(=O)Oc2ccc(CCC(=O)NC([*])C(=O)OCCCC)cc2)cc1,37.0,,GREA,310.15,,1,0.0,black
polymer_3118,[*]Cc1ccc(OC(=O)CCCCCCC(=O)Oc2ccc(CCC(=O)NC([*])C(=O)OCCCCCC)cc2)cc1,27.0,,GREA,300.15,,1,0.0,black
polymer_3119,[*]Cc1ccc(OC(=O)CCCCCCC(=O)Oc2ccc(CCC(=O)NC([*])C(=O)OCCCCCCCC)cc2)cc1,22.0,,GREA,295.15,,1,0.0,black
polymer_3120,[*]Cc1ccc(OC(=O)CCCCCCC(=O)Oc2ccc(CCC(=O)NC([*])C(=O)OCCCCCCCCCCCC)cc2)cc1,15.0,,GREA,288.15,,1,0.0,black
polymer_3121,[*]Cc1ccc(OC(=O)CCCCCCC(=O)Oc2ccc(CCC(=O)NC([*])C(=O)OCCOCCOCC)cc2)cc1,6.0,,GREA,279.15,,1,0.0,black
polymer_3122,[*]Cc1ccc(OC(=O)CCCCCCCCC(=O)Oc2ccc(CC(=O)NC([*])C(=O)OCC)cc2)cc1,43.0,,GREA,316.15,,1,0.0,black
polymer_3123,[*]Cc1ccc(OC(=O)CCCCCCCCC(=O)Oc2ccc(CC(=O)NC([*])C(=O)OCCCCCC)cc2)cc1,23.0,,GREA,296.15,,1,0.0,black
polymer_3124,[*]Cc1ccc(OC(=O)CCCCCCCCC(=O)Oc2ccc(CC(=O)NC([*])C(=O)OCCCCCCCC)cc2)cc1,16.0,,GREA,289.15,,1,0.0,black
polymer_3125,[*]Cc1ccc(OC(=O)CCCCCCCCC(=O)Oc2ccc(CCC(=O)NC([*])C(=O)OC(C)C)cc2)cc1,44.0,,GREA,317.15,,1,0.0,black
polymer_3126,[*]Cc1ccc(OC(=O)CCCCCCCCC(=O)Oc2ccc(CCC(=O)NC([*])C(=O)OC(C)CC)cc2)cc1,36.0,,GREA,309.15,,1,0.0,black
polymer_3127,[*]Cc1ccc(OC(=O)CCCCCCCCC(=O)Oc2ccc(CCC(=O)NC([*])C(=O)OC)cc2)cc1,47.0,,GREA,320.15,,1,0.0,black
polymer_3128,[*]Cc1ccc(OC(=O)CCCCCCCCC(=O)Oc2ccc(CCC(=O)NC([*])C(=O)OCC(C)C)cc2)cc1,33.0,,GREA,306.15,,1,0.0,black
polymer_3129,[*]Cc1ccc(OC(=O)CCCCCCCCC(=O)Oc2ccc(CCC(=O)NC([*])C(=O)OCC)cc2)cc1,44.0,,GREA,317.15,,1,0.0,black
polymer_3130,[*]Cc1ccc(OC(=O)CCCCCCCCC(=O)Oc2ccc(CCC(=O)NC([*])C(=O)OCCCC)cc2)cc1,30.0,,GREA,303.15,,1,0.0,black
polymer_3131,[*]Cc1ccc(OC(=O)CCCCCCCCC(=O)Oc2ccc(CCC(=O)NC([*])C(=O)OCCCCCC)cc2)cc1,22.0,,GREA,295.15,,1,0.0,black
polymer_3132,[*]Cc1ccc(OC(=O)CCCCCCCCC(=O)Oc2ccc(CCC(=O)NC([*])C(=O)OCCCCCCCC)cc2)cc1,15.5,,GREA,288.65,,1,0.0,black
polymer_3133,[*]Cc1ccc(OC(=O)CCCCCCCCC(=O)Oc2ccc(CCC(=O)NC([*])C(=O)OCCCCCCCCCCCC)cc2)cc1,12.5,,GREA,285.65,,1,0.0,black
polymer_3134,[*]Cc1ccc(OC(=O)CCCCCCCCC(=O)Oc2ccc(CCC(=O)NC([*])C(=O)OCCOCCOCC)cc2)cc1,2.0,,GREA,275.15,,1,0.0,black
polymer_3135,[*]Cc1ccc(OC(=O)COCC(=O)Oc2ccc(CC(=O)NC([*])C(=O)OCC)cc2)cc1,66.0,,GREA,339.15,,1,0.0,black
polymer_3136,[*]Cc1ccc(OC(=O)COCC(=O)Oc2ccc(CC(=O)NC([*])C(=O)OCCCCCC)cc2)cc1,46.0,,GREA,319.15,,1,0.0,black
polymer_3137,[*]Cc1ccc(OC(=O)COCC(=O)Oc2ccc(CC(=O)NC([*])C(=O)OCCCCCCCC)cc2)cc1,51.0,,GREA,324.15,,1,0.0,black
polymer_3138,[*]Cc1ccc(OC(=O)COCC(=O)Oc2ccc(CCC(=O)NC([*])C(=O)OC(C)C)cc2)cc1,80.0,,GREA,353.15,,1,0.0,black
polymer_3139,[*]Cc1ccc(OC(=O)COCC(=O)Oc2ccc(CCC(=O)NC([*])C(=O)OC(C)CC)cc2)cc1,68.0,,GREA,341.15,,1,0.0,black
polymer_3140,[*]Cc1ccc(OC(=O)COCC(=O)Oc2ccc(CCC(=O)NC([*])C(=O)OC)cc2)cc1,82.0,,GREA,355.15,,1,0.0,black
polymer_3141,[*]Cc1ccc(OC(=O)COCC(=O)Oc2ccc(CCC(=O)NC([*])C(=O)OCC(C)C)cc2)cc1,72.0,,GREA,345.15,,1,0.0,black
polymer_3142,[*]Cc1ccc(OC(=O)COCC(=O)Oc2ccc(CCC(=O)NC([*])C(=O)OCC)cc2)cc1,79.0,,GREA,352.15,,1,0.0,black
polymer_3143,[*]Cc1ccc(OC(=O)COCC(=O)Oc2ccc(CCC(=O)NC([*])C(=O)OCCCC)cc2)cc1,64.0,,GREA,337.15,,1,0.0,black
polymer_3144,[*]Cc1ccc(OC(=O)COCC(=O)Oc2ccc(CCC(=O)NC([*])C(=O)OCCCCCC)cc2)cc1,45.0,,GREA,318.15,,1,0.0,black
polymer_3145,[*]Cc1ccc(OC(=O)COCC(=O)Oc2ccc(CCC(=O)NC([*])C(=O)OCCCCCCCC)cc2)cc1,40.0,,GREA,313.15,,1,0.0,black
polymer_3146,[*]Cc1ccc(OC(=O)COCC(=O)Oc2ccc(CCC(=O)NC([*])C(=O)OCCCCCCCCCCCC)cc2)cc1,36.0,,GREA,309.15,,1,0.0,black
polymer_3147,[*]Cc1ccc(OC(=O)COCC(=O)Oc2ccc(CCC(=O)NC([*])C(=O)OCCOCCOCC)cc2)cc1,27.0,,GREA,300.15,,1,0.0,black
polymer_3148,[*]Cc1ccc(OC(=O)COCCOCC(=O)Oc2ccc(CC(=O)NC([*])C(=O)OCC)cc2)cc1,50.0,,GREA,323.15,,1,0.0,black
polymer_3149,[*]Cc1ccc(OC(=O)COCCOCC(=O)Oc2ccc(CC(=O)NC([*])C(=O)OCCCCCC)cc2)cc1,31.0,,GREA,304.15,,1,0.0,black
polymer_3150,[*]Cc1ccc(OC(=O)COCCOCC(=O)Oc2ccc(CC(=O)NC([*])C(=O)OCCCCCCCC)cc2)cc1,23.0,,GREA,296.15,,1,0.0,black
polymer_3151,[*]Cc1ccc(OC(=O)COCCOCC(=O)Oc2ccc(CCC(=O)NC([*])C(=O)OC(C)C)cc2)cc1,58.0,,GREA,331.15,,1,0.0,black
polymer_3152,[*]Cc1ccc(OC(=O)COCCOCC(=O)Oc2ccc(CCC(=O)NC([*])C(=O)OC(C)CC)cc2)cc1,44.0,,GREA,317.15,,1,0.0,black
polymer_3153,[*]Cc1ccc(OC(=O)COCCOCC(=O)Oc2ccc(CCC(=O)NC([*])C(=O)OC)cc2)cc1,63.0,,GREA,336.15,,1,0.0,black
polymer_3154,[*]Cc1ccc(OC(=O)COCCOCC(=O)Oc2ccc(CCC(=O)NC([*])C(=O)OCC(C)C)cc2)cc1,50.0,,GREA,323.15,,1,0.0,black
polymer_3155,[*]Cc1ccc(OC(=O)COCCOCC(=O)Oc2ccc(CCC(=O)NC([*])C(=O)OCC)cc2)cc1,53.0,,GREA,326.15,,1,0.0,black
polymer_3156,[*]Cc1ccc(OC(=O)COCCOCC(=O)Oc2ccc(CCC(=O)NC([*])C(=O)OCCCC)cc2)cc1,45.0,,GREA,318.15,,1,0.0,black
polymer_3157,[*]Cc1ccc(OC(=O)COCCOCC(=O)Oc2ccc(CCC(=O)NC([*])C(=O)OCCCCCC)cc2)cc1,28.0,,GREA,301.15,,1,0.0,black
polymer_3158,[*]Cc1ccc(OC(=O)COCCOCC(=O)Oc2ccc(CCC(=O)NC([*])C(=O)OCCCCCCCC)cc2)cc1,16.0,,GREA,289.15,,1,0.0,black
polymer_3159,[*]Cc1ccc(OC(=O)COCCOCC(=O)Oc2ccc(CCC(=O)NC([*])C(=O)OCCCCCCCCCCCC)cc2)cc1,17.0,,GREA,290.15,,1,0.0,black
polymer_3160,[*]Cc1ccc(OC(=O)COCCOCC(=O)Oc2ccc(CCC(=O)NC([*])C(=O)OCCOCCOCC)cc2)cc1,18.0,,GREA,291.15,,1,0.0,black
polymer_3161,[*]Cc1ccc(OC(=O)Oc2ccc(CCC(=O)NC([*])C(=O)OCC)cc2)cc1,96.0,,GREA,369.15,,1,0.0,black
polymer_3162,[*]Cc1ccc(OC(=O)Oc2ccc(CCC(=O)NC([*])C(=O)OCCCC)cc2)cc1,67.0,,GREA,340.15,,1,0.0,black
polymer_3163,[*]Cc1ccc(OC(=O)Oc2ccc(CCC(=O)NC([*])C(=O)OCCCCCC)cc2)cc1,51.5,,GREA,324.65,,1,0.0,black
polymer_3164,[*]Cc1ccc(OC(=O)Oc2ccc([*])cc2C)c(C)c1,51.0,,GREA,324.15,,1,0.0,black
polymer_3165,[*]Cc1ccc(OC([*])=O)cc1,117.0,,GREA,390.15,,1,0.0,black
polymer_3166,[*]Cc1ccc(Oc2c(F)c(F)c(-c3c(F)c(F)c(Oc4ccc([*])cc4C=O)c(F)c3F)c(F)c2F)c(C=O)c1,198.0,,GREA,471.15,,1,0.0,black
polymer_3167,[*]Cc1ccc(Oc2ccc(CC([*])(C#N)C#N)cc2)cc1,147.0,,GREA,420.15,,1,0.0,black
polymer_3168,[*]Cc1ccc(Oc2ccc(CC([*])(C#N)c3ccccc3)cc2)cc1,143.0,,GREA,416.15,,1,0.0,black
polymer_3169,[*]Cc1ccc(Oc2ccc(CC([*])(C(=O)OCC)C(=O)OCC)cc2)cc1,54.0,,GREA,327.15,,1,0.0,black
polymer_3170,[*]Cc1ccc(Oc2ccc(CC3([*])c4ccccc4-c4ccccc43)cc2)cc1,138.0,,GREA,411.15,,1,0.0,black
polymer_3171,[*]Cc1cccc(CN(CC)c2ccc(/C=C/c3ccc(C=C(C#N)C(=O)NC4CCCCC4NC(=O)/C(C#N)=C/c4ccc(/C=C/c5ccc(N([*])CC)cc5)s4)s3)cc2)c1,157.0,,GREA,430.15,,1,0.0,black
polymer_3172,[*]Cc1ccccc1CN(CC)c1ccc(/C=C(\C#N)C(=O)Nc2cccc(NC(=O)/C(C#N)=C/c3ccc(N([*])CC)cc3)c2)cc1,188.0,,GREA,461.15,,1,0.0,black
polymer_3173,[*]Cc1ccccc1CN(CC)c1ccc(/C=C(\C#N)S(=O)(=O)C(C#N)=Cc2ccc(N([*])CC)cc2)cc1,190.0,,GREA,463.15,,1,0.0,black
polymer_3174,[*]Cc1ccccc1CN(CC)c1ccc(/C=C/c2ccc(/C=C(\C#N)C(=O)NC3CCCCC3NC(=O)/C(C#N)=C/c3ccc(/C=C/c4ccc(N([*])CC)cc4)cc3)cc2)cc1,201.0,,GREA,474.15,,1,0.0,black
polymer_3175,[*]Cc1ccccc1CN(CC)c1ccc(/C=C/c2ccc(/C=C(\C#N)C(=O)NC3CCCCC3NC(=O)C(C#N)=Cc3ccc(/C=C/c4ccc(N([*])CC)cc4)s3)s2)cc1,195.0,,GREA,468.15,,1,0.0,black
polymer_3176,[*]Cc1ccccc1CN(CC)c1ccc(/C=C/c2ccc(/C=C(\C#N)S(=O)(=O)/C(C#N)=C/c3ccc(C=Cc4ccc(N([*])CC)cc4)s3)s2)cc1,178.0,,GREA,451.15,,1,0.0,black
polymer_3177,[*]Cc1ccccc1CN(CC)c1ccc(/C=C/c2ccc(/C=C(\C#N)c3cccc(C(C#N)=Cc4ccc(/C=C/c5ccc(N([*])CC)cc5)s4)c3)s2)cc1,178.0,,GREA,451.15,,1,0.0,black
polymer_3178,[*]Cc1ccccc1C[Si]([*])(C)C,75.0,,GREA,348.15,,1,0.0,black
polymer_3179,[*]Cc1ccccc1[Si]([*])(C)C,48.0,,GREA,321.15,,1,0.0,black
polymer_3180,[*]Cc1ccccc1[Si]([*])(C)c1ccccc1,93.80000000000001,,GREA,366.95,,1,0.0,black
polymer_3181,[*]Cc1ccccc1[Si]([*])(c1ccccc1)c1ccccc1,122.0,,GREA,395.15,,1,0.0,black
polymer_3182,[*]Cc1cocc1C[Ge]([*])(C)C,-27.99999999999997,,GREA,245.15,,1,0.0,black
polymer_3183,[*]Cn1c(=O)c2cc3c(=O)n(CC(=O)Nc4ccc(C5(c6ccc(NC([*])=O)cc6)c6ccccc6-c6ccccc65)cc4)c(=O)c3cc2c1=O,350.0,,GREA,623.15,,1,0.0,black
polymer_3184,[*]N(C)[Si](C)(C)N(C)[Si]([*])(C)C=C,-41.99999999999997,,GREA,231.15,,1,0.0,black
polymer_3185,[*]N(C)[Si](C)(C)N(C)[Si]([*])(C)CC,-19.99999999999997,,GREA,253.15,,1,0.0,black
polymer_3186,[*]N(C)[Si]([*])(C)C,-19.99999999999997,,GREA,253.15,,1,0.0,black
polymer_3187,[*]N(C)[Si]([*])(C)C=C,-19.99999999999997,,GREA,253.15,,1,0.0,black
polymer_3188,[*]N(CCC)[Si](C)(C)C[Si]([*])(C)C,-19.99999999999997,,GREA,253.15,,1,0.0,black
polymer_3189,[*]N1CCOC1([*])CC,55.0,,GREA,328.15,,1,0.0,black
polymer_3190,[*]N=CNc1ccc(CCc2ccc([*])cc2)cc1,125.0,,GREA,398.15,,1,0.0,black
polymer_3191,[*]N=CNc1ccc(Cc2ccc([*])cc2)cc1,95.5,,GREA,368.65,,1,0.0,black
polymer_3192,[*]N=Cc1ccc(-c2ccc(-c3ccc(/C=N/c4cccc([*])c4)cc3)s2)cc1,150.0,,GREA,423.15,,1,0.0,black
polymer_3193,[*]N=Nc1ccc(-c2ccc(/N=N/P(=O)(OC)OCC3CCC(COP([*])(=O)OC)CC3)cc2)cc1,58.0,,GREA,331.15,,1,0.0,black
polymer_3194,[*]N=Nc1ccc(-c2ccc(/N=N/P(=O)(OC)OCCCCCCOP([*])(=O)OC)cc2)cc1,37.0,,GREA,310.15,,1,0.0,black
polymer_3195,[*]N=Nc1ccc(-c2ccc(/N=N/P(=O)(OC)OCCOCCOP([*])(=O)OC)cc2)cc1,22.0,,GREA,295.15,,1,0.0,black
polymer_3196,[*]N=Nc1ccc(-c2ccc(/N=N/P(=O)(OC)OCc3ccc(COP([*])(=O)OC)cc3)cc2)cc1,48.0,,GREA,321.15,,1,0.0,black
polymer_3197,[*]N=Nc1ccc(-c2ccc(/N=N/P(=O)(OCC)OCCOP([*])(=O)OCC)cc2)cc1,43.0,,GREA,316.15,,1,0.0,black
polymer_3198,[*]N=Nc1ccc(C(=O)c2ccc(/N=N/P(=O)(OC)OCC3CCC(COP([*])(=O)OC)CC3)cc2)cc1,52.0,,GREA,325.15,,1,0.0,black
polymer_3199,[*]N=Nc1ccc(C(=O)c2ccc(/N=N/P(=O)(OC)OCCCCCCOP([*])(=O)OC)cc2)cc1,31.0,,GREA,304.15,,1,0.0,black
polymer_3200,[*]N=Nc1ccc(C(=O)c2ccc(/N=N/P(=O)(OC)OCCOCCOP([*])(=O)OC)cc2)cc1,33.0,,GREA,306.15,,1,0.0,black
polymer_3201,[*]N=Nc1ccc(C(=O)c2ccc(/N=N/P(=O)(OC)OCc3ccc(COP([*])(=O)OC)cc3)cc2)cc1,48.0,,GREA,321.15,,1,0.0,black
polymer_3202,[*]N=Nc1ccc(C(=O)c2ccc(/N=N/P(=O)(OCC)OCCOP([*])(=O)OCC)cc2)cc1,33.0,,GREA,306.15,,1,0.0,black
polymer_3203,[*]N=Nc1ccc(CCOC(=O)c2cc(C(=O)OCCc3ccc(/N=N/P(=O)(OC)OCCCCCCOP([*])(=O)OC)cc3)cc(C(C)(C)C)c2)cc1,47.0,,GREA,320.15,,1,0.0,black
polymer_3204,[*]N=Nc1ccc(CCOC(=O)c2cc(C(=O)OCCc3ccc(/N=N/P(=O)(OC)OCCOP([*])(=O)OC)cc3)cc(C(C)(C)C)c2)cc1,84.0,,GREA,357.15,,1,0.0,black
polymer_3205,[*]N=Nc1ccc(COC(=O)c2cc(C(=O)OCc3ccc(/N=N/P(=O)(OC)OCCCCCCOP([*])(=O)OC)cc3)cc(C(C)(C)C)c2)cc1,62.0,,GREA,335.15,,1,0.0,black
polymer_3206,[*]N=Nc1ccc(COC(=O)c2cc(C(=O)OCc3ccc(/N=N/P(=O)(OC)OCCOP([*])(=O)OC)cc3)cc(C(C)(C)C)c2)cc1,105.0,,GREA,378.15,,1,0.0,black
polymer_3207,[*]N=Nc1ccc(OC(=O)c2ccc(C(=O)Oc3ccc(/N=N/c4c(C)cc(Cc5cc(C)c([*])c(C)c5[N+](=O)[O-])c([N+](=O)[O-])c4C)cc3)cc2)cc1,203.0,,GREA,476.15,,1,0.0,black
polymer_3208,[*]N=Nc1ccc(Oc2ccc(/N=N/P(=O)(OC)OCC3CCC(COP([*])(=O)OC)CC3)cc2)cc1,50.0,,GREA,323.15,,1,0.0,black
polymer_3209,[*]N=Nc1ccc(Oc2ccc(/N=N/P(=O)(OC)OCCCCCCOP([*])(=O)OC)cc2)cc1,25.0,,GREA,298.15,,1,0.0,black
polymer_3210,[*]N=Nc1ccc(Oc2ccc(/N=N/P(=O)(OC)OCCOCCOP([*])(=O)OC)cc2)cc1,32.0,,GREA,305.15,,1,0.0,black
polymer_3211,[*]N=Nc1ccc(Oc2ccc(/N=N/P(=O)(OC)OCc3ccc(COP([*])(=O)OC)cc3)cc2)cc1,50.0,,GREA,323.15,,1,0.0,black
polymer_3212,[*]N=Nc1ccc(Oc2ccc(/N=N/P(=O)(OCC)OCCOP([*])(=O)OCC)cc2)cc1,22.0,,GREA,295.15,,1,0.0,black
polymer_3213,[*]N=Nc1ccc([N+](=O)[O-])cc1OCCOC(=O)Nc1cc(NC(=O)OCCn2cc([*])c3cc(-c4ccc5c(c4)c4ccccc4n5CCCC)ccc32)ccc1C,160.0,,GREA,433.15,,1,0.0,black
polymer_3214,[*]N=P([*])(C)C,-41.99999999999997,,GREA,231.15,,1,0.0,black
polymer_3215,[*]N=P([*])(C)CCCC,-50.99999999999997,,GREA,222.15,,1,0.0,black
polymer_3216,[*]N=P([*])(C)CCCCCC,-68.99999999999997,,GREA,204.15,,1,0.0,black
polymer_3217,[*]N=P([*])(C)c1ccccc1,37.0,,GREA,310.15,,1,0.0,black
polymer_3218,[*]N=P([*])(CC)c1ccccc1,20.0,,GREA,293.15,,1,0.0,black
polymer_3219,[*]N=P([*])(CC1COCCOCCOCCO1)OCC1COCCOCCOCCO1,-39.99999999999997,,GREA,233.15,,1,0.0,black
polymer_3220,[*]N=P([*])(CCC)CCC,10.0,,GREA,283.15,,1,0.0,black
polymer_3221,[*]N=P([*])(Cl)Cl,-62.99999999999997,,GREA,210.15,,1,0.0,black
polymer_3222,[*]N=P([*])(Cl)Oc1ccc(C)cc1,-5.0,,GREA,268.15,,1,0.0,black
polymer_3223,[*]N=P([*])(N(C)C)N(C)C,-4.0,,GREA,269.15,,1,0.0,black
polymer_3224,[*]N=P([*])(N1CCCCC1)N1CCCCC1,19.0,,GREA,292.15,,1,0.0,black
polymer_3225,[*]N=P([*])(NC(C)C(=O)OCC)NC(C)C(=O)OCC,-16.75,,GREA,256.4,,1,0.0,black
polymer_3226,[*]N=P([*])(NCC)NCC,30.0,,GREA,303.15,,1,0.0,black
polymer_3227,[*]N=P([*])(NCCC)NCCC,-14.5,,GREA,258.65,,1,0.0,black
polymer_3228,[*]N=P([*])(NCCCC)NCCCC,27.0,,GREA,300.15,,1,0.0,black
polymer_3229,[*]N=P([*])(Nc1ccccc1)Nc1ccccc1,103.45000000000005,,GREA,376.6,,1,0.0,black
polymer_3230,[*]N=P([*])(OC)OC,-66.79999999999998,,GREA,206.35,,1,0.0,black
polymer_3231,[*]N=P([*])(OC/C=C/c1ccccc1)OC/C=C/c1ccccc1,1.0,,GREA,274.15,,1,0.0,black
polymer_3232,[*]N=P([*])(OC1COCCOCCOCCOCCOC1)OC1COCCOCCOCCOCCOC1,-3.849999999999966,,GREA,269.3,,1,0.0,black
polymer_3233,[*]N=P([*])(OCC(COC)OC)OCC(COC)OC,-78.99999999999997,,GREA,194.15,,1,0.0,black
polymer_3234,[*]N=P([*])(OCC(COCCOC(C)C)OCCOC(C)C)OCC(COCCOC(C)C)OCCOC(C)C,-76.99999999999997,,GREA,196.15,,1,0.0,black
polymer_3235,[*]N=P([*])(OCC(COCCOC)OCCOC)OCC(COCCOC)OCCOC,-80.99999999999997,,GREA,192.15,,1,0.0,black
polymer_3236,[*]N=P([*])(OCC(COCCOCCCC)OCCOCCCC)OCC(COCCOCCCC)OCCOCCCC,-85.99999999999997,,GREA,187.15,,1,0.0,black
polymer_3237,[*]N=P([*])(OCC(COCCOCCOC)OCCOCCOC)OCC(COCCOCCOC)OCCOCCOC,-80.99999999999997,,GREA,192.15,,1,0.0,black
polymer_3238,[*]N=P([*])(OCC(F)(F)C(F)(F)C(F)(F)C(F)(F)C(F)(F)C(F)(F)C(F)(F)F)OCC(F)(F)C(F)(F)C(F)(F)C(F)(F)C(F)(F)C(F)(F)C(F)(F)F,-39.99999999999997,,GREA,233.15,,1,0.0,black
polymer_3239,[*]N=P([*])(OCC(F)(F)C(F)(F)F)OCC(F)(F)C(F)(F)F,-52.49999999999997,,GREA,220.65,,1,0.0,black
polymer_3240,[*]N=P([*])(OCC(F)(F)F)OCC(F)(F)F,-65.99999999999997,,GREA,207.15,,1,0.0,black
polymer_3241,[*]N=P([*])(OCC)OCC,-83.99999999999997,,GREA,189.15,,1,0.0,black
polymer_3242,[*]N=P([*])(OCC1COCCOCCOCCOCCO1)OCC1COCCOCCOCCOCCO1,-39.99999999999997,,GREA,233.15,,1,0.0,black
polymer_3243,[*]N=P([*])(OCC1COCCOCCOCCOCCOCCO1)OCC1COCCOCCOCCOCCOCCO1,-39.99999999999997,,GREA,233.15,,1,0.0,black
polymer_3244,[*]N=P([*])(OCCC)OCCC,-83.99999999999997,,GREA,189.15,,1,0.0,black
polymer_3245,[*]N=P([*])(OCCC)OCCCCC,-99.99999999999997,,GREA,173.15,,1,0.0,black
polymer_3246,[*]N=P([*])(OCCCC)OCCCC,-104.99999999999997,,GREA,168.15,,1,0.0,black
polymer_3247,[*]N=P([*])(OCCCCC)OCCCCC,-103.99999999999997,,GREA,169.15,,1,0.0,black
polymer_3248,[*]N=P([*])(OCCCCCC)OCCCCCC,-103.99999999999997,,GREA,169.15,,1,0.0,black
polymer_3249,[*]N=P([*])(OCCCCCCC)OCCCCCCC,-93.99999999999997,,GREA,179.15,,1,0.0,black
polymer_3250,[*]N=P([*])(OCCCCCCCC)OCCCCCCCC,-83.99999999999997,,GREA,189.15,,1,0.0,black
polymer_3251,[*]N=P([*])(OCCCCCCCCC)OCCCCCCCCC,-55.99999999999997,,GREA,217.15,,1,0.0,black
polymer_3252,[*]N=P([*])(OCCCCCCCCCC)OCCCCCCCCCC,-43.99999999999997,,GREA,229.15,,1,0.0,black
polymer_3253,[*]N=P([*])(OCCCCCCOC1COCCOCCOCCOCCOC1)OCCCCCCOC1COCCOCCOCCOCCOC1,-26.099999999999966,,GREA,247.05,,1,0.0,black
polymer_3254,[*]N=P([*])(OCCCOC1COCCOCCOCCOCCOC1)OCCCOC1COCCOCCOCCOCCOC1,-19.599999999999966,,GREA,253.55,,1,0.0,black
polymer_3255,[*]N=P([*])(OCCCc1ccccc1)OCCCc1ccccc1,-46.99999999999997,,GREA,226.15,,1,0.0,black
polymer_3256,[*]N=P([*])(OCCOC)OCCOC,-77.99999999999997,,GREA,195.15,,1,0.0,black
polymer_3257,[*]N=P([*])(OCCOCCOC)OCCOCCOC,-80.99999999999997,,GREA,192.15,,1,0.0,black
polymer_3258,[*]N=P([*])(OCCOCCOCC)OCCOCCOCC,-77.99999999999997,,GREA,195.15,,1,0.0,black
polymer_3259,[*]N=P([*])(OCCOCCOCCCC)OCCOCCOCCCC,-83.99999999999997,,GREA,189.15,,1,0.0,black
polymer_3260,[*]N=P([*])(OCCOCCOCCOC)OCCOCCOCCOC,-8.0,,GREA,265.15,,1,0.0,black
polymer_3261,[*]N=P([*])(OCCOCCOCCOCCOC)OCCOCCOCCOCCOC,-79.99999999999997,,GREA,193.15,,1,0.0,black
polymer_3262,[*]N=P([*])(OCCOCCOCCOCCOCCCCCCCCCCCC)OCCOCCOCCOCCOCCCCCCCCCCCC,-53.599999999999966,,GREA,219.55,,1,0.0,black
polymer_3263,[*]N=P([*])(OCCOCCOCCOCCOCCOC)OCCOCCOCCOCCOCCOC,-78.99999999999997,,GREA,194.15,,1,0.0,black
polymer_3264,[*]N=P([*])(OCCOCCOCCOCCOCCOCCOC)OCCOCCOCCOCCOCCOCCOC,-75.99999999999997,,GREA,197.15,,1,0.0,black
polymer_3265,[*]N=P([*])(OCCOCCOCCOCCOCCOCCOCCOCCOC)OCCOCCOCCOCCOCCOCCOCCOCCOC,-74.99999999999997,,GREA,198.15,,1,0.0,black
polymer_3266,[*]N=P([*])(OCCOCCOCCOP1(OCCOCCOC)=NP(OCCOCCOC)(OCCOCCOC)=NP(OCCOCCOC)(OCCOCCOC)=N1)OCCOCCOCCOP1(OCCOCCOC)=NP(OCCOCCOC)(OCCOCCOC)=NP(OCCOCCOC)(OCCOCCOC)=N1,-37.99999999999997,,GREA,235.15,,1,0.0,black
polymer_3267,[*]N=P([*])(OCCOCCOc1ccc(CCCCCCCC)cc1)OCCOCCOc1ccc(CCCCCCCC)cc1,-13.299999999999955,,GREA,259.85,,1,0.0,black
polymer_3268,[*]N=P([*])(OCCOc1ccc(-c2ccc(Br)cc2)cc1)OCCOc1ccc(-c2ccc(Br)cc2)cc1,89.70000000000005,,GREA,362.85,,1,0.0,black
polymer_3269,[*]N=P([*])(OCCOc1ccc(-c2ccc(I)cc2)cc1)OCCOc1ccc(-c2ccc(I)cc2)cc1,111.40000000000003,,GREA,384.55,,1,0.0,black
polymer_3270,[*]N=P([*])(OCCOc1ccc(-c2ccccc2)cc1)OCCOc1ccc(-c2ccccc2)cc1,56.200000000000045,,GREA,329.35,,1,0.0,black
polymer_3271,[*]N=P([*])(OCCOc1ccc(-c2ccccc2)cc1I)OCCOc1ccc(-c2ccccc2)cc1I,69.5,,GREA,342.65,,1,0.0,black
polymer_3272,[*]N=P([*])(OCCOc1ccc(/N=N/c2ccc(CCCC)cc2)cc1)OCCOc1ccc(/N=N/c2ccc(CCCC)cc2)cc1,80.0,,GREA,353.15,,1,0.0,black
polymer_3273,[*]N=P([*])(OCCOc1ccc2cc(Br)ccc2c1)OCCOc1ccc2cc(Br)ccc2c1,43.5,,GREA,316.65,,1,0.0,black
polymer_3274,[*]N=P([*])(OCCOc1ccc2cc(I)ccc2c1)OCCOc1ccc2cc(I)ccc2c1,64.80000000000001,,GREA,337.95,,1,0.0,black
polymer_3275,[*]N=P([*])(OCCOc1ccc2ccccc2c1)OCCOc1ccc2ccccc2c1,30.600000000000023,,GREA,303.75,,1,0.0,black
polymer_3276,[*]N=P([*])(OCCc1ccccc1)OCCc1ccccc1,-32.69999999999999,,GREA,240.45,,1,0.0,black
polymer_3277,[*]N=P([*])(OCc1ccc(-c2ccccc2)cc1)OCc1ccc(-c2ccccc2)cc1,60.0,,GREA,333.15,,1,0.0,black
polymer_3278,[*]N=P([*])(OCc1ccc(Br)cc1)OCc1ccc(Br)cc1,-0.7999999999999545,,GREA,272.35,,1,0.0,black
polymer_3279,[*]N=P([*])(OCc1ccccc1)OCc1ccccc1,-31.399999999999977,,GREA,241.75,,1,0.0,black
polymer_3280,[*]N=P([*])(Oc1ccc(-c2ccccc2)cc1)Oc1ccc(-c2ccccc2)cc1,85.0,,GREA,358.15,,1,0.0,black
polymer_3281,[*]N=P([*])(Oc1ccc(Br)cc1)Oc1ccc(Br)cc1,20.650000000000034,,GREA,293.8,,1,0.0,black
polymer_3282,[*]N=P([*])(Oc1ccc(C(=O)OC)cc1)Oc1ccc(C(=O)OC)cc1,-32.99999999999997,,GREA,240.15,,1,0.0,black
polymer_3283,[*]N=P([*])(Oc1ccc(C(C)(C)C)cc1)Oc1ccc(C(C)(C)C)cc1,57.0,,GREA,330.15,,1,0.0,black
polymer_3284,[*]N=P([*])(Oc1ccc(C(C)C)cc1)Oc1ccc(C(C)C)cc1,0.0,,GREA,273.15,,1,0.0,black
polymer_3285,[*]N=P([*])(Oc1ccc(C(C)CC)cc1)Oc1ccc(C(C)CC)cc1,-11.5,,GREA,261.65,,1,0.0,black
polymer_3286,[*]N=P([*])(Oc1ccc(C)c(C)c1)Oc1ccc(C)c(C)c1,-1.5,,GREA,271.65,,1,0.0,black
polymer_3287,[*]N=P([*])(Oc1ccc(C)cc1)Oc1ccc(C)cc1,5.0,,GREA,278.15,,1,0.0,black
polymer_3288,[*]N=P([*])(Oc1ccc(C)cc1)n1cncn1,73.25,,GREA,346.4,,1,0.0,black
polymer_3289,[*]N=P([*])(Oc1ccc(CC)cc1)Oc1ccc(CC)cc1,-12.5,,GREA,260.65,,1,0.0,black
polymer_3290,[*]N=P([*])(Oc1ccc(Cc2ccccc2)cc1)Oc1ccc(Cc2ccccc2)cc1,13.300000000000011,,GREA,286.45,,1,0.0,black
polymer_3291,[*]N=P([*])(Oc1ccc(Cl)cc1)Oc1ccc(Cl)cc1,4.0,,GREA,277.15,,1,0.0,black
polymer_3292,[*]N=P([*])(Oc1ccc(Cl)cc1Cl)Oc1ccc(Cl)cc1Cl,2.0,,GREA,275.15,,1,0.0,black
polymer_3293,[*]N=P([*])(Oc1ccc(F)cc1)Oc1ccc(F)cc1,-4.0,,GREA,269.15,,1,0.0,black
polymer_3294,[*]N=P([*])(Oc1ccc(I)cc1)Oc1ccc(I)cc1,43.10000000000002,,GREA,316.25,,1,0.0,black
polymer_3295,[*]N=P([*])(Oc1ccc(OC)cc1)Oc1ccc(OC)cc1,11.300000000000011,,GREA,284.45,,1,0.0,black
polymer_3296,[*]N=P([*])(Oc1ccc2cc(I)ccc2c1)Oc1ccc2cc(I)ccc2c1,90.30000000000001,,GREA,363.45,,1,0.0,black
polymer_3297,[*]N=P([*])(Oc1ccc2ccccc2c1)Oc1ccc2ccccc2c1,47.0,,GREA,320.15,,1,0.0,black
polymer_3298,[*]N=P([*])(Oc1cccc(Br)c1)Oc1cccc(Br)c1,-2.5,,GREA,270.65,,1,0.0,black
polymer_3299,[*]N=P([*])(Oc1cccc(C(F)(F)F)c1)Oc1cccc(C(F)(F)F)c1,-34.99999999999997,,GREA,238.15,,1,0.0,black
polymer_3300,[*]N=P([*])(Oc1cccc(C)c1)Oc1cccc(C)c1,-24.99999999999997,,GREA,248.15,,1,0.0,black
polymer_3301,[*]N=P([*])(Oc1cccc(Cl)c1)Oc1cccc(Cl)c1,-23.99999999999997,,GREA,249.15,,1,0.0,black
polymer_3302,[*]N=P([*])(Oc1cccc(F)c1)Oc1cccc(F)c1,-37.99999999999997,,GREA,235.15,,1,0.0,black
polymer_3303,[*]N=P([*])(Oc1ccccc1)Oc1ccccc1,-8.0,,GREA,265.15,,1,0.0,black
polymer_3304,[*]N=P1([*])Oc2ccc3ccccc3c2-c2c(ccc3ccccc23)O1,291.0,,GREA,564.15,,1,0.0,black
polymer_3305,[*]N=P1([*])Oc2ccccc2-c2ccccc2O1,160.0,,GREA,433.15,,1,0.0,black
polymer_3306,[*]NC(=O)C(=O)Nc1cc([*])ccc1C,-54.64999999999998,,GREA,218.5,,1,0.0,black
polymer_3307,[*]NC(=O)C(C)OC(=O)C([*])C,57.650000000000034,,GREA,330.8,,1,0.0,black
polymer_3308,[*]NC(=O)C(Cc1ccccc1)NC(=O)CCCCCCCCC(=O)NC(Cc1ccccc1)C(=O)NC(C(=O)NCC(=O)NCCCOCCOCCOCCCNC(=O)CNC(=O)C([*])C(C)C)C(C)C,58.0,,GREA,331.15,,1,0.0,black
polymer_3309,[*]NC(=O)C(Cc1ccccc1)NC(=O)CCCCCCCCC(=O)NC(Cc1ccccc1)C(=O)NC(C(=O)NCCCOCCOCCOCCCNC(=O)C([*])C(C)C)C(C)C,66.0,,GREA,339.15,,1,0.0,black
polymer_3310,[*]NC(=O)CCCCC(=O)NC(C(=O)OC1COC2C(OC(=O)C([*])C(C)CC)COC12)C(C)CC,102.0,,GREA,375.15,,1,0.0,black
polymer_3311,[*]NC(=O)CCCCC(=O)NC(C)C(=O)OC1COC2C(OC(=O)C([*])C)COC12,56.0,,GREA,329.15,,1,0.0,black
polymer_3312,[*]NC(=O)CCCCC(=O)NC(CC(C)C)C(=O)OC1COC2C(OC(=O)C([*])CC(C)C)COC12,91.0,,GREA,364.15,,1,0.0,black
polymer_3313,[*]NC(=O)CCCCC(=O)NC(CCSC)C(=O)OC1COC2C(OC(=O)C([*])CCSC)COC12,71.0,,GREA,344.15,,1,0.0,black
polymer_3314,[*]NC(=O)CCCCC(=O)NCC1(C)CC([*])CC(C)(C)C1,150.8,,GREA,423.95,,1,0.0,black
polymer_3315,[*]NC(=O)CCCCC(=O)Nc1cc([N+](=O)[O-])c([*])cc1/C=C/c1ccc(N(C)C)cc1,206.0,,GREA,479.15,,1,0.0,black
polymer_3316,[*]NC(=O)CCCCCC(=O)NC(C)C(=O)OC1COC2C(OC(=O)C([*])C)COC12,45.0,,GREA,318.15,,1,0.0,black
polymer_3317,[*]NC(=O)CCCCCCC(=O)NC(C)C(=O)OC1COC2C(OC(=O)C([*])C)COC12,57.0,,GREA,330.15,,1,0.0,black
polymer_3318,[*]NC(=O)CCCCCCC(=O)Nc1cc([N+](=O)[O-])c([*])cc1/C=C/c1ccc(N(C)C)cc1,180.0,,GREA,453.15,,1,0.0,black
polymer_3319,[*]NC(=O)CCCCCCCC(=O)NC(C)C(=O)OC1COC2C(OC(=O)C([*])C)COC12,46.0,,GREA,319.15,,1,0.0,black
polymer_3320,[*]NC(=O)CCCCCCCCC(=O)NC(C(=O)OC1COC2C(OC(=O)C([*])C(C)CC)COC12)C(C)CC,91.0,,GREA,364.15,,1,0.0,black
polymer_3321,[*]NC(=O)CCCCCCCCC(=O)NC(C)C(=O)OC1COC2C(OC(=O)C([*])C)COC12,57.0,,GREA,330.15,,1,0.0,black
polymer_3322,[*]NC(=O)CCCCCCCCC(=O)NC(CC(C)C)C(=O)OC1COC2C(OC(=O)C([*])CC(C)C)COC12,89.0,,GREA,362.15,,1,0.0,black
polymer_3323,[*]NC(=O)CCCCCCCCC(=O)NC(CCSC)C(=O)OC1COC2C(OC(=O)C([*])CCSC)COC12,61.0,,GREA,334.15,,1,0.0,black
polymer_3324,[*]NC(=O)CCCCCCCCC(=O)Nc1cc([N+](=O)[O-])c([*])cc1/C=C/c1ccc(N(C)C)cc1,159.0,,GREA,432.15,,1,0.0,black
polymer_3325,[*]NC(=O)CCCCCCCCCCC(=O)NC(C)C(=O)OC1COC2C(OC(=O)C([*])C)COC12,28.0,,GREA,301.15,,1,0.0,black
polymer_3326,[*]NC(=O)CCCCCCCCCCC(=O)Nc1cc([N+](=O)[O-])c([*])cc1/C=C/c1ccc(N(C)C)cc1,144.0,,GREA,417.15,,1,0.0,black
polymer_3327,[*]NC(=O)CCCCCCCCCCCCC(=O)Nc1cc([N+](=O)[O-])c([*])cc1/C=C/c1ccc(N(C)C)cc1,125.0,,GREA,398.15,,1,0.0,black
polymer_3328,[*]NC(=O)COC(=O)C([*])C,54.60000000000002,,GREA,327.75,,1,0.0,black
polymer_3329,[*]NC(=O)Nc1ccc(CCc2ccccc2NC(=O)Nc2cc([*])ccc2C)cc1,227.0,,GREA,500.15,,1,0.0,black
polymer_3330,[*]NC(=O)Nc1ccc(Oc2ccc(NC(=O)NCC3(C)CC([*])CC(C)(C)C3)cc2)cc1,274.0,,GREA,547.15,,1,0.0,black
polymer_3331,[*]NC(=O)Nc1ccc(Oc2ccc(NC(=O)NCC3(C)CC([*])CC(C)(C)C3)cc2-c2ccc(Oc3ccccc3)cc2)c(-c2ccc(Oc3ccccc3)cc2)c1,281.0,,GREA,554.15,,1,0.0,black
polymer_3332,[*]NC(=O)Nc1ccc(Oc2ccc(NC(=O)Nc3ccc(C)c([*])c3)cc2)cc1,269.0,,GREA,542.15,,1,0.0,black
polymer_3333,[*]NC(=O)Nc1ccc(Oc2ccc(NC(=O)Nc3ccc(C)c([*])c3)cc2-c2ccc(Oc3ccccc3)cc2)c(-c2ccc(Oc3ccccc3)cc2)c1,279.0,,GREA,552.15,,1,0.0,black
polymer_3334,[*]NC(=O)OC1CCN(c2ccc(/C=C/C3=CC(=C(C#N)C#N)C=C(/C=C/c4ccc(N5CCC(OC(=O)Nc6ccc(C)c([*])c6)CC5)s4)O3)s2)CC1,212.0,,GREA,485.15,,1,0.0,black
polymer_3335,[*]NC(=O)OCC(C)(C)COC(=O)Nc1ccc(C)c([*])c1,-31.99999999999997,,GREA,241.15,,1,0.0,black
polymer_3336,[*]NC(=O)OCCCCCCCCCCCOc1ccc(-c2ccc(OCCCCCCCCCCCOC(=O)Nc3ccc([*])cc3C)cc2)cc1,77.0,,GREA,350.15,,1,0.0,black
polymer_3337,[*]NC(=O)OCCCCCCCCCCOC(=O)Nc1cc([*])ccc1C,18.0,,GREA,291.15,,1,0.0,black
polymer_3338,[*]NC(=O)OCCCCCCCCCOC(=O)Nc1ccc(C)c([*])c1,62.0,,GREA,335.15,,1,0.0,black
polymer_3339,[*]NC(=O)OCCCCCCCCOC(=O)Nc1cc([*])ccc1C,64.0,,GREA,337.15,,1,0.0,black
polymer_3340,[*]NC(=O)OCCCCCCCCOc1ccc(-c2ccc(OCCCCCCCCOC(=O)Nc3ccc([*])cc3C)cc2)cc1,81.0,,GREA,354.15,,1,0.0,black
polymer_3341,[*]NC(=O)OCCCCCCCOC(=O)Nc1ccc(C)c([*])c1,61.0,,GREA,334.15,,1,0.0,black
polymer_3342,[*]NC(=O)OCCCCCCOC(=O)Nc1cc([*])ccc1C,32.0,,GREA,305.15,,1,0.0,black
polymer_3343,[*]NC(=O)OCCCCCCOc1ccc(-c2ccc(OCCCCCCOC(=O)Nc3cc([*])ccc3C)cc2)cc1,87.0,,GREA,360.15,,1,0.0,black
polymer_3344,[*]NC(=O)OCCCCCCOc1ccc(-c2ccc(OCCCCCCOC(=O)Nc3ccc([*])cc3C)cc2)cc1,89.0,,GREA,362.15,,1,0.0,black
polymer_3345,[*]NC(=O)OCCCCCOC(=O)Nc1ccc(C)c([*])c1,52.0,,GREA,325.15,,1,0.0,black
polymer_3346,[*]NC(=O)OCCCCCOC(=O)c1ccccc1C(=O)O[Ca]OC(=O)c1ccccc1C(=O)OCCCCCOC(=O)Nc1ccc(C)c([*])c1,5.100000000000023,,GREA,278.25,,1,0.0,black
polymer_3347,[*]NC(=O)OCCCCCOC(=O)c1ccccc1C(=O)O[Cd]OC(=O)c1ccccc1C(=O)OCCCCCOC(=O)Nc1ccc(C)c([*])c1,2.3000000000000114,,GREA,275.45,,1,0.0,black
polymer_3348,[*]NC(=O)OCCCCCOC(=O)c1ccccc1C(=O)O[Pb]OC(=O)c1ccccc1C(=O)OCCCCCOC(=O)Nc1ccc(C)c([*])c1,-11.299999999999955,,GREA,261.85,,1,0.0,black
polymer_3349,[*]NC(=O)OCCCCCOC(=O)c1ccccc1C(=O)O[Zn]OC(=O)c1ccccc1C(=O)OCCCCCOC(=O)Nc1ccc(C)c([*])c1,4.2000000000000455,,GREA,277.35,,1,0.0,black
polymer_3350,[*]NC(=O)OCCCCOC(=O)Nc1cc([*])ccc1C,42.0,,GREA,315.15,,1,0.0,black
polymer_3351,[*]NC(=O)OCCCCn1c2ccccc2c2cc(/C=C(\C#N)C(=O)OCCCCCCOC(=O)/C(C#N)=C/c3ccc4c(c3)c3ccccc3n4CCCCOC(=O)Nc3cc([*])ccc3C)ccc21,117.0,,GREA,390.15,,1,0.0,black
polymer_3352,[*]NC(=O)OCCCOC(=O)Nc1ccc(C)c([*])c1,6.0,,GREA,279.15,,1,0.0,black
polymer_3353,[*]NC(=O)OCCN(C)c1ccc(/C=C/C2=CC(=C(C#N)C#N)C=C(C=Cc3ccc(N(C)CCOC(=O)Nc4ccc(C)c([*])c4)s3)O2)s1,183.0,,GREA,456.15,,1,0.0,black
polymer_3354,[*]NC(=O)OCCN(C)c1ccc(/N=N/c2ccc(/C=C/C3=CC(=C(C#N)C#N)C=C(C=Cc4ccc(/N=N/c5ccc(N(C)CCOC(=O)Nc6ccc(C)c([*])c6)cc5)cc4)O3)cc2)cc1,196.0,,GREA,469.15,,1,0.0,black
polymer_3355,[*]NC(=O)OCCN(CCCCCCOc1ccc(/C=C/c2ccc([N+](=O)[O-])cc2)cc1)CCOC(=O)Nc1ccc(C)c([*])c1,58.5,,GREA,331.65,,1,0.0,black
polymer_3356,[*]NC(=O)OCCN(CCOC(=O)NC(C)(C)c1cccc(C([*])(C)C)c1)c1ccc(/N=N/c2ccc([N+](=O)[O-])cc2)cc1,103.0,,GREA,376.15,,1,0.0,black
polymer_3357,[*]NC(=O)OCCN(CCOC(=O)NCC1(C)CC([*])CC(C)(C)C1)c1ccc(/N=N/c2ccc(C#N)cc2)cc1,136.0,,GREA,409.15,,1,0.0,black
polymer_3358,[*]NC(=O)OCCN(CCOC(=O)NCC1(C)CC([*])CC(C)(C)C1)c1ccc(/N=N/c2ccc([N+](=O)[O-])cc2)cc1,137.0,,GREA,410.15,,1,0.0,black
polymer_3359,[*]NC(=O)OCCN(CCOC(=O)NCC1(C)CC([*])CC(C)(C)C1)c1ccc(C=C(C#N)C#N)cc1,145.0,,GREA,418.15,,1,0.0,black
polymer_3360,[*]NC(=O)OCCN(CCOC(=O)Nc1ccc(C)c([*])c1)c1ccc(-c2nc3ccc([N+](=O)[O-])cc3o2)cc1,156.0,,GREA,429.15,,1,0.0,black
polymer_3361,[*]NC(=O)OCCN(CCOC(=O)Nc1ccc(C)c([*])c1)c1ccc(/C=C/c2ccc([N+](=O)[O-])cc2)cc1,121.0,,GREA,394.15,,1,0.0,black
polymer_3362,[*]NC(=O)OCCN(CCOC(=O)Nc1ccc(C)c([*])c1)c1ccc(/C=C2/NC(=O)NC2=O)cc1,178.0,,GREA,451.15,,1,0.0,black
polymer_3363,[*]NC(=O)OCCN(CCOC(=O)Nc1ccc(C)c([*])c1)c1ccc(/N=N/c2ccc(-c3nc4cc([N+](=O)[O-])ccc4[nH]3)cc2)cc1,188.0,,GREA,461.15,,1,0.0,black
polymer_3364,[*]NC(=O)OCCN(CCOC(=O)Nc1ccc(C)c([*])c1)c1ccc(/N=N/c2ccc(-c3nc4ccccc4o3)cc2)cc1,152.0,,GREA,425.15,,1,0.0,black
polymer_3365,[*]NC(=O)OCCN(CCOC(=O)Nc1ccc(C)c([*])c1)c1ccc(/N=N/c2ccc([N+](=O)[O-])cc2)cc1,144.0,,GREA,417.15,,1,0.0,black
polymer_3366,[*]NC(=O)OCCN(CCOC(=O)Nc1ccc(C)c([*])c1)c1ccc(C(C#N)=C(C#N)C#N)cc1,125.0,,GREA,398.15,,1,0.0,black
polymer_3367,[*]NC(=O)OCCN(CCOC(=O)Nc1ccc(C)c([*])c1)c1ccccc1,31.900000000000034,,GREA,305.05,,1,0.0,black
polymer_3368,[*]NC(=O)OCCN(CCOC(=O)Nc1cccc([*])c1C)c1ccc(/C=C/c2ccc([N+](=O)[O-])cc2)cc1,123.0,,GREA,396.15,,1,0.0,black
polymer_3369,[*]NC(=O)OCCN(CCOC(=O)Nc1cccc([*])c1C)c1ccc(/N=N/c2ccc([N+](=O)[O-])cc2)cc1,147.0,,GREA,420.15,,1,0.0,black
polymer_3370,[*]NC(=O)OCCOC(=O)NCC1(C)CC([*])CC(C)(C)C1,84.0,,GREA,357.15,,1,0.0,black
polymer_3371,[*]NC(=O)OCCOC(=O)Nc1cc([*])ccc1C,52.0,,GREA,325.15,,1,0.0,black
polymer_3372,[*]NC(=O)OCCOc1ccc(C2(c3ccc(OCCOC(=O)Nc4cc([*])ccc4C)cc3)c3ccccc3-c3ccccc32)cc1,175.0,,GREA,448.15,,1,0.0,black
polymer_3373,[*]NC(=O)OCCn1cc(/N=N/c2ccc([N+](=O)[O-])cc2OCCOC(=O)Nc2cc([*])ccc2C)c2cc(-c3ccccc3)ccc21,165.0,,GREA,438.15,,1,0.0,black
polymer_3374,[*]NC(=O)OCCn1cc(/N=N/c2ccc([N+](=O)[O-])cc2OCCOC(=O)Nc2cc([*])ccc2C)c2ccccc21,150.0,,GREA,423.15,,1,0.0,black
polymer_3375,[*]NC(=O)Oc1ccc(-c2[nH]c(-c3ccc(-c4nc(-c5ccc([N+](=O)[O-])cc5)c(-c5ccc([N+](=O)[O-])cc5)[nH]4)cc3)nc2-c2ccc(OC(=O)Nc3ccc(-c4ccc([*])cc4OC)c(OC)c3)cc2)cc1,223.0,,GREA,496.15,,1,0.0,black
polymer_3376,[*]NC(=O)Oc1ccc(-c2[nH]c(-c3ccc([N+](=O)[O-])cc3)nc2-c2ccc(OC(=O)Nc3ccc(-c4ccc([*])cc4OC)c(OC)c3)cc2)cc1,202.0,,GREA,475.15,,1,0.0,black
polymer_3377,[*]NC(=O)Oc1ccc(/N=C/C=N/c2ccc(OC(=O)NCC3(C)CC([*])CC(C)(C)C3)cc2)cc1,62.0,,GREA,335.15,,1,0.0,black
polymer_3378,[*]NC(=O)Oc1ccc(/N=C/C=N/c2ccc(OC(=O)Nc3cc([*])ccc3C)cc2)cc1,76.0,,GREA,349.15,,1,0.0,black
polymer_3379,[*]NC(=O)Oc1ccc(/N=C/CCC/C=N/c2ccc(OC(=O)NCC3(C)CC([*])CC(C)(C)C3)cc2)cc1,66.0,,GREA,339.15,,1,0.0,black
polymer_3380,[*]NC(=O)Oc1ccc(/N=C/CCC/C=N/c2ccc(OC(=O)Nc3ccc(C)c([*])c3)cc2)cc1,69.0,,GREA,342.15,,1,0.0,black
polymer_3381,[*]NC(=O)c1cc(OCCCN(C)c2ccc(/N=N/c3ccc(S(C)(=O)=O)cc3)cc2)cc(C(=O)Nc2cc([*])cc(C(=O)OCCCN(C)c3ccc(/N=N/c4ccc(S(C)(=O)=O)cc4)cc3)c2)c1,168.0,,GREA,441.15,,1,0.0,black
polymer_3382,[*]NC(=O)c1cc(OCCN(C)c2ccc(C#N)cc2)cc(C(=O)Nc2cc([*])cc(C(=O)OCCN(C)c3ccc(C#N)cc3)c2)c1,167.0,,GREA,440.15,,1,0.0,black
polymer_3383,[*]NC(=O)c1cc(OCCN(C)c2ccc(C#N)cc2)cc(C(=O)Nc2cc([*])cc(C(=O)OCCN(C)c3ccc(S(=O)(=O)C(F)(F)C(F)(F)C(F)(F)C(F)(F)C(F)(F)C(F)(F)C(F)(F)C(F)(F)F)cc3)c2)c1,165.0,,GREA,438.15,,1,0.0,black
polymer_3384,[*]NC(=O)c1cc(OCCN(C)c2ccc(S(=O)(=O)C(F)(F)C(F)(F)C(F)(F)C(F)(F)C(F)(F)C(F)(F)C(F)(F)C(F)(F)F)cc2)cc(C(=O)Nc2cc([*])cc(C(=O)OCCN(C)c3ccc(C#N)cc3)c2)c1,157.0,,GREA,430.15,,1,0.0,black
polymer_3385,[*]NC(=O)c1cc(OCCN(C)c2ccc([N+](=O)[O-])cc2)cc(C(=O)Nc2cc([*])cc(C(=O)OC)c2)c1,177.0,,GREA,450.15,,1,0.0,black
polymer_3386,[*]NC(=O)c1cc(OCCN(C)c2ccc([N+](=O)[O-])cc2)cc(C(=O)Nc2cc([*])cc(C(=O)OC3CC(C)CCC3C(C)C)c2)c1,193.0,,GREA,466.15,,1,0.0,black
polymer_3387,[*]NC(=O)c1ccc(-c2ccc(C(=O)Nc3cc([*])cc(C(=O)OCCOc4ccc(/C=C/C(=O)c5ccccc5)cc4)c3)cc2)cc1,254.0,,GREA,527.15,,1,0.0,black
polymer_3388,[*]NC(=O)c1ccc(-n2c(=O)c3cc4c(=O)n(-c5ccc([*])c(C(=O)OCC)c5)c(=O)c4cc3c2=O)cc1,340.0,,GREA,613.15,,1,0.0,black
polymer_3389,[*]NC(=O)c1ccc(C(=O)Nc2cc([*])cc(C(=O)OCCOC(=O)/C=C/c3ccc(N(C)C)cc3)c2)cc1,198.0,,GREA,471.15,,1,0.0,black
polymer_3390,[*]NC(=O)c1ccc(C(=O)Nc2cc([*])cc(C(=O)OCCOc3ccc(/C=C/C(=O)c4ccccc4)cc3)c2)cc1,233.0,,GREA,506.15,,1,0.0,black
polymer_3391,[*]NC(=O)c1ccc(NC(=O)CCCCCCC(=O)Nc2ccc(C(=O)Nc3ccc([*])cc3C(=O)OCCCCCCCCCCCCCCCCCC)cc2)cc1,305.0,,GREA,578.15,,1,0.0,black
polymer_3392,[*]NC(=O)c1ccc(NC(=O)CCCCCCCCC(=O)Nc2ccc(C(=O)Nc3ccc([*])cc3C(=O)OCCCCCCCCCCCC)cc2)cc1,228.5,,GREA,501.65,,1,0.0,black
polymer_3393,[*]NC(=O)c1ccc(NC(=O)CCCCCCCCC(=O)Nc2ccc(C(=O)Nc3ccc([*])cc3C(=O)OCCCCCCCCCCCCCC)cc2)cc1,225.0,,GREA,498.15,,1,0.0,black
polymer_3394,[*]NC(=O)c1ccc(NC(=O)CCCCCCCCC(=O)Nc2ccc(C(=O)Nc3ccc([*])cc3C(=O)OCCCCCCCCCCCCCCCC)cc2)cc1,220.0,,GREA,493.15,,1,0.0,black
polymer_3395,[*]NC(=O)c1ccc(NC(=O)CCCCCCCCC(=O)Nc2ccc(C(=O)Nc3ccc([*])cc3C(=O)OCCCCCCCCCCCCCCCCCC)cc2)cc1,280.0,,GREA,553.15,,1,0.0,black
polymer_3396,[*]NC(=O)c1ccc(NC(=O)CCCCCCCCCCC(=O)Nc2ccc(C(=O)Nc3ccc([*])cc3C(=O)OCCCCCCCCCCCC)cc2)cc1,205.5,,GREA,478.65,,1,0.0,black
polymer_3397,[*]NC(=O)c1ccc(NC(=O)CCCCCCCCCCC(=O)Nc2ccc(C(=O)Nc3ccc([*])cc3C(=O)OCCCCCCCCCCCCCC)cc2)cc1,199.5,,GREA,472.65,,1,0.0,black
polymer_3398,[*]NC(=O)c1ccc(NC(=O)CCCCCCCCCCC(=O)Nc2ccc(C(=O)Nc3ccc([*])cc3C(=O)OCCCCCCCCCCCCCCCC)cc2)cc1,199.5,,GREA,472.65,,1,0.0,black
polymer_3399,[*]NC(=O)c1ccc(NC(=O)CCCCCCCCCCC(=O)Nc2ccc(C(=O)Nc3ccc([*])cc3C(=O)OCCCCCCCCCCCCCCCCCC)cc2)cc1,196.5,,GREA,469.65,,1,0.0,black
polymer_3400,[*]NC(=O)c1ccc(NC(=O)CCCCCCCCCCCCC(=O)Nc2ccc(C(=O)Nc3ccc([*])cc3C(=O)OCCCCCCCCCCCC)cc2)cc1,199.5,,GREA,472.65,,1,0.0,black
polymer_3401,[*]NC(=O)c1ccc(NC(=O)CCCCCCCCCCCCC(=O)Nc2ccc(C(=O)Nc3ccc([*])cc3C(=O)OCCCCCCCCCCCCCC)cc2)cc1,204.5,,GREA,477.65,,1,0.0,black
polymer_3402,[*]NC(=O)c1ccc(NC(=O)CCCCCCCCCCCCC(=O)Nc2ccc(C(=O)Nc3ccc([*])cc3C(=O)OCCCCCCCCCCCCCCCC)cc2)cc1,250.0,,GREA,523.15,,1,0.0,black
polymer_3403,[*]NC(=O)c1ccc(NC(=O)CCCCCCCCCCCCC(=O)Nc2ccc(C(=O)Nc3ccc([*])cc3C(=O)OCCCCCCCCCCCCCCCCCC)cc2)cc1,191.0,,GREA,464.15,,1,0.0,black
polymer_3404,[*]NC(=O)c1ccc(OC(=O)c2cccc(C(=O)Oc3ccc(C(=O)Nc4cc(C(c5ccc(C)c([*])c5)(C(F)(F)F)C(F)(F)F)ccc4C)cc3)c2)cc1,214.0,,GREA,487.15,,1,0.0,black
polymer_3405,[*]NC(=O)c1ccc(Oc2cc(C(C)(C)C)c(Oc3ccc(C(=O)Nc4c(C)cc(Cc5cc(C)c([*])c(C(C)C)c5)cc4C(C)C)cc3)cc2C(C)(C)C)cc1,260.0,,GREA,533.15,,1,0.0,black
polymer_3406,[*]NC(=O)c1ccc(Oc2ccc(C(=O)Nc3cc(SCCC#N)c([*])cc3SCCC#N)cc2)cc1,158.0,,GREA,431.15,,1,0.0,black
polymer_3407,[*]NC(=O)c1ccc(Oc2ccc(C(=O)Nc3cc([*])cc(C(=O)OCCOC(=O)/C=C/c4ccc(N(C)C)cc4)c3)cc2)cc1,182.0,,GREA,455.15,,1,0.0,black
polymer_3408,[*]NC(=O)c1ccc2c(c1)C(=O)N(C1CC(=O)N(c3cc(C)ccc3[*])C1=O)C2=O,237.0,,GREA,510.15,,1,0.0,black
polymer_3409,[*]NC(=O)c1ccc2c(c1)C(=O)N(c1c(C)cc(C)c(N3C(=O)c4ccc(C(=O)Nc5c(C)cc(C)c([*])c5C)cc4C3=O)c1C)C2=O,288.0,,GREA,561.15,,1,0.0,black
polymer_3410,[*]NC(=O)c1ccc2c(c1)C(=O)N(c1c(C)cc(C)c(N3C(=O)c4ccc(C(=O)Nc5ccc(-c6ccc([*])cc6C)c(C)c5)cc4C3=O)c1C)C2=O,259.0,,GREA,532.15,,1,0.0,black
polymer_3411,[*]NC(=O)c1ccc2c(c1)C(=O)N(c1ccc(Oc3ccc(N4C(=O)c5ccc(C(=O)Nc6ccc([*])cc6OCCCCCCS(=O)(=O)c6ccc(/C=C/c7ccc(N(C)C)cc7)cc6)cc5C4=O)cc3)cc1)C2=O,192.0,,GREA,465.15,,1,0.0,black
polymer_3412,[*]NC(=O)c1ccc2cc(C(=O)Nc3cc([*])cc(C(=O)OCCOc4ccc(/C=C/C(=O)c5ccccc5)cc4)c3)ccc2c1,247.0,,GREA,520.15,,1,0.0,black
polymer_3413,[*]NC(=O)c1cccc(C(=O)Nc2cc([*])cc(C(=O)OCCOC(=O)/C=C/c3ccc(N(C)C)cc3)c2)c1,186.0,,GREA,459.15,,1,0.0,black
polymer_3414,[*]NC(=O)c1cccc(C(=O)Nc2cc([*])cc(C(=O)OCCOc3ccc(/C=C/C(=O)c4ccccc4)cc3)c2)c1,216.0,,GREA,489.15,,1,0.0,black
polymer_3415,[*]NC(=O)c1cccc(C(=O)Nc2cc([*])cc(C(=O)Oc3ccc(Oc4ccc(C#N)c(C#N)c4)cc3)c2)c1,305.0,,GREA,578.15,,1,0.0,black
polymer_3416,[*]NC(=S)Nc1cccc(NC(=O)c2ccc(C(=O)Nc3ccc(C([*])=O)cc3)cc2)c1,273.0,,GREA,546.15,,1,0.0,black
polymer_3417,[*]NC(=S)Nc1cccc(NC(=O)c2cccc(C(=O)Nc3ccc(C([*])=O)cc3)c2)c1,270.0,,GREA,543.15,,1,0.0,black
polymer_3418,[*]NC(C)(CC)C([*])=O,74.15000000000003,,GREA,347.3,,1,0.0,black
polymer_3419,[*]NC(CCC(=O)Nc1ccc(N(c2ccccc2)c2ccccc2)cc1)C([*])=O,132.0,,GREA,405.15,,1,0.0,black
polymer_3420,[*]NC(CCC(=O)OC)C([*])=O,0.0,,GREA,273.15,,1,0.0,black
polymer_3421,[*]NC(CCC(=O)OCC)C([*])=O,0.0,,GREA,273.15,,1,0.0,black
polymer_3422,[*]NC(CCC(=O)OCCC)C([*])=O,-10.0,,GREA,263.15,,1,0.0,black
polymer_3423,[*]NC(CCC(=O)OCCCC)C([*])=O,-15.0,,GREA,258.15,,1,0.0,black
polymer_3424,[*]NC(CCC(=O)OCCCCC)C([*])=O,-19.99999999999997,,GREA,253.15,,1,0.0,black
polymer_3425,[*]NC(CCC(=O)OCCCCCC)C([*])=O,-24.99999999999997,,GREA,248.15,,1,0.0,black
polymer_3426,[*]NC(CCC(=O)OCCCCCCCC)C([*])=O,-59.49999999999997,,GREA,213.65,,1,0.0,black
polymer_3427,[*]NC(CCC(=O)OCCCCCCCCCC)C([*])=O,-61.99999999999997,,GREA,211.15,,1,0.0,black
polymer_3428,[*]NC(CCC(=O)OCc1ccc(C(F)(F)F)cc1)C([*])=O,26.57000000000005,,GREA,299.72,,1,0.0,black
polymer_3429,[*]NC(CCC(=O)OCc1ccc(F)cc1)C([*])=O,46.900000000000034,,GREA,320.05,,1,0.0,black
polymer_3430,[*]NC(CCC(=O)OCc1ccc([N+](=O)[O-])cc1)C([*])=O,53.150000000000034,,GREA,326.3,,1,0.0,black
polymer_3431,[*]NC(CCC(=O)OCc1ccccc1)C([*])=O,17.0,,GREA,290.15,,1,0.0,black
polymer_3432,[*]NC1CCC(CC2CCC(NC(=O)OC3CC4CC(OC([*])=O)CC(C3)O4)CC2)CC1,225.0,,GREA,498.15,,1,0.0,black
polymer_3433,[*]NC1CCC(CC2CCC(NC(=O)OCCCCCCOc3ccc(CCc4ccc(OCCCCCCOC([*])=O)cc4)cc3)CC2)CC1,40.30000000000001,,GREA,313.45,,1,0.0,black
polymer_3434,[*]NC1CCC(CC2CCC(NC(=O)OCCOc3ccc(C4(c5ccc(OCCOC([*])=O)cc5)c5ccccc5-c5ccccc54)cc3)CC2)CC1,140.0,,GREA,413.15,,1,0.0,black
polymer_3435,[*]NC1CCC(CC2CCC(NC(=O)c3ccc4c(c3)C(=O)N(c3ccc(C([*])=O)cc3)C4=O)CC2)CC1,275.0,,GREA,548.15,,1,0.0,black
polymer_3436,[*]NC1CCCC(C([*])=O)O1,145.0,,GREA,418.15,,1,0.0,black
polymer_3437,[*]NCC(F)(F)C(F)(F)C(F)(F)C(F)(F)CNC(=O)OCC(F)(F)C(F)(F)C(F)(F)C(F)(F)COC([*])=O,20.0,,GREA,293.15,,1,0.0,black
polymer_3438,[*]NCC(F)(F)C(F)(F)C(F)(F)C(F)(F)CNC(=O)OCC(F)(F)C(F)(F)C(F)(F)COC([*])=O,25.0,,GREA,298.15,,1,0.0,black
polymer_3439,[*]NCC(F)(F)C(F)(F)C(F)(F)C(F)(F)CNC(=O)OCC(F)(F)C(F)(F)COC([*])=O,38.0,,GREA,311.15,,1,0.0,black
polymer_3440,[*]NCC(F)(F)C(F)(F)C(F)(F)C(F)(F)CNC(=O)OCCCCCCOC([*])=O,5.0,,GREA,278.15,,1,0.0,black
polymer_3441,[*]NCC(F)(F)C(F)(F)C(F)(F)C(F)(F)CNC(=O)OCCCCCOC([*])=O,33.0,,GREA,306.15,,1,0.0,black
polymer_3442,[*]NCC(F)(F)C(F)(F)C(F)(F)C(F)(F)CNC(=O)OCCCCOC([*])=O,33.0,,GREA,306.15,,1,0.0,black
polymer_3443,[*]NCC1CCC(CNC(=O)c2cccc(C([*])=O)c2)CC1,208.0,,GREA,481.15,,1,0.0,black
polymer_3444,[*]NCC1CCCC(CNC(=O)c2cccc(C([*])=O)c2)C1,180.0,,GREA,453.15,,1,0.0,black
polymer_3445,[*]NCCCC1(CCCNC(=O)c2cccc(C([*])=O)c2)c2ccccc2-c2ccccc21,175.0,,GREA,448.15,,1,0.0,black
polymer_3446,[*]NCCCC1(CCCNC(=O)c2ccccc2-c2ccccc2C([*])=O)c2ccccc2-c2ccccc21,165.0,,GREA,438.15,,1,0.0,black
polymer_3447,[*]NCCCCCCCCCCCCCCCCCCNC(=O)NCc1ccc(CNC([*])=O)cc1,52.0,,GREA,325.15,,1,0.0,black
polymer_3448,[*]NCCCCCCCCCCCCCCCCCCNC(=O)Nc1ccc(Cc2ccc(NC([*])=O)cc2)cc1,48.0,,GREA,321.15,,1,0.0,black
polymer_3449,[*]NCCCCCCCCCCCCCCNC(=O)NCCCCCCCCCCNC([*])=O,40.0,,GREA,313.15,,1,0.0,black
polymer_3450,[*]NCCCCCCCCCCCCCCNC(=O)NCCCCCCNC([*])=O,47.0,,GREA,320.15,,1,0.0,black
polymer_3451,[*]NCCCCCCCCCCCCCCNC(=O)NCc1ccc(CNC([*])=O)cc1,54.0,,GREA,327.15,,1,0.0,black
polymer_3452,[*]NCCCCCCCCCCCCNC(=O)NCCCCCCNC([*])=O,49.0,,GREA,322.15,,1,0.0,black
polymer_3453,[*]NCCCCCCCCCCCCNC(=O)Nc1ccc(Cc2ccc(NC([*])=O)cc2)cc1,51.0,,GREA,324.15,,1,0.0,black
polymer_3454,[*]NCCCCCCCCCCCCNC(=O)c1ccc(-c2nc3ccccc3nc2-c2ccc(C([*])=O)cc2)cc1,154.0,,GREA,427.15,,1,0.0,black
polymer_3455,[*]NCCCCCCCCCCCCNC(=O)c1ccc(C([*])=O)cc1,130.0,,GREA,403.15,,1,0.0,black
polymer_3456,[*]NCCCCCCCCCCCCNC(=O)c1ccc(C([*])=O)cc1Oc1ccccc1,75.0,,GREA,348.15,,1,0.0,black
polymer_3457,[*]NCCCCCCCCCCCCNC(=O)c1ccc(C([*])=O)cc1Sc1ccccc1,92.0,,GREA,365.15,,1,0.0,black
polymer_3458,[*]NCCCCCCCCCCNC(=O)NCc1ccc(CNC([*])=O)cc1,55.0,,GREA,328.15,,1,0.0,black
polymer_3459,[*]NCCCCCCCCCCNC(=O)Nc1ccc(Cc2ccc(NC([*])=O)cc2)cc1,46.0,,GREA,319.15,,1,0.0,black
polymer_3460,[*]NCCCCCCCCCCNC(=O)OCCCCCCCCCCCCCCCCOC([*])=O,34.0,,GREA,307.15,,1,0.0,black
polymer_3461,[*]NCCCCCCCCCCNC(=O)OCCCCCCCCCCCCOC([*])=O,34.0,,GREA,307.15,,1,0.0,black
polymer_3462,[*]NCCCCCCCCCCNC(=O)OCCOC([*])=O,60.80000000000001,,GREA,333.95,,1,0.0,black
polymer_3463,[*]NCCCCCCCCCCNC(=O)c1ccc(-c2nc3ccccc3nc2-c2ccc(C([*])=O)cc2)cc1,166.0,,GREA,439.15,,1,0.0,black
polymer_3464,[*]NCCCCCCCCCCNC(=O)c1ccc(C([*])=O)cc1Oc1ccccc1,94.0,,GREA,367.15,,1,0.0,black
polymer_3465,[*]NCCCCCCCCCCNC(=O)c1ccc(C([*])=O)cc1Sc1ccccc1,100.0,,GREA,373.15,,1,0.0,black
polymer_3466,[*]NCCCCCCCCCCNC(=O)c1ccc(Cc2ccc(C([*])=O)cc2)cc1,140.0,,GREA,413.15,,1,0.0,black
polymer_3467,[*]NCCCCCCCCCNC(=O)Nc1ccc(Cc2ccc(NC([*])=O)cc2)cc1,-49.99999999999997,,GREA,223.15,,1,0.0,black
polymer_3468,[*]NCCCCCCCCCNC(=O)OCCOC([*])=O,44.0,,GREA,317.15,,1,0.0,black
polymer_3469,[*]NCCCCCCCCCNC(=O)c1ccc(C([*])=O)cc1,115.0,,GREA,388.15,,1,0.0,black
polymer_3470,[*]NCCCCCCCCCNC([*])=O,130.0,,GREA,403.15,,1,0.0,black
polymer_3471,[*]NCCCCCCCCCNC([*])=S,48.0,,GREA,321.15,,1,0.0,black
polymer_3472,[*]NCCCCCCCCNC(=O)NCc1ccc(CNC([*])=O)cc1,68.0,,GREA,341.15,,1,0.0,black
polymer_3473,[*]NCCCCCCCCNC(=O)Nc1ccc(Cc2ccc(NC([*])=O)cc2)cc1,50.0,,GREA,323.15,,1,0.0,black
polymer_3474,[*]NCCCCCCCCNC(=O)c1ccc(-c2nc3ccccc3nc2-c2ccc(C([*])=O)cc2)cc1,185.0,,GREA,458.15,,1,0.0,black
polymer_3475,[*]NCCCCCCCCNC(=O)c1ccc(C([*])=O)cc1,123.0,,GREA,396.15,,1,0.0,black
polymer_3476,[*]NCCCCCCCCNC(=O)c1ccc(C([*])=O)cc1Oc1ccccc1,96.0,,GREA,369.15,,1,0.0,black
polymer_3477,[*]NCCCCCCCCNC(=O)c1ccc(C([*])=O)cc1Sc1ccccc1,110.0,,GREA,383.15,,1,0.0,black
polymer_3478,[*]NCCCCCCCCNC(=O)c1cccc(C([*])=O)c1,110.0,,GREA,383.15,,1,0.0,black
polymer_3479,[*]NCCCCCCCNC(=O)c1ccc(C([*])=O)cc1,160.0,,GREA,433.15,,1,0.0,black
polymer_3480,[*]NCCCCCCCNC([*])=O,62.0,,GREA,335.15,,1,0.0,black
polymer_3481,[*]NCCCCCCCNC([*])=S,52.0,,GREA,325.15,,1,0.0,black
polymer_3482,[*]NCCCCCCNC(=O)C([*])=O,250.0,,GREA,523.15,,1,0.0,black
polymer_3483,[*]NCCCCCCNC(=O)NCc1ccc(CNC([*])=O)cc1,72.0,,GREA,345.15,,1,0.0,black
polymer_3484,[*]NCCCCCCNC(=O)Nc1ccc(Cc2ccc(NC([*])=O)cc2)cc1,78.0,,GREA,351.15,,1,0.0,black
polymer_3485,[*]NCCCCCCNC(=O)Nc1cccc(NC([*])=O)n1,170.0,,GREA,443.15,,1,0.0,black
polymer_3486,[*]NCCCCCCNC(=O)Nc1ccccc1CCc1ccc(NC([*])=O)cc1,150.0,,GREA,423.15,,1,0.0,black
polymer_3487,[*]NCCCCCCNC(=O)OC(COC([*])=O)c1ccco1,17.0,,GREA,290.15,,1,0.0,black
polymer_3488,[*]NCCCCCCNC(=O)OC/C=C/COC([*])=O,-38.99999999999997,,GREA,234.15,,1,0.0,black
polymer_3489,[*]NCCCCCCNC(=O)OCC#CCOC([*])=O,-44.99999999999997,,GREA,228.15,,1,0.0,black
polymer_3490,[*]NCCCCCCNC(=O)OCC(F)(F)C(F)(F)C(F)(F)C(F)(F)COC([*])=O,-2.0,,GREA,271.15,,1,0.0,black
polymer_3491,[*]NCCCCCCNC(=O)OCC(F)(F)C(F)(F)C(F)(F)COC([*])=O,16.0,,GREA,289.15,,1,0.0,black
polymer_3492,[*]NCCCCCCNC(=O)OCC(F)(F)C(F)(F)COC([*])=O,9.0,,GREA,282.15,,1,0.0,black
polymer_3493,[*]NCCCCCCNC(=O)OCCCCCCCCCCCCCCCCOC([*])=O,39.0,,GREA,312.15,,1,0.0,black
polymer_3494,[*]NCCCCCCNC(=O)OCCCCCCCCCCCCOC([*])=O,36.0,,GREA,309.15,,1,0.0,black
polymer_3495,[*]NCCCCCCNC(=O)OCCCCCCCCCCOC([*])=O,55.0,,GREA,328.15,,1,0.0,black
polymer_3496,[*]NCCCCCCNC(=O)OCCCCCCCCCOC([*])=O,58.0,,GREA,331.15,,1,0.0,black
polymer_3497,[*]NCCCCCCNC(=O)OCCCCCCCCOC([*])=O,58.0,,GREA,331.15,,1,0.0,black
polymer_3498,[*]NCCCCCCNC(=O)OCCCCCCCOC([*])=O,55.0,,GREA,328.15,,1,0.0,black
polymer_3499,[*]NCCCCCCNC(=O)OCCCCCCOC([*])=O,168.0,,GREA,441.15,,1,0.0,black
polymer_3500,[*]NCCCCCCNC(=O)OCCCCCOC(=O)c1ccccc1C(=O)O[Ca]OC(=O)c1ccccc1C(=O)OCCCCCOC([*])=O,-2.3999999999999773,,GREA,270.75,,1,0.0,black
polymer_3501,[*]NCCCCCCNC(=O)OCCCCCOC(=O)c1ccccc1C(=O)O[Cd]OC(=O)c1ccccc1C(=O)OCCCCCOC([*])=O,-6.7999999999999545,,GREA,266.35,,1,0.0,black
polymer_3502,[*]NCCCCCCNC(=O)OCCCCCOC(=O)c1ccccc1C(=O)O[Pb]OC(=O)c1ccccc1C(=O)OCCCCCOC([*])=O,-19.19999999999999,,GREA,253.95,,1,0.0,black
polymer_3503,[*]NCCCCCCNC(=O)OCCCCCOC(=O)c1ccccc1C(=O)O[Zn]OC(=O)c1ccccc1C(=O)OCCCCCOC([*])=O,-4.2999999999999545,,GREA,268.85,,1,0.0,black
polymer_3504,[*]NCCCCCCNC(=O)OCCCCCOC([*])=O,33.0,,GREA,306.15,,1,0.0,black
polymer_3505,[*]NCCCCCCNC(=O)OCCCCOC([*])=O,33.5,,GREA,306.65,,1,0.0,black
polymer_3506,[*]NCCCCCCNC(=O)OCCCOC([*])=O,55.0,,GREA,328.15,,1,0.0,black
polymer_3507,[*]NCCCCCCNC(=O)OCCN(CCOC([*])=O)c1ccccc1,31.900000000000034,,GREA,305.05,,1,0.0,black
polymer_3508,[*]NCCCCCCNC(=O)OCCOC([*])=O,56.0,,GREA,329.15,,1,0.0,black
polymer_3509,[*]NCCCCCCNC(=O)OCCOCCOC([*])=O,17.0,,GREA,290.15,,1,0.0,black
polymer_3510,[*]NCCCCCCNC(=O)OCCOCCOCCOC([*])=O,-6.5,,GREA,266.65,,1,0.0,black
polymer_3511,[*]NCCCCCCNC(=O)OCCOCCOCCOCCOC([*])=O,-17.0,,GREA,256.15,,1,0.0,black
polymer_3512,[*]NCCCCCCNC(=O)OCCOCCOCCOCCOCCOCCOC([*])=O,-30.99999999999997,,GREA,242.15,,1,0.0,black
polymer_3513,[*]NCCCCCCNC(=O)OCCOc1ccc(C2(c3ccc(OCCOC([*])=O)cc3)c3ccccc3-c3ccccc32)cc1,61.0,,GREA,334.15,,1,0.0,black
polymer_3514,[*]NCCCCCCNC(=O)OCc1ccc(COC([*])=O)o1,33.0,,GREA,306.15,,1,0.0,black
polymer_3515,[*]NCCCCCCNC(=O)Oc1ccc(/N=C/C=N/c2ccc(OC([*])=O)cc2)cc1,80.0,,GREA,353.15,,1,0.0,black
polymer_3516,[*]NCCCCCCNC(=O)Oc1ccc(/N=C/CCC/C=N/c2ccc(OC([*])=O)cc2)cc1,72.0,,GREA,345.15,,1,0.0,black
polymer_3517,[*]NCCCCCCNC(=O)c1c(Cl)c(Cl)c(C([*])=O)c(Cl)c1Cl,282.0,,GREA,555.15,,1,0.0,black
polymer_3518,[*]NCCCCCCNC(=O)c1ccc(-c2nc3ccccc3nc2-c2ccc(C([*])=O)cc2)cc1,201.0,,GREA,474.15,,1,0.0,black
polymer_3519,[*]NCCCCCCNC(=O)c1ccc(C([*])=O)cc1,132.5,,GREA,405.65,,1,0.0,black
polymer_3520,[*]NCCCCCCNC(=O)c1ccc(C([*])=O)cc1Oc1ccc(-c2ccccc2)cc1,112.0,,GREA,385.15,,1,0.0,black
polymer_3521,[*]NCCCCCCNC(=O)c1ccc(C([*])=O)cc1Oc1ccc(Br)cc1,116.0,,GREA,389.15,,1,0.0,black
polymer_3522,[*]NCCCCCCNC(=O)c1ccc(C([*])=O)cc1Oc1ccc(Cl)cc1,112.0,,GREA,385.15,,1,0.0,black
polymer_3523,[*]NCCCCCCNC(=O)c1ccc(C([*])=O)cc1Oc1ccc(F)cc1,113.0,,GREA,386.15,,1,0.0,black
polymer_3524,[*]NCCCCCCNC(=O)c1ccc(C([*])=O)cc1Oc1ccccc1,108.0,,GREA,381.15,,1,0.0,black
polymer_3525,[*]NCCCCCCNC(=O)c1ccc(C([*])=O)cc1Sc1ccccc1,121.0,,GREA,394.15,,1,0.0,black
polymer_3526,[*]NCCCCCCNC(=O)c1ccc(C([*])=O)cn1,80.0,,GREA,353.15,,1,0.0,black
polymer_3527,[*]NCCCCCCNC(=O)c1ccc2c(c1)C(=O)N(c1ccc(C([*])=O)cc1)C2=O,225.0,,GREA,498.15,,1,0.0,black
polymer_3528,[*]NCCCCCCNC(=O)c1ccccc1-c1ccccc1C([*])=O,122.5,,GREA,395.65,,1,0.0,black
polymer_3529,[*]NCCCCCCNC(=O)c1ccccc1C(=O)NNC(=O)c1ccccc1C([*])=O,224.5,,GREA,497.65,,1,0.0,black
polymer_3530,[*]NCCCCCCNS(=O)(=O)C(F)(F)C([*])=O,52.0,,GREA,325.15,,1,0.0,black
polymer_3531,[*]NCCCCCCNS(=O)(=O)c1cccc(S([*])(=O)=O)c1,67.0,,GREA,340.15,,1,0.0,black
polymer_3532,[*]NCCCCCCNc1nc([*])nc(-c2ccccc2)n1,95.0,,GREA,368.15,,1,0.0,black
polymer_3533,[*]NCCCCCNC(=O)c1ccc(C([*])=O)cc1,177.0,,GREA,450.15,,1,0.0,black
polymer_3534,[*]NCCCCCNC([*])=S,55.0,,GREA,328.15,,1,0.0,black
polymer_3535,[*]NCCCCCNS(=O)(=O)c1cccc(S([*])(=O)=O)c1,74.0,,GREA,347.15,,1,0.0,black
polymer_3536,[*]NCCCCCc1nc2cc(-c3ccc4[nH]c(CCCCCNc5nc([*])nc(N(CC)CC)n5)nc4c3)ccc2[nH]1,190.0,,GREA,463.15,,1,0.0,black
polymer_3537,[*]NCCCCNC(=O)C([*])=O,120.0,,GREA,393.15,,1,0.0,black
polymer_3538,[*]NCCCCNC(=O)OCCCCCCOC([*])=O,16.0,,GREA,289.15,,1,0.0,black
polymer_3539,[*]NCCCCNC(=O)OCCCCOC([*])=O,7.0,,GREA,280.15,,1,0.0,black
polymer_3540,[*]NCCCCNC(=O)c1ccc(C([*])=O)cc1Oc1ccccc1,125.0,,GREA,398.15,,1,0.0,black
polymer_3541,[*]NCCCCNC(=O)c1ccc(C([*])=O)cc1Sc1ccccc1,136.0,,GREA,409.15,,1,0.0,black
polymer_3542,[*]NCCCCNC(=O)c1ccc(N=Nc2ccc(C([*])=O)cc2)cc1,215.0,,GREA,488.15,,1,0.0,black
polymer_3543,[*]NCCCCNC(=O)c1cccc(C([*])=O)c1,141.0,,GREA,414.15,,1,0.0,black
polymer_3544,[*]NCCCCNS(=O)(=O)c1cccc(S([*])(=O)=O)c1,82.0,,GREA,355.15,,1,0.0,black
polymer_3545,[*]NCCCNC(=O)c1ccc(C([*])=O)cc1,180.0,,GREA,453.15,,1,0.0,black
polymer_3546,[*]NCCCNS(=O)(=O)c1cccc(S([*])(=O)=O)c1,92.0,,GREA,365.15,,1,0.0,black
polymer_3547,[*]NCCCOC([*])=O,26.0,,GREA,299.15,,1,0.0,black
polymer_3548,[*]NCCCOCCCNC(=O)c1ccc(C([*])=O)cc1,72.0,,GREA,345.15,,1,0.0,black
polymer_3549,[*]NCCN(CCN1C(=O)c2ccc(C([*])=O)cc2C1=O)c1ccc(/C=C/c2ccc([N+](=O)[O-])cc2)cc1,142.0,,GREA,415.15,,1,0.0,black
polymer_3550,[*]NCCN(CCNC(=O)c1ccc([Si](c2ccccc2)(c2ccccc2)c2ccc(C([*])=O)cc2)cc1)c1ccc(/C=C/c2ccc([N+](=O)[O-])cc2)cc1,165.0,,GREA,438.15,,1,0.0,black
polymer_3551,[*]NCCN(CCNC(=O)c1ccc2c(c1)C(=O)N(c1ccc(C([*])=O)cc1)C2=O)c1ccc(/C=C/c2ccc([N+](=O)[O-])cc2)cc1,178.0,,GREA,451.15,,1,0.0,black
polymer_3552,[*]NCCN(CCNC(=O)c1ccc2c(c1)C(=O)N(c1ccc(Oc3ccc(N4C(=O)c5ccc(C([*])=O)cc5C4=O)cc3)cc1)C2=O)c1ccc(/C=C/c2ccc([N+](=O)[O-])cc2)cc1,224.0,,GREA,497.15,,1,0.0,black
polymer_3553,[*]NCCN(CCNC(=O)c1cccc(N2C(=O)c3ccc(C([*])=O)cc3C2=O)c1)c1ccc(/C=C/c2ccc([N+](=O)[O-])cc2)cc1,178.0,,GREA,451.15,,1,0.0,black
polymer_3554,[*]NCCNC(=O)c1ccc(C([*])=O)cc1Oc1ccccc1,164.0,,GREA,437.15,,1,0.0,black
polymer_3555,[*]NCCNC(=O)c1ccc(C([*])=O)cc1Sc1ccccc1,172.0,,GREA,445.15,,1,0.0,black
polymer_3556,[*]NCCNC(=O)c1ccc2c(c1)C(=O)N(c1ccc(C([*])=O)cc1)C2=O,235.0,,GREA,508.15,,1,0.0,black
polymer_3557,[*]NCCNS(=O)(=O)c1cccc(S([*])(=O)=O)c1,107.0,,GREA,380.15,,1,0.0,black
polymer_3558,[*]NCCOCCOCCNC(=O)Nc1ccc(Cc2ccc(NC([*])=O)cc2)cc1,8.0,,GREA,281.15,,1,0.0,black
polymer_3559,[*]NCCOc1ccc(C([*])=O)cc1,150.0,,GREA,423.15,,1,0.0,black
polymer_3560,[*]NCCOc1cccc(C([*])=O)c1,106.0,,GREA,379.15,,1,0.0,black
polymer_3561,[*]NCCOc1ccccc1C([*])=O,84.0,,GREA,357.15,,1,0.0,black
polymer_3562,[*]NCCc1ccc(OC(=O)c2cccc(C(=O)Oc3ccc(CCNC(=O)c4cccc(C([*])=O)c4)cc3)c2)cc1,147.0,,GREA,420.15,,1,0.0,black
polymer_3563,[*]NCCc1ccc(OC(=O)c2cccc(C([*])=O)c2)cc1,152.0,,GREA,425.15,,1,0.0,black
polymer_3564,[*]NCc1ccc(CNC(=O)OC(COC([*])=O)c2ccco2)o1,30.0,,GREA,303.15,,1,0.0,black
polymer_3565,[*]NCc1ccc(CNC(=O)OCCCCCCCCCCCCCCCCOC([*])=O)cc1,47.0,,GREA,320.15,,1,0.0,black
polymer_3566,[*]NCc1ccc(CNC(=O)OCCCCCCCCCCCCOC([*])=O)cc1,45.0,,GREA,318.15,,1,0.0,black
polymer_3567,[*]NCc1ccc(CNC(=O)OCCCCCCCCCCOC([*])=O)cc1,49.0,,GREA,322.15,,1,0.0,black
polymer_3568,[*]NCc1ccc(CNC(=O)OCCCCCCOC([*])=O)cc1,56.0,,GREA,329.15,,1,0.0,black
polymer_3569,[*]NCc1ccc(CNC(=O)OCc2ccc(COC([*])=O)o2)o1,75.0,,GREA,348.15,,1,0.0,black
polymer_3570,[*]NCc1ccc(OC2COC3C(Oc4ccc(CNC(=O)c5ccc(C([*])=O)cc5)cc4)COC23)cc1,122.0,,GREA,395.15,,1,0.0,black
polymer_3571,[*]NCc1ccc(OC2COC3C(Oc4ccc(CNC(=O)c5cccc(C([*])=O)c5)cc4)COC23)cc1,83.0,,GREA,356.15,,1,0.0,black
polymer_3572,[*]NCc1cccc(CNC(=O)C2=C(C([*])=O)C3C=CC2C3)c1,291.0,,GREA,564.15,,1,0.0,black
polymer_3573,[*]NCc1cccc(CNC(=O)c2cccc(C([*])=O)c2)c1,172.0,,GREA,445.15,,1,0.0,black
polymer_3574,[*]NCc1cccc(CNC(=O)c2ccccc2-c2ccccc2C([*])=O)c1,159.0,,GREA,432.15,,1,0.0,black
polymer_3575,[*]NNC(=O)c1ccc(C(=O)NNC(=O)c2ccc(OC(=O)c3cccc(C(=O)Oc4ccc(C([*])=O)cc4)c3)cc2)c(Oc2ccccc2)c1,160.0,,GREA,433.15,,1,0.0,black
polymer_3576,[*]NNC(=O)c1ccc(C(=O)NNC(=O)c2ccc(OC(=O)c3cccc(C(=O)Oc4ccc(C([*])=O)cc4)c3)cc2)cc1,175.0,,GREA,448.15,,1,0.0,black
polymer_3577,[*]NNC(=O)c1ccc(C(=O)NNC(=O)c2ccc([Si](c3ccccc3)(c3ccccc3)c3ccc(C([*])=O)cc3)cc2)c2ccccc12,270.0,,GREA,543.15,,1,0.0,black
polymer_3578,[*]NNC(=O)c1ccc(C(=O)NNC(=O)c2ccc([Si](c3ccccc3)(c3ccccc3)c3ccc(C([*])=O)cc3)cc2)nc1,240.0,,GREA,513.15,,1,0.0,black
polymer_3579,[*]NNC(=O)c1ccc(C(=O)NNC(=O)c2ccc([Si](c3ccccc3)(c3ccccc3)c3ccc(C([*])=O)cc3)cc2)o1,252.0,,GREA,525.15,,1,0.0,black
polymer_3580,[*]NNC(=O)c1ccc(C2(c3ccc(C(=O)NNC(=O)c4ccc(C([*])=O)cc4)cc3)OC(=O)c3ccccc32)cc1,237.0,,GREA,510.15,,1,0.0,black
polymer_3581,[*]NNC(=O)c1ccc(Oc2ccc(C([*])=O)cc2)cc1,263.0,,GREA,536.15,,1,0.0,black
polymer_3582,[*]NNC(=O)c1cccc(C(=O)NNC(=O)c2ccc(OC(=O)c3cccc(C(=O)Oc4ccc(C([*])=O)cc4)c3)cc2)c1,180.0,,GREA,453.15,,1,0.0,black
polymer_3583,[*]NNC(=O)c1ccccc1C(=O)Nc1cccc(C=C2CCC(=Cc3cccc(NC(=O)c4ccccc4C([*])=O)c3)C2=O)c1,202.10000000000002,,GREA,475.25,,1,0.0,black
polymer_3584,[*]NNC(=O)c1ccccc1C(=O)Nc1cccc(C=C2CCCC(=Cc3cccc(NC(=O)c4ccccc4C([*])=O)c3)C2=O)c1,195.0,,GREA,468.15,,1,0.0,black
polymer_3585,[*]NNC(=O)c1cncc(C(=O)NNC(=O)c2ccc([Si](c3ccccc3)(c3ccccc3)c3ccc(C([*])=O)cc3)cc2)c1,234.0,,GREA,507.15,,1,0.0,black
polymer_3586,[*]N[Se]Nc1ccc([*])cc1,55.0,,GREA,328.15,,1,0.0,black
polymer_3587,[*]N[Se]Nc1cccc2c([*])cccc12,53.0,,GREA,326.15,,1,0.0,black
polymer_3588,[*]N[Se]Nc1cccc2c1C(=O)c1cccc([*])c1C2=O,52.0,,GREA,325.15,,1,0.0,black
polymer_3589,[*]Nc1c(-c2ccccc2)cc(-c2ccc(-c3cc(-c4ccccc4)c(NC(=O)c4ccc(C([*])=O)cc4)c(-c4ccccc4)c3)cc2)cc1-c1ccccc1,135.0,,GREA,408.15,,1,0.0,black
polymer_3590,[*]Nc1cc(C(F)(F)F)ccc1Oc1cccc2c(Oc3ccc(C(F)(F)F)cc3NC(=O)c3ccc4c(c3)C(=O)N(c3ccc(Oc5ccc(N6C(=O)c7ccc(C([*])=O)cc7C6=O)cc5-c5ccccc5)c(-c5ccccc5)c3)C4=O)cccc12,376.0,,GREA,649.15,,1,0.0,black
polymer_3591,[*]Nc1cc(NC(=O)NC2CCC(CC3CCC(NC([*])=O)CC3)CC2)cc(C(=O)Nc2ccc3c(c2)C(=O)c2ccccc2C3=O)c1,148.0,,GREA,421.15,,1,0.0,black
polymer_3592,[*]Nc1cc(NC(=O)NC2CCC(CC3CCC(NC([*])=O)CC3)CC2)cc(C(=O)Nc2cccc3c2C(=O)c2ccccc2C3=O)c1,156.0,,GREA,429.15,,1,0.0,black
polymer_3593,[*]Nc1cc(NC(=O)Nc2cccc3c(NC([*])=O)cccc23)cc(C(=O)Nc2ccc3c(c2)C(=O)c2ccccc2C3=O)c1,178.0,,GREA,451.15,,1,0.0,black
polymer_3594,[*]Nc1cc(NC(=O)Nc2cccc3c(NC([*])=O)cccc23)cc(C(=O)Nc2cccc3c2C(=O)c2ccccc2C3=O)c1,185.0,,GREA,458.15,,1,0.0,black
polymer_3595,[*]Nc1cc(NC(=O)c2ccc(-c3ccc(C([*])=O)cc3)cc2)cc(-c2nnc(-c3ccccn3)o2)c1,120.0,,GREA,393.15,,1,0.0,black
polymer_3596,[*]Nc1cc(NC(=O)c2ccc(C([*])=O)cc2)cc(-c2nc3ccccc3[nH]2)c1,267.5,,GREA,540.65,,1,0.0,black
polymer_3597,[*]Nc1cc(NC(=O)c2ccc(C([*])=O)cc2)cc(-c2nc3ccccc3oc2=O)c1,103.0,,GREA,376.15,,1,0.0,black
polymer_3598,[*]Nc1cc(NC(=O)c2ccc(C([*])=O)cc2)cc(-c2nnc(-c3ccccn3)o2)c1,230.0,,GREA,503.15,,1,0.0,black
polymer_3599,[*]Nc1cc(NC(=O)c2ccc(C([*])=O)cc2)cc(C(=O)OC(c2ccccc2)c2ccccc2)c1,217.0,,GREA,490.15,,1,0.0,black
polymer_3600,[*]Nc1cc(NC(=O)c2ccc(C([*])=O)cc2)cc(C(=O)Oc2ccc(-c3ccccc3)cc2)c1,178.0,,GREA,451.15,,1,0.0,black
polymer_3601,[*]Nc1cc(NC(=O)c2ccc(C([*])=O)cc2)cc(C(=O)Oc2cccc3ccccc23)c1,192.0,,GREA,465.15,,1,0.0,black
polymer_3602,[*]Nc1cc(NC(=O)c2ccc(C([*])=O)cc2)cc(C(=O)Oc2ccccc2)c1,200.0,,GREA,473.15,,1,0.0,black
polymer_3603,[*]Nc1cc(NC(=O)c2ccc(OCCOCCOCCOCCOCCOCCOc3ccc(C([*])=O)cc3)cc2)cc(-c2nc3ccccc3[nH]2)c1,125.0,,GREA,398.15,,1,0.0,black
polymer_3604,[*]Nc1cc(NC(=O)c2ccc(OCCOCCOCCOCCOCCOc3ccc(C([*])=O)cc3)cc2)cc(-c2nc3ccccc3[nH]2)c1,145.0,,GREA,418.15,,1,0.0,black
polymer_3605,[*]Nc1cc(NC(=O)c2ccc(OCCOCCOCCOCCOc3ccc(C([*])=O)cc3)cc2)cc(-c2nc3ccccc3[nH]2)c1,163.0,,GREA,436.15,,1,0.0,black
polymer_3606,[*]Nc1cc(NC(=O)c2ccc(OCCOCCOCCOc3ccc(C([*])=O)cc3)cc2)cc(-c2nc3ccccc3[nH]2)c1,165.0,,GREA,438.15,,1,0.0,black
polymer_3607,[*]Nc1cc(NC(=O)c2ccc(OCCOCCOc3ccc(C([*])=O)cc3)cc2)cc(-c2nc3ccccc3[nH]2)c1,230.0,,GREA,503.15,,1,0.0,black
polymer_3608,[*]Nc1cc(NC(=O)c2ccc(OCCOc3ccc(C([*])=O)cc3)cc2)cc(-c2nc3ccccc3[nH]2)c1,275.0,,GREA,548.15,,1,0.0,black
polymer_3609,[*]Nc1cc(NC(=O)c2ccc(Oc3ccc(C([*])=O)cc3)cc2)cc(-c2nc3ccccc3[nH]2)c1,335.0,,GREA,608.15,,1,0.0,black
polymer_3610,[*]Nc1cc(NC(=O)c2ccc3[nH]c(-c4cc(-c5nc6cc(C([*])=O)ccc6[nH]5)cc(N5C(=O)c6ccccc6C5=O)c4)nc3c2)cc(-c2nc3ccccc3[nH]2)c1,334.0,,GREA,607.15,,1,0.0,black
polymer_3611,[*]Nc1cc(NC(=O)c2ccc3[nH]c(-c4cccc(-c5nc6cc(C([*])=O)ccc6[nH]5)c4)nc3c2)cc(-c2nc3ccccc3[nH]2)c1,315.0,,GREA,588.15,,1,0.0,black
polymer_3612,[*]Nc1cc(NC(=O)c2ccc3c(c2)C(=O)N(c2cc(-c4nc5ccccc5o4)cc(N4C(=O)c5ccc(C([*])=O)cc5C4=O)c2)C3=O)cc(-c2nc3ccccc3[nH]2)c1,371.0,,GREA,644.15,,1,0.0,black
polymer_3613,[*]Nc1cc(NC(=O)c2ccc3c(c2)C(=O)N(c2cc(-c4nc5ccccc5s4)cc(N4C(=O)c5ccc(C([*])=O)cc5C4=O)c2)C3=O)cc(-c2nc3ccccc3[nH]2)c1,368.0,,GREA,641.15,,1,0.0,black
polymer_3614,[*]Nc1cc(NC(=O)c2ccc3c(c2)C(=O)N(c2cc(-c4nnc(-c5ccccn5)o4)cc(N4C(=O)c5ccc(C([*])=O)cc5C4=O)c2)C3=O)cc(-c2nnc(-c3ccccn3)o2)c1,164.0,,GREA,437.15,,1,0.0,black
polymer_3615,[*]Nc1cc(NC(=O)c2ccc3c(c2)C(=O)N(c2cccc(N4C(=O)c5ccc(C([*])=O)cc5C4=O)c2)C3=O)cc(-c2nc3ccccc3[nH]2)c1,361.0,,GREA,634.15,,1,0.0,black
polymer_3616,[*]Nc1cc(NC(=O)c2cccc(C([*])=O)c2)cc(-c2nnc(-c3ccccn3)o2)c1,155.0,,GREA,428.15,,1,0.0,black
polymer_3617,[*]Nc1cc(NC(=O)c2cccc(C([*])=O)n2)cc(-c2nnc(-c3ccccn3)o2)c1,255.0,,GREA,528.15,,1,0.0,black
polymer_3618,[*]Nc1cc(NC(=O)c2ccccc2C([*])=O)cc(-c2nnc(-c3ccccn3)o2)c1,90.0,,GREA,363.15,,1,0.0,black
polymer_3619,[*]Nc1cc(NC(=O)c2cncc(C([*])=O)c2)cc(-c2nnc(-c3ccccn3)o2)c1,185.0,,GREA,458.15,,1,0.0,black
polymer_3620,[*]Nc1ccc(-c2c(-c3ccc(-c4ccccc4)cc3)cc(-c3ccc(-c4cc(-c5ccc(-c6ccccc6)cc5)c(-c5ccc(NC(=O)c6ccc(C([*])=O)cc6)cc5)c(-c5ccc(-c6ccccc6)cc5)c4)cc3)cc2-c2ccc(-c3ccccc3)cc2)cc1,305.0,,GREA,578.15,,1,0.0,black
polymer_3621,[*]Nc1ccc(-c2c(-c3ccc(-c4ccccc4)cc3)cc(-c3ccc(OCCCCCCCCCCOc4ccc(-c5cc(-c6ccc(-c7ccccc7)cc6)c(-c6ccc(NC(=O)c7ccc(C([*])=O)cc7)cc6)c(-c6ccc(-c7ccccc7)cc6)c5)cc4)cc3)cc2-c2ccc(-c3ccccc3)cc2)cc1,111.0,,GREA,384.15,,1,0.0,black
polymer_3622,[*]Nc1ccc(-c2c(-c3ccc(-c4ccccc4)cc3)cc(-c3ccc(OCCCCCCOc4ccc(-c5cc(-c6ccc(-c7ccccc7)cc6)c(-c6ccc(NC(=O)c7ccc(C([*])=O)cc7)cc6)c(-c6ccc(-c7ccccc7)cc6)c5)cc4)cc3)cc2-c2ccc(-c3ccccc3)cc2)cc1,121.5,,GREA,394.65,,1,0.0,black
polymer_3623,[*]Nc1ccc(-c2c(-c3ccccc3)cc(-c3ccc(-c4cc(-c5ccccc5)c(-c5ccc(NC(=O)c6ccc(C([*])=O)cc6)cc5)c(-c5ccccc5)c4)cc3)cc2-c2ccccc2)cc1,290.0,,GREA,563.15,,1,0.0,black
polymer_3624,[*]Nc1ccc(-c2c(-c3ccccc3)cc(-c3ccc(OCCCCCCCCCCOc4ccc(-c5cc(-c6ccccc6)c(-c6ccc(NC(=O)c7ccc(C([*])=O)cc7)cc6)c(-c6ccccc6)c5)cc4)cc3)cc2-c2ccccc2)cc1,116.0,,GREA,389.15,,1,0.0,black
polymer_3625,[*]Nc1ccc(-c2c(-c3ccccc3)cc(-c3ccc(OCCCCCCOc4ccc(-c5cc(-c6ccccc6)c(-c6ccc(NC(=O)c7ccc(C([*])=O)cc7)cc6)c(-c6ccccc6)c5)cc4)cc3)cc2-c2ccccc2)cc1,127.0,,GREA,400.15,,1,0.0,black
polymer_3626,[*]Nc1ccc(-c2cc(-c3ccc(-c4ccccc4)cc3)cc(-c3ccc(NC(=O)Nc4ccc5c(c4)C(=O)N(c4ccc(-c6cc(-c7ccc(-c8ccccc8)cc7)cc(-c7ccc(N8C(=O)c9ccc(NC([*])=O)cc9C8=O)cc7)n6)cc4)C5=O)cc3)n2)cc1,272.0,,GREA,545.15,,1,0.0,black
polymer_3627,[*]Nc1ccc(-c2cc(-c3ccc(-c4ccccc4)cc3)cc(-c3ccc(NC(=O)Nc4ccc5c(c4)C(=O)N(c4ccc(Oc6ccc7ccccc7c6-c6c(Oc7ccc(N8C(=O)c9ccc(NC([*])=O)cc9C8=O)cc7)ccc7ccccc67)cc4)C5=O)cc3)n2)cc1,302.0,,GREA,575.15,,1,0.0,black
polymer_3628,[*]Nc1ccc(-c2cc(-c3ccccc3)cc(-c3ccc(NC(=O)c4ccc5c(c4)C(=O)N(c4ccc(Oc6cccc7c(N8C(=O)c9ccc(C([*])=O)cc9C8=O)cccc67)cc4)C5=O)cc3)n2)cc1,295.0,,GREA,568.15,,1,0.0,black
polymer_3629,[*]Nc1ccc(-c2cc(-c3ccccc3)cc(-c3ccc(NC(=O)c4ccc5c(c4)C(=O)N(c4cccc(P(=O)(c6ccccc6)c6cccc(N7C(=O)c8ccc(C([*])=O)cc8C7=O)c6)c4)C5=O)cc3)n2)cc1,258.0,,GREA,531.15,,1,0.0,black
polymer_3630,[*]Nc1ccc(-c2cc(Br)ccc2NC(=O)c2ccc(C([*])=O)cc2)cc1,285.0,,GREA,558.15,,1,0.0,black
polymer_3631,[*]Nc1ccc(-c2cc(Br)ccc2NC(=O)c2ccc(Oc3ccc(C([*])=O)cc3)cc2)cc1,249.0,,GREA,522.15,,1,0.0,black
polymer_3632,[*]Nc1ccc(-c2cc(Br)ccc2NC(=O)c2ccc(S(=O)(=O)c3ccc(C([*])=O)cc3)cc2)cc1,288.0,,GREA,561.15,,1,0.0,black
polymer_3633,[*]Nc1ccc(-c2cc(Br)ccc2NC(=O)c2cccc(C([*])=O)c2)cc1,253.0,,GREA,526.15,,1,0.0,black
polymer_3634,[*]Nc1ccc(-c2ccc(-n3c(=O)c4cc5c(=O)n(-c6ccc(-c7ccc(NC(=O)c8cccc(C([*])=O)c8)cc7)cc6)c(=O)c5cc4c3=O)cc2)cc1,227.0,,GREA,500.15,,1,0.0,black
polymer_3635,[*]Nc1ccc(-c2ccc(N3C(=O)CC(N4C(=O)c5ccc(C([*])=O)cc5C4=O)C3=O)cc2)cc1,219.0,,GREA,492.15,,1,0.0,black
polymer_3636,[*]Nc1ccc(-c2ccc(N3C(=O)c4ccc(-c5ccc6c(c5)C(=O)N(c5ccc(-c7ccc(NC(=O)c8cccc(C([*])=O)c8)cc7)cc5)C6=O)cc4C3=O)cc2)cc1,230.0,,GREA,503.15,,1,0.0,black
polymer_3637,[*]Nc1ccc(-c2ccc(N3C(=O)c4ccc(C(=O)c5ccc6c(c5)C(=O)N(c5ccc(-c7ccc(NC(=O)c8cccc(C([*])=O)c8)cc7)cc5)C6=O)cc4C3=O)cc2)cc1,238.0,,GREA,511.15,,1,0.0,black
polymer_3638,[*]Nc1ccc(-c2ccc(N3C(=O)c4ccc(Oc5ccc6c(c5)C(=O)N(c5ccc(-c7ccc(NC(=O)c8cccc(C([*])=O)c8)cc7)cc5)C6=O)cc4C3=O)cc2)cc1,233.0,,GREA,506.15,,1,0.0,black
polymer_3639,[*]Nc1ccc(-c2ccc(NC(=O)c3cc(C([*])=O)cc(S(=O)(=O)c4ccccc4)c3)cc2)cc1,319.0,,GREA,592.15,,1,0.0,black
polymer_3640,[*]Nc1ccc(-c2ccc(NC(=O)c3ccc(C([*])=O)cc3)cc2)cc1,340.0,,GREA,613.15,,1,0.0,black
polymer_3641,[*]Nc1ccc(-c2ccc(NC(=O)c3ccc(Oc4ccc(C(c5ccc(Oc6ccc(C([*])=O)cc6)cc5)(C(F)(F)F)C(F)(F)F)cc4)cc3)cc2C(F)(F)F)c(C(F)(F)F)c1,240.0,,GREA,513.15,,1,0.0,black
polymer_3642,[*]Nc1ccc(-c2ccc(NC(=O)c3ccc4c(c3)C(=O)N(c3ccc(Oc5ccc(N6C(=O)c7ccc(C([*])=O)cc7C6=O)cc5)cc3)C4=O)cc2)cc1,315.0,,GREA,588.15,,1,0.0,black
polymer_3643,[*]Nc1ccc(-c2ccc(NC(=O)c3ccc4c(c3)C(=O)N(c3ccc(Oc5ccc(N6C(=O)c7ccc(C([*])=O)cc7C6=O)cc5-c5ccccc5)c(-c5ccccc5)c3)C4=O)cc2)cc1,358.0,,GREA,631.15,,1,0.0,black
polymer_3644,[*]Nc1ccc(-c2ccc(NC(=O)c3ccc4c(c3)C(=O)N(c3ccc(Oc5cccc6c(N7C(=O)c8ccc(C([*])=O)cc8C7=O)cccc56)cc3)C4=O)cc2)cc1,301.0,,GREA,574.15,,1,0.0,black
polymer_3645,[*]Nc1ccc(-c2ccc(NC(=O)c3ccc4c(c3)C(=O)N(c3ccc(S(=O)(=O)c5ccc(N6C(=O)c7ccc(C([*])=O)cc7C6=O)cc5)cc3)C4=O)cc2)cc1,370.0,,GREA,643.15,,1,0.0,black
polymer_3646,[*]Nc1ccc(-c2ccc(NC(=O)c3ccc4c(c3)C(=O)N(c3cccc(P(=O)(c5ccccc5)c5cccc(N6C(=O)c7ccc(C([*])=O)cc7C6=O)c5)c3)C4=O)cc2)cc1,253.0,,GREA,526.15,,1,0.0,black
polymer_3647,[*]Nc1ccc(-c2ccc(NC(=O)c3cccc(C([*])=O)c3)c(O)c2)cc1O,386.0,,GREA,659.15,,1,0.0,black
polymer_3648,[*]Nc1ccc(-c2ccc(NC(=O)c3cccc(C([*])=O)c3)c(S)c2)cc1S,395.0,,GREA,668.15,,1,0.0,black
polymer_3649,[*]Nc1ccc(-c2ccc(NC(=O)c3cccc(C([*])=O)c3)cc2)cc1,294.0,,GREA,567.15,,1,0.0,black
polymer_3650,[*]Nc1ccc(-c2ccc(NC(=O)c3cccc(N4C(=O)c5ccc(C(c6ccc7c(c6)C(=O)N(c6cccc(C([*])=O)c6)C7=O)(C(F)(F)F)C(F)(F)F)cc5C4=O)c3)cc2)cc1,324.0,,GREA,597.15,,1,0.0,black
polymer_3651,[*]Nc1ccc(-c2ccc(NC(=O)c3cccc(Oc4nc(Oc5cccc(C([*])=O)c5)nc(Sc5ccccc5)n4)c3)cc2)cc1,279.0,,GREA,552.15,,1,0.0,black
polymer_3652,[*]Nc1ccc(-c2ccc(Nc3ccc4c(c3)c3cc([*])ccc3n4CC(CC)CCCC)cc2)cc1,231.0,,GREA,504.15,,1,0.0,black
polymer_3653,[*]Nc1ccc(-c2ccccc2NC(=O)c2ccc(C([*])=O)cc2)cc1,275.0,,GREA,548.15,,1,0.0,black
polymer_3654,[*]Nc1ccc(-c2ccccc2NC(=O)c2ccc(Oc3ccc(C([*])=O)cc3)cc2)cc1,251.0,,GREA,524.15,,1,0.0,black
polymer_3655,[*]Nc1ccc(-c2ccccc2NC(=O)c2ccc(S(=O)(=O)c3ccc(C([*])=O)cc3)cc2)cc1,284.0,,GREA,557.15,,1,0.0,black
polymer_3656,[*]Nc1ccc(-c2ccccc2NC(=O)c2cccc(C([*])=O)c2)cc1,248.0,,GREA,521.15,,1,0.0,black
polymer_3657,[*]Nc1ccc(-c2nc(-c3ccc(-c4nc(-c5ccc([N+](=O)[O-])cc5)c(-c5ccc([N+](=O)[O-])cc5)[nH]4)cc3)[nH]c2-c2ccc(NC3CC(=O)N(c4ccc(-c5sc(-c6ccc(N7C(=O)CC([*])C7=O)cc6)c(-c6ccccc6)c5-c5ccccc5)cc4)C3=O)cc2)cc1,152.0,,GREA,425.15,,1,0.0,black
polymer_3658,[*]Nc1ccc(-c2nc(-c3ccc(/C=C/c4ccc([N+](=O)[O-])cc4)cc3)[nH]c2-c2ccc(NC3CC(=O)N(c4ccc(Cc5ccc(N6C(=O)CC([*])C6=O)cc5)cc4)C3=O)cc2)cc1,250.0,,GREA,523.15,,1,0.0,black
polymer_3659,[*]Nc1ccc(-c2nc(-c3ccc(/C=C/c4ccc([N+](=O)[O-])cc4)s3)[nH]c2-c2ccc(NC3CC(=O)N(c4ccc(-c5sc(-c6ccc(N7C(=O)CC([*])C7=O)cc6)c(-c6ccccc6)c5-c5ccccc5)cc4)C3=O)cc2)cc1,304.0,,GREA,577.15,,1,0.0,black
polymer_3660,[*]Nc1ccc(-c2nc(-c3ccc(/N=N/c4ccc([N+](=O)[O-])cc4)cc3)[nH]c2-c2ccc(NC3CC(=O)N(c4ccc(Cc5ccc(N6C(=O)CC([*])C6=O)cc5)cc4)C3=O)cc2)cc1,258.0,,GREA,531.15,,1,0.0,black
polymer_3661,[*]Nc1ccc(-c2nc3cc(-c4ccc5[nH]c(-c6ccc(Nc7nc([*])nc(N(c8ccccc8)c8ccccc8)n7)cc6)nc5c4)ccc3[nH]2)cc1,329.0,,GREA,602.15,,1,0.0,black
polymer_3662,[*]Nc1ccc(-c2nc3cc(NC(=O)c4ccc(OCCOCCOCCOCCOCCOc5ccc(C([*])=O)cc5)cc4)ccc3[nH]2)cc1,125.0,,GREA,398.15,,1,0.0,black
polymer_3663,[*]Nc1ccc(-c2nc3cc(NC(=O)c4ccc(OCCOCCOCCOCCOc5ccc(C([*])=O)cc5)cc4)ccc3[nH]2)cc1,140.0,,GREA,413.15,,1,0.0,black
polymer_3664,[*]Nc1ccc(-c2nc3cc(NC(=O)c4ccc(OCCOCCOCCOc5ccc(C([*])=O)cc5)cc4)ccc3[nH]2)cc1,155.0,,GREA,428.15,,1,0.0,black
polymer_3665,[*]Nc1ccc(-c2nc3cc(NC(=O)c4ccc(OCCOCCOc5ccc(C([*])=O)cc5)cc4)ccc3[nH]2)cc1,175.0,,GREA,448.15,,1,0.0,black
polymer_3666,[*]Nc1ccc(-c2nc3cc(NC(=O)c4ccc(OCCOc5ccc(C([*])=O)cc5)cc4)ccc3[nH]2)cc1,225.0,,GREA,498.15,,1,0.0,black
polymer_3667,[*]Nc1ccc(-c2nnc(-c3cc(C([*])=O)cc(N4C(=O)c5ccccc5C4=O)c3)o2)cc1,324.0,,GREA,597.15,,1,0.0,black
polymer_3668,[*]Nc1ccc(-c2nnc(-c3ccc(C([*])=O)c(Oc4ccccc4)c3)o2)cc1,235.0,,GREA,508.15,,1,0.0,black
polymer_3669,[*]Nc1ccc(-c2nnc(-c3ccc(NC(=O)c4cc(C([*])=O)cc(N5C(=O)c6ccccc6C5=O)c4)cc3)o2)cc1,327.0,,GREA,600.15,,1,0.0,black
polymer_3670,[*]Nc1ccc(-c2nnc(-c3ccc(NC(=O)c4ccc(C([*])=O)cc4Oc4ccccc4)cc3)o2)cc1,272.0,,GREA,545.15,,1,0.0,black
polymer_3671,[*]Nc1ccc(-c2sc(-c3ccc(NC(=O)c4ccc5c(c4)C(=O)N(c4ccc(-c6sc(-c7ccc(N8C(=O)c9ccc(C([*])=O)cc9C8=O)cc7)c(-c7ccccc7)c6-c6ccccc6)cc4)C5=O)cc3)c(-c3ccccc3)c2-c2ccccc2)cc1,338.0,,GREA,611.15,,1,0.0,black
polymer_3672,[*]Nc1ccc(-c2sc(-c3ccc(NC(=O)c4ccc5c(c4)C(=O)N(c4ccc(Oc6ccc7ccc(Oc8ccc(N9C(=O)c%10ccc(C([*])=O)cc%10C9=O)cc8)cc7c6)cc4)C5=O)cc3)c(-c3ccccc3)c2-c2ccccc2)cc1,311.0,,GREA,584.15,,1,0.0,black
polymer_3673,[*]Nc1ccc(-c2sc(-c3ccc(NC(=O)c4ccc5c(c4)C(=O)N(c4ccc(Oc6cccc7c(Oc8ccc(N9C(=O)c%10ccc(C([*])=O)cc%10C9=O)cc8)cccc67)cc4)C5=O)cc3)c(-c3ccccc3)c2-c2ccccc2)cc1,340.0,,GREA,613.15,,1,0.0,black
polymer_3674,[*]Nc1ccc(-n2c(=O)c3cc4c(=O)n(-c5ccc(NC(=O)c6cccc(C([*])=O)c6)cc5)c(=O)c4cc3c2=O)cc1,296.0,,GREA,569.15,,1,0.0,black
polymer_3675,[*]Nc1ccc(/C=C/c2ccc(NC(=C(C#N)C#N)c3ccc(C([*])=C(C#N)C#N)cc3)cc2)cc1,250.0,,GREA,523.15,,1,0.0,black
polymer_3676,[*]Nc1ccc(/C=C/c2cccc(NC(=O)c3cccc(C([*])=O)c3)c2)cc1,272.0,,GREA,545.15,,1,0.0,black
polymer_3677,[*]Nc1ccc(C#Cc2cccc(NC(=O)c3cccc(C([*])=O)c3)c2)cc1,268.0,,GREA,541.15,,1,0.0,black
polymer_3678,[*]Nc1ccc(C(=O)OCCCCCCCCCCCCOC(=O)c2ccc3c(c2)C(=O)N(c2ccc(C([*])=O)cc2)C3=O)cc1,74.0,,GREA,347.15,,1,0.0,black
polymer_3679,[*]Nc1ccc(C(=O)OCCCCCCCCCCOC(=O)c2ccc3c(c2)C(=O)N(c2ccc(C([*])=O)cc2)C3=O)cc1,102.0,,GREA,375.15,,1,0.0,black
polymer_3680,[*]Nc1ccc(C(=O)OCCCCCCCCCOC(=O)c2ccc3c(c2)C(=O)N(c2ccc(C([*])=O)cc2)C3=O)cc1,100.0,,GREA,373.15,,1,0.0,black
polymer_3681,[*]Nc1ccc(C(=O)OCCCCCCCCOC(=O)c2ccc3c(c2)C(=O)N(c2ccc(C([*])=O)cc2)C3=O)cc1,105.0,,GREA,378.15,,1,0.0,black
polymer_3682,[*]Nc1ccc(C(=O)OCCCCCCCOC(=O)c2ccc3c(c2)C(=O)N(c2ccc(C([*])=O)cc2)C3=O)cc1,106.0,,GREA,379.15,,1,0.0,black
polymer_3683,[*]Nc1ccc(C(=O)OCCCCCCOC(=O)c2ccc3c(c2)C(=O)N(c2ccc(C([*])=O)cc2)C3=O)cc1,107.0,,GREA,380.15,,1,0.0,black
polymer_3684,[*]Nc1ccc(C(=O)OCCCCCOC(=O)c2ccc3c(c2)C(=O)N(c2ccc(C([*])=O)cc2)C3=O)cc1,129.0,,GREA,402.15,,1,0.0,black
polymer_3685,[*]Nc1ccc(C(=O)OCCCCOC(=O)c2ccc3c(c2)C(=O)N(c2ccc(C([*])=O)cc2)C3=O)cc1,130.0,,GREA,403.15,,1,0.0,black
polymer_3686,[*]Nc1ccc(C(=O)c2ccc(C(=O)c3ccc(Nc4ccc5c(c4)c4cc([*])ccc4n5CC(CC)CCCC)cc3)cc2)cc1,213.0,,GREA,486.15,,1,0.0,black
polymer_3687,[*]Nc1ccc(C(=O)c2ccc(NC(=O)c3ccc(C([*])=O)cc3)cc2)cc1,300.0,,GREA,573.15,,1,0.0,black
polymer_3688,[*]Nc1ccc(C(=O)c2ccc(NC(=O)c3ccc4c(c3)C(=O)N(c3cccc(P(=O)(c5ccccc5)c5cccc(N6C(=O)c7ccc(C([*])=O)cc7C6=O)c5)c3)C4=O)cc2)cc1,238.0,,GREA,511.15,,1,0.0,black
polymer_3689,[*]Nc1ccc(C(=O)c2ccc(NC(=O)c3cccc(C([*])=O)c3)cc2)cc1,253.20000000000005,,GREA,526.35,,1,0.0,black
polymer_3690,[*]Nc1ccc(C(=O)c2ccc(Nc3ccc4c(c3)c3cc([*])ccc3n4CC(CC)CCCC)cc2)cc1,236.055,,GREA,509.205,,1,0.0,black
polymer_3691,[*]Nc1ccc(C(=O)c2ccc(Oc3ccc(C(=O)c4ccc(NC(=O)c5ccc(C([*])=O)cc5)cc4)cc3)cc2)cc1,187.0,,GREA,460.15,,1,0.0,black
polymer_3692,[*]Nc1ccc(C(=O)c2ccc(Oc3ccc(C(=O)c4ccc(NC(=O)c5cccc(C([*])=O)c5)cc4)cc3)cc2)cc1,214.0,,GREA,487.15,,1,0.0,black
polymer_3693,[*]Nc1ccc(C(=O)c2ccc(Oc3ccc(Oc4ccc(C(=O)c5ccc(NC(=O)c6ccc(C([*])=O)cc6)cc5)cc4)cc3)cc2)cc1,224.0,,GREA,497.15,,1,0.0,black
polymer_3694,[*]Nc1ccc(C(=O)c2ccc(Oc3ccc(Oc4ccc(C(=O)c5ccc(NC(=O)c6cccc(C([*])=O)c6)cc5)cc4)cc3)cc2)cc1,198.0,,GREA,471.15,,1,0.0,black
polymer_3695,[*]Nc1ccc(C(=O)c2ccc(Oc3cccc(Oc4ccc(C(=O)c5ccc(NC(=O)c6ccc(C([*])=O)cc6)cc5)cc4)c3)cc2)cc1,190.0,,GREA,463.15,,1,0.0,black
polymer_3696,[*]Nc1ccc(C(=O)c2ccc(Oc3cccc(Oc4ccc(C(=O)c5ccc(NC(=O)c6cccc(C([*])=O)c6)cc5)cc4)c3)cc2)cc1,214.0,,GREA,487.15,,1,0.0,black
polymer_3697,[*]Nc1ccc(C(c2ccc(NC(=O)c3cc(NC(=O)C45CC6CC(CC(C6)C4)C5)cc(C([*])=O)c3)cc2)(C(F)(F)F)C(F)(F)F)cc1,365.0,,GREA,638.15,,1,0.0,black
polymer_3698,[*]Nc1ccc(C(c2ccc(NC(=O)c3cc4cc(Cc5ccc6oc(=O)c(C([*])=O)cc6c5)ccc4oc3=O)cc2)(C(F)(F)F)C(F)(F)F)cc1,329.0,,GREA,602.15,,1,0.0,black
polymer_3699,[*]Nc1ccc(C(c2ccc(NC(=O)c3ccc(-c4ccc(C([*])=O)cc4)cc3)cc2)(P2(=O)Oc3ccccc3-c3ccccc32)P2(=O)Oc3ccccc3-c3ccccc32)cc1,251.0,,GREA,524.15,,1,0.0,black
polymer_3700,[*]Nc1ccc(C(c2ccc(NC(=O)c3ccc(C([*])=O)cc3)cc2)(C(F)(F)F)C(F)(F)F)cc1,290.0,,GREA,563.15,,1,0.0,black
polymer_3701,[*]Nc1ccc(C(c2ccc(NC(=O)c3ccc(C([*])=O)cc3)cc2)(P2(=O)Oc3ccccc3-c3ccccc32)P2(=O)Oc3ccccc3-c3ccccc32)cc1,245.0,,GREA,518.15,,1,0.0,black
polymer_3702,[*]Nc1ccc(C(c2ccc(NC(=O)c3ccc(C(c4ccc(C([*])=O)cc4)(C(F)(F)F)C(F)(F)F)cc3)cc2)(P2(=O)Oc3ccccc3-c3ccccc32)P2(=O)Oc3ccccc3-c3ccccc32)cc1,235.0,,GREA,508.15,,1,0.0,black
polymer_3703,[*]Nc1ccc(C(c2ccc(NC(=O)c3ccc(N4C(=O)c5ccc(C(c6ccc7c(c6)C(=O)N(c6ccc(C([*])=O)cc6)C7=O)(C(F)(F)F)C(F)(F)F)cc5C4=O)cc3)cc2)(C(F)(F)F)C(F)(F)F)cc1,351.0,,GREA,624.15,,1,0.0,black
polymer_3704,[*]Nc1ccc(C(c2ccc(NC(=O)c3ccc(OC(=O)c4ccc(C(=O)Oc5ccc(C([*])=O)cc5)cc4)cc3)cc2)(C(F)(F)F)C(F)(F)F)cc1,266.0,,GREA,539.15,,1,0.0,black
polymer_3705,[*]Nc1ccc(C(c2ccc(NC(=O)c3ccc(OC(=O)c4cccc(C(=O)Oc5ccc(C([*])=O)cc5)c4)cc3)cc2)(C(F)(F)F)C(F)(F)F)cc1,227.0,,GREA,500.15,,1,0.0,black
polymer_3706,[*]Nc1ccc(C(c2ccc(NC(=O)c3ccc(Oc4ccc(C([*])=O)cc4)cc3)cc2)(P2(=O)Oc3ccccc3-c3ccccc32)P2(=O)Oc3ccccc3-c3ccccc32)cc1,243.0,,GREA,516.15,,1,0.0,black
polymer_3707,[*]Nc1ccc(C(c2ccc(NC(=O)c3ccc4c(c3)C(=O)N(c3ccc(Oc5ccc6ccc(Oc7ccc(N8C(=O)c9ccc(C([*])=O)cc9C8=O)cc7)cc6c5)cc3)C4=O)cc2)(C(F)(F)F)C(F)(F)F)cc1,292.0,,GREA,565.15,,1,0.0,black
polymer_3708,[*]Nc1ccc(C(c2ccc(NC(=O)c3ccc4c(c3)C(=O)N(c3ccc(Oc5cccc6c(Oc7ccc(N8C(=O)c9ccc(C([*])=O)cc9C8=O)cc7)cccc56)cc3)C4=O)cc2)(C(F)(F)F)C(F)(F)F)cc1,283.0,,GREA,556.15,,1,0.0,black
polymer_3709,[*]Nc1ccc(C(c2ccc(NC(=O)c3ccc4c(c3)C(=O)N(c3cccc5c(N6C(=O)c7ccc(C([*])=O)cc7C6=O)cccc35)C4=O)cc2)(C(F)(F)F)C(F)(F)F)cc1,250.0,,GREA,523.15,,1,0.0,black
polymer_3710,[*]Nc1ccc(C(c2ccc(NC(=O)c3ccc4cc(C([*])=O)ccc4c3)cc2)(P2(=O)Oc3ccccc3-c3ccccc32)P2(=O)Oc3ccccc3-c3ccccc32)cc1,241.0,,GREA,514.15,,1,0.0,black
polymer_3711,[*]Nc1ccc(C(c2ccc(NC(=O)c3cccc(C([*])=O)c3)cc2)(C(F)(F)F)C(F)(F)F)cc1,272.0,,GREA,545.15,,1,0.0,black
polymer_3712,[*]Nc1ccc(C(c2ccc(NC(=O)c3cccc(C([*])=O)c3)cc2)(P2(=O)Oc3ccccc3-c3ccccc32)P2(=O)Oc3ccccc3-c3ccccc32)cc1,230.0,,GREA,503.15,,1,0.0,black
polymer_3713,[*]Nc1ccc(C(c2ccc(NC(=O)c3cccc(N4C(=O)c5ccc(C(c6ccc7c(c6)C(=O)N(c6cccc(C([*])=O)c6)C7=O)(C(F)(F)F)C(F)(F)F)cc5C4=O)c3)cc2)(C(F)(F)F)C(F)(F)F)cc1,273.5,,GREA,546.65,,1,0.0,black
polymer_3714,[*]Nc1ccc(C2(c3ccc(N4C(=O)c5ccc(C([*])=O)cc5C4=O)cc3)CCCCC2)cc1,319.0,,GREA,592.15,,1,0.0,black
polymer_3715,[*]Nc1ccc(C2(c3ccc(NC(=O)c4cc(NC(=O)C56CC7CC(CC(C7)C5)C6)cc(C([*])=O)c4)cc3)c3ccccc3-c3ccccc32)cc1,370.0,,GREA,643.15,,1,0.0,black
polymer_3716,[*]Nc1ccc(C2(c3ccc(NC(=O)c4ccc(C([*])=O)cc4)cc3)c3ccccc3-c3ccccc32)cc1,319.0,,GREA,592.15,,1,0.0,black
polymer_3717,[*]Nc1ccc(C2(c3ccc(NC(=O)c4ccc5c(c4)C(=O)N(c4ccc(Oc6ccc(N7C(=O)c8ccc(C([*])=O)cc8C7=O)cc6)cc4)C5=O)cc3)c3ccccc3-c3ccccc32)cc1,240.0,,GREA,513.15,,1,0.0,black
polymer_3718,[*]Nc1ccc(C2(c3ccc(NC(=O)c4ccc5c(c4)C(=O)N(c4ccc(Oc6cccc(Oc7ccc(N8C(=O)c9ccc(C([*])=O)cc9C8=O)cc7)c6)cc4)C5=O)cc3)c3ccccc3-c3ccccc32)cc1,278.0,,GREA,551.15,,1,0.0,black
polymer_3719,[*]Nc1ccc(C2(c3ccc(NC(=O)c4ccc5c(c4)C(=O)N(c4ccc(Sc6ccc(Oc7ccc(Sc8ccc(N9C(=O)c%10ccc(C([*])=O)cc%10C9=O)cc8)cc7)cc6)cc4)C5=O)cc3)c3ccccc3-c3ccccc32)cc1,298.0,,GREA,571.15,,1,0.0,black
polymer_3720,[*]Nc1ccc(C2(c3ccc(NC(=O)c4ccc5c(c4)C(=O)N(c4cccc(N6C(=O)c7ccc(C([*])=O)cc7C6=O)c4)C5=O)cc3)c3ccccc3-c3ccccc32)cc1,209.0,,GREA,482.15,,1,0.0,black
polymer_3721,[*]Nc1ccc(C2(c3ccc(NC(=O)c4cccc(C([*])=O)c4)cc3)c3ccccc3-c3ccccc32)cc1,277.0,,GREA,550.15,,1,0.0,black
polymer_3722,[*]Nc1ccc(CCCCc2ccc(NC(=O)OCCOC([*])=O)cc2)cc1,105.70000000000005,,GREA,378.85,,1,0.0,black
polymer_3723,[*]Nc1ccc(CCCc2ccc(NC(=O)OCCOC([*])=O)cc2)cc1,74.10000000000002,,GREA,347.25,,1,0.0,black
polymer_3724,[*]Nc1ccc(CCOC(=O)c2cccc(C(=O)OCCc3ccc(NC(=O)c4cccc(C([*])=O)c4)cc3)c2)cc1,142.0,,GREA,415.15,,1,0.0,black
polymer_3725,[*]Nc1ccc(CCc2ccc(NC(=O)Nc3ccccc3CCc3ccc(NC([*])=O)cc3)cc2)cc1,217.0,,GREA,490.15,,1,0.0,black
polymer_3726,[*]Nc1ccc(CCc2ccc(NC(=O)Nc3ccccc3CCc3ccccc3NC([*])=O)cc2)cc1,235.0,,GREA,508.15,,1,0.0,black
polymer_3727,[*]Nc1ccc(CCc2ccc(NC(=O)OCCOC([*])=O)cc2)cc1,116.90000000000003,,GREA,390.05,,1,0.0,black
polymer_3728,[*]Nc1ccc(CCc2cccc(NC(=O)c3ccc(C([*])=O)cc3)c2)cc1,203.0,,GREA,476.15,,1,0.0,black
polymer_3729,[*]Nc1ccc(CCc2cccc(NC(=O)c3cccc(C([*])=O)c3)c2)cc1,203.0,,GREA,476.15,,1,0.0,black
polymer_3730,[*]Nc1ccc(CCc2ccccc2NC(=O)Nc2ccc(Cc3ccc(NC([*])=O)cc3)cc2)cc1,217.0,,GREA,490.15,,1,0.0,black
polymer_3731,[*]Nc1ccc(CCc2ccccc2NC(=O)Nc2ccc(Oc3ccc(NC([*])=O)cc3)cc2)cc1,200.0,,GREA,473.15,,1,0.0,black
polymer_3732,[*]Nc1ccc(CCc2ccccc2NC([*])=O)cc1,198.0,,GREA,471.15,,1,0.0,black
polymer_3733,[*]Nc1ccc(Cc2ccc(-n3c(=O)c4cc5c(=O)n(-c6ccc(Cc7ccc(NC(=O)c8cccc(-c9nc%10cc(-c%11ccc%12[nH]c(-c%13cccc(C([*])=O)c%13)nc%12c%11)ccc%10[nH]9)c8)cc7)cc6)c(=O)c5cc4c3=O)cc2)cc1,277.0,,GREA,550.15,,1,0.0,black
polymer_3734,[*]Nc1ccc(Cc2ccc(N3C(=O)CC(N4C(=O)c5ccc(C([*])=O)cc5C4=O)C3=O)cc2)cc1,123.0,,GREA,396.15,,1,0.0,black
polymer_3735,[*]Nc1ccc(Cc2ccc(N3C(=O)c4ccc(C([*])=O)cc4C3=O)cc2)cc1,279.5,,GREA,552.65,,1,0.0,black
polymer_3736,[*]Nc1ccc(Cc2ccc(N3C(=O)c4ccc(Oc5ccc(C([*])=O)cc5)cc4C3=O)cc2)cc1,250.0,,GREA,523.15,,1,0.0,black
polymer_3737,[*]Nc1ccc(Cc2ccc(N3C(=O)c4ccc(Oc5cccc(C([*])=O)c5)cc4C3=O)cc2)cc1,243.0,,GREA,516.15,,1,0.0,black
polymer_3738,[*]Nc1ccc(Cc2ccc(N3C(=O)c4ccc(S(=O)(=O)c5ccc6c(c5)C(=O)N(c5ccc(Cc7ccc(NC(=O)c8cccc(-c9nc%10cc(-c%11ccc%12[nH]c(-c%13cccc(C([*])=O)c%13)nc%12c%11)ccc%10[nH]9)c8)cc7)cc5)C6=O)cc4C3=O)cc2)cc1,270.0,,GREA,543.15,,1,0.0,black
polymer_3739,[*]Nc1ccc(Cc2ccc(N3C(=O)c4cccc(Oc5ccc(C([*])=O)cc5)c4C3=O)cc2)cc1,258.0,,GREA,531.15,,1,0.0,black
polymer_3740,[*]Nc1ccc(Cc2ccc(NC(=O)Nc3cc(NC([*])=O)cc(C(=O)Nc4ccc5c(c4)C(=O)c4ccccc4C5=O)c3)cc2)cc1,168.0,,GREA,441.15,,1,0.0,black
polymer_3741,[*]Nc1ccc(Cc2ccc(NC(=O)Nc3cc(NC([*])=O)cc(C(=O)Nc4cccc5c4C(=O)c4ccccc4C5=O)c3)cc2)cc1,178.0,,GREA,451.15,,1,0.0,black
polymer_3742,[*]Nc1ccc(Cc2ccc(NC(=O)Nc3ccc(C(=O)Nc4ccc(Oc5ccc(NC(=O)c6ccc(N7C(=O)c8ccc(C(=O)c9ccc%10c(c9)C(=O)N(c9ccc(C(=O)Nc%11ccc(Oc%12ccc(NC(=O)c%13ccc(NC([*])=O)cc%13)cc%12)cc%11)cc9)C%10=O)cc8C7=O)cc6)cc5)cc4)cc3)cc2)cc1,229.0,,GREA,502.15,,1,0.0,black
polymer_3743,[*]Nc1ccc(Cc2ccc(NC(=O)Nc3cccc(NC([*])=O)n3)cc2)cc1,206.5,,GREA,479.65,,1,0.0,black
polymer_3744,[*]Nc1ccc(Cc2ccc(NC(=O)OC(COC([*])=O)c3ccco3)cc2)cc1,40.0,,GREA,313.15,,1,0.0,black
polymer_3745,[*]Nc1ccc(Cc2ccc(NC(=O)OC(c3ccco3)C(OC([*])=O)c3ccco3)cc2)cc1,74.0,,GREA,347.15,,1,0.0,black
polymer_3746,[*]Nc1ccc(Cc2ccc(NC(=O)OC3CC4CC(OC([*])=O)CC(C3)O4)cc2)cc1,200.0,,GREA,473.15,,1,0.0,black
polymer_3747,[*]Nc1ccc(Cc2ccc(NC(=O)OCC3CCC(COC([*])=O)CC3)cc2)cc1,134.0,,GREA,407.15,,1,0.0,black
polymer_3748,[*]Nc1ccc(Cc2ccc(NC(=O)OCCCCCCCCCCCCCCCCOC([*])=O)cc2)cc1,40.0,,GREA,313.15,,1,0.0,black
polymer_3749,[*]Nc1ccc(Cc2ccc(NC(=O)OCCCCCCCCCCCCOC([*])=O)cc2)cc1,43.0,,GREA,316.15,,1,0.0,black
polymer_3750,[*]Nc1ccc(Cc2ccc(NC(=O)OCCCCCCCCCCOC([*])=O)cc2)cc1,60.0,,GREA,333.15,,1,0.0,black
polymer_3751,[*]Nc1ccc(Cc2ccc(NC(=O)OCCCCCCCCCOC([*])=O)cc2)cc1,72.0,,GREA,345.15,,1,0.0,black
polymer_3752,[*]Nc1ccc(Cc2ccc(NC(=O)OCCCCCCCCOC([*])=O)cc2)cc1,79.0,,GREA,352.15,,1,0.0,black
polymer_3753,[*]Nc1ccc(Cc2ccc(NC(=O)OCCCCCCCOC([*])=O)cc2)cc1,84.0,,GREA,357.15,,1,0.0,black
polymer_3754,[*]Nc1ccc(Cc2ccc(NC(=O)OCCCCCCOC([*])=O)cc2)cc1,71.0,,GREA,344.15,,1,0.0,black
polymer_3755,[*]Nc1ccc(Cc2ccc(NC(=O)OCCCCCOC([*])=O)cc2)cc1,95.0,,GREA,368.15,,1,0.0,black
polymer_3756,[*]Nc1ccc(Cc2ccc(NC(=O)OCCCCOC([*])=O)cc2)cc1,109.0,,GREA,382.15,,1,0.0,black
polymer_3757,[*]Nc1ccc(Cc2ccc(NC(=O)OCCCOC([*])=O)cc2)cc1,119.0,,GREA,392.15,,1,0.0,black
polymer_3758,[*]Nc1ccc(Cc2ccc(NC(=O)OCCN(CCCCCCOc3ccc(/N=N/c4ccccc4)cc3)CCOC([*])=O)cc2)cc1,44.0,,GREA,317.15,,1,0.0,black
polymer_3759,[*]Nc1ccc(Cc2ccc(NC(=O)OCCN(CCCCCOc3ccc(/N=N/c4ccccc4)cc3)CCOC([*])=O)cc2)cc1,59.60000000000002,,GREA,332.75,,1,0.0,black
polymer_3760,[*]Nc1ccc(Cc2ccc(NC(=O)OCCN(CCOC([*])=O)c3ccc(/N=N/c4ccc([N+](=O)[O-])cc4)cc3)cc2)cc1,136.40000000000003,,GREA,409.55,,1,0.0,black
polymer_3761,[*]Nc1ccc(Cc2ccc(NC(=O)OCCN(CCOC([*])=O)c3ccccc3)cc2)cc1,31.900000000000034,,GREA,305.05,,1,0.0,black
polymer_3762,[*]Nc1ccc(Cc2ccc(NC(=O)OCCOC([*])=O)cc2)cc1,139.0,,GREA,412.15,,1,0.0,black
polymer_3763,[*]Nc1ccc(Cc2ccc(NC(=O)OCCOCCOCCOCCOC([*])=O)cc2)cc1,37.0,,GREA,310.15,,1,0.0,black
polymer_3764,[*]Nc1ccc(Cc2ccc(NC(=O)OCCOc3ccc(C4(c5ccc(OCCOC([*])=O)cc5)c5ccccc5-c5ccccc54)cc3)cc2)cc1,152.0,,GREA,425.15,,1,0.0,black
polymer_3765,[*]Nc1ccc(Cc2ccc(NC(=O)OCCOc3ccc(OCCOC([*])=O)cc3)cc2)cc1,98.0,,GREA,371.15,,1,0.0,black
polymer_3766,[*]Nc1ccc(Cc2ccc(NC(=O)OCc3ccc(COC([*])=O)o3)cc2)cc1,81.0,,GREA,354.15,,1,0.0,black
polymer_3767,[*]Nc1ccc(Cc2ccc(NC(=O)OCc3cccc(COC([*])=O)c3)cc2)cc1,106.0,,GREA,379.15,,1,0.0,black
polymer_3768,[*]Nc1ccc(Cc2ccc(NC(=O)OCc3cocc3COC([*])=O)cc2)cc1,45.0,,GREA,318.15,,1,0.0,black
polymer_3769,[*]Nc1ccc(Cc2ccc(NC(=O)Oc3ccc(/N=C/C=N/c4ccc(OC([*])=O)cc4)cc3)cc2)cc1,133.0,,GREA,406.15,,1,0.0,black
polymer_3770,[*]Nc1ccc(Cc2ccc(NC(=O)Oc3ccc(/N=C/CCC/C=N/c4ccc(OC([*])=O)cc4)cc3)cc2)cc1,76.0,,GREA,349.15,,1,0.0,black
polymer_3771,[*]Nc1ccc(Cc2ccc(NC(=O)Oc3ccc(C(c4ccc(OC([*])=O)cc4)(C(F)(F)F)C(F)(F)F)cc3)cc2)cc1,81.0,,GREA,354.15,,1,0.0,black
polymer_3772,[*]Nc1ccc(Cc2ccc(NC(=O)c3cc(C([*])=O)cc(N4C(=O)C5C6C=CC(C6)C5C4=O)c3)cc2)cc1,303.0,,GREA,576.15,,1,0.0,black
polymer_3773,[*]Nc1ccc(Cc2ccc(NC(=O)c3cc(C([*])=O)cc(N4C(=O)C5C6CCC(C6)C5C4=O)c3)cc2)cc1,293.0,,GREA,566.15,,1,0.0,black
polymer_3774,[*]Nc1ccc(Cc2ccc(NC(=O)c3cc(C([*])=O)cc(N4C(=O)C5CC=CCC5C4=O)c3)cc2)cc1,286.0,,GREA,559.15,,1,0.0,black
polymer_3775,[*]Nc1ccc(Cc2ccc(NC(=O)c3cc(C([*])=O)cc(N4C(=O)C=CC4=O)c3)cc2)cc1,287.0,,GREA,560.15,,1,0.0,black
polymer_3776,[*]Nc1ccc(Cc2ccc(NC(=O)c3cc(C([*])=O)cc(S(=O)(=O)c4ccccc4)c3)cc2)cc1,270.0,,GREA,543.15,,1,0.0,black
polymer_3777,[*]Nc1ccc(Cc2ccc(NC(=O)c3ccc(C([*])=O)cc3)cc2)cc1,294.5,,GREA,567.65,,1,0.0,black
polymer_3778,[*]Nc1ccc(Cc2ccc(NC(=O)c3ccc(Oc4ccc(C(=O)c5ccc(S(=O)(=O)c6ccc(C(=O)c7ccc(Oc8ccc(C([*])=O)cc8)cc7)cc6)cc5)cc4)cc3)cc2)cc1,240.0,,GREA,513.15,,1,0.0,black
polymer_3779,[*]Nc1ccc(Cc2ccc(NC(=O)c3ccc(Oc4ccc(Oc5ccc(C([*])=O)cc5)cc4)cc3)cc2)cc1,216.0,,GREA,489.15,,1,0.0,black
polymer_3780,[*]Nc1ccc(Cc2ccc(NC(=O)c3ccc(Oc4ccc(Oc5ccc(C([*])=O)cc5)cc4-c4ccccc4)cc3)cc2)cc1,218.0,,GREA,491.15,,1,0.0,black
polymer_3781,[*]Nc1ccc(Cc2ccc(NC(=O)c3ccc(Oc4nc(Oc5ccc(C([*])=O)cc5)nc(Sc5ccccc5)n4)cc3)cc2)cc1,302.0,,GREA,575.15,,1,0.0,black
polymer_3782,[*]Nc1ccc(Cc2ccc(NC(=O)c3ccc(P(=O)(c4ccccc4)c4ccc(C([*])=O)cc4)cc3)cc2)cc1,307.0,,GREA,580.15,,1,0.0,black
polymer_3783,[*]Nc1ccc(Cc2ccc(NC(=O)c3ccc4c(c3)C(=O)N(c3ccc(-c5sc(-c6ccc(N7C(=O)c8ccc(C([*])=O)cc8C7=O)cc6)c(-c6ccccc6)c5-c5ccccc5)cc3)C4=O)cc2)cc1,253.0,,GREA,526.15,,1,0.0,black
polymer_3784,[*]Nc1ccc(Cc2ccc(NC(=O)c3ccc4c(c3)C(=O)N(c3ccc(C([*])=O)cc3)C4=O)cc2)cc1,222.0,,GREA,495.15,,1,0.0,black
polymer_3785,[*]Nc1ccc(Cc2ccc(NC(=O)c3ccc4c(c3)C(=O)N(c3ccc(Oc5ccc(N6C(=O)c7ccc(C([*])=O)cc7C6=O)cc5)cc3)C4=O)cc2)cc1,270.0,,GREA,543.15,,1,0.0,black
polymer_3786,[*]Nc1ccc(Cc2ccc(NC(=O)c3ccc4c(c3)C(=O)N(c3ccc(Oc5ccc6ccc(Oc7ccc(N8C(=O)c9ccc(C([*])=O)cc9C8=O)cc7)cc6c5)cc3)C4=O)cc2)cc1,273.0,,GREA,546.15,,1,0.0,black
polymer_3787,[*]Nc1ccc(Cc2ccc(NC(=O)c3ccc4c(c3)C(=O)N(c3ccc(S(=O)(=O)c5ccc(N6C(=O)c7ccc(C([*])=O)cc7C6=O)cc5)cc3)C4=O)cc2)cc1,324.0,,GREA,597.15,,1,0.0,black
polymer_3788,[*]Nc1ccc(Cc2ccc(NC(=O)c3ccc4c(c3)C(=O)N(c3cccc(P(=O)(c5ccccc5)c5cccc(N6C(=O)c7ccc(C([*])=O)cc7C6=O)c5)c3)C4=O)cc2)cc1,233.0,,GREA,506.15,,1,0.0,black
polymer_3789,[*]Nc1ccc(Cc2ccc(NC(=O)c3cccc(C([*])=O)c3)cc2)cc1,265.0,,GREA,538.15,,1,0.0,black
polymer_3790,[*]Nc1ccc(Cc2ccc(NC3CC(=O)N(c4ccc(Cc5ccc(N6C(=O)CC([*])C6=O)cc5)cc4)C3=O)cc2)cc1,239.0,,GREA,512.15,,1,0.0,black
polymer_3791,[*]Nc1ccc(N(c2ccc(NC3CC(=O)N(c4ccc(Cc5ccc(N6C(=O)CC([*])C6=O)cc5)cc4)C3=O)cc2)c2ccc([N+](=O)[O-])cc2)cc1,276.0,,GREA,549.15,,1,0.0,black
polymer_3792,[*]Nc1ccc(N(c2ccc(Nc3ccc([N+](=O)[O-])cc3)cc2)c2ccc(NC3CC(=O)N(c4ccc(Cc5ccc(N6C(=O)CC([*])C6=O)cc5)cc4)C3=O)cc2)cc1,324.0,,GREA,597.15,,1,0.0,black
polymer_3793,[*]Nc1ccc(N2C(=O)CC(N3C(=O)c4ccc(C([*])=O)cc4C3=O)C2=O)cc1,120.0,,GREA,393.15,,1,0.0,black
polymer_3794,[*]Nc1ccc(N2C(=O)c3ccc(-c4ccc5c(c4)C(=O)N(c4ccc(C([*])=O)cc4)C5=O)cc3C2=O)cc1,335.0,,GREA,608.15,,1,0.0,black
polymer_3795,[*]Nc1ccc(N2C(=O)c3ccc(C(=O)Nc4ccc(-c5cc(-c6ccccc6)cc(-c6ccc(NC(=O)c7ccc8c(c7)C(=O)N(c7ccc(NC([*])=O)cc7)C8=O)cc6)n5)cc4)cc3C2=O)cc1,215.0,,GREA,488.15,,1,0.0,black
polymer_3796,[*]Nc1ccc(N2C(=O)c3ccc(C(=O)Nc4ccc(-c5ccc(NC(=O)c6ccc7c(c6)C(=O)N(c6ccc(NC([*])=O)cc6)C7=O)cc5)cc4)cc3C2=O)cc1,233.0,,GREA,506.15,,1,0.0,black
polymer_3797,[*]Nc1ccc(N2C(=O)c3ccc(C(=O)Nc4ccc(C(=O)c5ccc(NC(=O)c6ccc7c(c6)C(=O)N(c6ccc(NC([*])=O)cc6)C7=O)cc5)cc4)cc3C2=O)cc1,212.0,,GREA,485.15,,1,0.0,black
polymer_3798,[*]Nc1ccc(N2C(=O)c3ccc(C(=O)Nc4ccc(Cc5ccc(NC(=O)c6ccc7c(c6)C(=O)N(c6ccc(NC([*])=O)cc6)C7=O)cc5)cc4)cc3C2=O)cc1,211.0,,GREA,484.15,,1,0.0,black
polymer_3799,[*]Nc1ccc(N2C(=O)c3ccc(C(=O)Nc4ccc(NC(=O)c5ccc6c(c5)C(=O)N(c5ccc(NC([*])=O)cc5)C6=O)cc4)cc3C2=O)cc1,216.0,,GREA,489.15,,1,0.0,black
polymer_3800,[*]Nc1ccc(N2C(=O)c3ccc(C(=O)Nc4ccc(Oc5ccc(NC(=O)c6ccc7c(c6)C(=O)N(c6ccc(NC([*])=O)cc6)C7=O)cc5)cc4)cc3C2=O)cc1,205.0,,GREA,478.15,,1,0.0,black
polymer_3801,[*]Nc1ccc(N2C(=O)c3ccc(C(=O)Nc4ccc(S(=O)(=O)c5ccc(NC(=O)c6ccc7c(c6)C(=O)N(c6ccc(NC([*])=O)cc6)C7=O)cc5)cc4)cc3C2=O)cc1,205.0,,GREA,478.15,,1,0.0,black
polymer_3802,[*]Nc1ccc(N2C(=O)c3ccc(C(=O)Nc4ccc5c(c4)Cc4cc(NC(=O)c6ccc7c(c6)C(=O)N(c6ccc(NC([*])=O)cc6)C7=O)ccc4-5)cc3C2=O)cc1,224.0,,GREA,497.15,,1,0.0,black
polymer_3803,[*]Nc1ccc(N2C(=O)c3ccc(C(=O)c4ccc5c(c4)C(=O)N(c4ccc(C([*])=O)cc4)C5=O)cc3C2=O)cc1,300.0,,GREA,573.15,,1,0.0,black
polymer_3804,[*]Nc1ccc(N2C(=O)c3ccc(C(=O)c4ccc5c(c4)C(=O)N(c4ccc(NC(=O)c6cccc(C([*])=O)c6)cc4)C5=O)cc3C2=O)cc1,247.0,,GREA,520.15,,1,0.0,black
polymer_3805,[*]Nc1ccc(N2C(=O)c3ccc(C(=O)c4ccc5c(c4)C(=O)N(c4cccc(C([*])=O)c4)C5=O)cc3C2=O)cc1,308.0,,GREA,581.15,,1,0.0,black
polymer_3806,[*]Nc1ccc(NC(=O)Nc2cc(NC([*])=O)cc(C(=O)Nc3ccc4c(c3)C(=O)c3ccccc3C4=O)c2)cc1,184.0,,GREA,457.15,,1,0.0,black
polymer_3807,[*]Nc1ccc(NC(=O)Nc2cc(NC([*])=O)cc(C(=O)Nc3cccc4c3C(=O)c3ccccc3C4=O)c2)cc1,190.0,,GREA,463.15,,1,0.0,black
polymer_3808,[*]Nc1ccc(NC(=O)Nc2ccc(-c3[nH]c(-c4ccc(-c5nc(-c6ccc([N+](=O)[O-])cc6)c(-c6ccc([N+](=O)[O-])cc6)[nH]5)cc4)nc3-c3ccc(NC([*])=O)cc3)cc2)cc1,272.0,,GREA,545.15,,1,0.0,black
polymer_3809,[*]Nc1ccc(NC(=O)Nc2ccc(-c3[nH]c(-c4ccc([N+](=O)[O-])cc4)nc3-c3ccc(NC([*])=O)cc3)cc2)cc1,292.0,,GREA,565.15,,1,0.0,black
polymer_3810,[*]Nc1ccc(NC(=O)Nc2ccc3c(c2)C(=O)N(c2ccc(-c4cc(-c5ccc(-c6ccccc6)cc5)cc(-c5ccc(N6C(=O)c7ccc(NC([*])=O)cc7C6=O)cc5)n4)cc2)C3=O)cc1,243.0,,GREA,516.15,,1,0.0,black
polymer_3811,[*]Nc1ccc(NC(=O)c2cc(C([*])=O)cc(S(=O)(=O)c3ccccc3)c2)cc1,308.0,,GREA,581.15,,1,0.0,black
polymer_3812,[*]Nc1ccc(NC(=O)c2cc(NC(=O)C34CC5CC(CC(C5)C3)C4)cc(C(=O)Nc3ccc(C([*])=O)cc3)c2)cc1,365.0,,GREA,638.15,,1,0.0,black
polymer_3813,[*]Nc1ccc(NC(=O)c2ccc(-n3nc(-c4ccc(Oc5ccc(C([*])=O)cc5)c5ccccc45)c4ccccc4c3=O)cc2)cc1,347.5,,GREA,620.65,,1,0.0,black
polymer_3814,[*]Nc1ccc(NC(=O)c2ccc(C([*])=O)cc2)cc1,295.0,,GREA,568.15,,1,0.0,black
polymer_3815,[*]Nc1ccc(NC(=O)c2ccc(Oc3ccc(C(c4ccc(Oc5ccc(C([*])=O)cc5)cc4)(C(F)(F)F)C(F)(F)F)cc3)cc2)cc1,218.0,,GREA,491.15,,1,0.0,black
polymer_3816,[*]Nc1ccc(NC(=O)c2ccc(Oc3ccc(C(c4ccccc4)(c4ccccc4)c4ccc(Oc5ccc(C([*])=O)cc5)cc4)cc3)cc2)cc1,254.0,,GREA,527.15,,1,0.0,black
polymer_3817,[*]Nc1ccc(NC(=O)c2ccc(P(=O)(c3ccccc3)c3ccc(C(=O)Nc4ccc(C([*])=O)cc4)cc3)cc2)cc1,243.0,,GREA,516.15,,1,0.0,black
polymer_3818,[*]Nc1ccc(NC(=O)c2ccc(P(=O)(c3ccccc3)c3ccc(C([*])=O)cc3)cc2)cc1,252.0,,GREA,525.15,,1,0.0,black
polymer_3819,[*]Nc1ccc(NC(=O)c2ccc3[nH]c(-c4cc(-c5nc6cc(C([*])=O)ccc6[nH]5)cc(N5C(=O)c6ccccc6C5=O)c4)nc3c2)cc1,295.0,,GREA,568.15,,1,0.0,black
polymer_3820,[*]Nc1ccc(NC(=O)c2ccc3[nH]c(-c4ccc(-c5nc6cc(C(=O)Nc7ccc(C([*])=O)cc7)ccc6[nH]5)cc4)nc3c2)cc1,300.0,,GREA,573.15,,1,0.0,black
polymer_3821,[*]Nc1ccc(NC(=O)c2ccc3[nH]c(-c4ccc(C(=O)Nc5ccc(C([*])=O)cc5)cc4)nc3c2)cc1,295.0,,GREA,568.15,,1,0.0,black
polymer_3822,[*]Nc1ccc(NC(=O)c2ccc3[nH]c(-c4cccc(-c5nc6cc(C(=O)Nc7ccc(C([*])=O)cc7)ccc6[nH]5)c4)nc3c2)cc1,322.0,,GREA,595.15,,1,0.0,black
polymer_3823,[*]Nc1ccc(NC(=O)c2ccc3c(c2)C(=O)N(c2cc(-c4nc5ccccc5s4)cc(N4C(=O)c5ccc(C([*])=O)cc5C4=O)c2)C3=O)cc1,356.0,,GREA,629.15,,1,0.0,black
polymer_3824,[*]Nc1ccc(NC(=O)c2ccc3c(c2)C(=O)N(c2ccc(-c4sc(-c5ccc(N6C(=O)c7ccc(C([*])=O)cc7C6=O)cc5)c(-c5ccccc5)c4-c4ccccc4)cc2)C3=O)cc1,333.0,,GREA,606.15,,1,0.0,black
polymer_3825,[*]Nc1ccc(NC(=O)c2ccc3c(c2)C(=O)N(c2ccc(C([*])=O)cc2)C3=O)cc1,297.5,,GREA,570.65,,1,0.0,black
polymer_3826,[*]Nc1ccc(NC(=O)c2ccc3c(c2)C(=O)N(c2ccc(NC(=O)Nc4ccc(N5C(=O)c6ccc(C(=O)Nc7ccc(NC([*])=O)cc7)cc6C5=O)cc4)cc2)C3=O)cc1,208.0,,GREA,481.15,,1,0.0,black
polymer_3827,[*]Nc1ccc(NC(=O)c2ccc3c(c2)C(=O)N(c2ccc(Oc4cccc5c(N6C(=O)c7ccc(C([*])=O)cc7C6=O)cccc45)cc2)C3=O)cc1,307.0,,GREA,580.15,,1,0.0,black
polymer_3828,[*]Nc1ccc(NC(=O)c2ccc3c(c2)C(=O)N(c2ccc(S(=O)(=O)c4ccc(N5C(=O)c6ccc(C([*])=O)cc6C5=O)cc4)cc2)C3=O)cc1,368.0,,GREA,641.15,,1,0.0,black
polymer_3829,[*]Nc1ccc(NC(=O)c2ccc3c(c2)C(=O)N(c2cccc(N4C(=O)c5ccc(C([*])=O)cc5C4=O)c2)C3=O)cc1,341.0,,GREA,614.15,,1,0.0,black
polymer_3830,[*]Nc1ccc(NC(=O)c2ccc3c(c2)C(=O)N(c2cccc(P(=O)(c4ccccc4)c4cccc(N5C(=O)c6ccc(C([*])=O)cc6C5=O)c4)c2)C3=O)cc1,204.0,,GREA,477.15,,1,0.0,black
polymer_3831,[*]Nc1ccc(NC(=O)c2cccc(C(=O)c3ccc(C([*])=O)cc3)c2)cc1,257.5,,GREA,530.65,,1,0.0,black
polymer_3832,[*]Nc1ccc(NC(=O)c2cccc(C([*])=O)c2)cc1,295.0,,GREA,568.15,,1,0.0,black
polymer_3833,[*]Nc1ccc(NC(=O)c2cccc(N3C(=O)c4ccc(C(c5ccc6c(c5)C(=O)N(c5cccc(C(=O)Nc7ccc(C([*])=O)cc7)c5)C6=O)(C(F)(F)F)C(F)(F)F)cc4C3=O)c2)cc1,328.0,,GREA,601.15,,1,0.0,black
polymer_3834,[*]Nc1ccc(NC(=O)c2cccc(N3C(=O)c4ccc(C(c5ccc6c(c5)C(=O)N(c5cccc(C([*])=O)c5)C6=O)(C(F)(F)F)C(F)(F)F)cc4C3=O)c2)cc1,311.0,,GREA,584.15,,1,0.0,black
polymer_3835,[*]Nc1ccc(NC(=O)c2cccc(N3C(=O)c4cccc(-c5ccc6c(c5)C(=O)N(c5cccc(C([*])=O)c5)C6=O)c4C3=O)c2)cc1,328.0,,GREA,601.15,,1,0.0,black
polymer_3836,[*]Nc1ccc(OC(=O)c2ccc([Si](c3ccccc3)(c3ccccc3)c3ccc(C([*])=O)cc3)cc2)cc1,235.0,,GREA,508.15,,1,0.0,black
polymer_3837,[*]Nc1ccc(OC2COC3C(Oc4ccc(NC(=O)c5ccc(C([*])=O)cc5)cc4)COC23)cc1,57.0,,GREA,330.15,,1,0.0,black
polymer_3838,[*]Nc1ccc(OC2COC3C(Oc4ccc(NC(=O)c5ccc(OC6COC7C(Oc8ccc(C([*])=O)cc8)COC67)cc5)cc4)COC23)cc1,165.0,,GREA,438.15,,1,0.0,black
polymer_3839,[*]Nc1ccc(OC2COC3C(Oc4ccc(NC(=O)c5cccc(C([*])=O)c5)cc4)COC23)cc1,218.0,,GREA,491.15,,1,0.0,black
polymer_3840,[*]Nc1ccc(OCCCCCCCCOc2ccc(NC(=O)c3cccc(C([*])=O)c3)cc2)cc1,128.0,,GREA,401.15,,1,0.0,black
polymer_3841,[*]Nc1ccc(OCCCCCOc2ccc(NC(=O)c3cccc(C([*])=O)c3)cc2)cc1,155.0,,GREA,428.15,,1,0.0,black
polymer_3842,[*]Nc1ccc(OCCOCCOCCOc2ccc(NC(=O)c3cccc(C([*])=O)c3)cc2)cc1,129.0,,GREA,402.15,,1,0.0,black
polymer_3843,[*]Nc1ccc(OCCOCCOc2ccc(NC(=O)c3cccc(C([*])=O)c3)cc2)cc1,155.0,,GREA,428.15,,1,0.0,black
polymer_3844,[*]Nc1ccc(OP(=O)(Oc2ccc(NC(=O)OCCCCCCOC([*])=O)cc2)c2ccccc2)cc1,-3.0,,GREA,270.15,,1,0.0,black
polymer_3845,[*]Nc1ccc(OP(=O)(Oc2ccc(NC(=O)Oc3ccc(-c4ccc(OC([*])=O)cc4)cc3)cc2)c2ccccc2)cc1,34.0,,GREA,307.15,,1,0.0,black
polymer_3846,[*]Nc1ccc(Oc2ccc(-c3ccc(Oc4ccc(NC(=O)c5ccc(N6C(=O)c7ccc(C(c8ccc9c(c8)C(=O)N(c8ccc(C([*])=O)cc8)C9=O)(C(F)(F)F)C(F)(F)F)cc7C6=O)cc5)cc4)cc3)cc2)cc1,296.0,,GREA,569.15,,1,0.0,black
polymer_3847,[*]Nc1ccc(Oc2ccc(-c3ccc(Oc4ccc(NC(=O)c5ccc(Oc6ccc(Oc7ccc(C([*])=O)cc7)cc6-c6ccccc6)cc5)cc4)cc3)cc2)cc1,232.0,,GREA,505.15,,1,0.0,black
polymer_3848,[*]Nc1ccc(Oc2ccc(-c3ccc(Oc4ccc(NC(=O)c5ccc6c(c5)C(=O)N(c5ccc(Oc7ccc(N8C(=O)c9ccc(C([*])=O)cc9C8=O)cc7)cc5)C6=O)cc4)cc3)cc2)cc1,262.0,,GREA,535.15,,1,0.0,black
polymer_3849,[*]Nc1ccc(Oc2ccc(-c3ccc(Oc4ccc(NC(=O)c5ccc6c(c5)C(=O)N(c5ccc(Oc7ccc(S(=O)(=O)c8ccc(Oc9ccc(N%10C(=O)c%11ccc(C([*])=O)cc%11C%10=O)cc9)cc8)cc7)cc5)C6=O)cc4)cc3)cc2)cc1,267.0,,GREA,540.15,,1,0.0,black
polymer_3850,[*]Nc1ccc(Oc2ccc(-c3ccc(Oc4ccc(NC(=O)c5ccc6c(c5)C(=O)N(c5ccc(Oc7cccc8c(Oc9ccc(N%10C(=O)c%11ccc(C([*])=O)cc%11C%10=O)cc9)cccc78)cc5)C6=O)cc4)cc3)cc2)cc1,310.0,,GREA,583.15,,1,0.0,black
polymer_3851,[*]Nc1ccc(Oc2ccc(-c3ccc(Oc4ccc(NC(=O)c5ccc6c(c5)C(=O)N(c5ccc(Oc7ccccc7-c7ccccc7Oc7ccc(N8C(=O)c9ccc(C([*])=O)cc9C8=O)cc7)cc5)C6=O)cc4)cc3)cc2)cc1,254.0,,GREA,527.15,,1,0.0,black
polymer_3852,[*]Nc1ccc(Oc2ccc(-c3ccc(Oc4ccc(NC(=O)c5ccc6c(c5)C(=O)N(c5cccc(N7C(=O)c8ccc(C([*])=O)cc8C7=O)c5)C6=O)cc4)cc3)cc2)cc1,292.0,,GREA,565.15,,1,0.0,black
polymer_3853,[*]Nc1ccc(Oc2ccc(-c3ccc(Oc4ccc(NC(=O)c5cccc(N6C(=O)c7ccc(-c8ccc9c(c8)C(=O)N(c8cccc(C([*])=O)c8)C9=O)cc7C6=O)c5)cc4)cc3)cc2)cc1,270.0,,GREA,543.15,,1,0.0,black
polymer_3854,[*]Nc1ccc(Oc2ccc(-c3ccc(Oc4ccc(NC(=O)c5cccc(N6C(=O)c7ccc(-c8cccc9c8C(=O)N(c8cccc(C([*])=O)c8)C9=O)cc7C6=O)c5)cc4)cc3)cc2)cc1,275.0,,GREA,548.15,,1,0.0,black
polymer_3855,[*]Nc1ccc(Oc2ccc(-c3ccc(Oc4ccc(NC(=O)c5cccc(N6C(=O)c7ccc(C(c8ccc9c(c8)C(=O)N(c8cccc(C([*])=O)c8)C9=O)(C(F)(F)F)C(F)(F)F)cc7C6=O)c5)cc4)cc3)cc2)cc1,280.0,,GREA,553.15,,1,0.0,black
polymer_3856,[*]Nc1ccc(Oc2ccc(-c3nnc(-c4ccc(Oc5ccc(NC(=O)c6cc(C([*])=O)cc(N7C(=O)c8ccccc8C7=O)c6)cc5)cc4)o3)cc2)cc1,285.0,,GREA,558.15,,1,0.0,black
polymer_3857,[*]Nc1ccc(Oc2ccc(-c3nnc(-c4ccc(Oc5ccc(NC(=O)c6ccc(C([*])=O)cc6Oc6ccccc6)cc5)cc4)o3)cc2)cc1,245.0,,GREA,518.15,,1,0.0,black
polymer_3858,[*]Nc1ccc(Oc2ccc(-n3c(=O)c4cc5c(=O)n(-c6ccc(Oc7ccc(NC(=O)c8cccc(C([*])=O)c8)cc7)cc6)c(=O)c5cc4c3=O)cc2)cc1,282.0,,GREA,555.15,,1,0.0,black
polymer_3859,[*]Nc1ccc(Oc2ccc(C(=O)c3ccc(Oc4ccc(NC(=O)c5ccc(C([*])=O)cc5)cc4)cc3)cc2)cc1,160.0,,GREA,433.15,,1,0.0,black
polymer_3860,[*]Nc1ccc(Oc2ccc(C(=O)c3ccc(Oc4ccc(NC(=O)c5ccc(C([*])=O)cn5)cc4)cc3)cc2)cc1,170.0,,GREA,443.15,,1,0.0,black
polymer_3861,[*]Nc1ccc(Oc2ccc(C(=O)c3ccc(Oc4ccc(NC(=O)c5cccc(C([*])=O)c5)cc4)cc3)cc2)cc1,145.0,,GREA,418.15,,1,0.0,black
polymer_3862,[*]Nc1ccc(Oc2ccc(C(=O)c3ccc(Oc4cccc(NC(=O)c5ccc(C([*])=O)cc5)c4)cc3)cc2)cc1,126.0,,GREA,399.15,,1,0.0,black
polymer_3863,[*]Nc1ccc(Oc2ccc(C(=O)c3ccc(Oc4cccc(NC(=O)c5cccc(C([*])=O)c5)c4)cc3)cc2)cc1,114.0,,GREA,387.15,,1,0.0,black
polymer_3864,[*]Nc1ccc(Oc2ccc(C([*])=O)cc2)cc1,225.0,,GREA,498.15,,1,0.0,black
polymer_3865,[*]Nc1ccc(Oc2ccc(C(c3ccc(Oc4ccc(NC(=O)c5cc(C([*])=O)cc([N+](=O)[O-])c5)cc4)cc3)(C(F)(F)F)C(F)(F)F)cc2)cc1,232.0,,GREA,505.15,,1,0.0,black
polymer_3866,[*]Nc1ccc(Oc2ccc(C(c3ccc(Oc4ccc(NC(=O)c5cc6cc(Cc7ccc8oc(=O)c(C([*])=O)cc8c7)ccc6oc5=O)cc4)cc3)(C(F)(F)F)C(F)(F)F)cc2)cc1,283.0,,GREA,556.15,,1,0.0,black
polymer_3867,[*]Nc1ccc(Oc2ccc(C(c3ccc(Oc4ccc(NC(=O)c5ccc(C([*])=O)cc5)cc4)cc3)(C(F)(F)F)C(F)(F)F)cc2)cc1,243.0,,GREA,516.15,,1,0.0,black
polymer_3868,[*]Nc1ccc(Oc2ccc(C(c3ccc(Oc4ccc(NC(=O)c5ccc(N6C(=O)c7ccc(C(c8ccc9c(c8)C(=O)N(c8ccc(C([*])=O)cc8)C9=O)(C(F)(F)F)C(F)(F)F)cc7C6=O)cc5)cc4)cc3)(C(F)(F)F)C(F)(F)F)cc2)cc1,293.0,,GREA,566.15,,1,0.0,black
polymer_3869,[*]Nc1ccc(Oc2ccc(C(c3ccc(Oc4ccc(NC(=O)c5ccc(Oc6ccc7ccc(Oc8ccc(C([*])=O)cc8)cc7c6)cc5)cc4)cc3)(C(F)(F)F)C(F)(F)F)cc2)cc1,163.0,,GREA,436.15,,1,0.0,black
polymer_3870,[*]Nc1ccc(Oc2ccc(C(c3ccc(Oc4ccc(NC(=O)c5ccc(S(=O)(=O)c6ccc(C([*])=O)cc6)cc5)cc4)cc3)(C(F)(F)F)C(F)(F)F)cc2)cc1,250.0,,GREA,523.15,,1,0.0,black
polymer_3871,[*]Nc1ccc(Oc2ccc(C(c3ccc(Oc4ccc(NC(=O)c5ccc6c(c5)C(=O)N(c5ccc(Oc7ccc(C8(c9ccc(Oc%10ccc(N%11C(=O)c%12ccc(C([*])=O)cc%12C%11=O)cc%10)cc9)CC9CC8C8CCCC98)cc7)cc5)C6=O)cc4)cc3)(C(F)(F)F)C(F)(F)F)cc2)cc1,254.0,,GREA,527.15,,1,0.0,black
polymer_3872,[*]Nc1ccc(Oc2ccc(C(c3ccc(Oc4ccc(NC(=O)c5ccc6c(c5)C(=O)N(c5ccc(Oc7ccc8ccc(Oc9ccc(N%10C(=O)c%11ccc(C([*])=O)cc%11C%10=O)cc9)cc8c7)cc5)C6=O)cc4)cc3)(C(F)(F)F)C(F)(F)F)cc2)cc1,250.0,,GREA,523.15,,1,0.0,black
polymer_3873,[*]Nc1ccc(Oc2ccc(C(c3ccc(Oc4ccc(NC(=O)c5ccc6c(c5)C(=O)N(c5ccc(Oc7cccc8c(Oc9ccc(N%10C(=O)c%11ccc(C([*])=O)cc%11C%10=O)cc9)cccc78)cc5)C6=O)cc4)cc3)(C(F)(F)F)C(F)(F)F)cc2)cc1,231.0,,GREA,504.15,,1,0.0,black
polymer_3874,[*]Nc1ccc(Oc2ccc(C(c3ccc(Oc4ccc(NC(=O)c5cccc(C([*])=O)c5)cc4)cc3)(C(F)(F)F)C(F)(F)F)cc2)cc1,228.5,,GREA,501.65,,1,0.0,black
polymer_3875,[*]Nc1ccc(Oc2ccc(C(c3ccc(Oc4ccc(NC(=O)c5cccc(N6C(=O)c7ccc(C(c8ccc9c(c8)C(=O)N(c8cccc(C([*])=O)c8)C9=O)(C(F)(F)F)C(F)(F)F)cc7C6=O)c5)cc4)cc3)(C(F)(F)F)C(F)(F)F)cc2)cc1,266.0,,GREA,539.15,,1,0.0,black
polymer_3876,[*]Nc1ccc(Oc2ccc(C3(c4ccc(Oc5ccc(NC(=O)c6ccc(-c7ccc(C([*])=O)cc7)cc6)cc5)cc4)CC4CCC3C4)cc2)cc1,296.0,,GREA,569.15,,1,0.0,black
polymer_3877,[*]Nc1ccc(Oc2ccc(C3(c4ccc(Oc5ccc(NC(=O)c6ccc(C([*])=O)c7ccccc67)cc5)cc4)C4CC5CC(C4)CC3C5)cc2)cc1,269.0,,GREA,542.15,,1,0.0,black
polymer_3878,[*]Nc1ccc(Oc2ccc(C3(c4ccc(Oc5ccc(NC(=O)c6ccc(C([*])=O)cc6)cc5)cc4)C4CC5CC(C4)CC3C5)cc2)cc1,264.0,,GREA,537.15,,1,0.0,black
polymer_3879,[*]Nc1ccc(Oc2ccc(C3(c4ccc(Oc5ccc(NC(=O)c6ccc(C([*])=O)cc6)cc5)cc4)CC4CCC3C4)cc2)cc1,281.0,,GREA,554.15,,1,0.0,black
polymer_3880,[*]Nc1ccc(Oc2ccc(C3(c4ccc(Oc5ccc(NC(=O)c6ccc(C(c7ccc(C([*])=O)cc7)(C(F)(F)F)C(F)(F)F)cc6)cc5)cc4)C4CC5CC(C4)CC3C5)cc2)cc1,241.0,,GREA,514.15,,1,0.0,black
polymer_3881,[*]Nc1ccc(Oc2ccc(C3(c4ccc(Oc5ccc(NC(=O)c6ccc(Oc7ccc(C([*])=O)cc7)cc6)cc5)cc4)C4CC5CC(C4)CC3C5)cc2)cc1,230.0,,GREA,503.15,,1,0.0,black
polymer_3882,[*]Nc1ccc(Oc2ccc(C3(c4ccc(Oc5ccc(NC(=O)c6ccc(S(=O)(=O)c7ccc(C([*])=O)cc7)cc6)cc5)cc4)C4CC5CC(C4)CC3C5)cc2)cc1,252.0,,GREA,525.15,,1,0.0,black
polymer_3883,[*]Nc1ccc(Oc2ccc(C3(c4ccc(Oc5ccc(NC(=O)c6ccc(S(=O)(=O)c7ccc(C([*])=O)cc7)cc6)cc5)cc4)CC4CCC3C4)cc2)cc1,287.0,,GREA,560.15,,1,0.0,black
polymer_3884,[*]Nc1ccc(Oc2ccc(C3(c4ccc(Oc5ccc(NC(=O)c6ccc7c(c6)C(=O)N(c6ccc(Cc8ccc(N9C(=O)c%10ccc(C([*])=O)cc%10C9=O)cc8)cc6)C7=O)cc5)cc4)NC(=O)c4ccccc43)cc2)cc1,302.0,,GREA,575.15,,1,0.0,black
polymer_3885,[*]Nc1ccc(Oc2ccc(C3(c4ccc(Oc5ccc(NC(=O)c6ccc7c(c6)C(=O)N(c6ccc(N8C(=O)c9ccc(C([*])=O)cc9C8=O)cc6)C7=O)cc5)cc4)NC(=O)c4ccccc43)cc2)cc1,322.0,,GREA,595.15,,1,0.0,black
polymer_3886,[*]Nc1ccc(Oc2ccc(C3(c4ccc(Oc5ccc(NC(=O)c6ccc7c(c6)C(=O)N(c6ccc(Oc8ccc(C9(c%10ccc(Oc%11ccc(N%12C(=O)c%13ccc(C([*])=O)cc%13C%12=O)cc%11)cc%10)NC(=O)c%10ccccc%109)cc8)cc6)C7=O)cc5)cc4)NC(=O)c4ccccc43)cc2)cc1,330.0,,GREA,603.15,,1,0.0,black
polymer_3887,[*]Nc1ccc(Oc2ccc(C3(c4ccc(Oc5ccc(NC(=O)c6ccc7c(c6)C(=O)N(c6ccc(Oc8ccc(N9C(=O)c%10ccc(C([*])=O)cc%10C9=O)cc8)cc6)C7=O)cc5)cc4)NC(=O)c4ccccc43)cc2)cc1,320.0,,GREA,593.15,,1,0.0,black
polymer_3888,[*]Nc1ccc(Oc2ccc(C3(c4ccc(Oc5ccc(NC(=O)c6ccc7c(c6)C(=O)N(c6ccc(Oc8ccc(Oc9ccc(N%10C(=O)c%11ccc(C([*])=O)cc%11C%10=O)cc9)cc8)cc6)C7=O)cc5)cc4)NC(=O)c4ccccc43)cc2)cc1,284.0,,GREA,557.15,,1,0.0,black
polymer_3889,[*]Nc1ccc(Oc2ccc(C3(c4ccc(Oc5ccc(NC(=O)c6ccc7c(c6)C(=O)N(c6ccc(Oc8ccc(S(=O)(=O)c9ccc(Oc%10ccc(N%11C(=O)c%12ccc(C([*])=O)cc%12C%11=O)cc%10)cc9)cc8)cc6)C7=O)cc5)cc4)NC(=O)c4ccccc43)cc2)cc1,283.0,,GREA,556.15,,1,0.0,black
polymer_3890,[*]Nc1ccc(Oc2ccc(C3(c4ccc(Oc5ccc(NC(=O)c6ccc7c(c6)C(=O)N(c6ccc(Oc8cccc(Oc9ccc(N%10C(=O)c%11ccc(C([*])=O)cc%11C%10=O)cc9)c8)cc6)C7=O)cc5)cc4)NC(=O)c4ccccc43)cc2)cc1,267.0,,GREA,540.15,,1,0.0,black
polymer_3891,[*]Nc1ccc(Oc2ccc(C3(c4ccc(Oc5ccc(NC(=O)c6ccc7c(c6)C(=O)N(c6ccc(Sc8ccc(N9C(=O)c%10ccc(C([*])=O)cc%10C9=O)cc8)cc6)C7=O)cc5)cc4)NC(=O)c4ccccc43)cc2)cc1,298.0,,GREA,571.15,,1,0.0,black
polymer_3892,[*]Nc1ccc(Oc2ccc(C3(c4ccc(Oc5ccc(NC(=O)c6ccc7c(c6)C(=O)N(c6cccc(N8C(=O)c9ccc(C([*])=O)cc9C8=O)c6)C7=O)cc5)cc4)NC(=O)c4ccccc43)cc2)cc1,320.0,,GREA,593.15,,1,0.0,black
polymer_3893,[*]Nc1ccc(Oc2ccc(C3(c4ccc(Oc5ccc(NC(=O)c6ccc7c(c6)C(=O)N(c6cccc(Oc8ccc(N9C(=O)c%10ccc(C([*])=O)cc%10C9=O)cc8)c6)C7=O)cc5)cc4)NC(=O)c4ccccc43)cc2)cc1,272.0,,GREA,545.15,,1,0.0,black
polymer_3894,[*]Nc1ccc(Oc2ccc(C3(c4ccc(Oc5ccc(NC(=O)c6ccc7cc(C([*])=O)ccc7c6)cc5)cc4)C4CC5CC(C4)CC3C5)cc2)cc1,266.0,,GREA,539.15,,1,0.0,black
polymer_3895,[*]Nc1ccc(Oc2ccc(C3(c4ccc(Oc5ccc(NC(=O)c6ccc7cc(C([*])=O)ccc7c6)cc5)cc4)CC4CCC3C4)cc2)cc1,276.0,,GREA,549.15,,1,0.0,black
polymer_3896,[*]Nc1ccc(Oc2ccc(C3(c4ccc(Oc5ccc(NC(=O)c6cccc(C([*])=O)c6)cc5)cc4)C4CC5CC(C4)CC3C5)cc2)cc1,273.0,,GREA,546.15,,1,0.0,black
polymer_3897,[*]Nc1ccc(Oc2ccc(C3(c4ccc(Oc5ccc(NC(=O)c6cccc(C([*])=O)c6)cc5)cc4)CC4CCC3C4)cc2)cc1,256.0,,GREA,529.15,,1,0.0,black
polymer_3898,[*]Nc1ccc(Oc2ccc(C34CC5CC(CC(C5)C3)C4)c(Oc3ccc(NC(=O)c4cc(NC(=O)C56CC7CC(CC(C7)C5)C6)cc(C([*])=O)c4)cc3)c2)cc1,345.0,,GREA,618.15,,1,0.0,black
polymer_3899,[*]Nc1ccc(Oc2ccc(N3C(=O)CC(N4C(=O)c5ccc(C([*])=O)cc5C4=O)C3=O)cc2)cc1,223.0,,GREA,496.15,,1,0.0,black
polymer_3900,[*]Nc1ccc(Oc2ccc(N3C(=O)c4ccc(C(=O)c5ccc6c(c5)C(=O)N(c5ccc(Oc7ccc(NC(=O)c8cccc(C([*])=O)c8)cc7)cc5)C6=O)cc4C3=O)cc2)cc1,232.0,,GREA,505.15,,1,0.0,black
polymer_3901,[*]Nc1ccc(Oc2ccc(N3C(=O)c4ccc(C([*])=O)cc4C3=O)cc2)cc1,295.0,,GREA,568.15,,1,0.0,black
polymer_3902,[*]Nc1ccc(Oc2ccc(N3C(=O)c4ccc(Oc5ccc(C([*])=O)cc5)cc4C3=O)cc2)cc1,262.0,,GREA,535.15,,1,0.0,black
polymer_3903,[*]Nc1ccc(Oc2ccc(N3C(=O)c4ccc(Oc5cccc(C([*])=O)c5)cc4C3=O)cc2)cc1,231.0,,GREA,504.15,,1,0.0,black
polymer_3904,[*]Nc1ccc(Oc2ccc(N3C(=O)c4cccc(Oc5ccc(C([*])=O)cc5)c4C3=O)cc2)cc1,253.0,,GREA,526.15,,1,0.0,black
polymer_3905,[*]Nc1ccc(Oc2ccc(NC(=C(C#N)C#N)c3ccc(-c4ccc(-c5ccc(C([*])=C(C#N)C#N)cc5)cc4)cc3)cc2)cc1,240.0,,GREA,513.15,,1,0.0,black
polymer_3906,[*]Nc1ccc(Oc2ccc(NC(=C(C#N)C#N)c3ccc(-c4ccc(C([*])=C(C#N)C#N)cc4)cc3)cc2)cc1,220.0,,GREA,493.15,,1,0.0,black
polymer_3907,[*]Nc1ccc(Oc2ccc(NC(=C(C#N)C#N)c3ccc(C([*])=C(C#N)C#N)cc3)cc2)cc1,274.0,,GREA,547.15,,1,0.0,black
polymer_3908,[*]Nc1ccc(Oc2ccc(NC(=C(C#N)C#N)c3ccc4cc(C([*])=C(C#N)C#N)ccc4c3)cc2)cc1,280.0,,GREA,553.15,,1,0.0,black
polymer_3909,[*]Nc1ccc(Oc2ccc(NC(=O)Nc3ccc4c(c3)C(=O)N(c3ccc(-c5cc(-c6ccc(-c7ccccc7)cc6)cc(-c6ccc(N7C(=O)c8ccc(NC([*])=O)cc8C7=O)cc6)n5)cc3)C4=O)cc2)cc1,241.0,,GREA,514.15,,1,0.0,black
polymer_3910,[*]Nc1ccc(Oc2ccc(NC(=O)Nc3ccc4c(c3)C(=O)N(c3ccc(Oc5ccc6ccccc6c5-c5c(Oc6ccc(N7C(=O)c8ccc(NC([*])=O)cc8C7=O)cc6)ccc6ccccc56)cc3)C4=O)cc2)cc1,274.0,,GREA,547.15,,1,0.0,black
polymer_3911,[*]Nc1ccc(Oc2ccc(NC(=O)Nc3ccccc3CCc3ccccc3NC([*])=O)cc2)cc1,232.0,,GREA,505.15,,1,0.0,black
polymer_3912,[*]Nc1ccc(Oc2ccc(NC(=O)c3cc(C([*])=O)cc(C(F)(F)C(F)(F)C(F)(F)C(F)(F)C(F)(F)C(F)(F)C(F)(F)C(F)(F)F)c3)cc2)cc1,230.0,,GREA,503.15,,1,0.0,black
polymer_3913,[*]Nc1ccc(Oc2ccc(NC(=O)c3cc(C([*])=O)cc(C(F)(F)C(F)(F)C(F)(F)C(F)(F)F)c3)cc2)cc1,257.0,,GREA,530.15,,1,0.0,black
polymer_3914,[*]Nc1ccc(Oc2ccc(NC(=O)c3cc(C([*])=O)cc(S(=O)(=O)c4ccccc4)c3)cc2)cc1,279.0,,GREA,552.15,,1,0.0,black
polymer_3915,[*]Nc1ccc(Oc2ccc(NC(=O)c3cc(NC(=O)C45CC6CC(CC(C6)C4)C5)cc(C([*])=O)c3)cc2)cc1,335.0,,GREA,608.15,,1,0.0,black
polymer_3916,[*]Nc1ccc(Oc2ccc(NC(=O)c3cc4cc(Cc5ccc6oc(=O)c(C([*])=O)cc6c5)ccc4oc3=O)cc2)cc1,312.0,,GREA,585.15,,1,0.0,black
polymer_3917,[*]Nc1ccc(Oc2ccc(NC(=O)c3ccc(-n4c(=O)c5cc6c(=O)n(-c7ccc(C([*])=O)cc7)c(=O)c6cc5c4=O)cc3)cc2)cc1,360.0,,GREA,633.15,,1,0.0,black
polymer_3918,[*]Nc1ccc(Oc2ccc(NC(=O)c3ccc(-n4nc(-c5ccc(Oc6ccc(C([*])=O)cc6)c6ccccc56)c5ccccc5c4=O)cc3)cc2)cc1,317.5,,GREA,590.65,,1,0.0,black
polymer_3919,[*]Nc1ccc(Oc2ccc(NC(=O)c3ccc(-n4nc(-c5ccc(Oc6ccc(C([*])=O)cc6)cc5)c5ccccc5c4=O)cc3)cc2)cc1,280.0,,GREA,553.15,,1,0.0,black
polymer_3920,[*]Nc1ccc(Oc2ccc(NC(=O)c3ccc(C(=O)Nc4ccc(Oc5ccc(NC(=C(C#N)C#N)c6cccc(C([*])=C(C#N)C#N)c6)cc5)cc4)cc3)cc2)cc1,274.0,,GREA,547.15,,1,0.0,black
polymer_3921,[*]Nc1ccc(Oc2ccc(NC(=O)c3ccc(C([*])=O)cc3)cc2)cc1,240.5,,GREA,513.65,,1,0.0,black
polymer_3922,[*]Nc1ccc(Oc2ccc(NC(=O)c3ccc(N4C(=O)c5ccc(C(c6ccc7c(c6)C(=O)N(c6ccc(C([*])=O)cc6)C7=O)(C(F)(F)F)C(F)(F)F)cc5C4=O)cc3)cc2)cc1,322.0,,GREA,595.15,,1,0.0,black
polymer_3923,[*]Nc1ccc(Oc2ccc(NC(=O)c3ccc(Oc4ccc(C([*])=O)cc4)cc3)cc2)cc1,274.0,,GREA,547.15,,1,0.0,black
polymer_3924,[*]Nc1ccc(Oc2ccc(NC(=O)c3ccc(Oc4ccc(Oc5ccc(C([*])=O)cc5)cc4-c4ccccc4)cc3)cc2)cc1,219.0,,GREA,492.15,,1,0.0,black
polymer_3925,[*]Nc1ccc(Oc2ccc(NC(=O)c3ccc(P(=O)(c4ccccc4)c4ccc(C([*])=O)cc4)cc3)cc2)cc1,254.0,,GREA,527.15,,1,0.0,black
polymer_3926,[*]Nc1ccc(Oc2ccc(NC(=O)c3ccc4c(c3)C(=O)N(C3CCC(CC5CCC(N6C(=O)c7ccc(C([*])=O)cc7C6=O)CC5)CC3)C4=O)cc2)cc1,250.0,,GREA,523.15,,1,0.0,black
polymer_3927,[*]Nc1ccc(Oc2ccc(NC(=O)c3ccc4c(c3)C(=O)N(c3ccc(-c5sc(-c6ccc(N7C(=O)c8ccc(C([*])=O)cc8C7=O)cc6)c(-c6ccccc6)c5-c5ccccc5)cc3)C4=O)cc2)cc1,320.0,,GREA,593.15,,1,0.0,black
polymer_3928,[*]Nc1ccc(Oc2ccc(NC(=O)c3ccc4c(c3)C(=O)N(c3ccc(C([*])=O)cc3)C4=O)cc2)cc1,296.0,,GREA,569.15,,1,0.0,black
polymer_3929,[*]Nc1ccc(Oc2ccc(NC(=O)c3ccc4c(c3)C(=O)N(c3ccc(Cc5ccc(N6C(=O)c7ccc(C([*])=O)cc7C6=O)cc5)cc3)C4=O)cc2)cc1,251.0,,GREA,524.15,,1,0.0,black
polymer_3930,[*]Nc1ccc(Oc2ccc(NC(=O)c3ccc4c(c3)C(=O)N(c3ccc(Oc5ccc(C6(c7ccc(Oc8ccc(N9C(=O)c%10ccc(C([*])=O)cc%10C9=O)cc8)cc7)CC7CC6C6CCCC76)cc5)cc3)C4=O)cc2)cc1,250.0,,GREA,523.15,,1,0.0,black
polymer_3931,[*]Nc1ccc(Oc2ccc(NC(=O)c3ccc4c(c3)C(=O)N(c3ccc(Oc5ccc(C6(c7ccc(Oc8ccc(N9C(=O)c%10ccc(C([*])=O)cc%10C9=O)cc8)cc7)NC(=O)c7ccccc76)cc5)cc3)C4=O)cc2)cc1,325.0,,GREA,598.15,,1,0.0,black
polymer_3932,[*]Nc1ccc(Oc2ccc(NC(=O)c3ccc4c(c3)C(=O)N(c3ccc(Oc5ccc(N6C(=O)c7ccc(C([*])=O)cc7C6=O)cc5)cc3)C4=O)cc2)cc1,282.0,,GREA,555.15,,1,0.0,black
polymer_3933,[*]Nc1ccc(Oc2ccc(NC(=O)c3ccc4c(c3)C(=O)N(c3ccc(Oc5ccc(N6C(=O)c7ccc(C([*])=O)cc7C6=O)cc5-c5ccccc5)c(-c5ccccc5)c3)C4=O)cc2)cc1,345.0,,GREA,618.15,,1,0.0,black
polymer_3934,[*]Nc1ccc(Oc2ccc(NC(=O)c3ccc4c(c3)C(=O)N(c3ccc(Oc5ccc(N6C(=O)c7ccc(C([*])=O)cc7C6=O)cc5-c5ccccc5)c(-c5ccccc5)c3)C4=O)cc2-c2ccccc2)c(-c2ccccc2)c1,369.0,,GREA,642.15,,1,0.0,black
polymer_3935,[*]Nc1ccc(Oc2ccc(NC(=O)c3ccc4c(c3)C(=O)N(c3ccc(Oc5cccc6c(N7C(=O)c8ccc(C([*])=O)cc8C7=O)cccc56)cc3)C4=O)cc2)cc1,278.0,,GREA,551.15,,1,0.0,black
polymer_3936,[*]Nc1ccc(Oc2ccc(NC(=O)c3ccc4c(c3)C(=O)N(c3ccc(S(=O)(=O)c5ccc(N6C(=O)c7ccc(C([*])=O)cc7C6=O)cc5)cc3)C4=O)cc2)cc1,281.0,,GREA,554.15,,1,0.0,black
polymer_3937,[*]Nc1ccc(Oc2ccc(NC(=O)c3ccc4c(c3)C(=O)N(c3cccc(P(=O)(c5ccccc5)c5cccc(N6C(=O)c7ccc(C([*])=O)cc7C6=O)c5)c3)C4=O)cc2)cc1,235.0,,GREA,508.15,,1,0.0,black
polymer_3938,[*]Nc1ccc(Oc2ccc(NC(=O)c3cccc(C([*])=O)c3)cc2)cc1,264.0,,GREA,537.15,,1,0.0,black
polymer_3939,[*]Nc1ccc(Oc2ccc(NC(=O)c3cccc(N4C(=O)c5ccc(-c6ccc7c(c6)C(=O)N(c6cccc(C([*])=O)c6)C7=O)cc5C4=O)c3)cc2)cc1,253.0,,GREA,526.15,,1,0.0,black
polymer_3940,[*]Nc1ccc(Oc2ccc(NC(=O)c3cccc(N4C(=O)c5ccc(-c6cccc7c6C(=O)N(c6cccc(C([*])=O)c6)C7=O)cc5C4=O)c3)cc2)cc1,291.0,,GREA,564.15,,1,0.0,black
polymer_3941,[*]Nc1ccc(Oc2ccc(NC(=O)c3cccc(N4C(=O)c5ccc(C(c6ccc7c(c6)C(=O)N(c6cccc(C([*])=O)c6)C7=O)(C(F)(F)F)C(F)(F)F)cc5C4=O)c3)cc2)cc1,298.0,,GREA,571.15,,1,0.0,black
polymer_3942,[*]Nc1ccc(Oc2ccc(Nc3ccc(/N=N/c4ccc([*])cc4)cc3)cc2)cc1,169.0,,GREA,442.15,,1,0.0,black
polymer_3943,[*]Nc1ccc(Oc2ccc(Nc3ccc4c(c3)c3cc([*])ccc3n4CC(CC)CCCC)cc2)cc1,220.0,,GREA,493.15,,1,0.0,black
polymer_3944,[*]Nc1ccc(Oc2ccc(Oc3ccc(N4C(=O)c5ccc(C([*])=O)cc5C4=O)cc3)cc2)cc1,250.0,,GREA,523.15,,1,0.0,black
polymer_3945,[*]Nc1ccc(Oc2ccc(Oc3ccc(N4C(=O)c5ccc(Oc6ccc(C([*])=O)cc6)cc5C4=O)cc3)cc2)cc1,242.0,,GREA,515.15,,1,0.0,black
polymer_3946,[*]Nc1ccc(Oc2ccc(Oc3ccc(N4C(=O)c5ccc(Oc6cccc(C([*])=O)c6)cc5C4=O)cc3)cc2)cc1,213.0,,GREA,486.15,,1,0.0,black
polymer_3947,[*]Nc1ccc(Oc2ccc(Oc3ccc(N4C(=O)c5cccc(Oc6ccc(C([*])=O)cc6)c5C4=O)cc3)cc2)cc1,244.0,,GREA,517.15,,1,0.0,black
polymer_3948,[*]Nc1ccc(Oc2ccc(Oc3ccc(NC(=C(C#N)C#N)c4ccc(C([*])=C(C#N)C#N)cc4)cc3)cc2)cc1,255.0,,GREA,528.15,,1,0.0,black
polymer_3949,[*]Nc1ccc(Oc2ccc(Oc3ccc(NC(=C(C#N)C#N)c4cccc(C([*])=C(C#N)C#N)c4)cc3)cc2)cc1,228.0,,GREA,501.15,,1,0.0,black
polymer_3950,[*]Nc1ccc(Oc2ccc(Oc3ccc(NC(=O)c4cc5cc(Cc6ccc7oc(=O)c(C([*])=O)cc7c6)ccc5oc4=O)cc3)cc2)cc1,290.0,,GREA,563.15,,1,0.0,black
polymer_3951,[*]Nc1ccc(Oc2ccc(Oc3ccc(NC(=O)c4ccc(-n5nc(-c6ccc(Oc7ccc(C([*])=O)cc7)c7ccccc67)c6ccccc6c5=O)cc4)cc3)cc2)cc1,289.5,,GREA,562.65,,1,0.0,black
polymer_3952,[*]Nc1ccc(Oc2ccc(Oc3ccc(NC(=O)c4ccc(-n5nc(-c6ccc(Oc7ccc(C([*])=O)cc7)c7ccccc67)c6ccccc6c5=O)cc4)cc3C(F)(F)F)cc2)c(C(F)(F)F)c1,281.5,,GREA,554.65,,1,0.0,black
polymer_3953,[*]Nc1ccc(Oc2ccc(Oc3ccc(NC(=O)c4ccc(N5C(=O)c6ccc(C(c7ccc8c(c7)C(=O)N(c7ccc(C([*])=O)cc7)C8=O)(C(F)(F)F)C(F)(F)F)cc6C5=O)cc4)cc3)cc2)cc1,303.0,,GREA,576.15,,1,0.0,black
polymer_3954,[*]Nc1ccc(Oc2ccc(Oc3ccc(NC(=O)c4ccc(Oc5ccc(Oc6ccc(C([*])=O)cc6)cc5)cc4)cc3)cc2)cc1,236.0,,GREA,509.15,,1,0.0,black
polymer_3955,[*]Nc1ccc(Oc2ccc(Oc3ccc(NC(=O)c4ccc(Oc5ccc(Oc6ccc(C([*])=O)cc6)cc5-c5ccccc5)cc4)cc3)cc2)cc1,209.0,,GREA,482.15,,1,0.0,black
polymer_3956,[*]Nc1ccc(Oc2ccc(Oc3ccc(NC(=O)c4ccc(Oc5ccc(Oc6ccc(C([*])=O)cc6)cc5-c5ccccc5)cc4)cc3)cc2-c2ccccc2)cc1,200.5,,GREA,473.65,,1,0.0,black
polymer_3957,[*]Nc1ccc(Oc2ccc(Oc3ccc(NC(=O)c4ccc(Oc5ccc6ccc(Oc7ccc(C([*])=O)cc7)cc6c5)cc4)cc3)cc2)cc1,191.0,,GREA,464.15,,1,0.0,black
polymer_3958,[*]Nc1ccc(Oc2ccc(Oc3ccc(NC(=O)c4ccc5c(c4)C(=O)N(c4ccc(-c6sc(-c7ccc(N8C(=O)c9ccc(C([*])=O)cc9C8=O)cc7)c(-c7ccccc7)c6-c6ccccc6)cc4)C5=O)cc3)cc2)cc1,303.0,,GREA,576.15,,1,0.0,black
polymer_3959,[*]Nc1ccc(Oc2ccc(Oc3ccc(NC(=O)c4ccc5c(c4)C(=O)N(c4ccc(Oc6ccc(C7(c8ccc(Oc9ccc(N%10C(=O)c%11ccc(C([*])=O)cc%11C%10=O)cc9)cc8)CC8CC7C7CCCC87)cc6)cc4)C5=O)cc3)cc2)cc1,257.0,,GREA,530.15,,1,0.0,black
polymer_3960,[*]Nc1ccc(Oc2ccc(Oc3ccc(NC(=O)c4ccc5c(c4)C(=O)N(c4ccc(Oc6ccc(C7(c8ccc(Oc9ccc(N%10C(=O)c%11ccc(C([*])=O)cc%11C%10=O)cc9)cc8)NC(=O)c8ccccc87)cc6)cc4)C5=O)cc3)cc2)cc1,300.0,,GREA,573.15,,1,0.0,black
polymer_3961,[*]Nc1ccc(Oc2ccc(Oc3ccc(NC(=O)c4ccc5c(c4)C(=O)N(c4ccc(Oc6ccc(N7C(=O)c8ccc(C([*])=O)cc8C7=O)cc6)cc4)C5=O)cc3)cc2)cc1,260.0,,GREA,533.15,,1,0.0,black
polymer_3962,[*]Nc1ccc(Oc2ccc(Oc3ccc(NC(=O)c4ccc5c(c4)C(=O)N(c4ccc(Oc6cccc7c(Oc8ccc(N9C(=O)c%10ccc(C([*])=O)cc%10C9=O)cc8)cccc67)cc4)C5=O)cc3)cc2)cc1,285.0,,GREA,558.15,,1,0.0,black
polymer_3963,[*]Nc1ccc(Oc2ccc(Oc3ccc(NC(=O)c4ccc5c(c4)C(=O)N(c4ccc(S(=O)(=O)c6ccc(N7C(=O)c8ccc(C([*])=O)cc8C7=O)cc6)cc4)C5=O)cc3)cc2)cc1,243.0,,GREA,516.15,,1,0.0,black
polymer_3964,[*]Nc1ccc(Oc2ccc(Oc3ccc(NC(=O)c4cccc(N5C(=O)c6ccc(-c7ccc8c(c7)C(=O)N(c7cccc(C([*])=O)c7)C8=O)cc6C5=O)c4)cc3)cc2)cc1,244.0,,GREA,517.15,,1,0.0,black
polymer_3965,[*]Nc1ccc(Oc2ccc(Oc3ccc(NC(=O)c4cccc(N5C(=O)c6ccc(-c7cccc8c7C(=O)N(c7cccc(C([*])=O)c7)C8=O)cc6C5=O)c4)cc3)cc2)cc1,268.0,,GREA,541.15,,1,0.0,black
polymer_3966,[*]Nc1ccc(Oc2ccc(Oc3ccc(NC(=O)c4cccc(N5C(=O)c6ccc(C(c7ccc8c(c7)C(=O)N(c7cccc(C([*])=O)c7)C8=O)(C(F)(F)F)C(F)(F)F)cc6C5=O)c4)cc3)cc2)cc1,283.0,,GREA,556.15,,1,0.0,black
polymer_3967,[*]Nc1ccc(Oc2ccc(Oc3ccc(Oc4ccc(NC(=O)c5cccc(N6C(=O)c7ccc(-c8ccc9c(c8)C(=O)N(c8cccc(C([*])=O)c8)C9=O)cc7C6=O)c5)cc4)cc3)cc2)cc1,244.0,,GREA,517.15,,1,0.0,black
polymer_3968,[*]Nc1ccc(Oc2ccc(Oc3ccc(Oc4ccc(NC(=O)c5cccc(N6C(=O)c7ccc(-c8cccc9c8C(=O)N(c8cccc(C([*])=O)c8)C9=O)cc7C6=O)c5)cc4)cc3)cc2)cc1,260.0,,GREA,533.15,,1,0.0,black
polymer_3969,[*]Nc1ccc(Oc2ccc(P(=O)(c3ccccc3)c3ccc(Oc4ccc(NC(=O)c5ccc(P(=O)(c6ccccc6)c6ccc(C([*])=O)cc6)cc5)cc4)cc3)cc2)cc1,225.0,,GREA,498.15,,1,0.0,black
polymer_3970,[*]Nc1ccc(Oc2ccc(S(=O)(=O)c3ccc(Oc4ccc(NC(=O)c5ccc(N6C(=O)c7ccc(-c8ccc9c(c8)C(=O)N(c8ccc(C([*])=O)cc8)C9=O)cc7C6=O)cc5)cc4)cc3)cc2)cc1,258.0,,GREA,531.15,,1,0.0,black
polymer_3971,[*]Nc1ccc(Oc2ccc(S(=O)(=O)c3ccc(Oc4ccc(NC(=O)c5ccc(N6C(=O)c7cccc(-c8ccc9c(c8)C(=O)N(c8ccc(C([*])=O)cc8)C9=O)c7C6=O)cc5)cc4)cc3)cc2)cc1,287.0,,GREA,560.15,,1,0.0,black
polymer_3972,[*]Nc1ccc(Oc2ccc(S(=O)(=O)c3ccc(Oc4ccc(NC(=O)c5ccc(Oc6ccc(Oc7ccc(C([*])=O)cc7)cc6)cc5)cc4)cc3)cc2)cc1,220.0,,GREA,493.15,,1,0.0,black
polymer_3973,[*]Nc1ccc(Oc2ccc(S(=O)(=O)c3ccc(Oc4ccc(NC(=O)c5ccc(Oc6ccc(Oc7ccc(C([*])=O)cc7)cc6-c6ccccc6)cc5)cc4)cc3)cc2)cc1,231.0,,GREA,504.15,,1,0.0,black
polymer_3974,[*]Nc1ccc(Oc2ccc(S(=O)(=O)c3ccc(Oc4ccc(NC(=O)c5ccc(Oc6ccc7ccc(Oc8ccc(C([*])=O)cc8)cc7c6)cc5)cc4)cc3)cc2)cc1,227.0,,GREA,500.15,,1,0.0,black
polymer_3975,[*]Nc1ccc(Oc2ccc(S(=O)(=O)c3ccc(Oc4ccc(NC(=O)c5ccc6c(c5)C(=O)N(c5ccc(Oc7ccc(C8(c9ccc(Oc%10ccc(N%11C(=O)c%12ccc(C([*])=O)cc%12C%11=O)cc%10)cc9)NC(=O)c9ccccc98)cc7)cc5)C6=O)cc4)cc3)cc2)cc1,302.0,,GREA,575.15,,1,0.0,black
polymer_3976,[*]Nc1ccc(Oc2ccc(S(=O)(=O)c3ccc(Oc4ccc(NC(=O)c5ccc6c(c5)C(=O)N(c5ccc(Oc7ccc8ccc(Oc9ccc(N%10C(=O)c%11ccc(C([*])=O)cc%11C%10=O)cc9)cc8c7)cc5)C6=O)cc4)cc3)cc2)cc1,274.0,,GREA,547.15,,1,0.0,black
polymer_3977,[*]Nc1ccc(Oc2ccc(S(=O)(=O)c3ccc(Oc4ccc(NC(=O)c5ccc6c(c5)C(=O)N(c5ccc(Oc7cccc8c(Oc9ccc(N%10C(=O)c%11ccc(C([*])=O)cc%11C%10=O)cc9)cccc78)cc5)C6=O)cc4)cc3)cc2)cc1,260.0,,GREA,533.15,,1,0.0,black
polymer_3978,[*]Nc1ccc(Oc2ccc(S(=O)(=O)c3ccc(Oc4ccc(NC(=O)c5cccc(C([*])=O)c5)cc4)cc3)cc2)cc1,260.0,,GREA,533.15,,1,0.0,black
polymer_3979,[*]Nc1ccc(Oc2ccc(S(=O)(=O)c3ccc(Oc4ccc(NC(=O)c5cccc(N6C(=O)c7ccc(-c8ccc9c(c8)C(=O)N(c8cccc(C([*])=O)c8)C9=O)cc7C6=O)c5)cc4)cc3)cc2)cc1,258.0,,GREA,531.15,,1,0.0,black
polymer_3980,[*]Nc1ccc(Oc2ccc(S(=O)(=O)c3ccc(Oc4ccc(NC(=O)c5cccc(N6C(=O)c7ccc(-c8cccc9c8C(=O)N(c8cccc(C([*])=O)c8)C9=O)cc7C6=O)c5)cc4)cc3)cc2)cc1,263.0,,GREA,536.15,,1,0.0,black
polymer_3981,[*]Nc1ccc(Oc2ccc3cccc(Oc4ccc(NC(=O)c5ccc(C(c6ccc(C([*])=O)cc6)(C(F)(F)F)C(F)(F)F)cc5)cc4)c3c2)cc1,252.0,,GREA,525.15,,1,0.0,black
polymer_3982,[*]Nc1ccc(Oc2ccc3cccc(Oc4ccc(NC(=O)c5ccc(Oc6ccc(C([*])=O)cc6)cc5)cc4)c3c2)cc1,236.0,,GREA,509.15,,1,0.0,black
polymer_3983,[*]Nc1ccc(Oc2ccc3cccc(Oc4ccc(NC(=O)c5ccc(Oc6ccc(Oc7ccc(C([*])=O)cc7)cc6)cc5)cc4)c3c2)cc1,224.0,,GREA,497.15,,1,0.0,black
polymer_3984,[*]Nc1ccc(Oc2ccc3cccc(Oc4ccc(NC(=O)c5ccc(Oc6ccc(S(=O)(=O)c7ccc(Oc8ccc(C([*])=O)cc8)cc7)cc6)cc5)cc4)c3c2)cc1,218.0,,GREA,491.15,,1,0.0,black
polymer_3985,[*]Nc1ccc(Oc2ccc3cccc(Oc4ccc(NC(=O)c5ccc(Oc6cccc(Oc7ccc(C([*])=O)cc7)c6)cc5)cc4)c3c2)cc1,196.0,,GREA,469.15,,1,0.0,black
polymer_3986,[*]Nc1ccc(Oc2ccc3cccc(Oc4ccc(NC(=O)c5ccc(Oc6ccccc6Oc6ccc(C([*])=O)cc6)cc5)cc4)c3c2)cc1,180.0,,GREA,453.15,,1,0.0,black
polymer_3987,[*]Nc1ccc(Oc2ccc3cccc(Oc4ccc(NC(=O)c5ccc(S(=O)(=O)c6ccc(C([*])=O)cc6)cc5)cc4)c3c2)cc1,259.0,,GREA,532.15,,1,0.0,black
polymer_3988,[*]Nc1ccc(Oc2ccc3nc(-c4ccc([N+](=O)[O-])cc4)c(-c4ccc(Oc5ccc(-c6nc7cc(Oc8ccc(NC(=O)c9cc(C([*])=O)cc(N%10C(=O)c%11ccccc%11C%10=O)c9)cc8)ccc7nc6-c6ccc([N+](=O)[O-])cc6)cc5)cc4)nc3c2)cc1,305.0,,GREA,578.15,,1,0.0,black
polymer_3989,[*]Nc1ccc(Oc2ccc3nc(-c4ccc([N+](=O)[O-])cc4)c(-c4ccc(Oc5ccc(-c6nc7cc(Oc8ccc(NC(=O)c9ccc%10c(c9)C(=O)N(c9ccc(C(c%11ccc(N%12C(=O)c%13ccc(C([*])=O)cc%13C%12=O)cc%11)(C(F)(F)F)C(F)(F)F)cc9)C%10=O)cc8)ccc7nc6-c6ccc([N+](=O)[O-])cc6)cc5)cc4)nc3c2)cc1,303.0,,GREA,576.15,,1,0.0,black
polymer_3990,[*]Nc1ccc(Oc2ccc3nc(-c4ccccc4)c(-c4ccc(-c5ccc(-c6nc7cc(Oc8ccc(NC(=O)c9ccc%10c(c9)C(=O)N(c9ccc(C(c%11ccc(N%12C(=O)c%13ccc(C([*])=O)cc%13C%12=O)cc%11)(C(F)(F)F)C(F)(F)F)cc9)C%10=O)cc8)ccc7nc6-c6ccccc6)cc5)cc4)nc3c2)cc1,290.0,,GREA,563.15,,1,0.0,black
polymer_3991,[*]Nc1ccc(Oc2ccc3nc(-c4ccccc4)c(-c4ccc(-c5nc6cc(Oc7ccc(NC(=O)c8cc(C([*])=O)cc(N9C(=O)c%10ccccc%10C9=O)c8)cc7)ccc6nc5-c5ccccc5)cc4)nc3c2)cc1,302.0,,GREA,575.15,,1,0.0,black
polymer_3992,[*]Nc1ccc(Oc2ccc3nc(-c4ccccc4)c(-c4ccc(-c5nc6cc(Oc7ccc(NC(=O)c8ccc9c(c8)C(=O)N(c8ccc(C(c%10ccc(N%11C(=O)c%12ccc(C([*])=O)cc%12C%11=O)cc%10)(C(F)(F)F)C(F)(F)F)cc8)C9=O)cc7)ccc6nc5-c5ccccc5)cc4)nc3c2)cc1,293.0,,GREA,566.15,,1,0.0,black
polymer_3993,[*]Nc1ccc(Oc2ccc3nc(-c4ccccc4)c(-c4ccc(N5C(=O)c6ccc7c8c(ccc(c68)C5=O)C(=O)N(c5ccc(-c6nc8cc(Oc9ccc(NC(=O)c%10cc(C([*])=O)cc(N%11C(=O)c%12c(Cl)c(Cl)c(Cl)c(Cl)c%12C%11=O)c%10)cc9)ccc8nc6-c6ccccc6)cc5)C7=O)cc4)nc3c2)cc1,345.0,,GREA,618.15,,1,0.0,black
polymer_3994,[*]Nc1ccc(Oc2ccc3nc(-c4ccccc4)c(-c4ccc(N5C(=O)c6ccc7c8c(ccc(c68)C5=O)C(=O)N(c5ccc(-c6nc8cc(Oc9ccc(NC(=O)c%10cc(C([*])=O)cc(N%11C(=O)c%12ccccc%12C%11=O)c%10)cc9)ccc8nc6-c6ccccc6)cc5)C7=O)cc4)nc3c2)cc1,345.0,,GREA,618.15,,1,0.0,black
polymer_3995,[*]Nc1ccc(Oc2ccc3nc(-c4ccccc4)c(-c4ccc(Oc5ccc(-c6nc7cc(Oc8ccc(NC(=O)c9cc(C([*])=O)cc(N%10C(=O)c%11c(Cl)c(Cl)c(Cl)c(Cl)c%11C%10=O)c9)cc8)ccc7nc6-c6ccccc6)cc5)cc4)nc3c2)cc1,295.0,,GREA,568.15,,1,0.0,black
polymer_3996,[*]Nc1ccc(Oc2ccc3nc(-c4ccccc4)c(-c4ccc(Oc5ccc(-c6nc7cc(Oc8ccc(NC(=O)c9cc(C([*])=O)cc(N%10C(=O)c%11ccccc%11C%10=O)c9)cc8)ccc7nc6-c6ccccc6)cc5)cc4)nc3c2)cc1,260.0,,GREA,533.15,,1,0.0,black
polymer_3997,[*]Nc1ccc(Oc2ccc3nc(-c4ccccc4)c(-c4ccc(Oc5ccc(-c6nc7cc(Oc8ccc(NC(=O)c9ccc%10c(c9)C(=O)N(c9ccc(C(c%11ccc(N%12C(=O)c%13ccc(C([*])=O)cc%13C%12=O)cc%11)(C(F)(F)F)C(F)(F)F)cc9)C%10=O)cc8)ccc7nc6-c6ccccc6)cc5)cc4)nc3c2)cc1,289.0,,GREA,562.15,,1,0.0,black
polymer_3998,[*]Nc1ccc(Oc2cccc(NC(=O)c3ccc(C([*])=O)cc3)c2)cc1,280.0,,GREA,553.15,,1,0.0,black
polymer_3999,[*]Nc1ccc(Oc2cccc(NC(=O)c3ccc(Oc4ccc5ccc(Oc6ccc(C([*])=O)cc6)cc5c4)cc3)c2)cc1,164.0,,GREA,437.15,,1,0.0,black
polymer_4000,[*]Nc1ccc(Oc2cccc(NC(=O)c3ccc4c(c3)C(=O)N(c3ccc(-c5sc(-c6ccc(N7C(=O)c8ccc(C([*])=O)cc8C7=O)cc6)c(-c6ccccc6)c5-c5ccccc5)cc3)C4=O)c2)cc1,315.0,,GREA,588.15,,1,0.0,black
polymer_4001,[*]Nc1ccc(Oc2cccc(NC(=O)c3ccc4c(c3)C(=O)N(c3ccc(Oc5ccc(C6(c7ccc(Oc8ccc(N9C(=O)c%10ccc(C([*])=O)cc%10C9=O)cc8)cc7)NC(=O)c7ccccc76)cc5)cc3)C4=O)c2)cc1,302.0,,GREA,575.15,,1,0.0,black
polymer_4002,[*]Nc1ccc(Oc2cccc(NC(=O)c3ccc4c(c3)C(=O)N(c3ccc(Oc5ccc(N6C(=O)c7ccc(C([*])=O)cc7C6=O)cc5)cc3)C4=O)c2)cc1,236.0,,GREA,509.15,,1,0.0,black
polymer_4003,[*]Nc1ccc(Oc2cccc(NC(=O)c3ccc4c(c3)C(=O)N(c3ccc(Oc5ccc6ccc(Oc7ccc(N8C(=O)c9ccc(C([*])=O)cc9C8=O)cc7)cc6c5)cc3)C4=O)c2)cc1,263.0,,GREA,536.15,,1,0.0,black
polymer_4004,[*]Nc1ccc(Oc2cccc(NC(=O)c3ccc4c(c3)C(=O)N(c3ccc(Oc5cccc(N6C(=O)c7ccc(C([*])=O)cc7C6=O)c5)cc3)C4=O)c2)cc1,211.0,,GREA,484.15,,1,0.0,black
polymer_4005,[*]Nc1ccc(Oc2cccc(Oc3ccc(NC(=O)c4ccc(N5C(=O)c6ccc(C(c7ccc8c(c7)C(=O)N(c7ccc(C([*])=O)cc7)C8=O)(C(F)(F)F)C(F)(F)F)cc6C5=O)cc4)cc3)c2)cc1,286.0,,GREA,559.15,,1,0.0,black
polymer_4006,[*]Nc1ccc(Oc2cccc(Oc3ccc(NC(=O)c4ccc(Oc5cccc(Oc6ccc(C([*])=O)cc6)c5)cc4)cc3)c2)cc1,176.5,,GREA,449.65,,1,0.0,black
polymer_4007,[*]Nc1ccc(Oc2cccc(Oc3ccc(NC(=O)c4ccc5c(c4)C(=O)N(c4ccc(Oc6ccc(C7(c8ccc(Oc9ccc(N%10C(=O)c%11ccc(C([*])=O)cc%11C%10=O)cc9)cc8)NC(=O)c8ccccc87)cc6)cc4)C5=O)cc3)c2)cc1,288.0,,GREA,561.15,,1,0.0,black
polymer_4008,[*]Nc1ccc(Oc2cccc(Oc3ccc(NC(=O)c4ccc5c(c4)C(=O)N(c4ccc(Sc6ccc(Oc7ccc(Sc8ccc(N9C(=O)c%10ccc(C([*])=O)cc%10C9=O)cc8)cc7)cc6)cc4)C5=O)cc3)c2)cc1,179.0,,GREA,452.15,,1,0.0,black
polymer_4009,[*]Nc1ccc(Oc2cccc(Oc3ccc(NC(=O)c4cccc(N5C(=O)c6ccc(-c7ccc8c(c7)C(=O)N(c7cccc(C([*])=O)c7)C8=O)cc6C5=O)c4)cc3)c2)cc1,253.0,,GREA,526.15,,1,0.0,black
polymer_4010,[*]Nc1ccc(Oc2cccc(Oc3ccc(NC(=O)c4cccc(N5C(=O)c6ccc(C(c7ccc8c(c7)C(=O)N(c7cccc(C([*])=O)c7)C8=O)(C(F)(F)F)C(F)(F)F)cc6C5=O)c4)cc3)c2)cc1,264.0,,GREA,537.15,,1,0.0,black
polymer_4011,[*]Nc1ccc(Oc2cccc(Oc3ccc(NC(=O)c4cccc(N5C(=O)c6cccc(-c7ccc8c(c7)C(=O)N(c7cccc(C([*])=O)c7)C8=O)c6C5=O)c4)cc3)c2)cc1,253.0,,GREA,526.15,,1,0.0,black
polymer_4012,[*]Nc1ccc(Oc2cccc3c(NC(=O)c4ccc5c(c4)C(=O)N(c4ccc(Oc6cccc7c(N8C(=O)c9ccc(C([*])=O)cc9C8=O)cccc67)cc4)C5=O)cccc23)cc1,276.0,,GREA,549.15,,1,0.0,black
polymer_4013,[*]Nc1ccc(Oc2cccc3ccc(Oc4ccc(NC(=O)c5cccc(C([*])=O)c5)cc4)cc23)cc1,256.0,,GREA,529.15,,1,0.0,black
polymer_4014,[*]Nc1ccc(Oc2ccccc2-c2ccccc2Oc2ccc(NC(=O)Nc3ccc4c(c3)C(=O)N(c3ccc(-c5cc(-c6ccc(-c7ccccc7)cc6)cc(-c6ccc(N7C(=O)c8ccc(NC([*])=O)cc8C7=O)cc6)n5)cc3)C4=O)cc2)cc1,249.0,,GREA,522.15,,1,0.0,black
polymer_4015,[*]Nc1ccc(Oc2ccccc2-c2ccccc2Oc2ccc(NC(=O)Nc3ccc4c(c3)C(=O)N(c3ccc(Oc5ccc6ccccc6c5-c5c(Oc6ccc(N7C(=O)c8ccc(NC([*])=O)cc8C7=O)cc6)ccc6ccccc56)cc3)C4=O)cc2)cc1,285.0,,GREA,558.15,,1,0.0,black
polymer_4016,[*]Nc1ccc(Oc2ccccc2-c2ccccc2Oc2ccc(NC(=O)c3ccc4c(c3)C(=O)N(c3ccc(Cc5ccc(N6C(=O)c7ccc(C([*])=O)cc7C6=O)cc5)cc3)C4=O)cc2)cc1,240.0,,GREA,513.15,,1,0.0,black
polymer_4017,[*]Nc1ccc(Oc2ccccc2-c2ccccc2Oc2ccc(NC(=O)c3ccc4c(c3)C(=O)N(c3ccc(N5C(=O)c6ccc(C([*])=O)cc6C5=O)cc3)C4=O)cc2)cc1,268.0,,GREA,541.15,,1,0.0,black
polymer_4018,[*]Nc1ccc(Oc2ccccc2-c2ccccc2Oc2ccc(NC(=O)c3ccc4c(c3)C(=O)N(c3ccc(Oc5ccc(-c6ccc(Oc7ccc(N8C(=O)c9ccc(C([*])=O)cc9C8=O)cc7)cc6)cc5)cc3)C4=O)cc2)cc1,239.0,,GREA,512.15,,1,0.0,black
polymer_4019,[*]Nc1ccc(Oc2ccccc2-c2ccccc2Oc2ccc(NC(=O)c3ccc4c(c3)C(=O)N(c3ccc(Oc5ccc(N6C(=O)c7ccc(C([*])=O)cc7C6=O)cc5)cc3)C4=O)cc2)cc1,239.0,,GREA,512.15,,1,0.0,black
polymer_4020,[*]Nc1ccc(Oc2ccccc2-c2ccccc2Oc2ccc(NC(=O)c3ccc4c(c3)C(=O)N(c3ccc(Oc5ccc(Oc6ccc(N7C(=O)c8ccc(C([*])=O)cc8C7=O)cc6)cc5)cc3)C4=O)cc2)cc1,238.0,,GREA,511.15,,1,0.0,black
polymer_4021,[*]Nc1ccc(Oc2ccccc2-c2ccccc2Oc2ccc(NC(=O)c3ccc4c(c3)C(=O)N(c3ccc(Oc5ccc(S(=O)(=O)c6ccc(Oc7ccc(N8C(=O)c9ccc(C([*])=O)cc9C8=O)cc7)cc6)cc5)cc3)C4=O)cc2)cc1,236.0,,GREA,509.15,,1,0.0,black
polymer_4022,[*]Nc1ccc(Oc2ccccc2-c2ccccc2Oc2ccc(NC(=O)c3ccc4c(c3)C(=O)N(c3ccc(Oc5cccc(Oc6ccc(N7C(=O)c8ccc(C([*])=O)cc8C7=O)cc6)c5)cc3)C4=O)cc2)cc1,229.0,,GREA,502.15,,1,0.0,black
polymer_4023,[*]Nc1ccc(Oc2ccccc2-c2ccccc2Oc2ccc(NC(=O)c3ccc4c(c3)C(=O)N(c3ccc(Oc5ccccc5-c5ccccc5Oc5ccc(N6C(=O)c7ccc(C([*])=O)cc7C6=O)cc5)cc3)C4=O)cc2)cc1,227.0,,GREA,500.15,,1,0.0,black
polymer_4024,[*]Nc1ccc(Oc2ccccc2-c2ccccc2Oc2ccc(NC(=O)c3ccc4c(c3)C(=O)N(c3cccc(N5C(=O)c6ccc(C([*])=O)cc6C5=O)c3)C4=O)cc2)cc1,237.0,,GREA,510.15,,1,0.0,black
polymer_4025,[*]Nc1ccc(Oc2ccccc2Oc2ccc(NC(=O)c3ccc(N4C(=O)c5ccc(C(c6ccc7c(c6)C(=O)N(c6ccc(C([*])=O)cc6)C7=O)(C(F)(F)F)C(F)(F)F)cc5C4=O)cc3)cc2)cc1,281.0,,GREA,554.15,,1,0.0,black
polymer_4026,[*]Nc1ccc(Oc2ccccc2Oc2ccc(NC(=O)c3cccc(N4C(=O)c5ccc(C(c6ccc7c(c6)C(=O)N(c6cccc(C([*])=O)c6)C7=O)(C(F)(F)F)C(F)(F)F)cc5C4=O)c3)cc2)cc1,265.0,,GREA,538.15,,1,0.0,black
polymer_4027,[*]Nc1ccc(S(=O)(=O)c2ccc(-n3c(=O)c4cc5c(=O)n(-c6ccc(S(=O)(=O)c7ccc(NC(=O)c8cccc(C([*])=O)c8)cc7)cc6)c(=O)c5cc4c3=O)cc2)cc1,286.0,,GREA,559.15,,1,0.0,black
polymer_4028,[*]Nc1ccc(S(=O)(=O)c2ccc(N3C(=O)CC(N4C(=O)c5ccc(C([*])=O)cc5C4=O)C3=O)cc2)cc1,145.0,,GREA,418.15,,1,0.0,black
polymer_4029,[*]Nc1ccc(S(=O)(=O)c2ccc(N3C(=O)c4ccc(C(=O)c5ccc6c(c5)C(=O)N(c5ccc(S(=O)(=O)c7ccc(NC(=O)c8cccc(C([*])=O)c8)cc7)cc5)C6=O)cc4C3=O)cc2)cc1,226.0,,GREA,499.15,,1,0.0,black
polymer_4030,[*]Nc1ccc(S(=O)(=O)c2ccc(NC(=O)c3cc(C([*])=O)cc(S(=O)(=O)c4ccccc4)c3)cc2)cc1,307.0,,GREA,580.15,,1,0.0,black
polymer_4031,[*]Nc1ccc(S(=O)(=O)c2ccc(NC(=O)c3ccc(Oc4ccc(C(=O)c5ccc(S(=O)(=O)c6ccc(C(=O)c7ccc(Oc8ccc(C([*])=O)cc8)cc7)cc6)cc5)cc4)cc3)cc2)cc1,260.0,,GREA,533.15,,1,0.0,black
polymer_4032,[*]Nc1ccc(S(=O)(=O)c2ccc(NC(=O)c3ccc(Oc4nc(Oc5ccc(C([*])=O)cc5)nc(Sc5ccccc5)n4)cc3)cc2)cc1,310.0,,GREA,583.15,,1,0.0,black
polymer_4033,[*]Nc1ccc(S(=O)(=O)c2ccc(NC(=O)c3ccc4[nH]c(-c5cc(-c6nc7cc(C([*])=O)ccc7[nH]6)cc(N6C(=O)c7ccccc7C6=O)c5)nc4c3)cc2)cc1,325.0,,GREA,598.15,,1,0.0,black
polymer_4034,[*]Nc1ccc(S(=O)(=O)c2ccc(NC(=O)c3ccc4[nH]c(-c5cccc(-c6nc7cc(C([*])=O)ccc7[nH]6)c5)nc4c3)cc2)cc1,312.0,,GREA,585.15,,1,0.0,black
polymer_4035,[*]Nc1ccc(S(=O)(=O)c2ccc(NC(=O)c3ccc4c(c3)C(=O)N(CCCCCCN3C(=O)c5ccc(C([*])=O)cc5C3=O)C4=O)cc2)cc1,198.0,,GREA,471.15,,1,0.0,black
polymer_4036,[*]Nc1ccc(S(=O)(=O)c2ccc(NC(=O)c3ccc4c(c3)C(=O)N(c3cc(-c5nc6ccccc6o5)cc(N5C(=O)c6ccc(C([*])=O)cc6C5=O)c3)C4=O)cc2)cc1,367.0,,GREA,640.15,,1,0.0,black
polymer_4037,[*]Nc1ccc(S(=O)(=O)c2ccc(NC(=O)c3ccc4c(c3)C(=O)N(c3cc(-c5nc6ccccc6s5)cc(N5C(=O)c6ccc(C([*])=O)cc6C5=O)c3)C4=O)cc2)cc1,357.0,,GREA,630.15,,1,0.0,black
polymer_4038,[*]Nc1ccc(S(=O)(=O)c2ccc(NC(=O)c3ccc4c(c3)C(=O)N(c3ccc(-c5sc(-c6ccc(N7C(=O)c8ccc(C([*])=O)cc8C7=O)cc6)c(-c6ccccc6)c5-c5ccccc5)cc3)C4=O)cc2)cc1,340.0,,GREA,613.15,,1,0.0,black
polymer_4039,[*]Nc1ccc(S(=O)(=O)c2ccc(NC(=O)c3ccc4c(c3)C(=O)N(c3ccc(C([*])=O)cc3)C4=O)cc2)cc1,252.0,,GREA,525.15,,1,0.0,black
polymer_4040,[*]Nc1ccc(S(=O)(=O)c2ccc(NC(=O)c3ccc4c(c3)C(=O)N(c3ccc(Oc5ccc(N6C(=O)c7ccc(C([*])=O)cc7C6=O)cc5)cc3)C4=O)cc2)cc1,275.0,,GREA,548.15,,1,0.0,black
polymer_4041,[*]Nc1ccc(S(=O)(=O)c2ccc(NC(=O)c3ccc4c(c3)C(=O)N(c3ccc(S(=O)(=O)c5ccc(N6C(=O)c7ccc(C([*])=O)cc7C6=O)cc5)cc3)C4=O)cc2)cc1,307.0,,GREA,580.15,,1,0.0,black
polymer_4042,[*]Nc1ccc(S(=O)(=O)c2ccc(NC(=O)c3ccc4c(c3)C(=O)N(c3cccc(N5C(=O)c6ccc(C([*])=O)cc6C5=O)c3)C4=O)cc2)cc1,342.0,,GREA,615.15,,1,0.0,black
polymer_4043,[*]Nc1ccc(S(=O)(=O)c2ccc(NC(=O)c3ccc4c(c3)C(=O)N(c3cccc(P(=O)(c5ccccc5)c5cccc(N6C(=O)c7ccc(C([*])=O)cc7C6=O)c5)c3)C4=O)cc2)cc1,241.0,,GREA,514.15,,1,0.0,black
polymer_4044,[*]Nc1ccc(S(=O)(=O)c2ccc(NC(=O)c3cccc(C([*])=O)c3)cc2)cc1,78.0,,GREA,351.15,,1,0.0,black
polymer_4045,[*]Nc1ccc(S(=O)(=O)c2ccc(NC(=O)c3cccc(Oc4nc(Oc5cccc(C([*])=O)c5)nc(Sc5ccccc5)n4)c3)cc2)cc1,304.0,,GREA,577.15,,1,0.0,black
polymer_4046,[*]Nc1ccc(S(=O)(=O)c2cccc(NC(=O)c3ccc4c(c3)C(=O)N(CCCCCCN3C(=O)c5ccc(C([*])=O)cc5C3=O)C4=O)c2)cc1,190.0,,GREA,463.15,,1,0.0,black
polymer_4047,[*]Nc1ccc(Sc2ccc(NC(=O)c3ccc4c(c3)C(=O)N(c3ccc(Oc5ccc(C6(c7ccc(Oc8ccc(N9C(=O)c%10ccc(C([*])=O)cc%10C9=O)cc8)cc7)NC(=O)c7ccccc76)cc5)cc3)C4=O)cc2)cc1,312.0,,GREA,585.15,,1,0.0,black
polymer_4048,[*]Nc1ccc(Sc2ccc(NC(=O)c3ccc4c(c3)C(=O)N(c3ccc(Oc5ccc(N6C(=O)c7ccc(C([*])=O)cc7C6=O)cc5)cc3)C4=O)cc2)cc1,284.0,,GREA,557.15,,1,0.0,black
polymer_4049,[*]Nc1ccc(Sc2ccc(Nc3ccc([*])cc3)cc2)cc1,114.0,,GREA,387.15,,1,0.0,black
polymer_4050,[*]Nc1ccc([*])cc1,75.30000000000001,,GREA,348.45,,1,0.0,black
polymer_4051,[*]Nc1ccc([*])cc1C,-71.39999999999998,,GREA,201.75,,1,0.0,black
polymer_4052,[*]Nc1ccc([*])cc1OC,90.0,,GREA,363.15,,1,0.0,black
polymer_4053,[*]Nc1ccc([*])cc1OCCCCCCCCCC,77.0,,GREA,350.15,,1,0.0,black
polymer_4054,[*]Nc1ccc([*])cc1OCCCCCCCCCCCC,87.0,,GREA,360.15,,1,0.0,black
polymer_4055,[*]Nc1ccc([*])cc1OCCCCCCCCCCCCCCCC,92.0,,GREA,365.15,,1,0.0,black
polymer_4056,[*]Nc1ccc([*])cc1OCCCCCCCCCCOc1ccc(C2CCC(CCCCC)CC2)cc1,64.5,,GREA,337.65,,1,0.0,black
polymer_4057,[*]Nc1ccc2[nH]c(-c3cccc(NC(=O)c4ccc(OCCOCCOCCOCCOCCOc5ccc(C([*])=O)cc5)cc4)c3)nc2c1,140.0,,GREA,413.15,,1,0.0,black
polymer_4058,[*]Nc1ccc2[nH]c(-c3cccc(NC(=O)c4ccc(OCCOCCOCCOCCOc5ccc(C([*])=O)cc5)cc4)c3)nc2c1,155.0,,GREA,428.15,,1,0.0,black
polymer_4059,[*]Nc1ccc2[nH]c(-c3cccc(NC(=O)c4ccc(OCCOCCOCCOc5ccc(C([*])=O)cc5)cc4)c3)nc2c1,180.0,,GREA,453.15,,1,0.0,black
polymer_4060,[*]Nc1ccc2[nH]c(-c3cccc(NC(=O)c4ccc(OCCOCCOc5ccc(C([*])=O)cc5)cc4)c3)nc2c1,215.0,,GREA,488.15,,1,0.0,black
polymer_4061,[*]Nc1ccc2[nH]c(-c3cccc(NC(=O)c4ccc(OCCOc5ccc(C([*])=O)cc5)cc4)c3)nc2c1,250.0,,GREA,523.15,,1,0.0,black
polymer_4062,[*]Nc1ccc2c(c1)-c1cc(NC(=O)c3ccc4c(c3)C(=O)N(c3cccc(P(=O)(c5ccccc5)c5cccc(N6C(=O)c7ccc(C([*])=O)cc7C6=O)c5)c3)C4=O)ccc1C2,248.0,,GREA,521.15,,1,0.0,black
polymer_4063,[*]Nc1ccc2c(c1)C(=O)N(c1ccc(-c3cc(-c4ccc(-c5ccccc5)cc4)cc(-c4ccc(N5C(=O)c6ccc(NC(=O)Nc7cccc(NC([*])=O)n7)cc6C5=O)cc4)n3)cc1)C2=O,248.0,,GREA,521.15,,1,0.0,black
polymer_4064,[*]Nc1ccc2c(c1)C(=O)N(c1ccc(-c3cc(-c4ccc(-c5ccccc5)cc4)cc(-c4ccc(N5C(=O)c6ccc(NC(=O)Nc7cccc8c(NC([*])=O)cccc78)cc6C5=O)cc4)n3)cc1)C2=O,254.0,,GREA,527.15,,1,0.0,black
polymer_4065,[*]Nc1ccc2c(c1)C(=O)N(c1ccc(Oc3ccc4ccccc4c3-c3c(Oc4ccc(N5C(=O)c6ccc(NC(=O)Nc7cccc(NC([*])=O)n7)cc6C5=O)cc4)ccc4ccccc34)cc1)C2=O,283.0,,GREA,556.15,,1,0.0,black
polymer_4066,[*]Nc1ccc2c(c1)C(=O)N(c1ccc(Oc3ccc4ccccc4c3-c3c(Oc4ccc(N5C(=O)c6ccc(NC(=O)Nc7cccc8c(NC([*])=O)cccc78)cc6C5=O)cc4)ccc4ccccc34)cc1)C2=O,297.0,,GREA,570.15,,1,0.0,black
polymer_4067,[*]Nc1ccc2c(c1)C(=O)N(c1cccc(P(=O)(c3ccccc3)c3cccc(N4C(=O)c5ccc(NC(=O)OCCOc6ccc(C(c7ccc(OCCOC([*])=O)cc7)(C(F)(F)F)C(F)(F)F)cc6)cc5C4=O)c3)c1)C2=O,214.0,,GREA,487.15,,1,0.0,black
polymer_4068,[*]Nc1ccc2c(c1)C(=O)N(c1cccc(P(=O)(c3ccccc3)c3cccc(N4C(=O)c5ccc(NC(=O)OCCOc6ccc(P(=O)(c7ccccc7)c7ccc(OCCOC([*])=O)cc7)cc6)cc5C4=O)c3)c1)C2=O,218.0,,GREA,491.15,,1,0.0,black
polymer_4069,[*]Nc1ccc2ccccc2c1-c1c(NC(=O)c2ccc3c(c2)C(=O)N(c2ccc(Cc4ccc(N5C(=O)c6ccc(C([*])=O)cc6C5=O)cc4)cc2)C3=O)ccc2ccccc12,285.4,,Qiu,558.55,,1,0.0,black
polymer_4070,[*]Nc1ccc2ccccc2c1-c1c(NC(=O)c2ccc3c(c2)C(=O)N(c2ccc(Oc4ccc(N5C(=O)c6ccc(C([*])=O)cc6C5=O)cc4)cc2)C3=O)ccc2ccccc12,287.80000000000007,,Qiu,560.95,,1,0.0,black
polymer_4071,[*]Nc1cccc(-n2c(=O)c3cc4c(=O)n(-c5ccc(C([*])=O)cc5)c(=O)c4cc3c2=O)c1,390.0,,GREA,663.15,,1,0.0,black
polymer_4072,[*]Nc1cccc(-n2c(=O)c3cc4c(=O)n(-c5cccc(NC(=O)c6cccc(C([*])=O)c6)c5)c(=O)c4cc3c2=O)c1,338.0,,GREA,611.15,,1,0.0,black
polymer_4073,[*]Nc1cccc(C(=O)Nc2cccc(NC(=O)c3ccc4[nH]c(-c5ccc(-c6nc7cc(C([*])=O)ccc7[nH]6)cc5)nc4c3)c2)c1,312.0,,GREA,585.15,,1,0.0,black
polymer_4074,[*]Nc1cccc(C(=O)Nc2cccc(NC(=O)c3ccc4[nH]c(-c5ccc(C([*])=O)cc5)nc4c3)c2)c1,292.0,,GREA,565.15,,1,0.0,black
polymer_4075,[*]Nc1cccc(C(=O)c2ccc(NC(=O)c3cccc(C(=O)c4ccc(C([*])=O)cc4)c3)cc2)c1,215.0,,GREA,488.15,,1,0.0,black
polymer_4076,[*]Nc1cccc(C(=O)c2ccc(Oc3ccc(C(=O)c4ccc(NC(=O)c5cccc(C([*])=O)c5)cc4)cc3)cc2)c1,204.0,,GREA,477.15,,1,0.0,black
polymer_4077,[*]Nc1cccc(C(=O)c2ccc(Oc3ccc(C(=O)c4cccc(NC(=O)c5ccc(C([*])=O)cc5)c4)cc3)cc2)c1,189.0,,GREA,462.15,,1,0.0,black
polymer_4078,[*]Nc1cccc(C(=O)c2ccc(Oc3ccc(C(=O)c4cccc(NC(=O)c5cccc(C([*])=O)c5)c4)cc3)cc2)c1,191.0,,GREA,464.15,,1,0.0,black
polymer_4079,[*]Nc1cccc(C(=O)c2ccc(Oc3ccc(Oc4ccc(C(=O)c5cccc(NC(=O)c6ccc(C([*])=O)cc6)c5)cc4)cc3)cc2)c1,210.0,,GREA,483.15,,1,0.0,black
polymer_4080,[*]Nc1cccc(C(=O)c2ccc(Oc3ccc(Oc4ccc(C(=O)c5cccc(NC(=O)c6cccc(C([*])=O)c6)c5)cc4)cc3)cc2)c1,202.0,,GREA,475.15,,1,0.0,black
polymer_4081,[*]Nc1cccc(C(=O)c2cccc(NC(=O)c3ccc4c(c3)C(=O)N(c3ccc(-c5sc(-c6ccc(N7C(=O)c8ccc(C([*])=O)cc8C7=O)cc6)c(-c6ccccc6)c5-c5ccccc5)cc3)C4=O)c2)c1,308.0,,GREA,581.15,,1,0.0,black
polymer_4082,[*]Nc1cccc(N2C(=O)CC(N3C(=O)c4ccc(C([*])=O)cc4C3=O)C2=O)c1,130.0,,GREA,403.15,,1,0.0,black
polymer_4083,[*]Nc1cccc(N2C(=O)c3ccc(C(=O)c4ccc5c(c4)C(=O)N(c4ccc(C([*])=O)cc4)C5=O)cc3C2=O)c1,311.0,,GREA,584.15,,1,0.0,black
polymer_4084,[*]Nc1cccc(N2C(=O)c3ccc(C(=O)c4ccc5c(c4)C(=O)N(c4cccc(C([*])=O)c4)C5=O)cc3C2=O)c1,287.0,,GREA,560.15,,1,0.0,black
polymer_4085,[*]Nc1cccc(N2C(=O)c3ccc(C(=O)c4ccc5c(c4)C(=O)N(c4cccc(NC(=O)c6cccc(C([*])=O)c6)c4)C5=O)cc3C2=O)c1,204.0,,GREA,477.15,,1,0.0,black
polymer_4086,[*]Nc1cccc(N2C(=O)c3ccc(C(=O)c4ccc5c(c4)C(=O)N(c4cccc(Nc6nc([*])nc(N(C)C)n6)c4)C5=O)cc3C2=O)c1,294.0,,GREA,567.15,,1,0.0,black
polymer_4087,[*]Nc1cccc(NC(=C(C#N)C#N)c2cccc(C([*])=C(C#N)C#N)c2)c1,278.0,,GREA,551.15,,1,0.0,black
polymer_4088,[*]Nc1cccc(NC(=O)c2cc(C([*])=O)cc(S(=O)(=O)c3ccccc3)c2)c1,277.0,,GREA,550.15,,1,0.0,black
polymer_4089,[*]Nc1cccc(NC(=O)c2cc(NC(=O)C34CC5CC(CC(C5)C3)C4)cc(C([*])=O)c2)c1,365.0,,GREA,638.15,,1,0.0,black
polymer_4090,[*]Nc1cccc(NC(=O)c2ccc(C([*])=O)cc2)c1,238.0,,GREA,511.15,,1,0.0,black
polymer_4091,[*]Nc1cccc(NC(=O)c2ccc(Oc3ccc4ccc(Oc5ccc(C([*])=O)cc5)cc4c3)cc2)c1,168.0,,GREA,441.15,,1,0.0,black
polymer_4092,[*]Nc1cccc(NC(=O)c2ccc3[nH]c(-c4cc(-c5nc6cc(C([*])=O)ccc6[nH]5)cc(N5C(=O)c6ccccc6C5=O)c4)nc3c2)c1,304.0,,GREA,577.15,,1,0.0,black
polymer_4093,[*]Nc1cccc(NC(=O)c2ccc3[nH]c(-c4cc(-c5nc6cc(C([*])=O)ccc6[nH]5)cc(N5C(=O)c6ccccc6C5=O)c4)nc3c2)n1,312.0,,GREA,585.15,,1,0.0,black
polymer_4094,[*]Nc1cccc(NC(=O)c2ccc3[nH]c(-c4ccc(-c5nc6cc(C([*])=O)ccc6[nH]5)cc4)nc3c2)c1,294.0,,GREA,567.15,,1,0.0,black
polymer_4095,[*]Nc1cccc(NC(=O)c2ccc3[nH]c(-c4ccc(C([*])=O)cc4)nc3c2)c1,325.0,,GREA,598.15,,1,0.0,black
polymer_4096,[*]Nc1cccc(NC(=O)c2ccc3[nH]c(-c4cccc(-c5nc6cc(C([*])=O)ccc6[nH]5)c4)nc3c2)c1,297.5,,GREA,570.65,,1,0.0,black
polymer_4097,[*]Nc1cccc(NC(=O)c2ccc3[nH]c(-c4cccc(-c5nc6cc(C([*])=O)ccc6[nH]5)c4)nc3c2)n1,302.0,,GREA,575.15,,1,0.0,black
polymer_4098,[*]Nc1cccc(NC(=O)c2ccc3c(c2)C(=O)N(c2cc(-c4nc5ccccc5o4)cc(N4C(=O)c5ccc(C([*])=O)cc5C4=O)c2)C3=O)n1,365.0,,GREA,638.15,,1,0.0,black
polymer_4099,[*]Nc1cccc(NC(=O)c2ccc3c(c2)C(=O)N(c2cc(-c4nc5ccccc5s4)cc(N4C(=O)c5ccc(C([*])=O)cc5C4=O)c2)C3=O)n1,358.0,,GREA,631.15,,1,0.0,black
polymer_4100,[*]Nc1cccc(NC(=O)c2ccc3c(c2)C(=O)N(c2ccc(-c4sc(-c5ccc(N6C(=O)c7ccc(C([*])=O)cc7C6=O)cc5)c(-c5ccccc5)c4-c4ccccc4)cc2)C3=O)c1,334.0,,GREA,607.15,,1,0.0,black
polymer_4101,[*]Nc1cccc(NC(=O)c2ccc3c(c2)C(=O)N(c2ccc(C([*])=O)cc2)C3=O)c1,240.0,,GREA,513.15,,1,0.0,black
polymer_4102,[*]Nc1cccc(NC(=O)c2ccc3c(c2)C(=O)N(c2ccc(Oc4ccc(C5(c6ccc(Oc7ccc(N8C(=O)c9ccc(C([*])=O)cc9C8=O)cc7)cc6)NC(=O)c6ccccc65)cc4)cc2)C3=O)c1,328.0,,GREA,601.15,,1,0.0,black
polymer_4103,[*]Nc1cccc(NC(=O)c2ccc3c(c2)C(=O)N(c2ccc(Oc4ccc5ccc(Oc6ccc(N7C(=O)c8ccc(C([*])=O)cc8C7=O)cc6)cc5c4)cc2)C3=O)c1,286.0,,GREA,559.15,,1,0.0,black
polymer_4104,[*]Nc1cccc(NC(=O)c2ccc3c(c2)C(=O)N(c2ccc(Oc4cccc5c(N6C(=O)c7ccc(C([*])=O)cc7C6=O)cccc45)cc2)C3=O)n1,293.0,,GREA,566.15,,1,0.0,black
polymer_4105,[*]Nc1cccc(NC(=O)c2ccc3c(c2)C(=O)N(c2ccc(Oc4cccc5c(Oc6ccc(N7C(=O)c8ccc(C([*])=O)cc8C7=O)cc6)cccc45)cc2)C3=O)c1,263.0,,GREA,536.15,,1,0.0,black
polymer_4106,[*]Nc1cccc(NC(=O)c2ccc3c(c2)C(=O)N(c2ccc(S(=O)(=O)c4ccc(N5C(=O)c6ccc(C([*])=O)cc6C5=O)cc4)cc2)C3=O)c1,311.0,,GREA,584.15,,1,0.0,black
polymer_4107,[*]Nc1cccc(NC(=O)c2ccc3c(c2)C(=O)N(c2cccc(N4C(=O)c5ccc(C([*])=O)cc5C4=O)c2)C3=O)n1,339.0,,GREA,612.15,,1,0.0,black
polymer_4108,[*]Nc1cccc(NC(=O)c2ccc3c(c2)C(=O)N(c2cccc(P(=O)(c4ccccc4)c4cccc(N5C(=O)c6ccc(C([*])=O)cc6C5=O)c4)c2)C3=O)n1,156.0,,GREA,429.15,,1,0.0,black
polymer_4109,[*]Nc1cccc(NC(=O)c2cccc(C([*])=O)c2)c1,275.0,,GREA,548.15,,1,0.0,black
polymer_4110,[*]Nc1cccc(NC(=O)c2cccc(NC(=O)c3ccc4[nH]c(-c5cccc(-c6nc7cc(C([*])=O)ccc7[nH]6)c5)nc4c3)c2)c1,331.0,,GREA,604.15,,1,0.0,black
polymer_4111,[*]Nc1cccc(OCCCCCCCCOc2cccc(NC(=O)c3ccc(C([*])=O)cc3)c2)c1,122.0,,GREA,395.15,,1,0.0,black
polymer_4112,[*]Nc1cccc(OCCCCCCCCOc2cccc(NC(=O)c3cccc(C([*])=O)c3)c2)c1,117.0,,GREA,390.15,,1,0.0,black
polymer_4113,[*]Nc1cccc(OCCCCCOc2cccc(NC(=O)c3ccc(C([*])=O)cc3)c2)c1,135.0,,GREA,408.15,,1,0.0,black
polymer_4114,[*]Nc1cccc(OCCCCCOc2cccc(NC(=O)c3cccc(C([*])=O)c3)c2)c1,131.5,,GREA,404.65,,1,0.0,black
polymer_4115,[*]Nc1cccc(OCCOCCOCCOc2cccc(NC(=O)c3ccc(C([*])=O)cc3)c2)c1,116.0,,GREA,389.15,,1,0.0,black
polymer_4116,[*]Nc1cccc(OCCOCCOCCOc2cccc(NC(=O)c3cccc(C([*])=O)c3)c2)c1,111.0,,GREA,384.15,,1,0.0,black
polymer_4117,[*]Nc1cccc(OCCOCCOc2cccc(NC(=O)c3ccc(C([*])=O)cc3)c2)c1,140.0,,GREA,413.15,,1,0.0,black
polymer_4118,[*]Nc1cccc(OCCOCCOc2cccc(NC(=O)c3cccc(C([*])=O)c3)c2)c1,128.5,,GREA,401.65,,1,0.0,black
polymer_4119,[*]Nc1cccc(Oc2ccc(-c3nnc(-c4ccc(Oc5cccc(NC(=O)c6cc(C([*])=O)cc(N7C(=O)c8c(Cl)c(Cl)c(Cl)c(Cl)c8C7=O)c6)c5)cc4)o3)cc2)c1,275.0,,GREA,548.15,,1,0.0,black
polymer_4120,[*]Nc1cccc(Oc2ccc(-c3nnc(-c4ccc(Oc5cccc(NC(=O)c6cc(C([*])=O)cc(N7C(=O)c8ccccc8C7=O)c6)c5)cc4)o3)cc2)c1,245.0,,GREA,518.15,,1,0.0,black
polymer_4121,[*]Nc1cccc(Oc2ccc(-c3nnc(-c4ccc(Oc5cccc(NC(=O)c6ccc(C([*])=O)cc6Oc6ccccc6)c5)cc4)o3)cc2)c1,234.0,,GREA,507.15,,1,0.0,black
polymer_4122,[*]Nc1cccc(Oc2ccc(C(=O)c3ccc(Oc4cccc(NC(=O)c5ccc(C([*])=O)cn5)c4)cc3)cc2)c1,154.0,,GREA,427.15,,1,0.0,black
polymer_4123,[*]Nc1cccc(Oc2ccc(NC(=O)c3cc(C([*])=O)cc(C(F)(F)C(F)(F)C(F)(F)C(F)(F)C(F)(F)C(F)(F)C(F)(F)C(F)(F)F)c3)cc2)c1,210.0,,GREA,483.15,,1,0.0,black
polymer_4124,[*]Nc1cccc(Oc2ccc(NC(=O)c3cc(C([*])=O)cc(C(F)(F)C(F)(F)C(F)(F)C(F)(F)F)c3)cc2)c1,230.0,,GREA,503.15,,1,0.0,black
polymer_4125,[*]Nc1cccc(Oc2ccc(NC(=O)c3cccc(C(=O)c4ccc(C([*])=O)cc4)c3)cc2)c1,237.0,,GREA,510.15,,1,0.0,black
polymer_4126,[*]Nc1cccc(Oc2ccc(NC(=O)c3cccc(C([*])=O)c3)cc2)c1,240.0,,GREA,513.15,,1,0.0,black
polymer_4127,[*]Nc1cccc(Oc2ccc(P(=O)(c3ccccc3)c3ccc(Oc4cccc(NC(=O)c5ccc(P(=O)(c6ccccc6)c6ccc(C([*])=O)cc6)cc5)c4)cc3)cc2)c1,235.0,,GREA,508.15,,1,0.0,black
polymer_4128,[*]Nc1cccc(Oc2ccc(S(=O)(=O)c3ccc(Oc4cccc(NC(=O)c5ccc(N6C(=O)c7ccc(-c8ccc9c(c8)C(=O)N(c8ccc(C([*])=O)cc8)C9=O)cc7C6=O)cc5)c4)cc3)cc2)c1,262.0,,GREA,535.15,,1,0.0,black
polymer_4129,[*]Nc1cccc(Oc2ccc(S(=O)(=O)c3ccc(Oc4cccc(NC(=O)c5ccc(N6C(=O)c7cccc(-c8ccc9c(c8)C(=O)N(c8ccc(C([*])=O)cc8)C9=O)c7C6=O)cc5)c4)cc3)cc2)c1,241.0,,GREA,514.15,,1,0.0,black
polymer_4130,[*]Nc1cccc(Oc2ccc(S(=O)(=O)c3ccc(Oc4cccc(NC(=O)c5ccc6c(c5)C(=O)N(c5ccc(C([*])=O)cc5)C6=O)c4)cc3)cc2)c1,235.0,,GREA,508.15,,1,0.0,black
polymer_4131,[*]Nc1cccc(Oc2cccc(Oc3cccc(NC(=O)c4cccc(Oc5cccc(Oc6cccc(C([*])=O)c6)c5)c4)c3)c2)c1,137.5,,GREA,410.65,,1,0.0,black
polymer_4132,[*]Nc1cccc(P(=O)(c2ccccc2)c2cccc(NC(=O)OCCCCCCOC([*])=O)c2)c1,30.0,,GREA,303.15,,1,0.0,black
polymer_4133,[*]Nc1cccc(P(=O)(c2ccccc2)c2cccc(NC(=O)Oc3ccc(-c4ccc(OC([*])=O)cc4)cc3)c2)c1,72.0,,GREA,345.15,,1,0.0,black
polymer_4134,[*]Nc1cccc(P(=O)(c2ccccc2)c2cccc(NC(=O)c3ccc(OCCCCOc4ccc(C([*])=O)cc4)cc3)c2)c1,191.0,,GREA,464.15,,1,0.0,black
polymer_4135,[*]Nc1cccc(P(=O)(c2ccccc2)c2cccc(NC(=O)c3ccc4c(c3)C(=O)N(c3cccc(P(=O)(c5ccccc5)c5cccc(N6C(=O)c7ccc(C([*])=O)cc7C6=O)c5)c3)C4=O)c2)c1,206.0,,GREA,479.15,,1,0.0,black
polymer_4136,[*]Nc1cccc(S(=O)(=O)c2cccc(NC(=O)c3ccc(N4C(=O)c5ccc(-c6ccc7c(c6)C(=O)N(c6ccc(C([*])=O)cc6)C7=O)cc5C4=O)cc3)c2)c1,256.0,,GREA,529.15,,1,0.0,black
polymer_4137,[*]Nc1cccc(S(=O)(=O)c2cccc(NC(=O)c3ccc4c(c3)C(=O)N(c3cc(-c5nnc(-c6ccccn6)o5)cc(N5C(=O)c6ccc(C([*])=O)cc6C5=O)c3)C4=O)c2)c1,173.0,,GREA,446.15,,1,0.0,black
polymer_4138,[*]Nc1cccc(S(=O)(=O)c2cccc(NC(=O)c3ccc4c(c3)C(=O)N(c3ccc(-c5sc(-c6ccc(N7C(=O)c8ccc(C([*])=O)cc8C7=O)cc6)c(-c6ccccc6)c5-c5ccccc5)cc3)C4=O)c2)c1,320.0,,GREA,593.15,,1,0.0,black
polymer_4139,[*]Nc1cccc(S(=O)(=O)c2cccc(NC(=O)c3cccc(N4C(=O)c5ccc(-c6ccc7c(c6)C(=O)N(c6cccc(C([*])=O)c6)C7=O)cc5C4=O)c3)c2)c1,247.0,,GREA,520.15,,1,0.0,black
polymer_4140,[*]Nc1cccc(S(=O)(=O)c2cccc(NC(=O)c3cccc(N4C(=O)c5ccc(-c6cccc7c6C(=O)N(c6cccc(C([*])=O)c6)C7=O)cc5C4=O)c3)c2)c1,261.0,,GREA,534.15,,1,0.0,black
polymer_4141,[*]Nc1cccc2c(NC(=O)c3ccc(C([*])=O)cc3)cccc12,305.0,,GREA,578.15,,1,0.0,black
polymer_4142,[*]Nc1cccc2c(NC(=O)c3ccc4c(c3)C(=O)N(c3ccc(Oc5cccc6c(N7C(=O)c8ccc(C([*])=O)cc8C7=O)cccc56)cc3)C4=O)cccc12,299.0,,GREA,572.15,,1,0.0,black
polymer_4143,[*]Nc1cccc2c(NC(=O)c3cccc(C([*])=O)c3)cccc12,325.0,,GREA,598.15,,1,0.0,black
polymer_4144,[*]Nc1cccc2cccc(N3C(=O)CC(N4C(=O)c5ccc(C([*])=O)cc5C4=O)C3=O)c12,193.0,,GREA,466.15,,1,0.0,black
polymer_4145,[*]Nc1ccccc1NC(=O)c1ccc2c(c1)C(=O)N(c1ccc(C([*])=O)cc1)C2=O,215.0,,GREA,488.15,,1,0.0,black
polymer_4146,[*]Nc1nc(NC(=O)c2ccc3c(c2)C(=O)N(c2ccc(Oc4cccc5c(N6C(=O)c7ccc(C([*])=O)cc7C6=O)cccc45)cc2)C3=O)nc(-c2ccccc2)n1,291.0,,GREA,564.15,,1,0.0,black
polymer_4147,[*]Nc1ncc([*])s1,139.0,,GREA,412.15,,1,0.0,black
polymer_4148,[*]OC(=O)C(C)(C)CCC(=O)Oc1cc(OC(=O)c2ccc(OCCCC)cc2)c([*])cc1OC(=O)c1ccc(OCCCC)cc1,61.0,,GREA,334.15,,1,0.0,black
polymer_4149,[*]OC(=O)C(C)CCC(=O)Oc1cc(OC(=O)c2ccc(OCCCC)cc2)c([*])cc1OC(=O)c1ccc(OCCCC)cc1,55.0,,GREA,328.15,,1,0.0,black
polymer_4150,[*]OC(=O)C(CC)C([*])=CCC,-15.899999999999977,,GREA,257.25,,1,0.0,black
polymer_4151,[*]OC(=O)C1CCC(C(=O)OC2C(C)(C)C([*])C2(C)C)CC1,169.0,,GREA,442.15,,1,0.0,black
polymer_4152,[*]OC(=O)C=CC(=O)O[Sn]([*])(CCCC)CCCC,186.0,,GREA,459.15,,1,0.0,black
polymer_4153,[*]OC(=O)CCCC(=O)Oc1cc(OC(=O)c2ccc(OC)cc2)c([*])cc1OC(=O)c1ccc(OC)cc1,88.0,,GREA,361.15,,1,0.0,black
polymer_4154,[*]OC(=O)CCCC(=O)Oc1cc(OC(=O)c2ccc(OCC(C)CC)cc2)c([*])cc1OC(=O)c1ccc(OCC(C)CC)cc1,60.0,,GREA,333.15,,1,0.0,black
polymer_4155,[*]OC(=O)CCCC(=O)Oc1cc(OC(=O)c2ccc(OCC)cc2)c([*])cc1OC(=O)c1ccc(OCC)cc1,71.0,,GREA,344.15,,1,0.0,black
polymer_4156,[*]OC(=O)CCCC(=O)Oc1cc(OC(=O)c2ccc(OCCC)cc2)c([*])cc1OC(=O)c1ccc(OCCC)cc1,72.0,,GREA,345.15,,1,0.0,black
polymer_4157,[*]OC(=O)CCCC(=O)Oc1cc(OC(=O)c2ccc(OCCCC)cc2)c([*])cc1OC(=O)c1ccc(OCCCC)cc1,59.0,,GREA,332.15,,1,0.0,black
polymer_4158,[*]OC(=O)CCCC(=O)Oc1cc(OC(=O)c2ccc(OCCCCC)cc2)c([*])cc1OC(=O)c1ccc(OCCCCC)cc1,44.0,,GREA,317.15,,1,0.0,black
polymer_4159,[*]OC(=O)CCCC(=O)Oc1cc(OC(=O)c2ccc(OCCCCCCCCCCCC)cc2)c([*])cc1OC(=O)c1ccc(OCCCCCCCCCCCC)cc1,23.0,,GREA,296.15,,1,0.0,black
polymer_4160,[*]OC(=O)CCCCC(=O)O[Sn]([*])(CCCC)CCCC,110.0,,GREA,383.15,,1,0.0,black
polymer_4161,[*]OC(=O)CCCCCC(=O)Oc1cc(OC(=O)c2ccc(OCCCC)cc2)c([*])cc1OC(=O)c1ccc(OCCCC)cc1,45.0,,GREA,318.15,,1,0.0,black
polymer_4162,[*]OC(=O)CCCCCCCC(=O)Oc1cc(OC(=O)c2ccc(OCCCC)cc2)c([*])cc1OC(=O)c1ccc(OCCCC)cc1,38.0,,GREA,311.15,,1,0.0,black
polymer_4163,[*]OC(=O)CCCCCCCCCCCCCCC(=O)Oc1cc(OC(=O)c2ccc(C)cc2)c([*])cc1OC(=O)c1ccc(C)cc1,27.0,,GREA,300.15,,1,0.0,black
polymer_4164,[*]OC(=O)CCCCCCCCCCCCCCC(=O)Oc1cc(OC(=O)c2ccc(OC)cc2)c([*])cc1OC(=O)c1ccc(OC)cc1,33.0,,GREA,306.15,,1,0.0,black
polymer_4165,[*]OC(=O)CCCCCCCCCCCCCCC(=O)Oc1cc(OC(=O)c2ccc(OCC)cc2)c([*])cc1OC(=O)c1ccc(OCC)cc1,31.0,,GREA,304.15,,1,0.0,black
polymer_4166,[*]OC(=O)CCCCCCCCCCCCCCC(=O)Oc1cc(OC(=O)c2ccc(OCCC)cc2)c([*])cc1OC(=O)c1ccc(OCCC)cc1,18.0,,GREA,291.15,,1,0.0,black
polymer_4167,[*]OC(=O)CCCCCCN1C(=O)c2ccc(C(=O)Oc3ccc([*])cc3C)cc2C1=O,57.210000000000036,,GREA,330.36,,1,0.0,black
polymer_4168,[*]OC(=O)CCCCCn1c(=O)c2cc3c(=O)n(CCCCCC(=O)Oc4ccc([*])cc4C)c(=O)c3cc2c1=O,78.0,,GREA,351.15,,1,0.0,black
polymer_4169,[*]OC(=O)CCCCN1C(=O)c2ccc(C(=O)Oc3ccc([*])cc3C)cc2C1=O,75.76000000000005,,GREA,348.91,,1,0.0,black
polymer_4170,[*]OC(=O)COC(=O)C([*])C,43.0,,GREA,316.15,,1,0.0,black
polymer_4171,[*]OC(=O)OC1C(C)(C)C([*])C1(C)C,160.0,,GREA,433.15,,1,0.0,black
polymer_4172,[*]OC(=O)Oc1c(C)cc(C(C)(C)c2cc(C)c([*])c(Cl)c2)cc1Cl,154.0,,GREA,427.15,,1,0.0,black
polymer_4173,[*]OC(=O)Oc1ccc(-c2ccc(OC(=O)OC3C(C)(C)C([*])C3(C)C)cc2)cc1,165.0,,GREA,438.15,,1,0.0,black
polymer_4174,[*]OC(=O)Oc1ccc(C(=O)c2ccc(OC(=O)OC3C(C)(C)C([*])C3(C)C)cc2)cc1,125.0,,GREA,398.15,,1,0.0,black
polymer_4175,[*]OC(=O)Oc1ccc(C(c2ccc(OC(=O)OC3C(C)(C)C([*])C3(C)C)cc2)(C(F)(F)F)C(F)(F)F)cc1,142.0,,GREA,415.15,,1,0.0,black
polymer_4176,[*]OC(=O)Oc1ccc(C(c2ccccc2)(c2ccccc2)c2ccc(OC(=O)OC3C(C)(C)C([*])C3(C)C)cc2)cc1,161.0,,GREA,434.15,,1,0.0,black
polymer_4177,[*]OC(=O)Oc1ccc(C(c2ccccc2)c2ccc([*])cc2C)c(C)c1,182.0,,GREA,455.15,,1,0.0,black
polymer_4178,[*]OC(=O)Oc1ccc(C2(c3ccc(OC(=O)OC4C(C)(C)C([*])C4(C)C)cc3)CC3CCC2C3)cc1,184.0,,GREA,457.15,,1,0.0,black
polymer_4179,[*]OC(=O)Oc1ccc(C2(c3ccc(OC(=O)OC4C(C)(C)C([*])C4(C)C)cc3)c3ccccc3-c3ccccc32)cc1,214.0,,GREA,487.15,,1,0.0,black
polymer_4180,[*]OC(=O)Oc1ccc(S(=O)(=O)c2ccc(OC(=O)OC3C(C)(C)C([*])C3(C)C)cc2)cc1,162.0,,GREA,435.15,,1,0.0,black
polymer_4181,[*]OC(=O)Oc1ccc(Sc2ccc(OC(=O)OC3C(C)(C)C([*])C3(C)C)cc2)cc1,107.0,,GREA,380.15,,1,0.0,black
polymer_4182,[*]OC(=O)Oc1ccc2c(c1)C1(CC(C)(C)c3ccc([*])cc31)CC2(C)C,228.0,,GREA,501.15,,1,0.0,black
polymer_4183,[*]OC(=O)c1cc(OCCCc2ccccc2)c(C(=O)Oc2ccc([*])cc2C)cc1OCCCc1ccccc1,91.0,,GREA,364.15,,1,0.0,black
polymer_4184,[*]OC(=O)c1ccc(-c2ccc(C(=O)Oc3ccc(-c4ccc([*])cc4C(=O)OCCCCCCCCCCCOc4ccc(-c5ccc(C#N)cc5)cc4)c(C(=O)OCCCCCCCCCCCOc4ccc(-c5ccc(C#N)cc5)cc4)c3)cc2C(F)(F)F)c(C(F)(F)F)c1,50.0,,GREA,323.15,,1,0.0,black
polymer_4185,[*]OC(=O)c1ccc(-c2ccc(C(=O)Oc3ccc([*])cc3C(C)(C)c3ccccc3)cc2)cc1-c1ccccc1,146.0,,GREA,419.15,,1,0.0,black
polymer_4186,[*]OC(=O)c1ccc(-c2ccc(C(=O)Oc3ccc([*])cc3C)cc2)cc1-c1ccccc1,133.0,,GREA,406.15,,1,0.0,black
polymer_4187,[*]OC(=O)c1ccc(C(=O)OC2C(C)(C)C([*])C2(C)C)cc1,184.0,,GREA,457.15,,1,0.0,black
polymer_4188,[*]OC(=O)c1ccc(C(=O)O[Sn]([*])(CCCC)CCCC)cc1,315.0,,GREA,588.15,,1,0.0,black
polymer_4189,[*]OC(=O)c1ccc(C(=O)Oc2cc(C(C)(C)c3ccccc3)c([*])cc2C(C)(C)c2ccccc2)cc1,170.0,,GREA,443.15,,1,0.0,black
polymer_4190,[*]OC(=O)c1ccc(C(=O)Oc2cc(OCCOC)c([*])cc2OCCOC)cc1-c1ccccc1,92.0,,GREA,365.15,,1,0.0,black
polymer_4191,[*]OC(=O)c1ccc(C(=O)Oc2cc([*])cc(C(=O)OCCN(CC)c3ccc(/N=N/c4ccc([N+](=O)[O-])cc4)cc3)c2)cc1,130.0,,GREA,403.15,,1,0.0,black
polymer_4192,[*]OC(=O)c1ccc(C(=O)Oc2ccc([*])cc2C)cc1Sc1ccccc1,130.0,,GREA,403.15,,1,0.0,black
polymer_4193,[*]OC(=O)c1ccc(C(=O)Oc2ccc([*])cc2CCC(C)CC)cc1,237.0,,GREA,510.15,,1,0.0,black
polymer_4194,[*]OC(=O)c1ccc(C(=O)Oc2ccc3c(c2)C2(CC(C)(C)c4ccc([*])cc42)CC3(C)C)cc1,290.0,,GREA,563.15,,1,0.0,black
polymer_4195,[*]OC(=O)c1ccc(C(F)(F)C(F)(F)C(F)(F)c2ccc(C([*])=O)cc2)cc1,98.0,,GREA,371.15,,1,0.0,black
polymer_4196,[*]OC(=O)c1ccc(CCCCCCc2ccc(C([*])=O)cc2)cc1,20.0,,GREA,293.15,,1,0.0,black
polymer_4197,[*]OC(=O)c1ccc(CCCCCc2ccc(C([*])=O)cc2)cc1,42.5,,GREA,315.65,,1,0.0,black
polymer_4198,[*]OC(=O)c1ccc(CCCCc2ccc(C([*])=O)cc2)cc1,46.0,,GREA,319.15,,1,0.0,black
polymer_4199,[*]OC(=O)c1ccc(Cc2ccc(C([*])=O)cc2)cc1,122.0,,GREA,395.15,,1,0.0,black
polymer_4200,[*]OC(=O)c1ccc(OCCCCCCCCOc2ccc(C(=O)Oc3ccc([*])cc3C(=O)CC)cc2)cc1,70.0,,GREA,343.15,,1,0.0,black
polymer_4201,[*]OC(=O)c1ccc(OCCCCCCOc2ccc(C(=O)Oc3ccc([*])cc3/N=N/c3ccc(C#N)cc3)cc2)cc1,98.0,,GREA,371.15,,1,0.0,black
polymer_4202,[*]OC(=O)c1ccc(OCCCCCCOc2ccc(C([*])=O)cc2)cc1,47.0,,GREA,320.15,,1,0.0,black
polymer_4203,[*]OC(=O)c1ccc(OCCCCCOc2ccc(C([*])=O)cc2)cc1,53.0,,GREA,326.15,,1,0.0,black
polymer_4204,[*]OC(=O)c1ccc(OCCCCOc2ccc(C([*])=O)cc2)cc1,45.0,,GREA,318.15,,1,0.0,black
polymer_4205,[*]OC(=O)c1ccc(OCCCOc2ccc(C([*])=O)cc2)cc1,95.0,,GREA,368.15,,1,0.0,black
polymer_4206,[*]OC(=O)c1ccc(OCCOCCOc2ccc(C([*])=O)cc2)cc1,41.0,,GREA,314.15,,1,0.0,black
polymer_4207,[*]OC(=O)c1ccc(OCCOc2ccc(C([*])=O)cc2)cc1,45.0,,GREA,318.15,,1,0.0,black
polymer_4208,[*]OC(=O)c1ccc(OCOCOc2ccc(C([*])=O)cc2)cc1,57.0,,GREA,330.15,,1,0.0,black
polymer_4209,[*]OC(=O)c1ccc(OCOc2ccc(C([*])=O)cc2)cc1,84.0,,GREA,357.15,,1,0.0,black
polymer_4210,[*]OC(=O)c1ccc(Oc2ccc(C3(c4ccc(Oc5ccc(C(=O)Oc6ccc(-c7ccc([*])cc7C)c(C)c6)cc5)cc4)CCC(C(C)(C)C)CC3)cc2)cc1,163.0,,GREA,436.15,,1,0.0,black
polymer_4211,[*]OC(=O)c1ccc(SCCCCSc2ccc(C([*])=O)cc2)cc1,62.0,,GREA,335.15,,1,0.0,black
polymer_4212,[*]OC(=O)c1ccc(Sc2cccc(OC(=O)c3ccc(C(=O)Oc4cccc(Sc5ccc(C(=O)Oc6ccc([*])cc6C)cc5)c4)cc3)c2)cc1,135.0,,GREA,408.15,,1,0.0,black
polymer_4213,[*]OC(=O)c1ccc2c(c1)C(=O)N(c1ccc(-c3ccc(N4C(=O)c5ccc(C(=O)Oc6ccc(-c7ccc([*])cc7C)c(C)c6)cc5C4=O)cc3C)c(C)c1)C2=O,177.0,,GREA,450.15,,1,0.0,black
polymer_4214,[*]OC(=O)c1ccc2c(c1)C(=O)N(c1ccc(Cc3ccc(N4C(=O)c5ccc(C(=O)Oc6ccc([*])cc6C(C)(C)C)cc5C4=O)cc3)cc1)C2=O,160.0,,GREA,433.15,,1,0.0,black
polymer_4215,[*]OC(=O)c1ccc2c(c1)C(=O)N(c1ccc(Oc3ccc(N4C(=O)c5ccc(C(=O)Oc6ccc([*])cc6C(C)(C)C)cc5C4=O)cc3)cc1)C2=O,189.0,,GREA,462.15,,1,0.0,black
polymer_4216,[*]OC(=O)c1ccc2c(c1)C(=O)N(c1ccc(S(=O)(=O)c3ccc(N4C(=O)c5ccc(C(=O)Oc6ccc([*])cc6C(C)(C)C)cc5C4=O)cc3)cc1)C2=O,179.0,,GREA,452.15,,1,0.0,black
polymer_4217,[*]OC(=O)c1cccc(C(=O)Oc2cc(C(C)(C)c3ccccc3)c([*])cc2C(C)(C)c2ccccc2)c1,180.0,,GREA,453.15,,1,0.0,black
polymer_4218,[*]OC(=O)c1cccc(C(=O)Oc2cc([*])cc(C)c2)c1,163.0,,GREA,436.15,,1,0.0,black
polymer_4219,[*]OC(=O)c1cccc(C(=O)Oc2cc([*])cc(CC)c2)c1,138.0,,GREA,411.15,,1,0.0,black
polymer_4220,[*]OC(=O)c1cccc(C(=O)Oc2cc([*])cc(CCC)c2)c1,129.0,,GREA,402.15,,1,0.0,black
polymer_4221,[*]OC(=O)c1cccc(C(=O)Oc2cc([*])cc(CCCC)c2)c1,97.5,,GREA,370.65,,1,0.0,black
polymer_4222,[*]OC(=O)c1cccc(C(=O)Oc2cc([*])cc(CCCCCC)c2)c1,67.5,,GREA,340.65,,1,0.0,black
polymer_4223,[*]OC(=O)c1cccc(C(=O)Oc2cc([*])cc(CCCCCCCC)c2)c1,50.5,,GREA,323.65,,1,0.0,black
polymer_4224,[*]OC(=O)c1cccc(C(=O)Oc2cc([*])cc(CCCCCCCCC)c2)c1,41.5,,GREA,314.65,,1,0.0,black
polymer_4225,[*]OC(=O)c1cccc(C(=O)Oc2cc([*])cc(CCCCCCCCCCC)c2)c1,34.5,,GREA,307.65,,1,0.0,black
polymer_4226,[*]OC(=O)c1cccc(C(=O)Oc2cc([*])cc(CCCCCCCCCCCCC)c2)c1,25.5,,GREA,298.65,,1,0.0,black
polymer_4227,[*]OC(=O)c1cccc(C(=O)Oc2ccc3c(c2)C2(CC(C)(C)c4ccc([*])cc42)CC3(C)C)c1,245.0,,GREA,518.15,,1,0.0,black
polymer_4228,[*]OC(=O)c1cccc(C([*])=O)c1,130.0,,GREA,403.15,,1,0.0,black
polymer_4229,[*]OC(=O)c1cccc(OCCCCCOc2cccc(C([*])=O)c2)c1,61.0,,GREA,334.15,,1,0.0,black
polymer_4230,[*]OC(=O)c1cccc(OCCCCOc2cccc(C([*])=O)c2)c1,20.0,,GREA,293.15,,1,0.0,black
polymer_4231,[*]OC(=O)c1cccc(OCCCOc2cccc(C([*])=O)c2)c1,53.0,,GREA,326.15,,1,0.0,black
polymer_4232,[*]OC(=O)c1cccc(Sc2ccc(OC(=O)c3ccc(C(=O)Oc4ccc(Sc5cccc(C(=O)Oc6ccc([*])cc6C)c5)cc4)cc3)cc2)c1,106.5,,GREA,379.65,,1,0.0,black
polymer_4233,[*]OC(CC)C([*])=O,15.0,,GREA,288.15,,1,0.0,black
polymer_4234,[*]OC(CCl)C([*])CCl,95.0,,GREA,368.15,,1,0.0,black
polymer_4235,[*]OC(CCl)COC(=O)C1=C(C(=O)OCC(CCl)OC(=O)c2ccc(C([*])=O)cc2)C2C=CC1C2,72.0,,GREA,345.15,,1,0.0,black
polymer_4236,[*]OC(CCl)COc1ccc(S(=O)(=O)c2ccc(OCC(CCl)OP([*])(=O)Oc3ccc(Br)cc3)cc2)cc1,58.0,,GREA,331.15,,1,0.0,black
polymer_4237,[*]OC(CCl)COc1ccc(S(=O)(=O)c2ccc(OCC(CCl)OP([*])(=O)Oc3ccccc3)cc2)cc1,48.0,,GREA,321.15,,1,0.0,black
polymer_4238,[*]OC(COC(=O)C1=C(C(=O)OCC(COC(=O)C2=C(c3ccccc3)C3C=CC2C3)OC(=O)c2ccc(C([*])=O)cc2)C2C=CC1C2)COC(=O)C1=C(c2ccccc2)C2C=CC1C2,74.0,,GREA,347.15,,1,0.0,black
polymer_4239,[*]OC(F)(C([*])(F)F)C(F)(F)F,-72.99999999999997,,GREA,200.15,,1,0.0,black
polymer_4240,[*]OC(F)(F)C(F)(Br)N([*])C(F)(F)F,3.0,,GREA,276.15,,1,0.0,black
polymer_4241,[*]OC(F)(F)C(F)(Cl)N([*])C(F)(F)F,-49.99999999999997,,GREA,223.15,,1,0.0,black
polymer_4242,[*]OC(F)(F)C(F)(F)C(F)(F)C([*])(F)F,-54.99999999999997,,GREA,218.15,,1,0.0,black
polymer_4243,[*]OC(F)(F)C(F)(F)C([*])(F)F,-108.99999999999997,,GREA,164.15,,1,0.0,black
polymer_4244,[*]OC(F)(F)C(F)(F)N([*])C(F)(F)C(F)(F)Br,-17.0,,GREA,256.15,,1,0.0,black
polymer_4245,[*]OC(F)(F)C(F)(F)N([*])C(F)(F)F,-45.99999999999997,,GREA,227.15,,1,0.0,black
polymer_4246,[*]OC(F)(F)C(F)(N([*])C(F)(F)F)C(F)(F)F,-9.0,,GREA,264.15,,1,0.0,black
polymer_4247,[*]OC(F)(F)C([*])(F)F,-47.99999999999997,,GREA,225.15,,1,0.0,black
polymer_4248,[*]OC([*])C,-19.49999999999997,,GREA,253.65,,1,0.0,black
polymer_4249,[*]OC([*])CCC,-40.99999999999997,,GREA,232.15,,1,0.0,black
polymer_4250,[*]OC([*])CCCCCC,-115.99999999999997,,GREA,157.15,,1,0.0,black
polymer_4251,[*]OC1=C(O[Si](C)(C)O[Si](C)(C)O[Si](C)(C)O[Si](C)(C)O[Si](C)(C)O[Si]([*])(C)C)c2cccc3cccc1c23,-92.99999999999997,,GREA,180.15,,1,0.0,black
polymer_4252,[*]OC1=C(O[Si](C)(C)O[Si](C)(C)O[Si](C)(C)O[Si](C)(C)O[Si]([*])(C)C)c2cccc3cccc1c23,-53.99999999999997,,GREA,219.15,,1,0.0,black
polymer_4253,[*]OC1=C(O[Si](C)(C)O[Si](C)(C)O[Si](C)(C)O[Si]([*])(C)C)c2cccc3cccc1c23,-42.99999999999997,,GREA,230.15,,1,0.0,black
polymer_4254,[*]OC1C(CO)OC([*])C(N)C1O,194.0,,GREA,467.15,,1,0.0,black
polymer_4255,[*]OC1C(CO)OC([*])C(NC(C)=O)C1O,154.60000000000002,,GREA,427.75,,1,0.0,black
polymer_4256,[*]OC1C(CO)OC([*])C(O)C1O,332.0,,GREA,605.15,,1,0.0,black
polymer_4257,[*]OC1C(COC(=O)Nc2ccccc2)OC([*])C(OC(=O)Nc2ccccc2)C1OC(=O)Nc1ccccc1,217.0,,GREA,490.15,,1,0.0,black
polymer_4258,[*]OC1C(COC(C)=O)OC([*])C(OC(C)=O)C1O,202.0,,GREA,475.15,,1,0.0,black
polymer_4259,[*]OC1C(COC(C)=O)OC([*])C(OC(C)=O)C1OC(C)=O,178.0,,GREA,451.15,,1,0.0,black
polymer_4260,[*]OC1C(COCC)OC([*])C(OCC)C1OCC,131.15000000000003,,GREA,404.3,,1,0.0,black
polymer_4261,[*]OC1C(COCO)OC([*])C(O)C1O,208.0,,GREA,481.15,,1,0.0,black
polymer_4262,[*]OC1CC(C([*])=O)N(C(=O)OCc2ccccc2)C1,78.0,,GREA,351.15,,1,0.0,black
polymer_4263,[*]OC1CC2CC(OC(=O)N3CCN(C([*])=O)CC3)CC(C1)O2,113.0,,GREA,386.15,,1,0.0,black
polymer_4264,[*]OC1CC2CC(OC(=O)c3ccc(C([*])=O)cc3)CC(C1)O2,207.0,,GREA,480.15,,1,0.0,black
polymer_4265,[*]OC1CC2CC(OC(=O)c3cccc(C([*])=O)c3)CC(C1)O2,113.0,,GREA,386.15,,1,0.0,black
polymer_4266,[*]OC1CC2CC(OC([*])=O)CC(C1)O2,207.0,,GREA,480.15,,1,0.0,black
polymer_4267,[*]OC1CCC(OC(=O)C([*])=O)CC1,139.60000000000002,,GREA,412.75,,1,0.0,black
polymer_4268,[*]OC1CCC(OC(=O)c2ccc(C([*])=O)cc2)CC1,94.30000000000001,,GREA,367.45,,1,0.0,black
polymer_4269,[*]OC1CCC(OC([*])=O)CC1,138.0,,GREA,411.15,,1,0.0,black
polymer_4270,[*]OC1CCCCC1OC([*])=O,117.30000000000001,,GREA,390.45,,1,0.0,black
polymer_4271,[*]OC1CCCCC1[*],68.5,,GREA,341.65,,1,0.0,black
polymer_4272,[*]OC1COC2C(OC(=O)C3CCC(C([*])=O)CC3)COC12,121.0,,GREA,394.15,,1,0.0,black
polymer_4273,[*]OC1COC2C(OC(=O)c3ccc(/N=N/c4ccc(C([*])=O)cc4)cc3)COC12,98.0,,GREA,371.15,,1,0.0,black
polymer_4274,[*]OC1COC2C(OC(=O)c3ccc(C([*])=O)cc3)COC12,255.5,,GREA,528.65,,1,0.0,black
polymer_4275,[*]OC1COC2C(OC(=O)c3ccc(C([*])=O)o3)COC12,192.5,,GREA,465.65,,1,0.0,black
polymer_4276,[*]OC1COC2C(OC(=O)c3cccc(OCCCCCCCCCCOc4cccc(C([*])=O)c4)c3)COC12,30.0,,GREA,303.15,,1,0.0,black
polymer_4277,[*]OC1COC2C(OC(=O)c3cccc(OCCCCCCCCOc4cccc(C([*])=O)c4)c3)COC12,33.0,,GREA,306.15,,1,0.0,black
polymer_4278,[*]OC1COC2C(OC(=O)c3cccc(OCCCCCCOc4cccc(C([*])=O)c4)c3)COC12,43.5,,GREA,316.65,,1,0.0,black
polymer_4279,[*]OC1COC2C(OC([*])=O)COC12,140.0,,GREA,413.15,,1,0.0,black
polymer_4280,[*]OCC#CC#CCOC(=O)c1ccc(C([*])=O)cc1,143.0,,GREA,416.15,,1,0.0,black
polymer_4281,[*]OCC(COC([*])=O)OCCCCCCCCCCCOc1ccc(/C=C/c2ccc([N+](=O)[O-])cc2)cc1,21.0,,GREA,294.15,,1,0.0,black
polymer_4282,[*]OCC(COC([*])=O)OCCCCCCOc1ccc(/C=C/c2ccc([N+](=O)[O-])cc2)cc1,32.0,,GREA,305.15,,1,0.0,black
polymer_4283,[*]OCC(COC([*])=O)OCCCCOc1ccc(/C=C/c2ccc([N+](=O)[O-])cc2)cc1,42.0,,GREA,315.15,,1,0.0,black
polymer_4284,[*]OCC(COC([*])=O)OCCOc1ccc(/C=C/c2ccc([N+](=O)[O-])cc2)cc1,53.0,,GREA,326.15,,1,0.0,black
polymer_4285,[*]OCC(COc1ccccc1)OC([*])=O,45.0,,GREA,318.15,,1,0.0,black
polymer_4286,[*]OCC(F)(F)C(F)(F)C(F)(F)C(F)(F)COC([*])=O,-40.99999999999997,,GREA,232.15,,1,0.0,black
polymer_4287,[*]OCC(F)(F)C(F)(F)C(F)(F)COC(=O)c1cc(C([*])=O)cc(C(F)(F)C(F)(F)C(F)(F)C(F)(F)C(F)(F)C(F)(F)C(F)(F)F)c1,27.0,,GREA,300.15,,1,0.0,black
polymer_4288,[*]OCC(F)(F)C(F)(F)C(F)(F)COC(=O)c1cccc(-c2cccc(C([*])=O)c2)c1,45.0,,GREA,318.15,,1,0.0,black
polymer_4289,[*]OCC(F)(F)C(F)(F)C(F)(F)COC(=O)c1cccc(C(F)(F)C(F)(F)C(F)(F)C(F)(F)C(F)(F)c2cccc(C([*])=O)c2)c1,29.0,,GREA,302.15,,1,0.0,black
polymer_4290,[*]OCC(F)(F)C(F)(F)C(F)(F)COC(=O)c1cccc(C(F)(F)C(F)(F)C(F)(F)c2cccc(C([*])=O)c2)c1,24.0,,GREA,297.15,,1,0.0,black
polymer_4291,[*]OCC(F)(F)C(F)(F)C(F)(F)COC(=O)c1cccc(C([*])=O)c1,23.5,,GREA,296.65,,1,0.0,black
polymer_4292,[*]OCC(F)(F)C(F)(F)C(F)(F)COC(=O)c1cccc(Oc2cccc(C([*])=O)c2)c1,20.0,,GREA,293.15,,1,0.0,black
polymer_4293,[*]OCC(F)(F)C(F)(F)C(F)(F)COc1nc(F)c(F)c(OCC(F)(F)C(F)(F)C(F)(F)COc2c(F)c([*])nc(F)c2F)c1F,-10.0,,GREA,263.15,,1,0.0,black
polymer_4294,[*]OCC(F)(F)C(F)(F)C(F)(F)COc1nc(F)nc([*])c1F,0.0,,GREA,273.15,,1,0.0,black
polymer_4295,[*]OCC(F)(F)OC(F)(F)COC(=O)c1cccc(C(F)(F)C(F)(F)C(F)(F)c2cccc(C([*])=O)c2)c1,30.0,,GREA,303.15,,1,0.0,black
polymer_4296,[*]OCC(F)(F)OC(F)(F)COC(=O)c1cccc(C([*])=O)c1,28.0,,GREA,301.15,,1,0.0,black
polymer_4297,[*]OCC(O)C(O)COC(=O)OC1COC2C(OC([*])=O)COC12,78.5,,GREA,351.65,,1,0.0,black
polymer_4298,[*]OCC(O)C(O)COC([*])=O,39.60000000000002,,GREA,312.75,,1,0.0,black
polymer_4299,[*]OCC(O)COc1ccc(C2(c3ccc(OCC(O)COC(=O)C4CCC(C([*])=O)CC4)cc3)c3ccccc3-c3ccccc32)cc1,110.0,,GREA,383.15,,1,0.0,black
polymer_4300,[*]OCC1CCC(COC(=O)C2CCC(C([*])=O)CC2)CC1,77.0,,GREA,350.15,,1,0.0,black
polymer_4301,[*]OCC1CCC(COC(=O)Oc2ccc(Cc3ccc(OC([*])=O)cc3)cc2)CC1,56.900000000000034,,GREA,330.05,,1,0.0,black
polymer_4302,[*]OCC1CCC(COC(=O)c2ccc(C([*])=O)cc2)CC1,84.5,,GREA,357.65,,1,0.0,black
polymer_4303,[*]OCC1CCC(COC(=O)c2cccc(C([*])=O)c2)CC1,70.0,,GREA,343.15,,1,0.0,black
polymer_4304,[*]OCC1CCC(COC(C)OC(=O)c2ccc(C(=O)OC([*])C)c3ccccc23)CC1,60.0,,GREA,333.15,,1,0.0,black
polymer_4305,[*]OCC1CCC(COC(C)OC(=O)c2ccc(C(=O)OC([*])C)cc2)CC1,61.0,,GREA,334.15,,1,0.0,black
polymer_4306,[*]OCC1CCC(COC(C)OC(=O)c2cccc(C(=O)OC([*])C)c2)CC1,30.0,,GREA,303.15,,1,0.0,black
polymer_4307,[*]OCC1CCC(COC([*])=O)CC1,38.700000000000045,,GREA,311.85,,1,0.0,black
polymer_4308,[*]OCC1CCCC(COC(=O)c2ccc(C([*])=O)cc2)C1,75.0,,GREA,348.15,,1,0.0,black
polymer_4309,[*]OCCCC(=O)NNC(=O)c1ccc(C(=O)NNC(=O)CCCOc2ccc([*])cc2C)cc1,139.0,,GREA,412.15,,1,0.0,black
polymer_4310,[*]OCCCCC(=O)NNC(=O)c1ccc(C(=O)NNC(=O)CCCCOc2ccc([*])cc2C)cc1,150.0,,GREA,423.15,,1,0.0,black
polymer_4311,[*]OCCCCCC(=O)NNC(=O)c1ccc(C(=O)NNC(=O)CCCCCOc2ccc([*])cc2C)cc1,126.0,,GREA,399.15,,1,0.0,black
polymer_4312,[*]OCCCCCCCCCCCCCCCCCCCCCCOC(=O)c1ccc2c(c1)C(=O)N(c1ccc(C([*])=O)cc1)C2=O,44.0,,GREA,317.15,,1,0.0,black
polymer_4313,[*]OCCCCCCCCCCCCOC(=O)OCCCCCCOc1ccc(C(=O)c2ccc(OCCCCCCOC([*])=O)cc2)cc1,-8.0,,GREA,265.15,,1,0.0,black
polymer_4314,[*]OCCCCCCCCCCCCOC(=O)OCCCCCCOc1ccc(Oc2ccc(OCCCCCCOC([*])=O)cc2)cc1,-21.99999999999997,,GREA,251.15,,1,0.0,black
polymer_4315,[*]OCCCCCCCCCCCCOC(=O)OCCCCCCn1c(=O)c2cc3c(=O)n(CCCCCCOC([*])=O)c(=O)c3cc2c1=O,-9.0,,GREA,264.15,,1,0.0,black
polymer_4316,[*]OCCCCCCCCCCCCOC(=O)c1ccc(-c2ccc(C([*])=O)cc2)cc1,50.5,,GREA,323.65,,1,0.0,black
polymer_4317,[*]OCCCCCCCCCCCCOC(=O)c1ccc(-c2nnc(-c3ccc(C([*])=O)cc3)s2)cc1,68.0,,GREA,341.15,,1,0.0,black
polymer_4318,[*]OCCCCCCCCCCCCOC(=O)c1ccc2c(c1)C(=O)N(c1ccc(C([*])=O)cc1)C2=O,47.0,,GREA,320.15,,1,0.0,black
polymer_4319,[*]OCCCCCCCCCCCCOC(=O)c1ccc2c(c1)C(=O)N(c1ccc(Oc3ccc(N4C(=O)c5ccc(C([*])=O)cc5C4=O)cc3)cc1)C2=O,105.0,,GREA,378.15,,1,0.0,black
polymer_4320,[*]OCCCCCCCCCCCCOC(=O)c1ccc2cc(C([*])=O)ccc2c1,45.0,,GREA,318.15,,1,0.0,black
polymer_4321,[*]OCCCCCCCCCCCCOc1ccc(/C=N/N=C/c2ccc([*])cc2O)c(O)c1,89.0,,GREA,362.15,,1,0.0,black
polymer_4322,[*]OCCCCCCCCCCCCOc1ccc(CCc2ccc([*])cc2C)cc1,0.0,,GREA,273.15,,1,0.0,black
polymer_4323,[*]OCCCCCCCCCCCOC(=O)c1ccc(-c2ccc(C([*])=O)cc2)cc1,49.0,,GREA,322.15,,1,0.0,black
polymer_4324,[*]OCCCCCCCCCCCOC(=O)c1ccc2c(c1)C(=O)N(c1ccc(C([*])=O)cc1)C2=O,49.0,,GREA,322.15,,1,0.0,black
polymer_4325,[*]OCCCCCCCCCCCOC(=O)c1ccc2cc(C([*])=O)ccc2c1,43.0,,GREA,316.15,,1,0.0,black
polymer_4326,[*]OCCCCCCCCCCCOc1ccc(-c2nnc(-c3ccc(OCCCCCCCCCCCOC(=O)c4ccc(C([*])=O)cc4)cc3)s2)cc1,64.0,,GREA,337.15,,1,0.0,black
polymer_4327,[*]OCCCCCCCCCCCOc1ccc(-c2nnc(-c3ccc(OCCCCCCCCCCCOC(=O)c4cccc(C([*])=O)c4)cc3)s2)cc1,68.0,,GREA,341.15,,1,0.0,black
polymer_4328,[*]OCCCCCCCCCCCOc1ccc(-c2nnc(-c3cccc(OCCCCCCCCCCCOC(=O)c4ccc(C([*])=O)cc4)c3)s2)cc1,35.0,,GREA,308.15,,1,0.0,black
polymer_4329,[*]OCCCCCCCCCCCOc1ccc(CCc2ccc([*])cc2C)cc1,3.900000000000034,,GREA,277.05,,1,0.0,black
polymer_4330,[*]OCCCCCCCCCCCOc1cccc(-c2nnc(-c3ccc(OCCCCCCCCCCCOC(=O)c4cccc(C([*])=O)c4)cc3)s2)c1,39.0,,GREA,312.15,,1,0.0,black
polymer_4331,[*]OCCCCCCCCCCCOc1cccc(-c2nnc(-c3cccc(OCCCCCCCCCCCOC(=O)c4ccc(C([*])=O)cc4)c3)s2)c1,22.0,,GREA,295.15,,1,0.0,black
polymer_4332,[*]OCCCCCCCCCCCOc1cccc(-c2nnc(-c3cccc(OCCCCCCCCCCCOC(=O)c4cccc(C([*])=O)c4)c3)s2)c1,15.0,,GREA,288.15,,1,0.0,black
polymer_4333,[*]OCCCCCCCCCCOC(=O)OC1COC2C(OC([*])=O)COC12,6.5,,GREA,279.65,,1,0.0,black
polymer_4334,[*]OCCCCCCCCCCOC(=O)OCCCCCCOc1ccc(C(=O)c2ccc(OCCCCCCOC([*])=O)cc2)cc1,-13.0,,GREA,260.15,,1,0.0,black
polymer_4335,[*]OCCCCCCCCCCOC(=O)OCCCCCCOc1ccc(Oc2ccc(OCCCCCCOC([*])=O)cc2)cc1,-21.99999999999997,,GREA,251.15,,1,0.0,black
polymer_4336,[*]OCCCCCCCCCCOC(=O)OCCCCCCn1c(=O)c2cc3c(=O)n(CCCCCCOC([*])=O)c(=O)c3cc2c1=O,-2.0,,GREA,271.15,,1,0.0,black
polymer_4337,[*]OCCCCCCCCCCOC(=O)c1ccc(-c2ccc(-c3ccc(C([*])=O)cc3)cc2)cc1,50.0,,GREA,323.15,,1,0.0,black
polymer_4338,[*]OCCCCCCCCCCOC(=O)c1ccc(-c2ccc(C([*])=O)cc2)cc1,52.0,,GREA,325.15,,1,0.0,black
polymer_4339,[*]OCCCCCCCCCCOC(=O)c1ccc(-c2nnc(-c3ccc(C([*])=O)cc3)s2)cc1,79.0,,GREA,352.15,,1,0.0,black
polymer_4340,[*]OCCCCCCCCCCOC(=O)c1ccc(C([*])=O)cc1,10.5,,GREA,283.65,,1,0.0,black
polymer_4341,[*]OCCCCCCCCCCOC(=O)c1ccc2c(c1)C(=O)N(c1ccc(C([*])=O)cc1)C2=O,58.0,,GREA,331.15,,1,0.0,black
polymer_4342,[*]OCCCCCCCCCCOC(=O)c1ccc2cc(C([*])=O)ccc2c1,50.5,,GREA,323.65,,1,0.0,black
polymer_4343,[*]OCCCCCCCCCCOC(=O)c1cccc(C([*])=O)c1,-22.49999999999997,,GREA,250.65,,1,0.0,black
polymer_4344,[*]OCCCCCCCCCCOC(=O)c1ccccc1C([*])=O,-14.0,,GREA,259.15,,1,0.0,black
polymer_4345,[*]OCCCCCCCCCCOC([*])=O,-36.99999999999997,,GREA,236.15,,1,0.0,black
polymer_4346,[*]OCCCCCCCCCCOc1ccc(/C=C/c2ccc(OCCCCCCCCCCOP([*])(=O)OCCCCCCCCCCOc3ccc(/N=N/c4ccc(-c5ccccc5)cc4)cc3)cc2)cc1,50.0,,GREA,323.15,,1,0.0,black
polymer_4347,[*]OCCCCCCCCCCOc1ccc(/C=C/c2ccc(OCCCCCCCCCCOP([*])(=O)OCCCCCCCCCCOc3ccc(/N=N/c4ccc(C#N)cc4)cc3)cc2)cc1,60.0,,GREA,333.15,,1,0.0,black
polymer_4348,[*]OCCCCCCCCCCOc1ccc(/C=C/c2ccc(OCCCCCCCCCCOP([*])(=O)OCCCCCCCCCCOc3ccc(/N=N/c4ccc(Cl)cc4)cc3)cc2)cc1,60.0,,GREA,333.15,,1,0.0,black
polymer_4349,[*]OCCCCCCCCCCOc1ccc(/C=C/c2ccc(OCCCCCCCCCCOP([*])(=O)OCCCCCCCCCCOc3ccc(/N=N/c4ccc(OC)cc4)cc3)cc2)cc1,58.0,,GREA,331.15,,1,0.0,black
polymer_4350,[*]OCCCCCCCCCCOc1ccc(/C=C/c2ccc(OCCCCCCCCCCOP([*])(=O)OCCCCCCCCCCOc3ccc(/N=N/c4ccc([N+](=O)[O-])cc4)cc3)cc2)cc1,50.0,,GREA,323.15,,1,0.0,black
polymer_4351,[*]OCCCCCCCCCCOc1ccc(/C=C/c2ccc(OCCCCCCCCCCOP([*])(=O)OCCCCCCCCCCOc3ccc(/N=N/c4ccccc4)cc3)cc2)cc1,55.0,,GREA,328.15,,1,0.0,black
polymer_4352,[*]OCCCCCCCCCCOc1ccc(/C=C2\CC/C(=C\c3ccc(OCCCCCCCCCCOC(=O)c4ccc(-c5nnc(-c6ccc(C([*])=O)cc6)o5)cc4)cc3)C2=O)cc1,58.0,,GREA,331.15,,1,0.0,black
polymer_4353,[*]OCCCCCCCCCCOc1ccc(/C=C2\CC/C(=C\c3ccc(OCCCCCCCCCCOP([*])(=O)OCC)c(OC)c3)C2=O)cc1OC,47.0,,GREA,320.15,,1,0.0,black
polymer_4354,[*]OCCCCCCCCCCOc1ccc(/C=C2\CCCC/C(=C\c3ccc(OCCCCCCCCCCOC(=O)c4ccc(-c5nnc(-c6ccc(C([*])=O)cc6)o5)cc4)cc3)C2=O)cc1,74.0,,GREA,347.15,,1,0.0,black
polymer_4355,[*]OCCCCCCCCCCOc1ccc(/N=C/c2ccc(/C=N/c3ccc([*])cc3C)cc2)c(C)c1,77.60000000000002,,GREA,350.75,,1,0.0,black
polymer_4356,[*]OCCCCCCCCCCOc1ccc(CCc2ccc([*])cc2C)cc1,-3.0,,GREA,270.15,,1,0.0,black
polymer_4357,[*]OCCCCCCCCCOC(=O)C(O)C(O)C([*])=O,-11.0,,GREA,262.15,,1,0.0,black
polymer_4358,[*]OCCCCCCCCCOC(=O)OCCCCCCOc1ccc(C(=O)c2ccc(OCCCCCCOC([*])=O)cc2)cc1,-6.0,,GREA,267.15,,1,0.0,black
polymer_4359,[*]OCCCCCCCCCOC(=O)OCCCCCCOc1ccc(Oc2ccc(OCCCCCCOC([*])=O)cc2)cc1,-19.99999999999997,,GREA,253.15,,1,0.0,black
polymer_4360,[*]OCCCCCCCCCOC(=O)c1ccc(-c2ccc(C([*])=O)cc2)cc1,50.5,,GREA,323.65,,1,0.0,black
polymer_4361,[*]OCCCCCCCCCOC(=O)c1ccc(-c2nnc(-c3ccc(C([*])=O)cc3)s2)cc1,72.0,,GREA,345.15,,1,0.0,black
polymer_4362,[*]OCCCCCCCCCOC(=O)c1ccc(C([*])=O)cc1,35.0,,GREA,308.15,,1,0.0,black
polymer_4363,[*]OCCCCCCCCCOC(=O)c1ccc2c(c1)C(=O)N(c1ccc(C([*])=O)cc1)C2=O,62.0,,GREA,335.15,,1,0.0,black
polymer_4364,[*]OCCCCCCCCCOC(=O)c1ccc2cc(C([*])=O)ccc2c1,50.0,,GREA,323.15,,1,0.0,black
polymer_4365,[*]OCCCCCCCCCOc1ccc(CCc2ccc([*])cc2C)cc1,-1.099999999999966,,GREA,272.05,,1,0.0,black
polymer_4366,[*]OCCCCCCCCOC(=O)OC1COC2C(OC([*])=O)COC12,19.5,,GREA,292.65,,1,0.0,black
polymer_4367,[*]OCCCCCCCCOC(=O)OCCCCCCOc1ccc(C(=O)c2ccc(OCCCCCCOC([*])=O)cc2)cc1,-7.699999999999989,,GREA,265.45,,1,0.0,black
polymer_4368,[*]OCCCCCCCCOC(=O)OCCCCCCOc1ccc(Oc2ccc(OCCCCCCOC([*])=O)cc2)cc1,-17.0,,GREA,256.15,,1,0.0,black
polymer_4369,[*]OCCCCCCCCOC(=O)OCCCCCCn1c(=O)c2cc3c(=O)n(CCCCCCOC([*])=O)c(=O)c3cc2c1=O,8.0,,GREA,281.15,,1,0.0,black
polymer_4370,[*]OCCCCCCCCOC(=O)c1ccc(-c2ccc(C([*])=O)cc2)cc1,47.0,,GREA,320.15,,1,0.0,black
polymer_4371,[*]OCCCCCCCCOC(=O)c1ccc(-c2nnc(-c3ccc(C([*])=O)cc3)s2)cc1,86.0,,GREA,359.15,,1,0.0,black
polymer_4372,[*]OCCCCCCCCOC(=O)c1ccc(C([*])=O)cc1,45.0,,GREA,318.15,,1,0.0,black
polymer_4373,[*]OCCCCCCCCOC(=O)c1ccc2c(c1)C(=O)N(c1ccc(C([*])=O)cc1)C2=O,65.0,,GREA,338.15,,1,0.0,black
polymer_4374,[*]OCCCCCCCCOC(=O)c1ccc2cc(C([*])=O)ccc2c1,60.0,,GREA,333.15,,1,0.0,black
polymer_4375,[*]OCCCCCCCCOC(=O)c1cccc(C([*])=O)c1,-9.0,,GREA,264.15,,1,0.0,black
polymer_4376,[*]OCCCCCCCCOc1ccc(/C=C2\CC/C(=C\c3ccc(OCCCCCCCCOC(=O)c4ccc(-c5nnc(-c6ccc(C([*])=O)cc6)o5)cc4)cc3)C2=O)cc1,99.0,,GREA,372.15,,1,0.0,black
polymer_4377,[*]OCCCCCCCCOc1ccc(/C=C2\CC/C(=C\c3ccc(OCCCCCCCCOP([*])(=O)OCC)c(OC)c3)C2=O)cc1OC,62.0,,GREA,335.15,,1,0.0,black
polymer_4378,[*]OCCCCCCCCOc1ccc(/C=C2\CCC/C(=C\c3ccc(OCCCCCCCCOC(=O)c4ccc(-c5nnc(-c6ccc(C([*])=O)cc6)o5)cc4)cc3)C2=O)cc1,59.0,,GREA,332.15,,1,0.0,black
polymer_4379,[*]OCCCCCCCCOc1ccc(/C=C2\CCCC/C(=C\c3ccc(OCCCCCCCCOC(=O)c4ccc(-c5nnc(-c6ccc(C([*])=O)cc6)o5)cc4)cc3)C2=O)cc1,98.0,,GREA,371.15,,1,0.0,black
polymer_4380,[*]OCCCCCCCCOc1ccc(/C=N/c2nc(-c3ccc(Oc4ccc(-c5csc(/N=C/c6ccc([*])cc6)n5)cc4)cc3)cs2)cc1,150.0,,GREA,423.15,,1,0.0,black
polymer_4381,[*]OCCCCCCCCOc1ccc(CCc2ccc([*])cc2C)cc1,-12.0,,GREA,261.15,,1,0.0,black
polymer_4382,[*]OCCCCCCCOC(=O)OC1CCC(OC([*])=O)CC1,-5.0,,GREA,268.15,,1,0.0,black
polymer_4383,[*]OCCCCCCCOC(=O)c1ccc(-c2ccc(C([*])=O)cc2)cc1,44.0,,GREA,317.15,,1,0.0,black
polymer_4384,[*]OCCCCCCCOC(=O)c1ccc(C([*])=O)cc1,-1.0,,GREA,272.15,,1,0.0,black
polymer_4385,[*]OCCCCCCCOC(=O)c1ccc(OC(=O)c2ccc(C(=O)Oc3ccc(C([*])=O)cc3)cc2)cc1,70.0,,GREA,343.15,,1,0.0,black
polymer_4386,[*]OCCCCCCCOC(=O)c1ccc2c(c1)C(=O)N(c1ccc(C([*])=O)cc1)C2=O,77.0,,GREA,350.15,,1,0.0,black
polymer_4387,[*]OCCCCCCCOC(=O)c1ccc2cc(C([*])=O)ccc2c1,52.5,,GREA,325.65,,1,0.0,black
polymer_4388,[*]OCCCCCCCOc1ccc(-c2ccc([*])c3ccccc23)c2ccccc12,129.5,,GREA,402.65,,1,0.0,black
polymer_4389,[*]OCCCCCCCOc1ccc(CCc2ccc([*])cc2C)cc1,6.5,,GREA,279.65,,1,0.0,black
polymer_4390,[*]OCCCCCCN1C(=O)c2ccc(-c3ccc(-c4ccc5c(c4)C(=O)N(CCCCCCOC([*])=O)C5=O)cc3)cc2C1=O,73.0,,GREA,346.15,,1,0.0,black
polymer_4391,[*]OCCCCCCN1C(=O)c2ccc(-c3ccc4c(c3)C(=O)N(CCCCCCOC([*])=O)C4=O)cc2C1=O,71.0,,GREA,344.15,,1,0.0,black
polymer_4392,[*]OCCCCCCN1C(=O)c2ccc(C(=O)c3ccc4c(c3)C(=O)N(CCCCCCOC(=O)OCCCOC([*])=O)C4=O)cc2C1=O,61.0,,GREA,334.15,,1,0.0,black
polymer_4393,[*]OCCCCCCN1C(=O)c2ccc(C(=O)c3ccc4c(c3)C(=O)N(CCCCCCOC([*])=O)C4=O)cc2C1=O,76.0,,GREA,349.15,,1,0.0,black
polymer_4394,[*]OCCCCCCOC(=O)C([*])=O,66.5,,GREA,339.65,,1,0.0,black
polymer_4395,[*]OCCCCCCOC(=O)OC1CCC(OC([*])=O)CC1,10.0,,GREA,283.15,,1,0.0,black
polymer_4396,[*]OCCCCCCOC(=O)OC1COC2C(OC([*])=O)COC12,27.5,,GREA,300.65,,1,0.0,black
polymer_4397,[*]OCCCCCCOC(=O)OCCCCCCN1C(=O)c2ccc(C(=O)c3ccc4c(c3)C(=O)N(CCCCCCOC([*])=O)C4=O)cc2C1=O,40.0,,GREA,313.15,,1,0.0,black
polymer_4398,[*]OCCCCCCOC(=O)OCCCCCCOc1ccc(-c2ccc(OCCCCCCOC([*])=O)cc2)cc1,16.600000000000023,,GREA,289.75,,1,0.0,black
polymer_4399,[*]OCCCCCCOC(=O)OCCCCCCOc1ccc(C(=O)c2ccc(OCCCCCCOC([*])=O)cc2)cc1,-0.2999999999999545,,GREA,272.85,,1,0.0,black
polymer_4400,[*]OCCCCCCOC(=O)OCCCCCCOc1ccc(Oc2ccc(OCCCCCCOC([*])=O)cc2)cc1,-13.0,,GREA,260.15,,1,0.0,black
polymer_4401,[*]OCCCCCCOC(=O)OCCCCCCn1c(=O)c2cc3c(=O)n(CCCCCCOC([*])=O)c(=O)c3cc2c1=O,17.0,,GREA,290.15,,1,0.0,black
polymer_4402,[*]OCCCCCCOC(=O)OCCCCn1c(=O)c2cc3c(=O)n(CCCCOC([*])=O)c(=O)c3cc2c1=O,37.0,,GREA,310.15,,1,0.0,black
polymer_4403,[*]OCCCCCCOC(=O)OCCCN1C(=O)c2ccc(C(=O)c3ccc4c(c3)C(=O)N(CCCOC([*])=O)C4=O)cc2C1=O,70.0,,GREA,343.15,,1,0.0,black
polymer_4404,[*]OCCCCCCOC(=O)OCCCn1c(=O)c2cc3c(=O)n(CCCOC([*])=O)c(=O)c3cc2c1=O,36.0,,GREA,309.15,,1,0.0,black
polymer_4405,[*]OCCCCCCOC(=O)c1ccc(-c2ccc(-c3ccc(C([*])=O)cc3)cc2)cc1,60.0,,GREA,333.15,,1,0.0,black
polymer_4406,[*]OCCCCCCOC(=O)c1ccc(-c2ccc(C([*])=O)cc2)cc1,51.0,,GREA,324.15,,1,0.0,black
polymer_4407,[*]OCCCCCCOC(=O)c1ccc(-c2nnc(-c3ccc(C([*])=O)cc3)s2)cc1,125.0,,GREA,398.15,,1,0.0,black
polymer_4408,[*]OCCCCCCOC(=O)c1ccc(C([*])=O)cc1,13.0,,GREA,286.15,,1,0.0,black
polymer_4409,[*]OCCCCCCOC(=O)c1ccc(Oc2ccc(C([*])=O)cc2)cc1,15.0,,GREA,288.15,,1,0.0,black
polymer_4410,[*]OCCCCCCOC(=O)c1ccc2c(c1)C(=O)N(c1ccc(C([*])=O)cc1)C2=O,80.5,,GREA,353.65,,1,0.0,black
polymer_4411,[*]OCCCCCCOC(=O)c1ccc2cc(C([*])=O)ccc2c1,64.0,,GREA,337.15,,1,0.0,black
polymer_4412,[*]OCCCCCCOC(=O)c1cccc(C([*])=O)c1,5.5,,GREA,278.65,,1,0.0,black
polymer_4413,[*]OCCCCCCOC([*])=O,-41.99999999999997,,GREA,231.15,,1,0.0,black
polymer_4414,[*]OCCCCCCOc1ccc(-c2ccc(OCCCCCCOC(=O)C(CCCCCOc3ccc(/N=N/c4ccncc4)cc3)C([*])=O)cc2)cc1,53.60000000000002,,GREA,326.75,,1,0.0,black
polymer_4415,[*]OCCCCCCOc1ccc(-c2ccc([*])c3ccccc23)c2ccccc12,109.0,,GREA,382.15,,1,0.0,black
polymer_4416,[*]OCCCCCCOc1ccc(-n2on2-c2ccc(OCCCCCCOC(=O)C(C([*])=O)c3ccccc3)cc2)cc1,23.0,,GREA,296.15,,1,0.0,black
polymer_4417,[*]OCCCCCCOc1ccc(-n2on2-c2ccc(OCCCCCCOC(=O)C(CCCCCBr)C([*])=O)cc2)cc1,7.0,,GREA,280.15,,1,0.0,black
polymer_4418,[*]OCCCCCCOc1ccc(-n2on2-c2ccc(OCCCCCCOC(=O)C(CCCCCCCCCCBr)C([*])=O)cc2)cc1,16.0,,GREA,289.15,,1,0.0,black
polymer_4419,[*]OCCCCCCOc1ccc(-n2on2-c2ccc(OCCCCCCOC(=O)C(CCCCCCCCCCP(=O)(O)O)C([*])=O)cc2)cc1,16.0,,GREA,289.15,,1,0.0,black
polymer_4420,[*]OCCCCCCOc1ccc(-n2on2-c2ccc(OCCCCCCOC(=O)C(CCCCCCP(=O)(O)O)C([*])=O)cc2)cc1,21.0,,GREA,294.15,,1,0.0,black
polymer_4421,[*]OCCCCCCOc1ccc(-n2on2-c2ccc(OCCCCCCOC(=O)C(CCCCCP(=O)(O)O)C([*])=O)cc2)cc1,17.0,,GREA,290.15,,1,0.0,black
polymer_4422,[*]OCCCCCCOc1ccc(-n2on2-c2ccc(OCCCCCCOC(=O)C(CCCCP(=O)(O)O)C([*])=O)cc2)cc1,19.0,,GREA,292.15,,1,0.0,black
polymer_4423,[*]OCCCCCCOc1ccc(/C=C/c2ccc([*])c3ccccc23)cc1,78.0,,GREA,351.15,,1,0.0,black
polymer_4424,[*]OCCCCCCOc1ccc(/C=C/c2ccc([*])cc2)cc1,76.0,,GREA,349.15,,1,0.0,black
polymer_4425,[*]OCCCCCCOc1ccc(/C=C2\CC/C(=C\c3ccc(OCCCCCCOP([*])(=O)OCC)c(OC)c3)C2=O)cc1OC,75.0,,GREA,348.15,,1,0.0,black
polymer_4426,[*]OCCCCCCOc1ccc(/C=C2\CCC/C(=C\c3ccc(OCCCCCCOC(=O)c4ccc(-c5nnc(-c6ccc(C([*])=O)cc6)o5)cc4)cc3)C2=O)cc1,71.0,,GREA,344.15,,1,0.0,black
polymer_4427,[*]OCCCCCCOc1ccc(/C=C2\CCCC/C(=C\c3ccc(OCCCCCCOC(=O)c4ccc(-c5nnc(-c6ccc(C([*])=O)cc6)o5)cc4)cc3)C2=O)cc1,104.0,,GREA,377.15,,1,0.0,black
polymer_4428,[*]OCCCCCCOc1ccc(/C=N/c2nc(-c3ccc(Oc4ccc(-c5csc(/N=C/c6ccc([*])cc6)n5)cc4)cc3)cs2)cc1,117.0,,GREA,390.15,,1,0.0,black
polymer_4429,[*]OCCCCCCOc1ccc(C(=O)c2ccc(OCCCCCCOC(=O)OCCCCCOC([*])=O)cc2)cc1,-0.19999999999998863,,GREA,272.95,,1,0.0,black
polymer_4430,[*]OCCCCCCOc1ccc(C(=O)c2ccc(OCCCCCCOC(=O)OCCCCOC([*])=O)cc2)cc1,2.1000000000000227,,GREA,275.25,,1,0.0,black
polymer_4431,[*]OCCCCCCOc1ccc(C(=O)c2ccc(OCCCCCCOC(=O)OCCCOC([*])=O)cc2)cc1,16.0,,GREA,289.15,,1,0.0,black
polymer_4432,[*]OCCCCCCOc1ccc(C(=O)c2ccc(OCCCCCCOC(=O)OCCOC([*])=O)cc2)cc1,15.0,,GREA,288.15,,1,0.0,black
polymer_4433,[*]OCCCCCCOc1ccc(CCc2ccc([*])cc2C)cc1,17.900000000000034,,GREA,291.05,,1,0.0,black
polymer_4434,[*]OCCCCCCOc1ccc(Oc2ccc(OCCCCCCOC(=O)OCCCCCOC([*])=O)cc2)cc1,-11.0,,GREA,262.15,,1,0.0,black
polymer_4435,[*]OCCCCCCOc1ccc(Oc2ccc(OCCCCCCOC(=O)OCCCCOC([*])=O)cc2)cc1,-8.0,,GREA,265.15,,1,0.0,black
polymer_4436,[*]OCCCCCCOc1ccc(Oc2ccc(OCCCCCCOC(=O)OCCCOC([*])=O)cc2)cc1,-6.0,,GREA,267.15,,1,0.0,black
polymer_4437,[*]OCCCCCCOc1ccc(Oc2ccc(OCCCCCCOC(=O)OCCOC([*])=O)cc2)cc1,-4.0,,GREA,269.15,,1,0.0,black
polymer_4438,[*]OCCCCCN1C(=O)c2ccc(-c3ccc4c(c3)C(=O)N(CCCCCOC([*])=O)C4=O)cc2C1=O,84.0,,GREA,357.15,,1,0.0,black
polymer_4439,[*]OCCCCCN1C(=O)c2ccc(C(=O)c3ccc4c(c3)C(=O)N(CCCCCOC([*])=O)C4=O)cc2C1=O,77.0,,GREA,350.15,,1,0.0,black
polymer_4440,[*]OCCCCCOC(=O)OC1CCC(OC([*])=O)CC1,-5.0,,GREA,268.15,,1,0.0,black
polymer_4441,[*]OCCCCCOC(=O)c1ccc(-c2ccc(-c3ccc(C([*])=O)cc3)cc2)cc1,40.0,,GREA,313.15,,1,0.0,black
polymer_4442,[*]OCCCCCOC(=O)c1ccc(-c2ccc(C([*])=O)cc2)cc1,47.5,,GREA,320.65,,1,0.0,black
polymer_4443,[*]OCCCCCOC(=O)c1ccc(/C=C/c2ccc(C([*])=O)cc2)cc1,60.0,,GREA,333.15,,1,0.0,black
polymer_4444,[*]OCCCCCOC(=O)c1ccc(C([*])=O)cc1,16.0,,GREA,289.15,,1,0.0,black
polymer_4445,[*]OCCCCCOC(=O)c1ccc(Oc2ccc(C([*])=O)cc2)cc1,26.0,,GREA,299.15,,1,0.0,black
polymer_4446,[*]OCCCCCOC(=O)c1ccc2c(c1)C(=O)N(c1ccc(C([*])=O)cc1)C2=O,90.0,,GREA,363.15,,1,0.0,black
polymer_4447,[*]OCCCCCOC(=O)c1ccc2cc(C([*])=O)ccc2c1,58.5,,GREA,331.65,,1,0.0,black
polymer_4448,[*]OCCCCCOC(=O)c1cccc(C([*])=O)c1,7.0,,GREA,280.15,,1,0.0,black
polymer_4449,[*]OCCCCCOC([*])=O,-42.94999999999999,,GREA,230.2,,1,0.0,black
polymer_4450,[*]OCCCCCOc1ccc(-c2ccc([*])c3ccccc23)c2ccccc12,151.0,,GREA,424.15,,1,0.0,black
polymer_4451,[*]OCCCCCOc1ccc(CCc2ccc([*])cc2C)cc1,15.400000000000034,,GREA,288.55,,1,0.0,black
polymer_4452,[*]OCCCCCc1nnc(-c2ccc(-c3nnc(CCCCCOc4ccc([*])c(C)c4)o3)cc2)o1,95.0,,GREA,368.15,,1,0.0,black
polymer_4453,[*]OCCCCN1C(=O)c2ccc(-c3ccc4c(c3)C(=O)N(CCCCOC([*])=O)C4=O)cc2C1=O,104.0,,GREA,377.15,,1,0.0,black
polymer_4454,[*]OCCCCOC(=O)C1CCC(C([*])=O)CC1,-10.5,,GREA,262.65,,1,0.0,black
polymer_4455,[*]OCCCCOC(=O)OC1CCC(OC([*])=O)CC1,30.0,,GREA,303.15,,1,0.0,black
polymer_4456,[*]OCCCCOC(=O)OC1COC2C(OC([*])=O)COC12,49.0,,GREA,322.15,,1,0.0,black
polymer_4457,[*]OCCCCOC(=O)OCC1CCC(COC([*])=O)CC1,13.0,,GREA,286.15,,1,0.0,black
polymer_4458,[*]OCCCCOC(=O)c1ccc(-c2ccc(-c3ccc(C([*])=O)cc3)cc2)cc1,180.0,,GREA,453.15,,1,0.0,black
polymer_4459,[*]OCCCCOC(=O)c1ccc(-c2ccc(C([*])=O)cc2)cc1,70.0,,GREA,343.15,,1,0.0,black
polymer_4460,[*]OCCCCOC(=O)c1ccc(N/C=N/c2ccc(C([*])=O)cc2)cc1,91.0,,GREA,364.15,,1,0.0,black
polymer_4461,[*]OCCCCOC(=O)c1ccc(Oc2ccc(C([*])=O)cc2)cc1,38.0,,GREA,311.15,,1,0.0,black
polymer_4462,[*]OCCCCOC(=O)c1ccc2c(c1)C(=O)N(c1ccc(C([*])=O)cc1)C2=O,100.5,,GREA,373.65,,1,0.0,black
polymer_4463,[*]OCCCCOC(=O)c1ccc2cc(C([*])=O)ccc2c1,66.0,,GREA,339.15,,1,0.0,black
polymer_4464,[*]OCCCCOC([*])=O,-26.99999999999997,,GREA,246.15,,1,0.0,black
polymer_4465,[*]OCCCCOCCCCOCCCCOC(=O)c1ccc(/N=C/c2ccc(/C=N/c3ccc(C([*])=O)cc3)cc2)cc1,-13.199999999999989,,GREA,259.95,,1,0.0,black
polymer_4466,[*]OCCCCOCCCCOCCCCOC(=O)c1ccc(/N=C/c2ccc(C=Nc3ccc(C([*])=O)cc3)s2)cc1,25.0,,GREA,298.15,,1,0.0,black
polymer_4467,[*]OCCCCOc1ccc(-c2ccc([*])c3ccccc23)c2ccccc12,130.0,,GREA,403.15,,1,0.0,black
polymer_4468,[*]OCCCCOc1ccc(/C=C2\CC/C(=C\c3ccc(OCCCCOP([*])(=O)OCC)c(OC)c3)C2=O)cc1OC,79.0,,GREA,352.15,,1,0.0,black
polymer_4469,[*]OCCCCOc1ccc(CCc2ccc([*])cc2C)cc1,24.900000000000034,,GREA,298.05,,1,0.0,black
polymer_4470,[*]OCCCCc1nnc(-c2ccc(-c3nnc(CCCCOc4ccc([*])c(C)c4)o3)cc2)o1,129.0,,GREA,402.15,,1,0.0,black
polymer_4471,[*]OCCCOC(=O)C([*])C,-32.99999999999997,,GREA,240.15,,1,0.0,black
polymer_4472,[*]OCCCOC(=O)C1CCC(C([*])=O)CC1,-6.0,,GREA,267.15,,1,0.0,black
polymer_4473,[*]OCCCOC(=O)c1ccc(Oc2ccc(C([*])=O)cc2)cc1,57.0,,GREA,330.15,,1,0.0,black
polymer_4474,[*]OCCCOC(=O)c1ccc2cc(C([*])=O)ccc2c1,88.0,,GREA,361.15,,1,0.0,black
polymer_4475,[*]OCCCOC(=O)c1cccc(C([*])=O)c1,36.0,,GREA,309.15,,1,0.0,black
polymer_4476,[*]OCCCOC([*])=O,-17.69999999999999,,GREA,255.45,,1,0.0,black
polymer_4477,[*]OCCCOCCCOC(=O)c1ccc(-c2ccc(C([*])=O)cc2)cc1,18.5,,GREA,291.65,,1,0.0,black
polymer_4478,[*]OCCCOc1ccc(-c2ccc([*])c3ccccc23)c2ccccc12,182.0,,GREA,455.15,,1,0.0,black
polymer_4479,[*]OCCCS(=O)(=O)CCCCS(=O)(=O)CCCOC(=O)c1cccc(C([*])=O)c1,65.0,,GREA,338.15,,1,0.0,black
polymer_4480,[*]OCCCS(=O)(=O)CCCCS(=O)(=O)CCCOC(=O)c1ccccc1C([*])=O,49.0,,GREA,322.15,,1,0.0,black
polymer_4481,[*]OCCCS(=O)(=O)CCCCS(=O)(=O)CCCOC([*])=O,43.0,,GREA,316.15,,1,0.0,black
polymer_4482,[*]OCCCS(=O)(=O)CCCS(=O)(=O)CCCOC(=O)c1cccc(C([*])=O)c1,67.0,,GREA,340.15,,1,0.0,black
polymer_4483,[*]OCCCS(=O)(=O)CCCS(=O)(=O)CCCOC(=O)c1ccccc1C([*])=O,52.0,,GREA,325.15,,1,0.0,black
polymer_4484,[*]OCCCSCCCCCCSCCCOC(=O)c1ccc2c(c1)C(=O)N(c1ccc(C([*])=O)cc1)C2=O,31.0,,GREA,304.15,,1,0.0,black
polymer_4485,[*]OCCCSCCCCSCCCOC(=O)c1ccc2c(c1)C(=O)N(c1ccc(C([*])=O)cc1)C2=O,39.0,,GREA,312.15,,1,0.0,black
polymer_4486,[*]OCCCc1nnc(-c2ccc(-c3nnc(CCCOc4ccc([*])c(C)c4)o3)cc2)o1,112.0,,GREA,385.15,,1,0.0,black
polymer_4487,[*]OCCN(CCOC(=O)OCc1ccc(COC([*])=O)cc1)c1ccc(/N=N/c2ccc([N+](=O)[O-])cc2)cc1,138.8,,GREA,411.95,,1,0.0,black
polymer_4488,[*]OCCN(CCOC(=O)c1cc(OC2CCN(c3ccc(S(=O)(=O)C(F)(F)C(F)(F)C(F)(F)C(F)(F)C(F)(F)C(F)(F)C(F)(F)C(F)(F)F)cc3)CC2)cc(C([*])=O)c1)c1ccc(S(=O)(=O)C(F)(F)C(F)(F)C(F)(F)C(F)(F)C(F)(F)C(F)(F)C(F)(F)C(F)(F)F)cc1,99.0,,GREA,372.15,,1,0.0,black
polymer_4489,[*]OCCN(CCOC(=O)c1cc(OCCC2CCN(c3ccc(S(=O)(=O)C(F)(F)C(F)(F)C(F)(F)C(F)(F)C(F)(F)C(F)(F)C(F)(F)C(F)(F)F)cc3)CC2)cc(C([*])=O)c1)c1ccc(S(=O)(=O)C(F)(F)C(F)(F)C(F)(F)C(F)(F)C(F)(F)C(F)(F)C(F)(F)C(F)(F)F)cc1,86.0,,GREA,359.15,,1,0.0,black
polymer_4490,[*]OCCN(CCOC(=O)c1ccc(C([*])=O)cc1)c1ccc(-c2nc3ccc([N+](=O)[O-])cc3o2)cc1,208.0,,GREA,481.15,,1,0.0,black
polymer_4491,[*]OCCN(CCOC(=O)c1ccc(OCC#CC#CCOc2ccc(C([*])=O)cc2)cc1)c1ccc(/N=N/c2ccc([N+](=O)[O-])cc2)cc1,100.0,,GREA,373.15,,1,0.0,black
polymer_4492,[*]OCCN(CCOC(=O)c1ccc(OCC#CC#CCOc2ccc(C([*])=O)cc2)cc1)c1ccc([N+](=O)[O-])cc1,100.0,,GREA,373.15,,1,0.0,black
polymer_4493,[*]OCCN(CCOC(=O)c1ccc2c(c1)C(=O)N(c1cccc(N3C(=O)c4ccc(C([*])=O)cc4C3=O)c1)C2=O)c1ccc(/N=N/c2ccc(F)cc2)cc1,168.0,,GREA,441.15,,1,0.0,black
polymer_4494,[*]OCCN(CCOC(=O)c1ccc2c(c1)C(=O)N(c1cccc(N3C(=O)c4ccc(C([*])=O)cc4C3=O)c1)C2=O)c1ccc(/N=N/c2ccc([N+](=O)[O-])cc2)cc1,210.0,,GREA,483.15,,1,0.0,black
polymer_4495,[*]OCCN(CCOC(=O)c1cccc(C([*])=O)c1)c1ccccc1,60.0,,GREA,333.15,,1,0.0,black
polymer_4496,[*]OCCN(CCOc1ccc2c(c1)C(=O)N(c1ccc(C(c3ccc(N4C(=O)c5ccc([*])cc5C4=O)cc3)(C(F)(F)F)C(F)(F)F)cc1)C2=O)c1ccc(/C=C/c2ccc([N+](=O)[O-])cc2)cc1,180.70000000000005,,GREA,453.85,,1,0.0,black
polymer_4497,[*]OCCN(CCOc1ccc2c(c1)C(=O)N(c1ccc(Cc3ccc(N4C(=O)c5ccc([*])cc5C4=O)cc3)cc1)C2=O)c1ccc(/C=C/c2ccc([N+](=O)[O-])cc2)cc1,160.70000000000005,,GREA,433.85,,1,0.0,black
polymer_4498,[*]OCCOC(=O)C1=C(N2CCCC2)CCCC=C1C([*])=O,352.5,,GREA,625.65,,1,0.0,black
polymer_4499,[*]OCCOC(=O)C1C2C=CC(C2)C1C([*])=O,0.0,,GREA,273.15,,1,0.0,black
polymer_4500,[*]OCCOC(=O)C1CCC(C([*])=O)CC1,25.0,,GREA,298.15,,1,0.0,black
polymer_4501,[*]OCCOC(=O)CCCC(=O)OCCOc1nc(-c2ccc(OC)cc2)nc([*])c1-c1ccc(OC)cc1,57.0,,GREA,330.15,,1,0.0,black
polymer_4502,[*]OCCOC(=O)CCCC(=O)OCCOc1nc(-c2ccc(OCCCC)cc2)nc([*])c1-c1ccc(OC)cc1,46.0,,GREA,319.15,,1,0.0,black
polymer_4503,[*]OCCOC(=O)CCCC(=O)OCCOc1nc(-c2ccc(OCCCC)cc2)nc([*])c1-c1ccc(OCCCC)cc1,37.0,,GREA,310.15,,1,0.0,black
polymer_4504,[*]OCCOC(=O)CCCCC(=O)OCCOc1nc(-c2ccc(OC)cc2)nc([*])c1-c1ccc(OC)cc1,48.0,,GREA,321.15,,1,0.0,black
polymer_4505,[*]OCCOC(=O)CCCCC(=O)OCCOc1nc(-c2ccc(OCCCC)cc2)nc([*])c1-c1ccc(OC)cc1,34.0,,GREA,307.15,,1,0.0,black
polymer_4506,[*]OCCOC(=O)N1CCN(C(=O)OCCOC(=O)c2ccc(C([*])=O)cc2)CC1,53.0,,GREA,326.15,,1,0.0,black
polymer_4507,[*]OCCOC(=O)N1CCN(C([*])=O)CC1,60.0,,GREA,333.15,,1,0.0,black
polymer_4508,[*]OCCOC(=O)c1cc(/N=N/c2ccc(OCC)cc2)ccc1-c1ccc(/N=N/c2ccc(OCC)cc2)cc1C(=O)OCCOc1nc(-c2ccc(OCCCC)cc2)nc([*])c1-c1ccc(OC)cc1,126.0,,GREA,399.15,,1,0.0,black
polymer_4509,[*]OCCOC(=O)c1ccc(-c2ccc(-c3ccc(C([*])=O)cc3)cc2)cc1,180.0,,GREA,453.15,,1,0.0,black
polymer_4510,[*]OCCOC(=O)c1ccc(-c2ccc(C([*])=O)cc2)cc1,40.0,,GREA,313.15,,1,0.0,black
polymer_4511,[*]OCCOC(=O)c1ccc(C(=O)OCCOc2nc(-c3ccc(OCCCC)cc3)nc([*])c2-c2ccc(OC)cc2)cc1,94.0,,GREA,367.15,,1,0.0,black
polymer_4512,[*]OCCOC(=O)c1ccc(C([*])=O)o1,88.95000000000005,,GREA,362.1,,1,0.0,black
polymer_4513,[*]OCCOC(=O)c1ccc(OCCCCOc2ccc(C([*])=O)cc2)cc1,53.0,,GREA,326.15,,1,0.0,black
polymer_4514,[*]OCCOC(=O)c1ccc(Oc2ccc(C([*])=O)cc2)cc1,74.0,,GREA,347.15,,1,0.0,black
polymer_4515,[*]OCCOC(=O)c1ccc2c(c1)C(=O)N(c1ccc(C([*])=O)cc1)C2=O,280.0,,GREA,553.15,,1,0.0,black
polymer_4516,[*]OCCOC(=O)c1ccc2ccc(C([*])=O)cc2c1,119.0,,GREA,392.15,,1,0.0,black
polymer_4517,[*]OCCOC(=O)c1cccc(C(=O)OCCOc2nc(-c3ccc(OCCCC)cc3)nc([*])c2-c2ccc(OC)cc2)c1,92.0,,GREA,365.15,,1,0.0,black
polymer_4518,[*]OCCOC(=O)c1cccc(C([*])=O)c1,58.0,,GREA,331.15,,1,0.0,black
polymer_4519,[*]OCCOC(=O)c1cccc(N2C(=O)c3ccc(C([*])=O)cc3C2=O)c1,220.0,,GREA,493.15,,1,0.0,black
polymer_4520,[*]OCCOC(=O)c1cccc2c(C([*])=O)cccc12,78.0,,GREA,351.15,,1,0.0,black
polymer_4521,[*]OCCOCCOC(=O)C([*])=O,-27.99999999999997,,GREA,245.15,,1,0.0,black
polymer_4522,[*]OCCOCCOC(=O)C1CCC(C([*])=O)CC1,-12.0,,GREA,261.15,,1,0.0,black
polymer_4523,[*]OCCOCCOC(=O)OC1COC2C(OC([*])=O)COC12,46.5,,GREA,319.65,,1,0.0,black
polymer_4524,[*]OCCOCCOC(=O)Oc1cccc(N(c2ccc(/N=N/c3ccc([N+](=O)[O-])cc3)cc2)c2ccc(-c3ccc(N(c4ccccc4)c4cccc(OC([*])=O)c4)cc3)cc2)c1,111.0,,GREA,384.15,,1,0.0,black
polymer_4525,[*]OCCOCCOC(=O)Oc1cccc(N(c2ccccc2)c2ccc(-c3ccc(N(c4ccccc4)c4cccc(OC([*])=O)c4)cc3)cc2)c1,113.0,,GREA,386.15,,1,0.0,black
polymer_4526,[*]OCCOCCOC(=O)c1ccc(-c2ccc(C([*])=O)cc2)cc1,50.0,,GREA,323.15,,1,0.0,black
polymer_4527,[*]OCCOCCOC(=O)c1ccc(C([*])=O)cc1,21.900000000000034,,GREA,295.05,,1,0.0,black
polymer_4528,[*]OCCOCCOC(=O)c1ccc(N/C=N/c2ccc(C([*])=O)cc2)cc1,77.0,,GREA,350.15,,1,0.0,black
polymer_4529,[*]OCCOCCOC(=O)c1ccc2c(c1)C(=O)N(c1ccc(C([*])=O)cc1)C2=O,101.0,,GREA,374.15,,1,0.0,black
polymer_4530,[*]OCCOCCOC(=O)c1cccc(C([*])=O)c1,16.0,,GREA,289.15,,1,0.0,black
polymer_4531,[*]OCCOCCOC(=O)c1ccccc1-c1ccccc1C([*])=O,17.0,,GREA,290.15,,1,0.0,black
polymer_4532,[*]OCCOCCOC(=O)c1ccccc1C([*])=O,-49.99999999999997,,GREA,223.15,,1,0.0,black
polymer_4533,[*]OCCOCCOC([*])=O,-26.99999999999997,,GREA,246.15,,1,0.0,black
polymer_4534,[*]OCCOCCOCCOC(=O)C1CCC(C([*])=O)CC1,-24.99999999999997,,GREA,248.15,,1,0.0,black
polymer_4535,[*]OCCOCCOCCOC(=O)OC1COC2C(OC([*])=O)COC12,17.0,,GREA,290.15,,1,0.0,black
polymer_4536,[*]OCCOCCOCCOC(=O)c1ccc(-c2ccc(-c3ccc(C([*])=O)cc3)cc2)cc1,50.0,,GREA,323.15,,1,0.0,black
polymer_4537,[*]OCCOCCOCCOC(=O)c1ccc(-c2ccc(C([*])=O)cc2)cc1,20.0,,GREA,293.15,,1,0.0,black
polymer_4538,[*]OCCOCCOCCOC(=O)c1ccc(OC(=O)c2ccc(C(=O)Oc3ccc(C([*])=O)cc3)cc2)cc1,30.0,,GREA,303.15,,1,0.0,black
polymer_4539,[*]OCCOCCOCCOC(=O)c1ccc2c(c1)C(=O)N(c1ccc(C([*])=O)cc1)C2=O,63.0,,GREA,336.15,,1,0.0,black
polymer_4540,[*]OCCOCCOCCOCCOC(=O)OC1COC2C(OC([*])=O)COC12,9.5,,GREA,282.65,,1,0.0,black
polymer_4541,[*]OCCOCCOCCOCCOC(=O)c1ccc(-c2ccc(-c3ccc(C([*])=O)cc3)cc2)cc1,40.0,,GREA,313.15,,1,0.0,black
polymer_4542,[*]OCCOCCOCCOCCOC(=O)c1ccc(-c2ccc(C([*])=O)cc2)cc1,4.0,,GREA,277.15,,1,0.0,black
polymer_4543,[*]OCCOCCOCCOCCOC(=O)c1ccc(OC(=O)c2ccc(C(=O)Oc3ccc(C([*])=O)cc3)cc2)cc1,30.0,,GREA,303.15,,1,0.0,black
polymer_4544,[*]OCCOCCOCCOCCOC(=O)c1ccc2c(c1)C(=O)N(c1ccc(C([*])=O)cc1)C2=O,52.0,,GREA,325.15,,1,0.0,black
polymer_4545,[*]OCCOCCOCCOCCOCCOCCOC(=O)c1cccc(C([*])=O)c1,-23.49999999999997,,GREA,249.65,,1,0.0,black
polymer_4546,[*]OCCOCCOCCOCCOCCOCCOCCOCCOCCOCCOC(=O)c1ccc(-c2ccc(-c3ccc(C([*])=O)cc3)cc2)cc1,40.0,,GREA,313.15,,1,0.0,black
polymer_4547,[*]OCCOCCOCCOc1ccc(/C=C/c2ccc(/C=C/c3ccc([*])c4ccccc34)cc2)c2ccccc12,83.5,,GREA,356.65,,1,0.0,black
polymer_4548,[*]OCCOCCOc1ccc(N/C=N/c2ccc([*])cc2)cc1,62.0,,GREA,335.15,,1,0.0,black
polymer_4549,[*]OCCOc1ccc(-c2nc3ccc(Oc4ccc5nc(-c6ccc(OCCOc7cc([*])ccc7/C=C/c7ccc([N+](=O)[O-])cc7)cc6)c(-c6ccccc6)nc5c4)cc3nc2-c2ccccc2)cc1,187.0,,GREA,460.15,,1,0.0,black
polymer_4550,[*]OCCOc1ccc(/C=C2\CC/C(=C\c3ccc(OCCOP([*])(=O)OCC)c(OC)c3)C2=O)cc1OC,80.0,,GREA,353.15,,1,0.0,black
polymer_4551,[*]OCCOc1ccc(C([*])=O)cc1,84.0,,GREA,357.15,,1,0.0,black
polymer_4552,[*]OCCOc1ccc(C2(c3ccc(OCCOC(=O)C4CCC(C([*])=O)CC4)cc3)c3ccccc3-c3ccccc32)cc1,120.05000000000001,,GREA,393.2,,1,0.0,black
polymer_4553,[*]OCCOc1ccc(C2(c3ccc(OCCO[Si]([*])(c4ccccc4)c4ccccc4)cc3)c3ccccc3-c3ccccc32)cc1,97.0,,GREA,370.15,,1,0.0,black
polymer_4554,[*]OCCOc1ccc(S(=O)(=O)c2ccc(OCCOP([*])(=O)Oc3ccc(Br)cc3)cc2)cc1,59.0,,GREA,332.15,,1,0.0,black
polymer_4555,[*]OCCOc1ccc(S(=O)(=O)c2ccc(OCCOP([*])(=O)Oc3ccc(C)cc3)cc2)cc1,46.0,,GREA,319.15,,1,0.0,black
polymer_4556,[*]OCCOc1ccc(S(=O)(=O)c2ccc(OCCOP([*])(=O)Oc3ccc(OC)cc3)cc2)cc1,52.0,,GREA,325.15,,1,0.0,black
polymer_4557,[*]OCCOc1ccc(S(=O)(=O)c2ccc(OCCOP([*])(=O)Oc3ccc([N+](=O)[O-])cc3)cc2)cc1,56.0,,GREA,329.15,,1,0.0,black
polymer_4558,[*]OCCOc1ccc(S(=O)(=O)c2ccc(OCCOP([*])(=O)Oc3ccccc3)cc2)cc1,49.0,,GREA,322.15,,1,0.0,black
polymer_4559,[*]OCc1ccc(COC(=O)c2cccc(C([*])=O)c2)cc1,143.0,,GREA,416.15,,1,0.0,black
polymer_4560,[*]ON(C(F)(F)F)C(F)(F)C([*])(F)SC(F)(F)F,-47.99999999999997,,GREA,225.15,,1,0.0,black
polymer_4561,[*]O[SiH](CCC(F)(F)F)O[Si](C)(C)c1ccc([Si]([*])(C)C)cc1,-36.99999999999997,,GREA,236.15,,1,0.0,black
polymer_4562,[*]O[SiH]([*])C,-3.3899999999999864,,GREA,269.76,,1,0.0,black
polymer_4563,[*]O[Si](C)(C)O[Si](C)(C)O[SiH]([*])O[Si](C)(C)C=C,-67.99999999999997,,GREA,205.15,,1,0.0,black
polymer_4564,[*]O[Si](C)(C)O[Si](C)(C)O[Si](C)(C)c1ccc(Oc2ccc([Si](C)(C)O[Si](C)(C)O[Si]([*])(C)C)cc2)cc1,-64.99999999999997,,GREA,208.15,,1,0.0,black
polymer_4565,[*]O[Si](C)(C)O[Si](C)(C)O[Si](C)(C)c1ccc([Si](C)(C)O[Si](C)(C)O[Si]([*])(C)C)cc1,-79.99999999999997,,GREA,193.15,,1,0.0,black
polymer_4566,[*]O[Si](C)(C)O[Si](C)(C)c1ccc(Oc2ccc([Si](C)(C)O[Si](C)(C)O[Si]([*])(C)C)cc2)cc1,-51.99999999999997,,GREA,221.15,,1,0.0,black
polymer_4567,[*]O[Si](C)(C)O[Si](C)(C)c1ccc(Oc2ccc([Si](C)(C)O[Si]([*])(C)C)cc2)cc1,-36.99999999999997,,GREA,236.15,,1,0.0,black
polymer_4568,[*]O[Si](C)(C)O[Si](C)(C)c1ccc([Si](C)(C)O[Si](C)(C)O[Si]([*])(C)C)cc1,-71.99999999999997,,GREA,201.15,,1,0.0,black
polymer_4569,[*]O[Si](C)(C)O[Si](C)(C)c1ccc([Si](C)(C)O[Si]([*])(C)C)cc1,-61.99999999999997,,GREA,211.15,,1,0.0,black
polymer_4570,[*]O[Si](C)(C)O[Si](C)(C)c1cccc([Si](C)(C)O[Si](C)(C)O[Si]([*])(C)C)c1,-74.99999999999997,,GREA,198.15,,1,0.0,black
polymer_4571,[*]O[Si](C)(C)O[Si](C)(O[Si]([*])(C)C)c1c(F)c(F)c(F)c(F)c1F,-82.99999999999997,,GREA,190.15,,1,0.0,black
polymer_4572,[*]O[Si](C)(C)O[Si](C)(c1ccccc1)c1cccc([Si](C)(O[Si](C)(C)O[Si]([*])(C)C)c2ccccc2)c1,-41.99999999999997,,GREA,231.15,,1,0.0,black
polymer_4573,[*]O[Si](C)(C)O[Si](O[Si]([*])(C)C)(c1c(F)c(F)c(F)c(F)c1F)c1c(F)c(F)c(F)c(F)c1F,-41.99999999999997,,GREA,231.15,,1,0.0,black
polymer_4574,[*]O[Si](C)(C)O[Si]([*])(C)CCCCCCCCOc1ccc(C(=O)Oc2ccc(C#N)cc2C)cc1,-15.0,,GREA,258.15,,1,0.0,black
polymer_4575,[*]O[Si](C)(C)[Si]([*])(C)C,-118.99999999999997,,GREA,154.15,,1,0.0,black
polymer_4576,[*]O[Si](C)(C)c1c(F)c(F)c(F)c([Si](C)(C)O[Si]([*])(C)C)c1F,-60.99999999999997,,GREA,212.15,,1,0.0,black
polymer_4577,[*]O[Si](C)(C)c1c(F)c(F)c(F)c([Si]([*])(C)C)c1F,-28.49999999999997,,GREA,244.65,,1,0.0,black
polymer_4578,[*]O[Si](C)(C)c1cc(OCCO)c([Si]([*])(C)C)cc1OCCO,73.0,,GREA,346.15,,1,0.0,black
polymer_4579,[*]O[Si](C)(C)c1cc(OCCOCc2ccccc2)c([Si]([*])(C)C)cc1OCCOCc1ccccc1,76.0,,GREA,349.15,,1,0.0,black
polymer_4580,[*]O[Si](C)(C)c1ccc(-c2ccc([Si]([*])(C)C)cc2)cc1,67.0,,GREA,340.15,,1,0.0,black
polymer_4581,[*]O[Si](C)(C)c1ccc([Si](C)(C)O[SiH]([*])C)cc1,-64.99999999999997,,GREA,208.15,,1,0.0,black
polymer_4582,[*]O[Si](C)(C)c1ccc([Si](C)(C)O[Si]([*])(C)C)cc1,-62.49999999999997,,GREA,210.65,,1,0.0,black
polymer_4583,[*]O[Si](C)(C)c1ccc([Si](C)(C)O[Si]([*])(C)C=C)cc1,-62.99999999999997,,GREA,210.15,,1,0.0,black
polymer_4584,[*]O[Si](C)(C)c1ccc([Si](C)(C)O[Si]([*])(C)CCC(F)(F)C(F)(F)C(F)(F)C(F)(F)C(F)(F)C(F)(F)F)cc1,-54.99999999999997,,GREA,218.15,,1,0.0,black
polymer_4585,[*]O[Si](C)(C)c1ccc([Si](C)(C)O[Si]([*])(C=C)C=C)cc1,-70.99999999999997,,GREA,202.15,,1,0.0,black
polymer_4586,[*]O[Si](C)(C)c1ccc([Si]([*])(C)C)c2ccccc12,60.0,,GREA,333.15,,1,0.0,black
polymer_4587,[*]O[Si](C)(C)c1ccc([Si]([*])(C)C)cc1,-17.99999999999997,,GREA,255.15,,1,0.0,black
polymer_4588,[*]O[Si](C)(C)c1ccc2c(c1)C(=O)N(c1ccc(Cc3ccc(N4C(=O)c5ccc([Si](C)(C)O[Si]([*])(C)C)cc5C4=O)cc3)cc1)C2=O,220.0,,GREA,493.15,,1,0.0,black
polymer_4589,[*]O[Si](C)(C)c1ccc2c(c1)C(=O)N(c1ccc(Cc3ccc(N4C(=O)c5ccc([Si]([*])(C)C)cc5C4=O)cc3)cc1)C2=O,232.0,,GREA,505.15,,1,0.0,black
polymer_4590,[*]O[Si](C)(C)c1ccc2c(c1)C(=O)N(c1ccc(Oc3ccc(-c4nnc(-c5ccc(Oc6ccc(N7C(=O)c8ccc([Si]([*])(C)C)cc8C7=O)cc6)cc5)o4)cc3)cc1)C2=O,190.5,,GREA,463.65,,1,0.0,black
polymer_4591,[*]O[Si](C)(C)c1ccc2c(c1)C(=O)N(c1cccc(Cc3cccc(N4C(=O)c5ccc([Si](C)(C)O[Si]([*])(C)C)cc5C4=O)c3)c1)C2=O,208.0,,GREA,481.15,,1,0.0,black
polymer_4592,[*]O[Si](C)(C)c1ccc2c(c1)C(=O)N(c1cccc(Cc3cccc(N4C(=O)c5ccc([Si]([*])(C)C)cc5C4=O)c3)c1)C2=O,217.0,,GREA,490.15,,1,0.0,black
polymer_4593,[*]O[Si](C)(C)c1ccc2c(c1)C(=O)N(c1cccc(Oc3ccc(-c4nnc(-c5ccc(Oc6cccc(N7C(=O)c8ccc([Si]([*])(C)C)cc8C7=O)c6)cc5)o4)cc3)c1)C2=O,165.0,,GREA,438.15,,1,0.0,black
polymer_4594,[*]O[Si](C)(C)c1ccc2cc([Si]([*])(C)C)ccc2c1,29.0,,GREA,302.15,,1,0.0,black
polymer_4595,[*]O[Si](C)(C)c1ccc2cc3cc([Si]([*])(C)C)ccc3cc2c1,118.0,,GREA,391.15,,1,0.0,black
polymer_4596,[*]O[Si](C)(C)c1ccc2ccc([Si]([*])(C)C)cc2c1,26.0,,GREA,299.15,,1,0.0,black
polymer_4597,[*]O[Si](C)(C)c1ccc2ccc3c([Si]([*])(C)C)ccc4ccc1c2c43,65.0,,GREA,338.15,,1,0.0,black
polymer_4598,[*]O[Si](C)(C)c1cccc(C(F)(F)C(F)(F)C(F)(F)c2cccc([Si]([*])(C)C)c2)c1,-8.0,,GREA,265.15,,1,0.0,black
polymer_4599,[*]O[Si](C)(C)c1cccc(C(F)(F)C(F)(F)c2cccc([Si]([*])(C)C)c2)c1,-2.0,,GREA,271.15,,1,0.0,black
polymer_4600,[*]O[Si](C)(C)c1cccc([Si]([*])(C)C)c1,-47.99999999999997,,GREA,225.15,,1,0.0,black
polymer_4601,[*]O[Si](C)(C)c1cccc2c([Si]([*])(C)C)cccc12,62.0,,GREA,335.15,,1,0.0,black
polymer_4602,[*]O[Si](C)(C)c1cccc2c1ccc1c([Si]([*])(C)C)cccc12,100.0,,GREA,373.15,,1,0.0,black
polymer_4603,[*]O[Si](C)(C=C)O[Si](C)(C)c1ccc([Si](C)(C)O[Si]([*])(C)C=C)cc1,-85.99999999999997,,GREA,187.15,,1,0.0,black
polymer_4604,[*]O[Si](C)(CCCCOc1ccc(-c2ccc(C#N)cc2)cc1)O[Si]([*])(C)C,-5.5,,GREA,267.65,,1,0.0,black
polymer_4605,[*]O[Si](C)(O[Si]([*])(C)C)c1c(F)c(F)c(F)c(F)c1F,-64.99999999999997,,GREA,208.15,,1,0.0,black
polymer_4606,[*]O[Si](O[Si](C)(C)c1ccc([Si]([*])(C)C)cc1)(c1ccccc1)c1ccccc1,0.0,,GREA,273.15,,1,0.0,black
polymer_4607,[*]O[Si]([*])(C([2H])([2H])[2H])C([2H])([2H])[2H],-124.99999999999997,,GREA,148.15,,1,0.0,black
polymer_4608,[*]O[Si]([*])(C)C1CC2CC1C1C3CC(CC3C(=O)OC(C)(C)C)C21,90.0,,GREA,363.15,,1,0.0,black
polymer_4609,[*]O[Si]([*])(C)C1CC2CC1CC2OC(=O)OC(C)(C)C,60.0,,GREA,333.15,,1,0.0,black
polymer_4610,[*]O[Si]([*])(C)C=C,-128.99999999999997,,GREA,144.15,,1,0.0,black
polymer_4611,[*]O[Si]([*])(C)CC,-132.99999999999997,,GREA,140.15,,1,0.0,black
polymer_4612,[*]O[Si]([*])(C)CCC,-119.99999999999997,,GREA,153.15,,1,0.0,black
polymer_4613,[*]O[Si]([*])(C)CCC(F)(F)C(F)(F)C(F)(F)C(F)(F)F,-74.99999999999997,,GREA,198.15,,1,0.0,black
polymer_4614,[*]O[Si]([*])(C)CCC(F)(F)F,-68.99999999999997,,GREA,204.15,,1,0.0,black
polymer_4615,[*]O[Si]([*])(C)CCCC,-114.99999999999997,,GREA,158.15,,1,0.0,black
polymer_4616,[*]O[Si]([*])(C)CCCC(=O)O,-28.99999999999997,,GREA,244.15,,1,0.0,black
polymer_4617,[*]O[Si]([*])(C)CCCC(=O)OC,-71.99999999999997,,GREA,201.15,,1,0.0,black
polymer_4618,[*]O[Si]([*])(C)CCCC(=O)OCC,-81.99999999999997,,GREA,191.15,,1,0.0,black
polymer_4619,[*]O[Si]([*])(C)CCCC(=O)OCCCC,-90.99999999999997,,GREA,182.15,,1,0.0,black
polymer_4620,[*]O[Si]([*])(C)CCCC(=O)OCCO,-57.99999999999997,,GREA,215.15,,1,0.0,black
polymer_4621,[*]O[Si]([*])(C)CCCCC,-111.99999999999997,,GREA,161.15,,1,0.0,black
polymer_4622,[*]O[Si]([*])(C)CCCCC(=O)OCCCCCCCCCCC(F)(F)C(F)(F)C(F)(F)C(F)(F)C(F)(F)C(F)(F)C(F)(F)C(F)(F)F,-77.99999999999997,,GREA,195.15,,1,0.0,black
polymer_4623,[*]O[Si]([*])(C)CCCCC1COC(=O)O1,-23.44999999999999,,GREA,249.7,,1,0.0,black
polymer_4624,[*]O[Si]([*])(C)CCCCCC,-110.84999999999997,,GREA,162.3,,1,0.0,black
polymer_4625,[*]O[Si]([*])(C)CCCCCCCC,-91.99999999999997,,GREA,181.15,,1,0.0,black
polymer_4626,[*]O[Si]([*])(C)CCCCCCCCCCC(=O)OCCC(F)(F)C(F)(F)C(F)(F)C(F)(F)C(F)(F)C(F)(F)C(F)(F)C(F)(F)F,-77.99999999999997,,GREA,195.15,,1,0.0,black
polymer_4627,[*]O[Si]([*])(C)CCCCCCCCCCC(=O)OCCC(F)(F)C(F)(F)C(F)(F)C(F)(F)C(F)(F)C(F)(F)F,-68.99999999999997,,GREA,204.15,,1,0.0,black
polymer_4628,[*]O[Si]([*])(C)CCCCCCCCCCC(=O)Oc1ccc(-c2ccc(OC(=O)CCCCC(=O)OC3CC(C)CCC3C(C)C)cc2)cc1,16.5,,GREA,289.65,,1,0.0,black
polymer_4629,[*]O[Si]([*])(C)CCCCCCCCCCC(=O)Oc1ccc(-c2ccc(OC(=O)c3ccc(OCC(C)CC)cc3)cc2)cc1,29.200000000000045,,GREA,302.35,,1,0.0,black
polymer_4630,[*]O[Si]([*])(C)CCCCCCCCCCC(=O)Oc1ccc(-c2ccc(OC(=O)c3ccc(OCC)cc3)cc2)cc1,103.40000000000003,,GREA,376.55,,1,0.0,black
polymer_4631,[*]O[Si]([*])(C)CCCCCCCCCCC(=O)Oc1ccc(-c2ccc(OC(=O)c3ccc(OCCCCCCC)cc3)cc2)cc1,61.10000000000002,,GREA,334.25,,1,0.0,black
polymer_4632,[*]O[Si]([*])(C)CCCCCCCCCCC(=O)Oc1ccc(C(=O)OCCOc2ccc(C(=O)OC3CCC4(C)C(=CCC5C4CCC4(C)C(C(C)CCCC(C)C)CCC54)C3)cc2)cc1,25.0,,GREA,298.15,,1,0.0,black
polymer_4633,[*]O[Si]([*])(C)CCCCCCCCCCC(=O)Oc1ccc(C(=O)Oc2ccc(-c3ccc(OC(=O)CCCCC(=O)OC4CC(C)CCC4C(C)C)cc3)cc2)cc1,32.400000000000034,,GREA,305.55,,1,0.0,black
polymer_4634,[*]O[Si]([*])(C)CCCCCCCCCCC(=O)Oc1ccc(C(=O)Oc2ccc(-c3ccc(OC(=O)c4ccc(OCC(C)CC)cc4)cc3)cc2)cc1,74.30000000000001,,GREA,347.45,,1,0.0,black
polymer_4635,[*]O[Si]([*])(C)CCCCCCCCCCC(=O)Oc1ccc(C(=O)Oc2ccc(-c3ccc(OCC(C)CC)cc3)cc2)cc1,26.700000000000045,,GREA,299.85,,1,0.0,black
polymer_4636,[*]O[Si]([*])(C)CCCCCCCCCCC(=O)Oc1ccc(C(=O)Oc2ccc(OC(=O)CCCCC(=O)OC3CC(C)CCC3C(C)C)cc2)cc1,20.700000000000045,,GREA,293.85,,1,0.0,black
polymer_4637,[*]O[Si]([*])(C)CCCCCCCCCCC(=O)Oc1ccc(C(=O)Oc2ccc(OC(=O)c3ccc(OCC(C)CC)cc3)cc2)cc1,28.5,,GREA,301.65,,1,0.0,black
polymer_4638,[*]O[Si]([*])(C)CCCCCCCCCCC(=O)Oc1ccc(OC(=O)c2ccc(OCC(C)CC)cc2)cc1,13.400000000000034,,GREA,286.55,,1,0.0,black
polymer_4639,[*]O[Si]([*])(C)CCCCCCCCCCC(=O)Oc1ccc2cc(C(=O)OC3CCC4(C)C(=CCC5C4CCC4(C)C(C(C)CCCC(C)C)CCC54)C3)ccc2c1,27.0,,GREA,300.15,,1,0.0,black
polymer_4640,[*]O[Si]([*])(C)CCCCCCCCCCC(F)(F)C(F)(F)C(F)(F)C(F)(F)C(F)(F)C(F)(F)C(F)(F)C(F)(F)F,-77.99999999999997,,GREA,195.15,,1,0.0,black
polymer_4641,[*]O[Si]([*])(C)CCCCCCCCCCCOC(=O)c1cc(OC(=O)c2ccc(OCCOCCOCCOCCOCCOCCOCCOCCOC)cc2)ccc1OC(=O)c1ccc(OCCOCCOCCOCCOCCOCCOCCOCCOC)cc1,-55.99999999999997,,GREA,217.15,,1,0.0,black
polymer_4642,[*]O[Si]([*])(C)CCCCCCCCCCCOc1ccc(-c2ccc(C(=O)Oc3ccc(C(=O)OC(C)C(=O)OC(C)C(=O)OC(C)C(=O)OCC(C)CC)cc3)cc2)cc1,15.0,,GREA,288.15,,1,0.0,black
polymer_4643,[*]O[Si]([*])(C)CCCCCCCCCCCOc1ccc(-c2ccc(C(=O)Oc3ccc(C(=O)OC(C)C(=O)OC(C)C(=O)OCC(C)CC)cc3)cc2)cc1,20.0,,GREA,293.15,,1,0.0,black
polymer_4644,[*]O[Si]([*])(C)CCCCCCCCCCCOc1ccc(/C=C/c2ccc(C#N)cc2)cc1,-54.99999999999997,,GREA,218.15,,1,0.0,black
polymer_4645,[*]O[Si]([*])(C)CCCCCCCCCCCOc1ccc(/C=C/c2ccc(OC)cc2)cc1,55.0,,GREA,328.15,,1,0.0,black
polymer_4646,[*]O[Si]([*])(C)CCCCCCCCCCCOc1ccc(/C=C/c2ccc(OCCCC)cc2)cc1,-32.99999999999997,,GREA,240.15,,1,0.0,black
polymer_4647,[*]O[Si]([*])(C)CCCCCCCCCCCOc1ccc(C(=O)OC/C=C(\C)CCC=C(C)C)cc1,25.0,,GREA,298.15,,1,0.0,black
polymer_4648,[*]O[Si]([*])(C)CCCCCCCCCCCn1c2ccccc2c2ccccc21,-44.99999999999997,,GREA,228.15,,1,0.0,black
polymer_4649,[*]O[Si]([*])(C)CCCCCCCCOc1ccc(C(=O)Oc2ccc(C#N)cc2C)cc1,5.5,,GREA,278.65,,1,0.0,black
polymer_4650,[*]O[Si]([*])(C)CCCCCCOC(=O)c1cc(OC(=O)c2ccc(OCCOCCOCCOCCOCCOCCOC)cc2)ccc1OC(=O)c1ccc(OCCOCCOCCOCCOCCOCCOC)cc1,-49.99999999999997,,GREA,223.15,,1,0.0,black
polymer_4651,[*]O[Si]([*])(C)CCCCCCOc1ccc(-c2ccc(C#N)cc2)cc1,10.0,,GREA,283.15,,1,0.0,black
polymer_4652,[*]O[Si]([*])(C)CCCCCCOc1ccc(C(=O)Oc2ccc(C#N)cc2)cc1,8.0,,GREA,281.15,,1,0.0,black
polymer_4653,[*]O[Si]([*])(C)CCCCCCOc1ccc(C(=O)Oc2ccc(C#N)cc2C)cc1,45.0,,GREA,318.15,,1,0.0,black
polymer_4654,[*]O[Si]([*])(C)CCCCCCOc1ccc(C(=O)Oc2ccc(C(=O)OCC(C)CC)cc2)cc1,-9.0,,GREA,264.15,,1,0.0,black
polymer_4655,[*]O[Si]([*])(C)CCCCCCOc1ccc(C(=O)Oc2ccc(C(=O)Oc3ccc(C=C(C(=O)OCCCCCCCCC)C(=O)OCCCCCCCCC)cc3)cc2)cc1,-5.0,,GREA,268.15,,1,0.0,black
polymer_4656,[*]O[Si]([*])(C)CCCCCCOc1ccc(C(=O)Oc2ccc(OC)cc2)cc1,-2.0,,GREA,271.15,,1,0.0,black
polymer_4657,[*]O[Si]([*])(C)CCCCCCOc1ccc(C(=O)Oc2ccc(OCCCCCC)cc2)cc1,12.0,,GREA,285.15,,1,0.0,black
polymer_4658,[*]O[Si]([*])(C)CCCCCCn1c2ccccc2c2ccccc21,-5.0,,GREA,268.15,,1,0.0,black
polymer_4659,[*]O[Si]([*])(C)CCCCCOc1ccc(/C=C/c2ccc(OC)cc2)cc1,52.0,,GREA,325.15,,1,0.0,black
polymer_4660,[*]O[Si]([*])(C)CCCCCn1c2ccccc2c2ccccc21,7.0,,GREA,280.15,,1,0.0,black
polymer_4661,[*]O[Si]([*])(C)CCCCOc1ccc(-c2ccc(C#N)cc2)cc1,22.5,,GREA,295.65,,1,0.0,black
polymer_4662,[*]O[Si]([*])(C)CCCCOc1ccc(C(=O)Oc2ccc(C#N)cc2)cc1,16.0,,GREA,289.15,,1,0.0,black
polymer_4663,[*]O[Si]([*])(C)CCCOC(=O)c1cc(OC(=O)c2ccc(OCCOCCOCCOCCOC)cc2)ccc1OC(=O)c1ccc(OCCOCCOCCOCCOC)cc1,-36.99999999999997,,GREA,236.15,,1,0.0,black
polymer_4664,[*]O[Si]([*])(C)CCCOC(=O)c1cc(OC(=O)c2ccc(OCCOCCOCCOCCOCCOCCOC)cc2)ccc1OC(=O)c1ccc(OCCOCCOCCOCCOCCOCCOC)cc1,-45.99999999999997,,GREA,227.15,,1,0.0,black
polymer_4665,[*]O[Si]([*])(C)CCCOCC1COC(=O)O1,-25.899999999999977,,GREA,247.25,,1,0.0,black
polymer_4666,[*]O[Si]([*])(C)CCCOCCOCCOC,-90.09999999999997,,GREA,183.05,,1,0.0,black
polymer_4667,[*]O[Si]([*])(C)CCCOCCOCCOCCOC,-64.20499999999998,,GREA,208.945,,1,0.0,black
polymer_4668,[*]O[Si]([*])(C)CCCOCCOCCOc1ccc(COc2ccc3cc(C#N)ccc3c2)cc1,30.0,,GREA,303.15,,1,0.0,black
polymer_4669,[*]O[Si]([*])(C)CCCOc1ccc(-c2ccc(C#N)cc2)cc1,38.0,,GREA,311.15,,1,0.0,black
polymer_4670,[*]O[Si]([*])(C)CCCOc1ccc(-c2ccc(OC(=O)CCCCC(=O)OC3CC(C)CCC3C(C)C)cc2)cc1,43.30000000000001,,GREA,316.45,,1,0.0,black
polymer_4671,[*]O[Si]([*])(C)CCCOc1ccc(/N=N/c2ccc(S(=O)(=O)O)cc2)cc1,9.200000000000045,,GREA,282.35,,1,0.0,black
polymer_4672,[*]O[Si]([*])(C)CCCOc1ccc(C(=O)OC2CCC3(C)C(=CCC4C3CCC3(C)C(C(C)CCCC(C)C)CCC43)C2)cc1,61.10000000000002,,GREA,334.25,,1,0.0,black
polymer_4673,[*]O[Si]([*])(C)CCCOc1ccc(C(=O)OC2CCC3(C)C(=CCC4C3CCC3(C)C(C(C)CCCC(C)C)CCC43)C2)cc1S(=O)(=O)O[K],112.60000000000002,,GREA,385.75,,1,0.0,black
polymer_4674,[*]O[Si]([*])(C)CCCOc1ccc(C(=O)OCCOc2ccc(C(=O)OC3CCC4(C)C(=CCC5C4CCC4(C)C(C(C)CCCC(C)C)CCC54)C3)cc2)cc1,42.0,,GREA,315.15,,1,0.0,black
polymer_4675,[*]O[Si]([*])(C)CCCOc1ccc(C(=O)Oc2ccc(-c3ccc(OC(=O)CCCCC(=O)OC4CC(C)CCC4C(C)C)cc3)cc2)cc1,56.80000000000001,,GREA,329.95,,1,0.0,black
polymer_4676,[*]O[Si]([*])(C)CCCOc1ccc(C(=O)Oc2ccc(-c3ccc(OC(=O)c4cc(OCC(C)CC)c(OCC(C)CC)c(OCC(C)CC)c4)cc3)cc2)cc1,60.0,,GREA,333.15,,1,0.0,black
polymer_4677,[*]O[Si]([*])(C)CCCOc1ccc(C(=O)Oc2ccc(-c3ccc(OC(=O)c4cc(OCC)c(OCC)c(OCC)c4)cc3)cc2)cc1,61.30000000000001,,GREA,334.45,,1,0.0,black
polymer_4678,[*]O[Si]([*])(C)CCCOc1ccc(C(=O)Oc2ccc(-c3ccc(OC(=O)c4cc(OCC)cc(OCC)c4)cc3)cc2)cc1,62.80000000000001,,GREA,335.95,,1,0.0,black
polymer_4679,[*]O[Si]([*])(C)CCCOc1ccc(C(=O)Oc2ccc(-c3ccc(OC(=O)c4cc(OCCCCC)c(OCCCCC)c(OCCCCC)c4)cc3)cc2)cc1,49.0,,GREA,322.15,,1,0.0,black
polymer_4680,[*]O[Si]([*])(C)CCCOc1ccc(C(=O)Oc2ccc(-c3ccc(OC(=O)c4cc(OCCCCCCCCCCCC)c(OCCCCCCCCCCCC)c(OCCCCCCCCCCCC)c4)cc3)cc2)cc1,48.0,,GREA,321.15,,1,0.0,black
polymer_4681,[*]O[Si]([*])(C)CCCOc1ccc(C(=O)Oc2ccc(-c3ccc(OC(=O)c4ccc(OCC)cc4)cc3)cc2)cc1,74.60000000000002,,GREA,347.75,,1,0.0,black
polymer_4682,[*]O[Si]([*])(C)CCCOc1ccc(C(=O)Oc2ccc(C#N)cc2)cc1,57.0,,GREA,330.15,,1,0.0,black
polymer_4683,[*]O[Si]([*])(C)CCCOc1ccc(C(=O)Oc2ccc(C(=O)Oc3ccc(OC)cc3)cc2)cc1,38.0,,GREA,311.15,,1,0.0,black
polymer_4684,[*]O[Si]([*])(C)CCCOc1ccc(C(=O)Oc2ccc(OC(=O)CCCCC(=O)OC3CC(C)CCC3C(C)C)cc2)cc1,45.30000000000001,,GREA,318.45,,1,0.0,black
polymer_4685,[*]O[Si]([*])(C)CCCOc1ccc(C(=O)Oc2ccc(OC)cc2)cc1,37.0,,GREA,310.15,,1,0.0,black
polymer_4686,[*]O[Si]([*])(C)CCCOc1ccc(C(=O)Oc2ccc(OCCCCCC)cc2)cc1,15.0,,GREA,288.15,,1,0.0,black
polymer_4687,[*]O[Si]([*])(C)CCCOc1ccc(N(c2ccc(C)cc2)c2ccc(-c3ccc(N(c4ccccc4)c4ccc(C)cc4)cc3)cc2)cc1,102.0,,GREA,375.15,,1,0.0,black
polymer_4688,[*]O[Si]([*])(C)CCCOc1ccc2c(c1)c1cc(-c3ccc4c(c3)c3ccccc3n4CC(CC)CCCC)ccc1n2CC(CC)CCCC,129.0,,GREA,402.15,,1,0.0,black
polymer_4689,[*]O[Si]([*])(C)CCCn1c2ccccc2c2ccccc21,55.450000000000045,,GREA,328.6,,1,0.0,black
polymer_4690,[*]O[Si]([*])(C)CC[Si](C)(C)O[Si](C)(C)CCCOc1cc(OC(=O)c2ccc(OCCCC)cc2)ccc1/N=N/c1ccc(OCCCC)cc1,-4.0,,GREA,269.15,,1,0.0,black
polymer_4691,[*]O[Si]([*])(C)CC[Si](OCCOC)(OCCOC)OCCOC,28.900000000000034,,GREA,302.05,,1,0.0,black
polymer_4692,[*]O[Si]([*])(C)CCc1cc(-c2nnc(-c3ccc(OCCCCCCCCCCCC)cc3)o2)ccc1-c1nnc(-c2ccc(OCCCCCCCCCCCC)cc2)o1,156.0,,GREA,429.15,,1,0.0,black
polymer_4693,[*]O[Si]([*])(C)CCc1cc(C(=O)Oc2ccc(OC)cc2)ccc1C(=O)Oc1ccc(OC)cc1,111.0,,GREA,384.15,,1,0.0,black
polymer_4694,[*]O[Si]([*])(C)CCc1cc(C(=O)Oc2ccc(OCCCC)cc2)ccc1-c1ccc(C(=O)Oc2ccc(OCCCC)cc2)cc1,96.0,,GREA,369.15,,1,0.0,black
polymer_4695,[*]O[Si]([*])(C)CCc1cc(C(=O)Oc2ccc(OCCCC)cc2)ccc1C(=O)Oc1ccc(OCCCC)cc1,92.0,,GREA,365.15,,1,0.0,black
polymer_4696,[*]O[Si]([*])(C)CCc1cc(C(=O)Oc2ccc(OCCCCCCCCCCCC)cc2)ccc1-c1ccc(C(=O)Oc2ccc(OCCCCCCCCCCCC)cc2)cc1,76.0,,GREA,349.15,,1,0.0,black
polymer_4697,[*]O[Si]([*])(C)CCc1ccc(O)cc1,39.0,,GREA,312.15,,1,0.0,black
polymer_4698,[*]O[Si]([*])(C)OCCCCCCCCCCCOc1ccc(C2COC(c3ccc(OC)cc3)OC2)cc1,44.0,,GREA,317.15,,1,0.0,black
polymer_4699,[*]O[Si]([*])(C)OCCCCCCCCCCCOc1ccc(C2COC(c3ccc(OCC(C)CC)cc3)OC2)cc1,30.0,,GREA,303.15,,1,0.0,black
polymer_4700,[*]O[Si]([*])(C)OCCOCCOCCOC,-120.09999999999997,,GREA,153.05,,1,0.0,black
polymer_4701,[*]O[Si]([*])(C)OCCOCCOCCOCCOCCOCCOCCOCCOC,-77.99999999999997,,GREA,195.15,,1,0.0,black
polymer_4702,[*]O[Si]([*])(C)c1c(F)c(F)c(F)c(F)c1F,-24.99999999999997,,GREA,248.15,,1,0.0,black
polymer_4703,[*]O[Si]([*])(C)c1ccc(C)cc1,-17.0,,GREA,256.15,,1,0.0,black
polymer_4704,[*]O[Si]([*])(C)c1ccccc1,-28.149999999999977,,GREA,245,,1,0.0,black
polymer_4705,[*]O[Si]([*])(CC)CC,-138.99999999999997,,GREA,134.15,,1,0.0,black
polymer_4706,[*]O[Si]([*])(CCC)CCC,-77.49999999999997,,GREA,195.65,,1,0.0,black
polymer_4707,[*]O[Si]([*])(CCC)c1ccccc1,40.60000000000002,,GREA,313.75,,1,0.0,black
polymer_4708,[*]O[Si]([*])(CCCOCCOC)CCCOCCOC,-54.99999999999997,,GREA,218.15,,1,0.0,black
polymer_4709,[*]O[Si]([*])(CCCOCCOCCOC)CCCOCCOCCOC,-63.39999999999998,,GREA,209.75,,1,0.0,black
polymer_4710,[*]O[Si]([*])(CCCOCCOCCOCCOC)CCCOCCOCCOCCOC,-69.19999999999999,,GREA,203.95,,1,0.0,black
polymer_4711,[*]O[Si]([*])(CCCOCCOCCOCCOCCOC)CCCOCCOCCOCCOCCOC,-69.79999999999998,,GREA,203.35,,1,0.0,black
polymer_4712,[*]O[Si]([*])(CCCOCCOCCOCCOCCOCCOC)CCCOCCOCCOCCOCCOCCOC,-69.69999999999999,,GREA,203.45,,1,0.0,black
polymer_4713,[*]O[Si]([*])(CCCOCCOCCOCCOCCOCCOCCOC)CCCOCCOCCOCCOCCOCCOCCOC,-68.89999999999998,,GREA,204.25,,1,0.0,black
polymer_4714,[*]O[Si]([*])(CCCOCCOCCOCCOCCOCCOCCOCCOC)CCCOCCOCCOCCOCCOCCOCCOCCOC,-66.39999999999998,,GREA,206.75,,1,0.0,black
polymer_4715,[*]O[Si]([*])(c1ccccc1)c1ccc(OC(C)(C)C)cc1,56.0,,GREA,329.15,,1,0.0,black
polymer_4716,[*]O[Si](c1ccccc1)(c1ccccc1)c1ccc(-c2ccc([Si]([*])(c3ccccc3)c3ccccc3)cc2)cc1,94.0,,GREA,367.15,,1,0.0,black
polymer_4717,[*]O[Si](c1ccccc1)(c1ccccc1)c1ccc([Si]([*])(c2ccccc2)c2ccccc2)cc1,130.0,,GREA,403.15,,1,0.0,black
polymer_4718,[*]Oc1c(-c2ccccc2)cc([*])cc1-c1ccc(C(C)(C)C)cc1,240.0,,GREA,513.15,,1,0.0,black
polymer_4719,[*]Oc1c(-c2ccccc2)cc([*])cc1-c1ccc(C)cc1,218.0,,GREA,491.15,,1,0.0,black
polymer_4720,[*]Oc1c(-c2ccccc2)cc([*])cc1-c1cccc(C)c1,219.0,,GREA,492.15,,1,0.0,black
polymer_4721,[*]Oc1c(-c2ccccc2)cc([*])cc1-c1ccccc1,220.0,,GREA,493.15,,1,0.0,black
polymer_4722,[*]Oc1c(-c2ccccc2)cc([*])cc1-c1ccccc1-c1ccccc1,211.0,,GREA,484.15,,1,0.0,black
polymer_4723,[*]Oc1c(Br)cc(C(c2cc(Br)c(OC([*])=O)c(Br)c2)(C(F)(F)F)C(F)(F)F)cc1Br,206.0,,GREA,479.15,,1,0.0,black
polymer_4724,[*]Oc1c(Br)cc(C(c2cc(Br)c(OP([*])(=O)Oc3ccc(Br)cc3)c(Br)c2)(C(F)(F)F)C(F)(F)F)cc1Br,152.0,,GREA,425.15,,1,0.0,black
polymer_4725,[*]Oc1c(Br)cc(C(c2cc(Br)c(OP([*])(=O)Oc3ccc(C)cc3)c(Br)c2)(C(F)(F)F)C(F)(F)F)cc1Br,146.0,,GREA,419.15,,1,0.0,black
polymer_4726,[*]Oc1c(Br)cc(C(c2cc(Br)c(OP([*])(=O)Oc3ccc(OC)cc3)c(Br)c2)(C(F)(F)F)C(F)(F)F)cc1Br,151.0,,GREA,424.15,,1,0.0,black
polymer_4727,[*]Oc1c(Br)cc(C(c2cc(Br)c(OP([*])(=O)Oc3ccc([N+](=O)[O-])cc3)c(Br)c2)(C(F)(F)F)C(F)(F)F)cc1Br,154.0,,GREA,427.15,,1,0.0,black
polymer_4728,[*]Oc1c(Br)cc(C(c2cc(Br)c(OP([*])(=O)Oc3ccccc3)c(Br)c2)(C(F)(F)F)C(F)(F)F)cc1Br,140.0,,GREA,413.15,,1,0.0,black
polymer_4729,[*]Oc1c(Br)cc(C2(c3cc(Br)c(OC(=O)c4ccc(C([*])=O)cc4)c(Br)c3)OC(=O)c3ccccc32)cc1Br,319.0,,GREA,592.15,,1,0.0,black
polymer_4730,[*]Oc1c(Br)cc(C2(c3cc(Br)c(OC([*])=O)c(Br)c3)CC3CCC2C3)cc1Br,283.0,,GREA,556.15,,1,0.0,black
polymer_4731,[*]Oc1c(Br)cc(S(=O)(=O)c2cc(Br)c(OC([*])=O)c(Br)c2)cc1Br,196.0,,GREA,469.15,,1,0.0,black
polymer_4732,[*]Oc1c(Br)cc([*])cc1Br,196.0,,GREA,469.15,,1,0.0,black
polymer_4733,[*]Oc1c(C(C)C)cc([*])cc1C(C)C,152.40000000000003,,GREA,425.55,,1,0.0,black
polymer_4734,[*]Oc1c(C)cc(C(c2cc(C)c(Oc3ccc(S(=O)(=O)c4ccc([*])cc4C(OC)(C(F)(F)F)C(F)(F)F)c(C(OC)(C(F)(F)F)C(F)(F)F)c3)c(C)c2)(C(F)(F)F)C(F)(F)F)cc1C,163.0,,GREA,436.15,,1,0.0,black
polymer_4735,[*]Oc1c(C)cc(S(=O)(=O)c2cc(C)c(OP([*])(=O)Oc3ccc(C)cc3)c(C)c2)cc1C,128.0,,GREA,401.15,,1,0.0,black
polymer_4736,[*]Oc1c(C)cc(S(=O)(=O)c2cc(C)c(OP([*])(=O)Oc3ccc(OC)cc3)c(C)c2)cc1C,147.0,,GREA,420.15,,1,0.0,black
polymer_4737,[*]Oc1c(C)cc([*])cc1C,212.0,,GREA,485.15,,1,0.0,black
polymer_4738,[*]Oc1c(C)cc([*])cc1C(C)CCC,100.0,,GREA,373.15,,1,0.0,black
polymer_4739,[*]Oc1c(C)cc([*])cc1C(C)CCCC,85.0,,GREA,358.15,,1,0.0,black
polymer_4740,[*]Oc1c(C)cc([*])cc1C(C)CCCCC,60.0,,GREA,333.15,,1,0.0,black
polymer_4741,[*]Oc1c(C)cc([*])cc1C(C)CCCCCC,54.0,,GREA,327.15,,1,0.0,black
polymer_4742,[*]Oc1c(C)cc([*])cc1C(C)CCCCCCCC,20.0,,GREA,293.15,,1,0.0,black
polymer_4743,[*]Oc1c(C)cc([*])cc1C(C)CCCCCCCCCCCC,-10.0,,GREA,263.15,,1,0.0,black
polymer_4744,[*]Oc1c(Cl)c(Cl)c(OP([*])(=O)Oc2c(Cl)c(Cl)c(Cl)c(Cl)c2Cl)c(Cl)c1Cl,133.0,,GREA,406.15,,1,0.0,black
polymer_4745,[*]Oc1c(Cl)c(Cl)c(OP([*])(=O)Oc2c(Cl)cc(Cl)cc2Cl)c(Cl)c1Cl,127.0,,GREA,400.15,,1,0.0,black
polymer_4746,[*]Oc1c(Cl)c(Cl)c(OP([*])(=O)Oc2c(Cl)cccc2Cl)c(Cl)c1Cl,144.0,,GREA,417.15,,1,0.0,black
polymer_4747,[*]Oc1c(Cl)c(Cl)c(OP([*])(=O)Oc2ccc(Cl)cc2)c(Cl)c1Cl,119.0,,GREA,392.15,,1,0.0,black
polymer_4748,[*]Oc1c(Cl)c(Cl)c(OP([*])(=O)Oc2ccccc2)c(Cl)c1Cl,79.0,,GREA,352.15,,1,0.0,black
polymer_4749,[*]Oc1c(Cl)cc(C(=C(Cl)Cl)c2cc(Cl)c(OC([*])=O)c(Cl)c2)cc1Cl,250.0,,GREA,523.15,,1,0.0,black
polymer_4750,[*]Oc1c(Cl)cc(C(c2cc(Cl)c(OC([*])=O)c(Cl)c2)C(Cl)(Cl)Cl)cc1Cl,273.0,,GREA,546.15,,1,0.0,black
polymer_4751,[*]Oc1c(Cl)cc(C(c2cc(Cl)c(OC([*])=O)c(Cl)c2)C2CC3CCC2C3)cc1Cl,270.0,,GREA,543.15,,1,0.0,black
polymer_4752,[*]Oc1c(Cl)cc(C2(c3cc(Cl)c(OC([*])=O)c(Cl)c3)CC3CC2C2CCCC32)cc1Cl,281.0,,GREA,554.15,,1,0.0,black
polymer_4753,[*]Oc1c(Cl)cc(C2(c3cc(Cl)c(OC([*])=O)c(Cl)c3)CC3CCC2C3)cc1Cl,290.0,,GREA,563.15,,1,0.0,black
polymer_4754,[*]Oc1c(Cl)cc(C2(c3cc(Cl)c(OC([*])=O)c(Cl)c3)CCCCC2)cc1Cl,163.0,,GREA,436.15,,1,0.0,black
polymer_4755,[*]Oc1c(Cl)cc([*])cc1Cl,176.82000000000005,,GREA,449.97,,1,0.0,black
polymer_4756,[*]Oc1c(F)c(F)c(-c2c(F)c(F)c(Oc3ccc([*])cc3S(=O)(=O)O)c(F)c2F)c(F)c1F,120.0,,GREA,393.15,,1,0.0,black
polymer_4757,[*]Oc1c(F)c(F)c(Oc2c(F)c(F)c3c(c2F)C(=O)N(c2c(F)c(F)c(F)c(N4C(=O)c5c(F)c([*])c(F)c(F)c5C4=O)c2F)C3=O)c(F)c1F,309.0,,Qiu,582.15,,1,0.0,black
polymer_4758,[*]Oc1c(F)c(F)c(Oc2c(F)c(F)c3c(c2F)C(=O)N(c2c(F)c(F)c(Oc4c(F)c(F)c(N5C(=O)c6c(F)c([*])c(F)c(F)c6C5=O)c(F)c4F)c(F)c2F)C3=O)c(F)c1F,300.0,,Qiu,573.15,,1,0.0,black
polymer_4759,[*]Oc1c(F)c(F)c(Oc2c(F)c(F)c3c(c2F)C(=O)N(c2c(F)c(F)c(Sc4c(F)c(F)c(N5C(=O)c6c(F)c([*])c(F)c(F)c6C5=O)c(F)c4F)c(F)c2F)C3=O)c(F)c1F,278.0,,Qiu,551.15,,1,0.0,black
polymer_4760,[*]Oc1c(F)c(F)c(Oc2c(F)c(F)c3c(c2F)C(=O)N(c2ccc(-c4ccc(N5C(=O)c6c(F)c([*])c(F)c(F)c6C5=O)cc4C(F)(F)F)c(C(F)(F)F)c2)C3=O)c(F)c1F,312.0,,Qiu,585.15,,1,0.0,black
polymer_4761,[*]Oc1c(OC)cc([*])cc1OC,174.10000000000002,,GREA,447.25,,1,0.0,black
polymer_4762,[*]Oc1c(O[Si](C)(C)O[Si](C)(C)O[Si](C)(C)O[Si](C)(C)O[Si](C)(C)O[Si]([*])(C)C)c2ccccc2c2ccccc12,-67.99999999999997,,GREA,205.15,,1,0.0,black
polymer_4763,[*]Oc1c(O[Si](C)(C)O[Si](C)(C)O[Si](C)(C)O[Si](C)(C)O[Si]([*])(C)C)c2ccccc2c2ccccc12,-37.99999999999997,,GREA,235.15,,1,0.0,black
polymer_4764,[*]Oc1c(O[Si](C)(C)O[Si](C)(C)O[Si](C)(C)O[Si]([*])(C)C)c2ccccc2c2ccccc12,-34.99999999999997,,GREA,238.15,,1,0.0,black
polymer_4765,[*]Oc1cc(-c2ccccc2)c([*])c(-c2cccc(-c3ccccc3)c2-c2ccccc2)c1,212.0,,GREA,485.15,,1,0.0,black
polymer_4766,[*]Oc1cc(-c2ccccc2)c([*])c(-c2cccc3ccccc23)c1,234.0,,GREA,507.15,,1,0.0,black
polymer_4767,[*]Oc1cc(-c2ccccc2)c2cc(-c3ccc(-c4ccc(-c5ccc6nc([*])cc(-c7ccccc7)c6c5)cc4)cc3)ccc2n1,308.0,,GREA,581.15,,1,0.0,black
polymer_4768,[*]Oc1cc(-c2ccccc2)c2cc(-c3ccc(-c4ccc5nc([*])cc(-c6ccccc6)c5c4)cc3)ccc2n1,300.0,,GREA,573.15,,1,0.0,black
polymer_4769,[*]Oc1cc(-c2ccccc2)c2cc(-c3ccc(Oc4ccc(-c5ccc6nc([*])cc(-c7ccccc7)c6c5)cc4)cc3)ccc2n1,268.5,,GREA,541.65,,1,0.0,black
polymer_4770,[*]Oc1cc(Br)cc(Br)c1[*],170.0,,GREA,443.15,,1,0.0,black
polymer_4771,[*]Oc1cc(C)c([*])c(-c2ccccc2)c1,180.0,,GREA,453.15,,1,0.0,black
polymer_4772,[*]Oc1cc(C)c([*])c(C)c1Br,280.15,,GREA,553.3,,1,0.0,black
polymer_4773,[*]Oc1cc(Cl)c([*])c(Br)c1,188.5,,GREA,461.65,,1,0.0,black
polymer_4774,[*]Oc1cc(Cl)cc(Cl)c1[*],165.0,,GREA,438.15,,1,0.0,black
polymer_4775,[*]Oc1cc2ccccc2cc1OC(=O)c1ccc(Oc2ccc(C([*])=O)cc2)cc1,148.0,,GREA,421.15,,1,0.0,black
polymer_4776,[*]Oc1cc2ccccc2cc1Oc1ccc2c(c1)C(=O)N(c1cc(N3C(=O)c4ccc([*])cc4C3=O)cc(C(F)(F)F)c1)C2=O,250.0,,GREA,523.15,,1,0.0,black
polymer_4777,[*]Oc1cc2ccccc2cc1Oc1ccc2c(c1)C(=O)N(c1ccc(C(c3ccc(N4C(=O)c5ccc([*])cc5C4=O)cc3)(C(F)(F)F)C(F)(F)F)cc1)C2=O,256.0,,GREA,529.15,,1,0.0,black
polymer_4778,[*]Oc1cc2ccccc2cc1Oc1ccc2c(c1)C(=O)N(c1ccc(Oc3cc4ccccc4cc3Oc3ccc(N4C(=O)c5ccc([*])cc5C4=O)cc3)cc1)C2=O,222.0,,GREA,495.15,,1,0.0,black
polymer_4779,[*]Oc1cc2ccccc2cc1Oc1ccc2c(c1)C(=O)N(c1ccc(Oc3ccc(-c4ccc(Oc5ccc(N6C(=O)c7ccc([*])cc7C6=O)cc5)cc4)cc3)cc1)C2=O,222.5,,GREA,495.65,,1,0.0,black
polymer_4780,[*]Oc1cc2ccccc2cc1Oc1ccc2c(c1)C(=O)N(c1ccc(Oc3ccc(N4C(=O)c5ccc([*])cc5C4=O)cc3)cc1)C2=O,220.5,,GREA,493.65,,1,0.0,black
polymer_4781,[*]Oc1cc2ccccc2cc1Oc1ccc2c(c1)C(=O)N(c1ccc(Oc3ccc(Oc4ccc(N5C(=O)c6ccc([*])cc6C5=O)cc4)cc3)cc1)C2=O,224.5,,GREA,497.65,,1,0.0,black
polymer_4782,[*]Oc1cc2ccccc2cc1Oc1ccc2c(c1)C(=O)N(c1ccc(Oc3cccc(Oc4ccc(N5C(=O)c6ccc([*])cc6C5=O)cc4)c3)cc1)C2=O,208.0,,GREA,481.15,,1,0.0,black
polymer_4783,[*]Oc1cc2ccccc2cc1Oc1ccc2c(c1)C(=O)N(c1ccc(Oc3ccccc3Oc3ccc(N4C(=O)c5ccc([*])cc5C4=O)cc3)cc1)C2=O,204.0,,GREA,477.15,,1,0.0,black
polymer_4784,[*]Oc1cc2ccccc2cc1Oc1ccc2c(c1)C(=O)N(c1cccc(N3C(=O)c4ccc([*])cc4C3=O)c1)C2=O,237.0,,GREA,510.15,,1,0.0,black
polymer_4785,[*]Oc1cc2ccccc2cc1Oc1ccc2c(c1)C(=O)N(c1cccc(Oc3ccc(N4C(=O)c5ccc([*])cc5C4=O)cc3)c1)C2=O,226.0,,GREA,499.15,,1,0.0,black
polymer_4786,[*]Oc1ccc(-c2cc(-c3ccccc3)c(-c3ccc(OC(=O)c4ccc(C([*])=O)cc4-c4ccccc4)cc3)c(-c3ccccc3)c2-c2ccccc2)cc1,225.0,,GREA,498.15,,1,0.0,black
polymer_4787,[*]Oc1ccc(-c2ccc(-c3cc(-c4ccccc4)c(-c4ccc(-c5ccc(OC(=O)c6ccc(C([*])=O)cc6-c6ccccc6)cc5)cc4)c(-c4ccccc4)c3-c3ccccc3)cc2)cc1,260.0,,GREA,533.15,,1,0.0,black
polymer_4788,[*]Oc1ccc(-c2ccc(/N=N/c3ccc(C([*])=O)cc3)cc2)cc1,147.0,,GREA,420.15,,1,0.0,black
polymer_4789,[*]Oc1ccc(-c2ccc(OC(=O)c3cc(OCCCc4ccccc4)c(C([*])=O)cc3OCCCc3ccccc3)cc2)cc1,72.0,,GREA,345.15,,1,0.0,black
polymer_4790,[*]Oc1ccc(-c2ccc(OC(=O)c3ccc(-c4ccc(C([*])=O)cc4)cc3-c3ccccc3)cc2)cc1,168.0,,GREA,441.15,,1,0.0,black
polymer_4791,[*]Oc1ccc(-c2ccc(OC(=O)c3ccc(C(=O)c4ccc(C([*])=O)cc4)cc3)c(-c3ccccc3)c2)cc1-c1ccccc1,184.5,,GREA,457.65,,1,0.0,black
polymer_4792,[*]Oc1ccc(-c2ccc(OC(=O)c3ccc(C([*])=O)cc3)c(-c3ccccc3)c2)cc1,132.0,,GREA,405.15,,1,0.0,black
polymer_4793,[*]Oc1ccc(-c2ccc(OC(=O)c3ccc(C([*])=O)cc3)cc2)cc1,267.0,,GREA,540.15,,1,0.0,black
polymer_4794,[*]Oc1ccc(-c2ccc(OC(=O)c3ccc(C([*])=O)cc3Sc3ccc4ccccc4c3)cc2)cc1,141.0,,GREA,414.15,,1,0.0,black
polymer_4795,[*]Oc1ccc(-c2ccc(OC(=O)c3ccc4c(c3)C(=O)N(CCCCCCCCCCCN3C(=O)c5ccc(C([*])=O)cc5C3=O)C4=O)cc2)cc1,97.0,,GREA,370.15,,1,0.0,black
polymer_4796,[*]Oc1ccc(-c2ccc(OC(=O)c3ccc4c(c3)C(=O)N(CCCCCCCN3C(=O)c5ccc(C([*])=O)cc5C3=O)C4=O)cc2)cc1,117.0,,GREA,390.15,,1,0.0,black
polymer_4797,[*]Oc1ccc(-c2ccc(OC(=O)c3ccc4c(c3)C(=O)N(CCCCCCN3C(=O)c5ccc(C([*])=O)cc5C3=O)C4=O)cc2)cc1,133.0,,GREA,406.15,,1,0.0,black
polymer_4798,[*]Oc1ccc(-c2ccc(OC(=O)c3ccc4c(c3)C(=O)N(CCCCCN3C(=O)c5ccc(C([*])=O)cc5C3=O)C4=O)cc2)cc1,147.0,,GREA,420.15,,1,0.0,black
polymer_4799,[*]Oc1ccc(-c2ccc(OC(=O)c3ccc4c(c3)C(=O)N(CCCCN3C(=O)c5ccc(C([*])=O)cc5C3=O)C4=O)cc2)cc1,126.0,,GREA,399.15,,1,0.0,black
polymer_4800,[*]Oc1ccc(-c2ccc(OC(=O)c3ccc4c(c3)C(=O)N(CCCOCCCCOCCCN3C(=O)c5ccc(C([*])=O)cc5C3=O)C4=O)cc2)cc1,70.0,,GREA,343.15,,1,0.0,black
polymer_4801,[*]Oc1ccc(-c2ccc(OC(=O)c3ccc4c(c3)C(=O)N(CCOCCOCCN3C(=O)c5ccc(C([*])=O)cc5C3=O)C4=O)cc2)cc1,109.0,,GREA,382.15,,1,0.0,black
polymer_4802,[*]Oc1ccc(-c2ccc(OC(=O)c3ccc4c(c3)C(=O)N(c3ccc(Oc5ccc(N6C(=O)c7ccc(C([*])=O)cc7C6=O)cc5)cc3)C4=O)cc2)cc1,232.0,,GREA,505.15,,1,0.0,black
polymer_4803,[*]Oc1ccc(-c2ccc(OC(=O)c3cccc(C([*])=O)c3)cc2)cc1,185.5,,GREA,458.65,,1,0.0,black
polymer_4804,[*]Oc1ccc(-c2ccc(OC(=O)c3cccc(Oc4ccc(Oc5ccc(Oc6cccc(C([*])=O)c6)cc5)cc4)c3)cc2)cc1,119.0,,GREA,392.15,,1,0.0,black
polymer_4805,[*]Oc1ccc(-c2ccc(OC([*])(Oc3ccccc3)Oc3ccccc3)cc2)cc1,112.0,,GREA,385.15,,1,0.0,black
polymer_4806,[*]Oc1ccc(-c2ccc(OC3(F)C([*])(F)C(F)(F)C3(F)F)cc2)cc1,161.0,,GREA,434.15,,1,0.0,black
polymer_4807,[*]Oc1ccc(-c2ccc(OP([*])(=O)OC3CCCCC3)cc2)cc1,116.0,,GREA,389.15,,1,0.0,black
polymer_4808,[*]Oc1ccc(-c2ccc(OP([*])(=O)Oc3ccccc3)cc2)cc1,112.0,,GREA,385.15,,1,0.0,black
polymer_4809,[*]Oc1ccc(-c2ccc(O[Si](C)(C)O[Si]([*])(C)C)cc2)cc1,-4.0,,GREA,269.15,,1,0.0,black
polymer_4810,[*]Oc1ccc(-c2ccc(O[Si]([*])(c3ccccc3)c3ccccc3)cc2)cc1,132.25,,GREA,405.4,,1,0.0,black
polymer_4811,[*]Oc1ccc(-c2ccc(Oc3c(F)c(F)c(COC(c4cccc(C(OCc5c(F)c(F)c([*])c(F)c5F)(C(F)(F)F)C(F)(F)F)c4)(C(F)(F)F)C(F)(F)F)c(F)c3F)cc2)cc1,110.0,,GREA,383.15,,1,0.0,black
polymer_4812,[*]Oc1ccc(-c2ccc(Oc3ccc(C(=O)c4ccccc4)c(-c4cc([*])ccc4C(=O)c4ccccc4)c3)cc2)cc1,174.0,,GREA,447.15,,1,0.0,black
polymer_4813,[*]Oc1ccc(-c2ccc(Oc3ccc(S(=O)(=O)c4ccc([*])cc4N)c(N)c3)cc2)cc1,242.20000000000005,,GREA,515.35,,1,0.0,black
polymer_4814,[*]Oc1ccc(-c2ccc(Oc3ccc4c(c3)C(=O)N(c3ccc(Oc5ccc(-c6ccc(Oc7ccc(N8C(=O)c9ccc([*])cc9C8=O)cc7)cc6)cc5)cc3)C4=O)cc2)cc1,220.0,,GREA,493.15,,1,0.0,black
polymer_4815,[*]Oc1ccc(-c2ccc(Oc3ccc4c(c3)C(=O)N(c3ccc(Oc5ccc(N6C(=O)c7ccc([*])cc7C6=O)cc5)cc3)C4=O)cc2)cc1,229.0,,GREA,502.15,,1,0.0,black
polymer_4816,[*]Oc1ccc(-c2ccc(Oc3ccc4c(c3)C(=O)N(c3ccc(Oc5ccc(Oc6ccc(N7C(=O)c8ccc([*])cc8C7=O)cc6)cc5)cc3)C4=O)cc2)cc1,222.0,,GREA,495.15,,1,0.0,black
polymer_4817,[*]Oc1ccc(-c2ccc(Oc3ccc4c(c3)C(=O)N(c3ccc(Oc5ccc(Oc6ccc(Oc7ccc(N8C(=O)c9ccc([*])cc9C8=O)cc7)cc6)cc5)cc3)C4=O)cc2)cc1,208.0,,GREA,481.15,,1,0.0,black
polymer_4818,[*]Oc1ccc(-c2ccc(Oc3ccc4c(c3)C(=O)N(c3ccc(Oc5ccc(Sc6ccc(Oc7ccc(N8C(=O)c9ccc([*])cc9C8=O)cc7)cc6)cc5)cc3)C4=O)cc2)cc1,206.0,,GREA,479.15,,1,0.0,black
polymer_4819,[*]Oc1ccc(-c2ccc(Oc3ccc4c(c3)C(=O)N(c3ccc(Oc5cccc(Oc6ccc(N7C(=O)c8ccc([*])cc8C7=O)cc6)c5)cc3)C4=O)cc2)cc1,205.0,,GREA,478.15,,1,0.0,black
polymer_4820,[*]Oc1ccc(-c2ccc(Oc3ccc4c(c3)C(=O)N(c3cccc(N5C(=O)c6ccc([*])cc6C5=O)c3)C4=O)cc2)cc1,247.0,,GREA,520.15,,1,0.0,black
polymer_4821,[*]Oc1ccc(-c2ccc(Oc3ccc4c(c3)C(=O)N(c3cccc(Oc5ccc(P(=O)(c6ccccc6)c6ccccc6)c(Oc6cccc(N7C(=O)c8ccc([*])cc8C7=O)c6)c5)c3)C4=O)cc2)cc1,227.0,,GREA,500.15,,1,0.0,black
polymer_4822,[*]Oc1ccc(-c2ccc(Oc3ccc4ccccc4c3-c3c([*])ccc4ccccc34)c3ccccc23)c2ccccc12,301.0,,GREA,574.15,,1,0.0,black
polymer_4823,[*]Oc1ccc(-c2ccc(Oc3cccc([*])c3C#N)cc2)cc1,210.0,,GREA,483.15,,1,0.0,black
polymer_4824,[*]Oc1ccc(-c2ccc(Oc3cccc([*])n3)cc2)cc1,119.0,,GREA,392.15,,1,0.0,black
polymer_4825,[*]Oc1ccc(-c2ccc(Oc3cccc4c3C(=O)N(c3ccc(Oc5ccc(N6C(=O)c7cccc([*])c7C6=O)cc5)cc3)C4=O)cc2)cc1,277.0,,GREA,550.15,,1,0.0,black
polymer_4826,[*]Oc1ccc(-c2ccc(Oc3cccc4c3C(=O)N(c3ccc(Oc5cccc(Oc6ccc(N7C(=O)c8cccc([*])c8C7=O)cc6)c5)cc3)C4=O)cc2)cc1,224.0,,GREA,497.15,,1,0.0,black
polymer_4827,[*]Oc1ccc(-c2ccc(Oc3cccc4c3C(=O)N(c3cccc(N5C(=O)c6cccc([*])c6C5=O)c3)C4=O)cc2)cc1,275.0,,GREA,548.15,,1,0.0,black
polymer_4828,[*]Oc1ccc(-c2cnc3cc(-c4ccc5nc(-c6ccc(Oc7ccc(Oc8ccc([*])cc8)cc7)cc6)cnc5c4)ccc3n2)cc1,133.0,,GREA,406.15,,1,0.0,black
polymer_4829,[*]Oc1ccc(-c2cnc3cc(-c4ccc5nc(-c6ccc(Oc7ccc([*])cc7)cc6)cnc5c4)ccc3n2)cc1,195.0,,GREA,468.15,,1,0.0,black
polymer_4830,[*]Oc1ccc(-c2cnc3cc(-c4ccc5ncc(-c6ccc(Oc7ccc(Oc8ccc([*])cc8)cc7)cc6)nc5c4)ccc3n2)cc1,216.0,,GREA,489.15,,1,0.0,black
polymer_4831,[*]Oc1ccc(-c2cnc3ccc(-c4ccc5nc(-c6ccc(Oc7ccc([*])cc7)cc6)cnc5c4)cc3n2)cc1,235.0,,GREA,508.15,,1,0.0,black
polymer_4832,[*]Oc1ccc(-c2cnc3ccc(-c4ccc5ncc(-c6ccc(Oc7ccc(Oc8ccc([*])cc8)cc7)cc6)nc5c4)cc3n2)cc1,216.0,,GREA,489.15,,1,0.0,black
polymer_4833,[*]Oc1ccc(-c2cnc3ccc(-c4ccc5ncc(-c6ccc(Oc7ccc([*])cc7)cc6)nc5c4)cc3n2)cc1,235.0,,GREA,508.15,,1,0.0,black
polymer_4834,[*]Oc1ccc(-c2nc3ccccc3nc2-c2ccc(OC(=O)c3ccc(C([*])=O)cc3)cc2)cc1,232.0,,GREA,505.15,,1,0.0,black
polymer_4835,[*]Oc1ccc(-c2nc3ccccc3nc2-c2ccc(OC(=O)c3cccc(C([*])=O)c3)cc2)cc1,245.0,,GREA,518.15,,1,0.0,black
polymer_4836,[*]Oc1ccc(-n2c(=O)c3cc4c(=O)n(-c5ccc(Oc6cc(C(C)(C)C)c([*])cc6C(C)(C)C)cc5)c(=O)c4cc3c2=O)cc1,298.0,,GREA,571.15,,1,0.0,black
polymer_4837,[*]Oc1ccc(-n2c(=O)c3cc4c(=O)n(-c5ccc(Oc6cc(C(C)(C)C)ccc6[*])cc5)c(=O)c4cc3c2=O)cc1,321.0,,GREA,594.15,,1,0.0,black
polymer_4838,[*]Oc1ccc(-n2c(=O)c3cc4c(=O)n(-c5ccc(Oc6ccc([*])cc6C(C)(C)C)cc5)c(=O)c4cc3c2=O)cc1,314.0,,GREA,587.15,,1,0.0,black
polymer_4839,[*]Oc1ccc(-n2c(=O)c3cc4c(=O)n(-c5ccc(Oc6ccc([*])cc6C)cc5)c(=O)c4cc3c2=O)cc1,310.0,,GREA,583.15,,1,0.0,black
polymer_4840,[*]Oc1ccc(-n2c(=O)c3cc4c(=O)n(-c5ccc(Oc6cccc([*])c6C#N)cc5)c(=O)c4cc3c2=O)cc1,328.0,,GREA,601.15,,1,0.0,black
polymer_4841,[*]Oc1ccc(/C(=C/c2ccc(-c3ccc(/C=C(\c4ccccc4)c4ccc(OC(=O)c5ccc(C([*])=O)cc5)cc4)cc3)cc2)c2ccccc2)cc1,236.0,,GREA,509.15,,1,0.0,black
polymer_4842,[*]Oc1ccc(/C(=C/c2ccc(-c3ccc(/C=C(\c4ccccc4)c4ccc(OC(=O)c5cccc(C([*])=O)c5)cc4)cc3)cc2)c2ccccc2)cc1,224.0,,GREA,497.15,,1,0.0,black
polymer_4843,[*]Oc1ccc(/C=C2\CC/C(=C\c3ccc(OC(=O)c4ccc(/N=C/c5ccc(/C=N/c6ccc(C([*])=O)cc6)cc5)cc4)cc3)C2=O)cc1,205.0,,GREA,478.15,,1,0.0,black
polymer_4844,[*]Oc1ccc(/N=N/c2ccc(Cc3ccc(/N=N/c4ccc(OC(=O)c5ccc(/N=N/c6ccc(C([*])=O)cc6)cc5)cc4)cc3[N+](=O)[O-])c([N+](=O)[O-])c2)cc1,160.0,,GREA,433.15,,1,0.0,black
polymer_4845,[*]Oc1ccc(/N=N/c2ccc(Cc3ccc(/N=N/c4ccc(OC(=O)c5ccc(C([*])=O)cc5)cc4)cc3[N+](=O)[O-])c([N+](=O)[O-])c2)cc1,198.0,,GREA,471.15,,1,0.0,black
polymer_4846,[*]Oc1ccc(/N=N/c2ccc(S(=O)(=O)c3ccc(/N=N/c4ccc(OC(=O)c5ccc(/N=N/c6ccc(C([*])=O)cc6)cc5)cc4)cc3[N+](=O)[O-])c([N+](=O)[O-])c2)cc1,150.0,,GREA,423.15,,1,0.0,black
polymer_4847,[*]Oc1ccc(C(=C(Cl)Cl)c2ccc(OC([*])=O)cc2)cc1,167.0,,GREA,440.15,,1,0.0,black
polymer_4848,[*]Oc1ccc(C(=O)Nc2ccc(C(C)(C)c3ccc(NC(=O)c4ccc(Oc5cc(C(C)(C)C)c([*])cc5C(C)(C)C)cc4)cc3)cc2)cc1,254.0,,GREA,527.15,,1,0.0,black
polymer_4849,[*]Oc1ccc(C(=O)Nc2ccc(C(c3ccc(NC(=O)c4ccc(Oc5cc(C(C)(C)C)c([*])cc5C(C)(C)C)cc4)cc3)(C(F)(F)F)C(F)(F)F)cc2)cc1,268.0,,GREA,541.15,,1,0.0,black
polymer_4850,[*]Oc1ccc(C(=O)Nc2ccc(Oc3ccc(-c4ccc(Oc5ccc(NC(=O)c6ccc(Oc7ccc([*])cc7C)cc6)cc5)cc4)cc3)cc2)cc1,220.0,,GREA,493.15,,1,0.0,black
polymer_4851,[*]Oc1ccc(C(=O)Nc2ccc(Oc3ccc(Oc4ccc(NC(=O)c5ccc(Oc6ccc([*])cc6C)cc5)cc4)cc3)cc2)cc1,200.0,,GREA,473.15,,1,0.0,black
polymer_4852,[*]Oc1ccc(C(=O)Nc2ccc(Oc3ccc(S(=O)(=O)c4ccc(Oc5ccc(NC(=O)c6ccc(Oc7ccc([*])cc7C)cc6)cc5)cc4)cc3)cc2)cc1,217.0,,GREA,490.15,,1,0.0,black
polymer_4853,[*]Oc1ccc(C(=O)O)c(C(=O)Nc2ccc(NC(=O)c3cc([*])ccc3C(=O)O)cc2)c1,166.3,,GREA,439.45,,1,0.0,black
polymer_4854,[*]Oc1ccc(C(=O)OCCOCCOC(=O)c2ccc(OC([*])=O)cc2)cc1,51.0,,GREA,324.15,,1,0.0,black
polymer_4855,[*]Oc1ccc(C(=O)c2ccc(-c3ccc(C(=O)c4ccc(Oc5ccc([*])cc5-c5ccc(S(=O)(=O)O)c(C)c5)cc4)cc3)cc2)cc1,182.0,,GREA,455.15,,1,0.0,black
polymer_4856,[*]Oc1ccc(C(=O)c2ccc(-c3ccc(C(=O)c4ccc(Oc5ccc([*])cc5-c5cccc(C)c5)cc4)cc3)cc2)cc1,170.0,,GREA,443.15,,1,0.0,black
polymer_4857,[*]Oc1ccc(C(=O)c2ccc(C(=O)c3ccc(Oc4ccc([*])cc4-c4ccc(S(=O)(=O)O)c(C)c4)cc3)cc2)cc1,167.0,,GREA,440.15,,1,0.0,black
polymer_4858,[*]Oc1ccc(C(=O)c2ccc(C(=O)c3ccc(Oc4ccc([*])cc4-c4cccc(C)c4)cc3)cc2)cc1,159.0,,GREA,432.15,,1,0.0,black
polymer_4859,[*]Oc1ccc(C(=O)c2ccc(Oc3c(C)cc(-c4cc(C)c([*])c(CBr)c4)cc3CBr)cc2)cc1,158.17000000000002,,GREA,431.32,,1,0.0,black
polymer_4860,[*]Oc1ccc(C(=O)c2ccc(Oc3c(CBr)cc(-c4cc(C)c([*])c(CBr)c4)cc3CBr)cc2)cc1,163.67000000000002,,GREA,436.82,,1,0.0,black
polymer_4861,[*]Oc1ccc(C(=O)c2ccc(Oc3cc(C(C)(C)C)c([*])cc3C(C)(C)C)cc2)cc1,206.0,,GREA,479.15,,1,0.0,black
polymer_4862,[*]Oc1ccc(C(=O)c2ccc(Oc3cc(C)c(C(c4cc(C(C)C)c([*])cc4C)c4ccccc4C(=O)O)cc3C(C)C)cc2)cc1,228.0,,GREA,501.15,,1,0.0,black
polymer_4863,[*]Oc1ccc(C(=O)c2ccc(Oc3ccc([*])cc3-c3cc(C)cc(C)c3)cc2)cc1,162.0,,GREA,435.15,,1,0.0,black
polymer_4864,[*]Oc1ccc(C(=O)c2ccc(Oc3ccc([*])cc3C(C)(C)C)cc2)cc1,177.0,,GREA,450.15,,1,0.0,black
polymer_4865,[*]Oc1ccc(C(=O)c2ccc(Oc3ccc([*])cc3C)cc2)cc1,151.0,,GREA,424.15,,1,0.0,black
polymer_4866,[*]Oc1ccc(C(=O)c2ccc3nc(C(=O)c4ccc(Oc5c(C)cc(-c6cc(C)c([*])c(C)c6C)c(C)c5C)cc4)ccc3c2)cc1,250.0,,GREA,523.15,,1,0.0,black
polymer_4867,[*]Oc1ccc(C(=O)c2cccc3cccc(C(=O)c4ccc(Oc5ccc([*])cc5C(C)(C)C)cc4)c23)cc1,230.0,,GREA,503.15,,1,0.0,black
polymer_4868,[*]Oc1ccc(C(C)(C)c2ccc(OP3(Oc4ccc(C(=O)OC)cc4)=NP(Oc4ccc(C(=O)OC)cc4)(Oc4ccc(C(=O)OC)cc4)=NP([*])(Oc4ccc(C(=O)OC)cc4)=N3)cc2)cc1,73.0,,GREA,346.15,,1,0.0,black
polymer_4869,[*]Oc1ccc(C(C)(C)c2ccc(OP3(Oc4ccc(C(=O)OCCC)cc4)=NP(Oc4ccc(C(=O)OCCC)cc4)(Oc4ccc(C(=O)OCCC)cc4)=NP([*])(Oc4ccc(C(=O)OCCC)cc4)=N3)cc2)cc1,26.0,,GREA,299.15,,1,0.0,black
polymer_4870,[*]Oc1ccc(C(c2ccc(OC(=O)c3ccc(C(c4ccc(C([*])=O)cc4)(C(F)(F)F)C(F)(F)F)cc3)cc2)(C(F)(F)F)C(F)(F)F)cc1,135.0,,GREA,408.15,,1,0.0,black
polymer_4871,[*]Oc1ccc(C(c2ccc(OC(=O)c3ccc(OCCCCCCCCCCOc4ccc(C([*])=O)cc4)cc3)cc2)(C(F)(F)F)C(F)(F)F)cc1,89.0,,GREA,362.15,,1,0.0,black
polymer_4872,[*]Oc1ccc(C(c2ccc(OC(=O)c3ccc(Oc4ccc(C([*])=O)cc4)cc3)cc2)(C(F)(F)F)C(F)(F)F)cc1,181.0,,GREA,454.15,,1,0.0,black
polymer_4873,[*]Oc1ccc(C(c2ccc(OC(=O)c3ccccc3-c3ccccc3C([*])=O)cc2)(C(F)(F)F)C(F)(F)F)cc1,162.0,,GREA,435.15,,1,0.0,black
polymer_4874,[*]Oc1ccc(C(c2ccc(OC([*])=O)cc2)(C(F)(F)Cl)C(F)(F)Cl)cc1,183.5,,GREA,456.65,,1,0.0,black
polymer_4875,[*]Oc1ccc(C(c2ccc(OC([*])=O)cc2)(C(F)(F)F)C(F)(F)F)cc1,176.0,,GREA,449.15,,1,0.0,black
polymer_4876,[*]Oc1ccc(C(c2ccc(OC([*])=O)cc2)C(Cl)(Cl)Cl)cc1,230.0,,GREA,503.15,,1,0.0,black
polymer_4877,[*]Oc1ccc(C(c2ccc(OC([*])=O)cc2)C(Cl)Cl)cc1,165.0,,GREA,438.15,,1,0.0,black
polymer_4878,[*]Oc1ccc(C(c2ccc(OC([*])=O)cc2)C2C3CCC(C3)C2c2ccccc2)cc1,196.0,,GREA,469.15,,1,0.0,black
polymer_4879,[*]Oc1ccc(C(c2ccc(OC([*])=O)cc2)C2CC3CC2C2C4CCC(C4)C32)cc1,253.0,,GREA,526.15,,1,0.0,black
polymer_4880,[*]Oc1ccc(C(c2ccc(OC([*])=O)cc2)C2CCCCC2)cc1,190.0,,GREA,463.15,,1,0.0,black
polymer_4881,[*]Oc1ccc(C(c2ccc(OC([*])=S)cc2)c2cccc3ccccc23)cc1,191.0,,GREA,464.15,,1,0.0,black
polymer_4882,[*]Oc1ccc(C(c2ccc(OC3=C(Cl)C(=O)N(c4ccc(Cc5ccc(N6C(=O)C([*])=C(Cl)C6=O)cc5)cc4)C3=O)cc2)(C(F)(F)F)C(F)(F)F)cc1,189.0,,GREA,462.15,,1,0.0,black
polymer_4883,[*]Oc1ccc(C(c2ccc(OC3=C(Cl)C(=O)N(c4ccc(Oc5ccc(N6C(=O)C([*])=C(Cl)C6=O)cc5)cc4)C3=O)cc2)(C(F)(F)F)C(F)(F)F)cc1,193.0,,GREA,466.15,,1,0.0,black
polymer_4884,[*]Oc1ccc(C(c2ccc(OP3(Oc4ccc(C(=O)OC)cc4)=NP(Oc4ccc(C(=O)OC)cc4)(Oc4ccc(C(=O)OC)cc4)=NP([*])(Oc4ccc(C(=O)OC)cc4)=N3)cc2)(C(F)(F)F)C(F)(F)F)cc1,78.0,,GREA,351.15,,1,0.0,black
polymer_4885,[*]Oc1ccc(C(c2ccc(OP3(Oc4ccc(C(=O)OCCC)cc4)=NP(Oc4ccc(C(=O)OCCC)cc4)(Oc4ccc(C(=O)OCCC)cc4)=NP([*])(Oc4ccc(C(=O)OCCC)cc4)=N3)cc2)(C(F)(F)F)C(F)(F)F)cc1,34.0,,GREA,307.15,,1,0.0,black
polymer_4886,[*]Oc1ccc(C(c2ccc(Oc3c(F)c(F)c(COC(c4cccc(C(OCc5c(F)c(F)c([*])c(F)c5F)(C(F)(F)F)C(F)(F)F)c4)(C(F)(F)F)C(F)(F)F)c(F)c3F)cc2)(C(F)(F)F)C(F)(F)F)cc1,113.0,,GREA,386.15,,1,0.0,black
polymer_4887,[*]Oc1ccc(C(c2ccc(Oc3ccc(C(=O)c4ccccc4)c(-c4cc([*])ccc4C(=O)c4ccccc4)c3)cc2)(C(F)(F)F)C(F)(F)F)cc1,164.0,,GREA,437.15,,1,0.0,black
polymer_4888,[*]Oc1ccc(C(c2ccc(Oc3ccc(S(=O)(=O)c4ccc([*])cc4[Si](C)(C)C)c([Si](C)(C)C)c3)cc2)(C(F)(F)F)C(F)(F)F)cc1,172.0,,GREA,445.15,,1,0.0,black
polymer_4889,[*]Oc1ccc(C(c2ccc(Oc3ccc4c(c3)C(=O)N(CCCCN3C(=O)c5ccc([*])cc5C3=O)C4=O)cc2)(C(F)(F)F)C(F)(F)F)cc1,180.0,,Qiu,453.15,,1,0.0,black
polymer_4890,[*]Oc1ccc(C(c2ccc(Oc3ccc4c(c3)C(=O)N(c3ccc(Oc5ccc(-c6ccc(Oc7ccc(N8C(=O)c9ccc([*])cc9C8=O)cc7)cc6)cc5)cc3)C4=O)cc2)(C(F)(F)F)C(F)(F)F)cc1,217.0,,GREA,490.15,,1,0.0,black
polymer_4891,[*]Oc1ccc(C(c2ccc(Oc3cccc4c3C(=O)N(CCCCCCCCN3C(=O)c5cccc([*])c5C3=O)C4=O)cc2)(C(F)(F)F)C(F)(F)F)cc1,135.0,,Qiu,408.15,,1,0.0,black
polymer_4892,[*]Oc1ccc(C(c2ccc(Oc3cccc4c3C(=O)N(c3ccc(Oc5ccc(-c6ccc(Oc7ccc(N8C(=O)c9cccc([*])c9C8=O)cc7)cc6)cc5)cc3)C4=O)cc2)(C(F)(F)F)C(F)(F)F)cc1,234.0,,GREA,507.15,,1,0.0,black
polymer_4893,[*]Oc1ccc(C(c2ccc(Oc3cccc4c3C(=O)N(c3ccc(Oc5ccc(N6C(=O)c7cccc([*])c7C6=O)cc5)cc3)C4=O)cc2)(C(F)(F)F)C(F)(F)F)cc1,226.0,,Qiu,499.15,,1,0.0,black
polymer_4894,[*]Oc1ccc(C(c2ccccc2)(c2ccccc2)c2ccc(OC(=O)c3ccc(C([*])=O)cc3)cc2)cc1,210.0,,GREA,483.15,,1,0.0,black
polymer_4895,[*]Oc1ccc(C(c2ccccc2)(c2ccccc2)c2ccc(OC(=O)c3cccc(C([*])=O)c3)cc2)cc1,229.0,,GREA,502.15,,1,0.0,black
polymer_4896,[*]Oc1ccc(C(c2ccccc2)(c2ccccc2)c2ccc(OC([*])=O)cc2)cc1,213.0,,GREA,486.15,,1,0.0,black
polymer_4897,[*]Oc1ccc(C(c2ccccc2)(c2ccccc2)c2ccc(Oc3ccc4c(=O)n5c6cc(-c7ccc8c(c7)nc7c9ccc([*])c%10cccc(c(=O)n87)c%109)ccc6nc5c5cccc3c45)cc2)cc1,357.0,,GREA,630.15,,1,0.0,black
polymer_4898,[*]Oc1ccc(C(c2ccccc2)c2ccc(OC([*])=O)cc2)cc1,170.0,,GREA,443.15,,1,0.0,black
polymer_4899,[*]Oc1ccc(C(c2ccccc2)c2ccc(OC([*])=S)cc2)cc1,179.0,,GREA,452.15,,1,0.0,black
polymer_4900,[*]Oc1ccc(C2(c3ccc(OC(=O)C45CC6CC(CC(C([*])=O)(C6)C4)C5)cc3)c3ccccc3-c3ccccc32)cc1,335.0,,GREA,608.15,,1,0.0,black
polymer_4901,[*]Oc1ccc(C2(c3ccc(OC(=O)c4cc(Cl)cc(C([*])=O)c4)cc3)OC(=O)c3ccccc32)cc1,313.0,,GREA,586.15,,1,0.0,black
polymer_4902,[*]Oc1ccc(C2(c3ccc(OC(=O)c4ccc(C([*])=O)cc4)cc3)CC3CC2C2CCCC32)cc1,322.0,,GREA,595.15,,1,0.0,black
polymer_4903,[*]Oc1ccc(C2(c3ccc(OC(=O)c4ccc(C([*])=O)cc4)cc3)CCC3CCCCC3C2)cc1,275.0,,GREA,548.15,,1,0.0,black
polymer_4904,[*]Oc1ccc(C2(c3ccc(OC(=O)c4ccc(C([*])=O)cc4)cc3)CCCCC2)cc1,275.0,,GREA,548.15,,1,0.0,black
polymer_4905,[*]Oc1ccc(C2(c3ccc(OC(=O)c4ccc(C([*])=O)cc4)cc3)CCc3ccccc32)cc1,312.0,,GREA,585.15,,1,0.0,black
polymer_4906,[*]Oc1ccc(C2(c3ccc(OC(=O)c4ccc(C([*])=O)cc4)cc3)OC(=O)c3ccccc32)cc1,279.0,,GREA,552.15,,1,0.0,black
polymer_4907,[*]Oc1ccc(C2(c3ccc(OC(=O)c4ccc(C([*])=O)cc4)cc3)OCc3ccccc32)cc1,312.0,,GREA,585.15,,1,0.0,black
polymer_4908,[*]Oc1ccc(C2(c3ccc(OC(=O)c4ccc(C([*])=O)cc4)cc3)c3ccccc3-c3ccccc32)cc1,285.0,,GREA,558.15,,1,0.0,black
polymer_4909,[*]Oc1ccc(C2(c3ccc(OC(=O)c4ccc(C([*])=O)cc4)cc3)c3ccccc3C(=O)c3ccccc32)cc1,400.0,,GREA,673.15,,1,0.0,black
polymer_4910,[*]Oc1ccc(C2(c3ccc(OC(=O)c4ccc(C([*])=O)cc4)cc3)c3ccccc3Cc3ccccc32)cc1,342.0,,GREA,615.15,,1,0.0,black
polymer_4911,[*]Oc1ccc(C2(c3ccc(OC(=O)c4ccc(C([*])=O)cc4)cc3)c3ccccc3Oc3ccccc32)cc1,252.0,,GREA,525.15,,1,0.0,black
polymer_4912,[*]Oc1ccc(C2(c3ccc(OC(=O)c4ccc([Si](c5ccccc5)(c5ccccc5)c5ccc(C([*])=O)cc5)cc4)cc3)OC(=O)c3ccccc32)cc1,250.0,,GREA,523.15,,1,0.0,black
polymer_4913,[*]Oc1ccc(C2(c3ccc(OC(=O)c4cccc(C([*])=O)c4)cc3)C(=O)Nc3c(Cl)cc(Cl)cc32)cc1,270.0,,GREA,543.15,,1,0.0,black
polymer_4914,[*]Oc1ccc(C2(c3ccc(OC(=O)c4cccc(C([*])=O)c4)cc3)C(=O)Nc3ccccc32)cc1,256.0,,GREA,529.15,,1,0.0,black
polymer_4915,[*]Oc1ccc(C2(c3ccc(OC(=O)c4cccc(C([*])=O)c4)cc3)CCC3CCCCC3C2)cc1,248.0,,GREA,521.15,,1,0.0,black
polymer_4916,[*]Oc1ccc(C2(c3ccc(OC(=O)c4cccc(C([*])=O)c4)cc3)CCCCC2)cc1,127.0,,GREA,400.15,,1,0.0,black
polymer_4917,[*]Oc1ccc(C2(c3ccc(OC(=O)c4cccc(C([*])=O)c4)cc3)OC(=O)c3ccccc32)cc1,282.5,,GREA,555.65,,1,0.0,black
polymer_4918,[*]Oc1ccc(C2(c3ccc(OC(=O)c4cccc(C([*])=O)c4)cc3)c3ccccc3-c3ccccc32)cc1,269.5,,GREA,542.65,,1,0.0,black
polymer_4919,[*]Oc1ccc(C2(c3ccc(OC([*])=O)c(Cl)c3)CC3CCC2C3)cc1Cl,200.0,,GREA,473.15,,1,0.0,black
polymer_4920,[*]Oc1ccc(C2(c3ccc(OC([*])=O)c(Cl)c3)CCCCC2)cc1Cl,179.0,,GREA,452.15,,1,0.0,black
polymer_4921,[*]Oc1ccc(C2(c3ccc(OC([*])=O)cc3)CC3CC2C2C4CCC(C4)C32)cc1,267.5,,GREA,540.65,,1,0.0,black
polymer_4922,[*]Oc1ccc(C2(c3ccc(OC([*])=O)cc3)CC3CC2C2CCCC32)cc1,251.5,,GREA,524.65,,1,0.0,black
polymer_4923,[*]Oc1ccc(C2(c3ccc(OC([*])=O)cc3)CC3CCC2C3)cc1,235.0,,GREA,508.15,,1,0.0,black
polymer_4924,[*]Oc1ccc(C2(c3ccc(OC([*])=O)cc3)CCCC2)cc1,166.0,,GREA,439.15,,1,0.0,black
polymer_4925,[*]Oc1ccc(C2(c3ccc(OC([*])=O)cc3)CCCCC2)cc1,175.0,,GREA,448.15,,1,0.0,black
polymer_4926,[*]Oc1ccc(C2(c3ccc(OC([*])=O)cc3)CCCCCC2)cc1,155.0,,GREA,428.15,,1,0.0,black
polymer_4927,[*]Oc1ccc(C2(c3ccc(OC([*])=O)cc3)CCc3ccccc32)cc1,219.0,,GREA,492.15,,1,0.0,black
polymer_4928,[*]Oc1ccc(C2(c3ccc(OC([*])=O)cc3)OC(=O)c3ccccc32)cc1,252.20000000000005,,GREA,525.35,,1,0.0,black
polymer_4929,[*]Oc1ccc(C2(c3ccc(OC([*])=O)cc3)c3ccccc3-c3ccccc32)cc1,355.0,,GREA,628.15,,1,0.0,black
polymer_4930,[*]Oc1ccc(C2(c3ccc(OC([*])=S)cc3)CCCC2)cc1,79.0,,GREA,352.15,,1,0.0,black
polymer_4931,[*]Oc1ccc(C2(c3ccc(OC([*])=S)cc3)CCCCC2)cc1,155.0,,GREA,428.15,,1,0.0,black
polymer_4932,[*]Oc1ccc(C2(c3ccc(OC4(F)C([*])(F)C(F)(F)C4(F)F)cc3)c3ccccc3-c3ccccc32)cc1,228.0,,GREA,501.15,,1,0.0,black
polymer_4933,[*]Oc1ccc(C2(c3ccc(OS(=O)(=O)c4cccc(S([*])(=O)=O)c4)cc3)CCCCC2)cc1,127.0,,GREA,400.15,,1,0.0,black
polymer_4934,[*]Oc1ccc(C2(c3ccc(O[Si]([*])(c4ccccc4)c4ccccc4)cc3)c3ccccc3-c3ccccc32)cc1,166.0,,GREA,439.15,,1,0.0,black
polymer_4935,[*]Oc1ccc(C2(c3ccc(Oc4ccc(C(=O)c5ccccc5)c(-c5cc([*])ccc5C(=O)c5ccccc5)c4)cc3)c3ccccc3-c3ccccc32)cc1,215.0,,GREA,488.15,,1,0.0,black
polymer_4936,[*]Oc1ccc(C2(c3ccc(Oc4ccc5c(c4)C(=O)N(c4ccc(Cc6ccc(N7C(=O)c8ccc([*])cc8C7=O)cc6)cc4)C5=O)cc3)CCC(c3ccccc3)CC2)cc1,232.0,,GREA,505.15,,1,0.0,black
polymer_4937,[*]Oc1ccc(C2(c3ccc(Oc4ccc5c(c4)C(=O)N(c4ccc(Cc6ccc(N7C(=O)c8ccc([*])cc8C7=O)cc6)cc4)C5=O)cc3)CCCCCCCCCCC2)cc1,240.0,,GREA,513.15,,1,0.0,black
polymer_4938,[*]Oc1ccc(C2(c3ccc(Oc4ccc5c(c4)C(=O)N(c4ccc(Oc6ccc(C7(c8ccc(Oc9ccc(N%10C(=O)c%11ccc([*])cc%11C%10=O)cc9)cc8)C8CC9CC(C8)CC7C9)cc6)cc4)C5=O)cc3)CCCCCCCCCCC2)cc1,262.0,,GREA,535.15,,1,0.0,black
polymer_4939,[*]Oc1ccc(C2(c3ccc(Oc4ccc5c(c4)C(=O)N(c4ccc(Oc6ccc(C7(c8ccc(Oc9ccc(N%10C(=O)c%11ccc([*])cc%11C%10=O)cc9)cc8)CC8CC7C7CCCC87)cc6)cc4)C5=O)cc3)CCC(c3ccccc3)CC2)cc1,255.0,,GREA,528.15,,1,0.0,black
polymer_4940,[*]Oc1ccc(C2(c3ccc(Oc4ccc5c(c4)C(=O)N(c4ccc(Oc6ccc(C7(c8ccc(Oc9ccc(N%10C(=O)c%11ccc([*])cc%11C%10=O)cc9)cc8)CC8CCC7C8)cc6)cc4)C5=O)cc3)CCC(c3ccccc3)CC2)cc1,245.0,,GREA,518.15,,1,0.0,black
polymer_4941,[*]Oc1ccc(C2(c3ccc(Oc4ccc5c(c4)C(=O)N(c4ccc(Oc6ccc(C7(c8ccc(Oc9ccc(N%10C(=O)c%11ccc([*])cc%11C%10=O)cc9)cc8)CC8CCC7C8)cc6)cc4)C5=O)cc3)CCCCCCCCCCC2)cc1,259.0,,GREA,532.15,,1,0.0,black
polymer_4942,[*]Oc1ccc(C2(c3ccc(Oc4ccc5c(c4)C(=O)N(c4ccc(Oc6ccc(N7C(=O)c8ccc([*])cc8C7=O)cc6)cc4)C5=O)cc3)CCC(c3ccccc3)CC2)cc1,236.0,,GREA,509.15,,1,0.0,black
polymer_4943,[*]Oc1ccc(C2(c3ccc(Oc4ccc5c(c4)C(=O)N(c4ccc(Oc6ccc(N7C(=O)c8ccc([*])cc8C7=O)cc6)cc4)C5=O)cc3)CCCCCCCCCCC2)cc1,230.0,,GREA,503.15,,1,0.0,black
polymer_4944,[*]Oc1ccc(C2(c3ccc(Oc4ccc5c6c4cccc6c(=O)n4c6ccc(-c7ccc8nc9c%10cccc%11c([*])ccc(c(=O)n9c8c7)c%11%10)cc6nc54)cc3)c3ccccc3-c3ccccc32)cc1,421.0,,GREA,694.15,,1,0.0,black
polymer_4945,[*]Oc1ccc(C2(c3ccc(Oc4ccc5c6c4cccc6c(=O)n4c6ccc(Oc7ccc8nc9c%10cccc%11c([*])ccc(c(=O)n9c8c7)c%11%10)cc6nc54)cc3)c3ccccc3-c3ccccc32)cc1,396.0,,GREA,669.15,,1,0.0,black
polymer_4946,[*]Oc1ccc(C2(c3ccc(Oc4nc([*])nc(OC)n4)cc3)CCCCC2)cc1,200.0,,GREA,473.15,,1,0.0,black
polymer_4947,[*]Oc1ccc(C2=C(Cl)C(=O)N(c3ccc(Cc4ccc(N5C(=O)C([*])=C(Cl)C5=O)cc4)cc3)C2=O)cc1,192.0,,Qiu,465.15,,1,0.0,black
polymer_4948,[*]Oc1ccc(C=Cc2ccc(Oc3ccc(-c4nnc(-c5ccc([*])c6ccccc56)o4)c4ccccc34)c3ccccc23)cc1,241.0,,GREA,514.15,,1,0.0,black
polymer_4949,[*]Oc1ccc(C=Cc2ccc(Oc3ccc(-c4nnc(-c5ccc([*])c6ccccc56)o4)c4ccccc34)cc2)cc1,238.0,,GREA,511.15,,1,0.0,black
polymer_4950,[*]Oc1ccc(C=Cc2ccc3cccc(OC(=O)c4ccc(C([*])=O)cc4)c3n2)cc1,112.0,,GREA,385.15,,1,0.0,black
polymer_4951,[*]Oc1ccc(Cc2ccc(Cc3ccc(OC([*])=O)cc3)cc2)cc1,79.5,,GREA,352.65,,1,0.0,black
polymer_4952,[*]Oc1ccc(Cc2ccc(OC(=O)c3cccc(C([*])=O)c3)cc2)cc1,150.0,,GREA,423.15,,1,0.0,black
polymer_4953,[*]Oc1ccc(Cc2ccc(OC([*])=O)cc2)cc1,133.5,,GREA,406.65,,1,0.0,black
polymer_4954,[*]Oc1ccc(Cc2ccc(OC([*])=S)cc2)cc1,95.0,,GREA,368.15,,1,0.0,black
polymer_4955,[*]Oc1ccc(Cc2ccc(Oc3c(F)c(F)c(COC(c4cccc(C(OCc5c(F)c(F)c([*])c(F)c5F)(C(F)(F)F)C(F)(F)F)c4)(C(F)(F)F)C(F)(F)F)c(F)c3F)cc2)cc1,94.0,,GREA,367.15,,1,0.0,black
polymer_4956,[*]Oc1ccc(N2C(=O)c3ccc(-c4ccc5c(c4)C(=O)N(c4ccc(Oc6cc(C(C)(C)C)c([*])cc6C(C)(C)C)cc4)C5=O)cc3C2=O)cc1,293.0,,GREA,566.15,,1,0.0,black
polymer_4957,[*]Oc1ccc(N2C(=O)c3ccc(-c4ccc5c(c4)C(=O)N(c4ccc(Oc6cc(C(C)(C)C)ccc6[*])cc4)C5=O)cc3C2=O)cc1,257.0,,GREA,530.15,,1,0.0,black
polymer_4958,[*]Oc1ccc(N2C(=O)c3ccc(-c4ccc5c(c4)C(=O)N(c4ccc(Oc6ccc([*])cc6C(C)(C)C)cc4)C5=O)cc3C2=O)cc1,274.0,,GREA,547.15,,1,0.0,black
polymer_4959,[*]Oc1ccc(N2C(=O)c3ccc(-c4ccc5c(c4)C(=O)N(c4ccc(Oc6ccc([*])cc6C)cc4)C5=O)cc3C2=O)cc1,265.0,,GREA,538.15,,1,0.0,black
polymer_4960,[*]Oc1ccc(N2C(=O)c3ccc(-c4ccc5c(c4)C(=O)N(c4ccc(Oc6cccc([*])c6C#N)cc4)C5=O)cc3C2=O)cc1,271.0,,GREA,544.15,,1,0.0,black
polymer_4961,[*]Oc1ccc(N2C(=O)c3ccc(C(=O)Nc4ccc(Oc5ccc(C6(c7ccc(Oc8ccc(NC(=O)c9ccc%10c(c9)C(=O)N(c9ccc(Oc%11ccc([*])c(C)c%11)cc9)C%10=O)cc8)cc7)NC(=O)c7ccccc76)cc5)cc4)cc3C2=O)cc1,293.0,,GREA,566.15,,1,0.0,black
polymer_4962,[*]Oc1ccc(N2C(=O)c3ccc(C(=O)Nc4ccc(Oc5cccc(Oc6ccc(NC(=O)c7ccc8c(c7)C(=O)N(c7ccc(Oc9cccc([*])c9C#N)cc7)C8=O)cc6)c5)cc4)cc3C2=O)cc1,217.0,,GREA,490.15,,1,0.0,black
polymer_4963,[*]Oc1ccc(N2C(=O)c3ccc(C(=O)Nc4cccc(Oc5cccc(Oc6cccc(Oc7cccc(Oc8cccc(NC(=O)c9ccc%10c(c9)C(=O)N(c9ccc(Oc%11cccc([*])c%11C#N)cc9)C%10=O)c8)c7C#N)c6)c5C#N)c4)cc3C2=O)cc1,199.0,,GREA,472.15,,1,0.0,black
polymer_4964,[*]Oc1ccc(N2C(=O)c3ccc(C(=O)c4ccc5c(c4)C(=O)N(c4ccc(Oc6cc(C(C)(C)C)c([*])cc6C(C)(C)C)cc4)C5=O)cc3C2=O)cc1,288.0,,GREA,561.15,,1,0.0,black
polymer_4965,[*]Oc1ccc(N2C(=O)c3ccc(C(=O)c4ccc5c(c4)C(=O)N(c4ccc(Oc6cccc([*])c6C#N)cc4)C5=O)cc3C2=O)cc1,245.0,,GREA,518.15,,1,0.0,black
polymer_4966,[*]Oc1ccc(N2C(=O)c3ccc(C(c4ccc5c(c4)C(=O)N(c4ccc(Oc6cc(C(C)(C)C)c([*])cc6C(C)(C)C)cc4)C5=O)(C(F)(F)F)C(F)(F)F)cc3C2=O)cc1,277.0,,GREA,550.15,,1,0.0,black
polymer_4967,[*]Oc1ccc(N2C(=O)c3ccc(C(c4ccc5c(c4)C(=O)N(c4ccc(Oc6cccc([*])c6C#N)cc4)C5=O)(C(F)(F)F)C(F)(F)F)cc3C2=O)cc1,280.0,,GREA,553.15,,1,0.0,black
polymer_4968,[*]Oc1ccc(N2C(=O)c3ccc(C(c4ccc5c(c4)C(=O)N(c4ccc([*])c(OCCN(CC)c6ccc(/N=N/c7ccc([N+](=O)[O-])cc7)cc6)c4)C5=O)(C(F)(F)F)C(F)(F)F)cc3C2=O)cc1,202.0,,GREA,475.15,,1,0.0,black
polymer_4969,[*]Oc1ccc(N2C(=O)c3ccc(Oc4c(C)cc(C(C)(C)c5cc(C)c(Oc6ccc7c(c6)C(=O)N(c6ccc(Oc8ccc(-c9ccc([*])cc9C)c(C)c8)cc6)C7=O)c(C)c5)cc4C)cc3C2=O)cc1,257.0,,GREA,530.15,,1,0.0,black
polymer_4970,[*]Oc1ccc(N2C(=O)c3ccc(Oc4ccc(C(c5ccccc5)(c5ccccc5)c5ccc(Oc6ccc7c(c6)C(=O)N(c6ccc(Oc8ccc([*])c(C(C)(C)C)c8)cc6)C7=O)cc5)cc4)cc3C2=O)cc1,229.0,,GREA,502.15,,1,0.0,black
polymer_4971,[*]Oc1ccc(N2C(=O)c3ccc(Oc4ccc(C5(c6ccc(Oc7ccc8c(c7)C(=O)N(c7ccc(Oc9ccc(-c%10ccc([*])cc%10C)c(C)c9)cc7)C8=O)cc6)CCC(C(C)(C)C)CC5)cc4)cc3C2=O)cc1,236.0,,GREA,509.15,,1,0.0,black
polymer_4972,[*]Oc1ccc(N2C(=O)c3ccc(Oc4ccc(C5(c6ccc(Oc7ccc8c(c7)C(=O)N(c7ccc(Oc9ccc(-c%10ccc([*])cc%10C)c(C)c9)cc7)C8=O)cc6)CCC(c6ccccc6)CC5)cc4)cc3C2=O)cc1,226.0,,GREA,499.15,,1,0.0,black
polymer_4973,[*]Oc1ccc(N2C(=O)c3ccc(Oc4ccc(C5(c6ccc(Oc7ccc8c(c7)C(=O)N(c7ccc(Oc9ccc(-c%10ccc([*])cc%10C)c(C)c9)cc7)C8=O)cc6)CCCCCCCCCCC5)cc4)cc3C2=O)cc1,257.0,,GREA,530.15,,1,0.0,black
polymer_4974,[*]Oc1ccc(N2C(=O)c3ccc(Oc4ccc(C5(c6ccc(Oc7ccc8c(c7)C(=O)N(c7ccc(Oc9ccc([*])c(C(C)(C)C)c9)cc7)C8=O)cc6)CCC(c6ccccc6)CC5)cc4)cc3C2=O)cc1,236.0,,GREA,509.15,,1,0.0,black
polymer_4975,[*]Oc1ccc(N2C(=O)c3ccc(Oc4ccc(C5(c6ccc(Oc7ccc8c(c7)C(=O)N(c7ccc(Oc9ccc([*])cc9C(C)(C)C)cc7)C8=O)cc6)CCC(C(C)(C)C)CC5)cc4)cc3C2=O)cc1,233.0,,GREA,506.15,,1,0.0,black
polymer_4976,[*]Oc1ccc(N2C(=O)c3ccc(Oc4ccc(C5(c6ccc(Oc7ccc8c(c7)C(=O)N(c7ccc(Oc9ccc([*])cc9C(C)(C)C)cc7)C8=O)cc6)CCCCCCCCCCC5)cc4)cc3C2=O)cc1,262.0,,GREA,535.15,,1,0.0,black
polymer_4977,[*]Oc1ccc(N2C(=O)c3ccc(Oc4ccc5c(c4)C(=O)N(c4ccc(Oc6cc(C(C)(C)C)c([*])cc6C(C)(C)C)cc4)C5=O)cc3C2=O)cc1,242.0,,GREA,515.15,,1,0.0,black
polymer_4978,[*]Oc1ccc(N2C(=O)c3ccc(Oc4ccc5c(c4)C(=O)N(c4ccc(Oc6cc(C)c([*])c(C)c6C)cc4)C5=O)cc3C2=O)cc1,261.0,,Qiu,534.15,,1,0.0,black
polymer_4979,[*]Oc1ccc(N2C(=O)c3ccc(Oc4ccc5c(c4)C(=O)N(c4ccc(Oc6ccc([*])cc6C(C)(C)C)cc4)C5=O)cc3C2=O)cc1,240.0,,Qiu,513.15,,1,0.0,black
polymer_4980,[*]Oc1ccc(N2C(=O)c3ccc(S(=O)(=O)c4ccc5c(c4)C(=O)N(c4ccc(Oc6cc(C(C)(C)C)c([*])cc6C(C)(C)C)cc4)C5=O)cc3C2=O)cc1,263.0,,GREA,536.15,,1,0.0,black
polymer_4981,[*]Oc1ccc(N2C(=O)c3ccc([*])cc3C2=O)cc1,266.0,,GREA,539.15,,1,0.0,black
polymer_4982,[*]Oc1ccc(NC(=O)c2ccc(C(=O)Nc3c(C)c(C)c([*])c(C)c3C)cc2)cc1,333.0,,GREA,606.15,,1,0.0,black
polymer_4983,[*]Oc1ccc(NC(=O)c2ccc(C(=O)Nc3ccc(Oc4c(C)c(C)c([*])c(C)c4C)cc3)cc2)cc1,310.0,,GREA,583.15,,1,0.0,black
polymer_4984,[*]Oc1ccc(NC(=O)c2ccc(Oc3ccc(Oc4ccc(C(=O)Nc5ccc(Oc6ccc([*])cc6C)cc5)cc4)cc3C)cc2)cc1,218.5,,GREA,491.65,,1,0.0,black
polymer_4985,[*]Oc1ccc(NC(=O)c2ccc3c(c2)C(=O)N(c2ccc(Oc4ccc(C5(c6ccc(Oc7ccc(N8C(=O)c9ccc(C(=O)Nc%10ccc(Oc%11cc(C(C)(C)C)c([*])cc%11C(C)(C)C)cc%10)cc9C8=O)cc7)cc6)CC6CC5C5CCCC65)cc4)cc2)C3=O)cc1,290.0,,GREA,563.15,,1,0.0,black
polymer_4986,[*]Oc1ccc(NC(=O)c2ccc3c(c2)C(=O)N(c2ccc(Oc4ccc(C5(c6ccc(Oc7ccc(N8C(=O)c9ccc(C(=O)Nc%10ccc(Oc%11ccc(-c%12ccc([*])cc%12C)c(C)c%11)cc%10)cc9C8=O)cc7)cc6)CC6CC5C5CCCC65)cc4)cc2)C3=O)cc1,265.0,,GREA,538.15,,1,0.0,black
polymer_4987,[*]Oc1ccc(NC(=O)c2ccc3c(c2)C(=O)N(c2ccc(Oc4ccc(C5(c6ccc(Oc7ccc(N8C(=O)c9ccc(C(=O)Nc%10ccc(Oc%11ccc([*])c(C(C)(C)C)c%11)cc%10)cc9C8=O)cc7)cc6)CC6CC5C5CCCC65)cc4)cc2)C3=O)cc1,275.0,,GREA,548.15,,1,0.0,black
polymer_4988,[*]Oc1ccc(NC(=O)c2ccc3c(c2)C(=O)N(c2ccc(Oc4cccc(Oc5ccc(N6C(=O)c7ccc(C(=O)Nc8ccc(Oc9cccc([*])c9C#N)cc8)cc7C6=O)cc5)c4C#N)cc2)C3=O)cc1,220.0,,GREA,493.15,,1,0.0,black
polymer_4989,[*]Oc1ccc(NC(=O)c2cccc(C(=O)Nc3ccc(Oc4ccc([*])cc4C(C)(C)C)cc3)c2)cc1,208.0,,GREA,481.15,,1,0.0,black
polymer_4990,[*]Oc1ccc(N[Se]Nc2ccc([*])cc2)cc1,55.0,,GREA,328.15,,1,0.0,black
polymer_4991,[*]Oc1ccc(OC(=O)c2cc(OCCCCCCCCCCC(F)(F)C(F)(F)C(F)(F)C(F)(F)C(F)(F)C(F)(F)C(F)(F)C(F)(F)C(F)(F)C(F)(F)F)cc(C([*])=O)c2)cc1,137.0,,GREA,410.15,,1,0.0,black
polymer_4992,[*]Oc1ccc(OC(=O)c2cc(OCCCCCCCCCCOCC3CCCN3c3ccc([N+](=O)[O-])cc3)c(C([*])=O)cc2OCCCCCCCCCCOCC2CCCN2c2ccc([N+](=O)[O-])cc2)cc1,30.0,,GREA,303.15,,1,0.0,black
polymer_4993,[*]Oc1ccc(OC(=O)c2cc(OCCCCCCCCCOCC3CCCN3c3ccc([N+](=O)[O-])cc3)c(C([*])=O)cc2OCCCCCCCCCOCC2CCCN2c2ccc([N+](=O)[O-])cc2)cc1,34.0,,GREA,307.15,,1,0.0,black
polymer_4994,[*]Oc1ccc(OC(=O)c2cc(OCCCCCCCCOCC3CCCN3c3ccc([N+](=O)[O-])cc3)c(C([*])=O)cc2OCCCCCCCCOCC2CCCN2c2ccc([N+](=O)[O-])cc2)cc1,41.0,,GREA,314.15,,1,0.0,black
polymer_4995,[*]Oc1ccc(OC(=O)c2cc(OCCCCCCCOCC3CCCN3c3ccc([N+](=O)[O-])cc3)c(C([*])=O)cc2OCCCCCCCOCC2CCCN2c2ccc([N+](=O)[O-])cc2)cc1,50.0,,GREA,323.15,,1,0.0,black
polymer_4996,[*]Oc1ccc(OC(=O)c2cc(OCCCCCCOCC3CCCN3c3ccc([N+](=O)[O-])cc3)c(C([*])=O)cc2OCCCCCCOCC2CCCN2c2ccc([N+](=O)[O-])cc2)cc1,56.0,,GREA,329.15,,1,0.0,black
polymer_4997,[*]Oc1ccc(OC(=O)c2cc(OCCCCCOCC3CCCN3c3ccc([N+](=O)[O-])cc3)c(C([*])=O)cc2OCCCCCOCC2CCCN2c2ccc([N+](=O)[O-])cc2)cc1,63.0,,GREA,336.15,,1,0.0,black
polymer_4998,[*]Oc1ccc(OC(=O)c2cc(OCCCCOCC3CCCN3c3ccc([N+](=O)[O-])cc3)c(C([*])=O)cc2OCCCCOCC2CCCN2c2ccc([N+](=O)[O-])cc2)cc1,68.0,,GREA,341.15,,1,0.0,black
polymer_4999,[*]Oc1ccc(OC(=O)c2ccc(-c3ccc(C([*])=O)cc3)cc2-c2ccccc2)c2ccccc12,165.0,,GREA,438.15,,1,0.0,black
polymer_5000,[*]Oc1ccc(OC(=O)c2ccc(-c3ccc(C([*])=O)cc3)cc2-c2ccccc2)cc1,140.0,,GREA,413.15,,1,0.0,black
polymer_5001,[*]Oc1ccc(OC(=O)c2ccc(-c3ccc(C([*])=O)cc3)cc2-c2ccccc2)cc1-c1ccccc1,148.0,,GREA,421.15,,1,0.0,black
polymer_5002,[*]Oc1ccc(OC(=O)c2ccc(-c3ccc(OCCCCCCCCCC[Si](C)(C)O[Si](C)(C)CCCCCCOC(=O)C([*])C)cc3)cc2)cc1,35.0,,GREA,308.15,,1,0.0,black
polymer_5003,[*]Oc1ccc(OC(=O)c2ccc(-c3ccc(OCCCCCCCCCC[Si](C)(C)O[Si](C)(C)CCCCCCOC(=O)C([*])C)cc3)cc2)cc1[N+](=O)[O-],20.0,,GREA,293.15,,1,0.0,black
polymer_5004,[*]Oc1ccc(OC(=O)c2ccc(C([*])=O)cc2)c(-c2cccc(C(F)(F)F)c2)c1,155.8,,GREA,428.95,,1,0.0,black
polymer_5005,[*]Oc1ccc(OC(=O)c2ccc(C([*])=O)cc2)c(C(F)(F)F)c1,159.3,,GREA,432.45,,1,0.0,black
polymer_5006,[*]Oc1ccc(OC(=O)c2ccc(C([*])=O)cc2)c(C2CC3CCC2C3)c1,267.0,,GREA,540.15,,1,0.0,black
polymer_5007,[*]Oc1ccc(OC(=O)c2ccc(C([*])=O)cc2)c(C2CCCCC2)c1,206.0,,GREA,479.15,,1,0.0,black
polymer_5008,[*]Oc1ccc(OC(=O)c2ccc(C([*])=O)cc2)c(C2CCCCCCC2)c1,213.0,,GREA,486.15,,1,0.0,black
polymer_5009,[*]Oc1ccc(OC(=O)c2ccc(C([*])=O)cc2)cc1,267.0,,GREA,540.15,,1,0.0,black
polymer_5010,[*]Oc1ccc(OC(=O)c2ccc(C([*])=O)cc2Oc2ccc(-c3ccccc3)cc2)cc1,117.0,,GREA,390.15,,1,0.0,black
polymer_5011,[*]Oc1ccc(OC(=O)c2ccc(C([*])=O)cc2Oc2ccc(Br)cc2)cc1,108.0,,GREA,381.15,,1,0.0,black
polymer_5012,[*]Oc1ccc(OC(=O)c2ccc(C([*])=O)cc2Oc2ccc(C3CCCCC3)cc2)cc1,113.0,,GREA,386.15,,1,0.0,black
polymer_5013,[*]Oc1ccc(OC(=O)c2ccc(C([*])=O)cc2Oc2ccc(Cl)cc2)cc1,107.0,,GREA,380.15,,1,0.0,black
polymer_5014,[*]Oc1ccc(OC(=O)c2ccc(C([*])=O)cc2Oc2ccc(F)cc2)cc1,106.0,,GREA,379.15,,1,0.0,black
polymer_5015,[*]Oc1ccc(OC(=O)c2ccc(C([*])=O)cc2Oc2ccc(Oc3ccccc3)cc2)cc1,83.0,,GREA,356.15,,1,0.0,black
polymer_5016,[*]Oc1ccc(OC(=O)c2ccc(C([*])=O)cc2Oc2ccc3ccccc3c2)cc1,102.0,,GREA,375.15,,1,0.0,black
polymer_5017,[*]Oc1ccc(OC(=O)c2ccc(C([*])=O)cc2Oc2ccccc2)cc1,105.0,,GREA,378.15,,1,0.0,black
polymer_5018,[*]Oc1ccc(OC(=O)c2ccc(C([*])=O)cc2Sc2ccc(Cl)cc2)cc1,140.0,,GREA,413.15,,1,0.0,black
polymer_5019,[*]Oc1ccc(OC(=O)c2ccc(C([*])=O)cc2Sc2ccc3ccccc3c2)cc1,148.0,,GREA,421.15,,1,0.0,black
polymer_5020,[*]Oc1ccc(OC(=O)c2ccc(C([*])=O)cc2Sc2ccccc2)cc1,181.0,,GREA,454.15,,1,0.0,black
polymer_5021,[*]Oc1ccc(OC(=O)c2ccc(C([*])=O)cc2Sc2ccccc2)cc1-c1ccccc1,130.0,,GREA,403.15,,1,0.0,black
polymer_5022,[*]Oc1ccc(OC(=O)c2ccc(N3C(=O)CC(SCCOCCSC4CC(=O)N(c5ccc(C([*])=O)cc5)C4=O)C3=O)cc2)cc1,166.0,,GREA,439.15,,1,0.0,black
polymer_5023,[*]Oc1ccc(OC(=O)c2ccc(OC(=O)OC3COC4C(OC([*])=O)COC34)cc2)cc1,115.0,,GREA,388.15,,1,0.0,black
polymer_5024,[*]Oc1ccc(OC(=O)c2ccc(OC(=O)c3ccc(C(=O)Oc4ccc(C([*])=O)cc4)cc3)cc2)cc1,283.0,,GREA,556.15,,1,0.0,black
polymer_5025,[*]Oc1ccc(OC(=O)c2ccc(OC([*])=O)cc2)cc1,74.0,,GREA,347.15,,1,0.0,black
polymer_5026,[*]Oc1ccc(OC(=O)c2ccc(OCCCCCCCCCCCCOc3ccc(C([*])=O)cc3)cc2)c(/C=C/c2ccncc2)c1,94.30000000000001,,GREA,367.45,,1,0.0,black
polymer_5027,[*]Oc1ccc(OC(=O)c2ccc(OCCCCCCCCCCCCOc3ccc(C([*])=O)cc3)cc2)c(S(=O)(=O)c2ccccc2)c1,82.70000000000005,,GREA,355.85,,1,0.0,black
polymer_5028,[*]Oc1ccc(OC(=O)c2ccc(OCCCCCCCCCCOc3ccc(C([*])=O)cc3)cc2)c(S(=O)(=O)c2ccccc2)c1,88.0,,GREA,361.15,,1,0.0,black
polymer_5029,[*]Oc1ccc(OC(=O)c2ccc(OCCCCCCOc3ccc(C([*])=O)cc3)cc2)c(S(=O)(=O)c2ccccc2)c1,105.5,,GREA,378.65,,1,0.0,black
polymer_5030,[*]Oc1ccc(OC(=O)c2ccc(Oc3ccc(C([*])=O)cc3)cc2)c2ccccc12,166.0,,GREA,439.15,,1,0.0,black
polymer_5031,[*]Oc1ccc(OC(=O)c2ccc3c(c2)C(=O)N(C2CCC(N4C(=O)c5ccc(C([*])=O)cc5C4=O)CC2)C3=O)cc1,360.0,,GREA,633.15,,1,0.0,black
polymer_5032,[*]Oc1ccc(OC(=O)c2ccc3c(c2)C(=O)N(CCCOCCCCOCCCN2C(=O)c4ccc(C([*])=O)cc4C2=O)C3=O)c(-c2ccccc2)c1,71.0,,GREA,344.15,,1,0.0,black
polymer_5033,[*]Oc1ccc(OC(=O)c2ccc3c(c2)C(=O)N(CCCOCCCCOCCCN2C(=O)c4ccc(C([*])=O)cc4C2=O)C3=O)cc1,56.0,,GREA,329.15,,1,0.0,black
polymer_5034,[*]Oc1ccc(OC(=O)c2ccc3c(c2)C(=O)N(CCOCCOCCN2C(=O)c4ccc(C([*])=O)cc4C2=O)C3=O)c(-c2ccccc2)c1,105.0,,GREA,378.15,,1,0.0,black
polymer_5035,[*]Oc1ccc(OC(=O)c2ccc3c(c2)C(=O)N(CCOCCOCCN2C(=O)c4ccc(C([*])=O)cc4C2=O)C3=O)cc1,105.0,,GREA,378.15,,1,0.0,black
polymer_5036,[*]Oc1ccc(OC(=O)c2ccc3c(c2)C(=O)N(c2ccc(Oc4ccc(N5C(=O)c6ccc(C([*])=O)cc6C5=O)cc4)cc2)C3=O)c(-c2ccccc2)c1,212.0,,GREA,485.15,,1,0.0,black
polymer_5037,[*]Oc1ccc(OC(=O)c2ccc3c(c2)C(=O)N(c2ccc(Oc4ccc(N5C(=O)c6ccc(C([*])=O)cc6C5=O)cc4)cc2)C3=O)cc1,270.0,,GREA,543.15,,1,0.0,black
polymer_5038,[*]Oc1ccc(OC(=O)c2ccc3c(c2)C(=O)N(c2ccc(Oc4ccc(Oc5ccc(N6C(=O)c7ccc(C([*])=O)cc7C6=O)cc5)cc4)cc2)C3=O)cc1,230.0,,GREA,503.15,,1,0.0,black
polymer_5039,[*]Oc1ccc(OC(=O)c2cccc(C([*])=O)c2)cc1,186.0,,GREA,459.15,,1,0.0,black
polymer_5040,[*]Oc1ccc(OC(=O)c2cccc(Oc3ccc(Oc4ccc(Oc5cccc(C([*])=O)c5)cc4)cc3)c2)cc1,101.0,,GREA,374.15,,1,0.0,black
polymer_5041,[*]Oc1ccc(OC(=O)c2cccc(Oc3ccc(Oc4cccc(C([*])=O)c4)cc3)c2)cc1,119.0,,GREA,392.15,,1,0.0,black
polymer_5042,[*]Oc1ccc(OC(=O)c2cccc(Oc3cccc(C([*])=O)c3)c2)cc1,119.0,,GREA,392.15,,1,0.0,black
polymer_5043,[*]Oc1ccc(OC2(F)C([*])(F)C(F)(F)C2(F)F)cc1,41.0,,GREA,314.15,,1,0.0,black
polymer_5044,[*]Oc1ccc(OCCCCCCCCCCCCOc2ccc(OC(=O)c3ccc4c(c3)C(=O)N(c3ccc(Cc5ccc(N6C(=O)c7ccc(C([*])=O)cc7C6=O)cc5)cc3)C4=O)cc2)cc1,125.0,,GREA,398.15,,1,0.0,black
polymer_5045,[*]Oc1ccc(OCCCCCCCCCCCCOc2ccc(OC(=O)c3ccc4c(c3)C(=O)N(c3ccc(S(=O)(=O)c5ccc(N6C(=O)c7ccc(C([*])=O)cc7C6=O)cc5)cc3)C4=O)cc2)cc1,140.0,,GREA,413.15,,1,0.0,black
polymer_5046,[*]Oc1ccc(OCCCCCCCCCCOc2ccc(OC(=O)c3ccc(OCCOCCOCCOc4ccc(C([*])=O)cc4)cc3)cc2)cc1,64.0,,GREA,337.15,,1,0.0,black
polymer_5047,[*]Oc1ccc(OCCCCCCOc2ccc(OC(=O)c3ccc(C([*])=O)cc3)cc2)cc1,53.0,,GREA,326.15,,1,0.0,black
polymer_5048,[*]Oc1ccc(OCCCCCOc2ccc(OC(=O)c3ccc(C([*])=O)cc3)cc2)cc1,112.0,,GREA,385.15,,1,0.0,black
polymer_5049,[*]Oc1ccc(OP([*])(=O)OC2CCCCC2)cc1,108.0,,GREA,381.15,,1,0.0,black
polymer_5050,[*]Oc1ccc(OP([*])(=O)Oc2ccccc2)cc1,97.0,,GREA,370.15,,1,0.0,black
polymer_5051,[*]Oc1ccc(O[Si]([*])(C)C)cc1,90.0,,GREA,363.15,,1,0.0,black
polymer_5052,[*]Oc1ccc(O[Si]([*])(C)c2ccccc2)cc1,95.0,,GREA,368.15,,1,0.0,black
polymer_5053,[*]Oc1ccc(Oc2cc(C(=O)c3ccccc3)c([*])cc2C(=O)c2ccccc2)cc1,137.0,,GREA,410.15,,1,0.0,black
polymer_5054,[*]Oc1ccc(Oc2ccc(-c3ccc(Oc4ccc(Oc5cc([*])ccc5CCCCCC)cc4)c4ccccc34)c3ccccc23)cc1,150.0,,GREA,423.15,,1,0.0,black
polymer_5055,[*]Oc1ccc(Oc2ccc(-c3ccc(Oc4ccc(Oc5cccc([*])c5C)cc4)c4ccccc34)c3ccccc23)cc1,156.0,,GREA,429.15,,1,0.0,black
polymer_5056,[*]Oc1ccc(Oc2ccc(-c3ccc([*])c4ccccc34)c3ccccc23)cc1,226.0,,GREA,499.15,,1,0.0,black
polymer_5057,[*]Oc1ccc(Oc2ccc(/C=N/CC/N=C/c3ccc([*])cc3)cc2)cc1,101.0,,GREA,374.15,,1,0.0,black
polymer_5058,[*]Oc1ccc(Oc2ccc(/C=N/CCCC/N=C/c3ccc([*])cc3)cc2)cc1,105.0,,GREA,378.15,,1,0.0,black
polymer_5059,[*]Oc1ccc(Oc2ccc(/C=N/CCCCCC/N=C/c3ccc([*])cc3)cc2)cc1,111.0,,GREA,384.15,,1,0.0,black
polymer_5060,[*]Oc1ccc(Oc2ccc(/C=N/CCCCCCCCCC/N=C/c3ccc([*])cc3)cc2)cc1,108.0,,GREA,381.15,,1,0.0,black
polymer_5061,[*]Oc1ccc(Oc2ccc(/C=N/CCCCCCCCCCCC/N=C/c3ccc([*])cc3)cc2)cc1,118.0,,GREA,391.15,,1,0.0,black
polymer_5062,[*]Oc1ccc(Oc2ccc(/C=N/c3ccc(/N=C/c4ccc([*])cc4)cc3)cc2)cc1,117.0,,GREA,390.15,,1,0.0,black
polymer_5063,[*]Oc1ccc(Oc2ccc(C(=O)c3ccccc3)c(-c3cc([*])ccc3C(=O)c3ccccc3)c2)cc1,156.0,,GREA,429.15,,1,0.0,black
polymer_5064,[*]Oc1ccc(Oc2ccc(C=Nc3ccc(Oc4ccc(N=Cc5ccc([*])cc5)cc4)cc3)cc2)cc1,120.0,,GREA,393.15,,1,0.0,black
polymer_5065,[*]Oc1ccc(Oc2ccc(N3C(=O)c4cccc(Oc5c(C)cc(Cc6cc(C)c(Oc7cccc8c7C(=O)N(c7ccc([*])cc7C)C8=O)c(C)c6)cc5C)c4C3=O)c(C)c2)cc1,238.0,,GREA,511.15,,1,0.0,black
polymer_5066,[*]Oc1ccc(Oc2ccc(N3C(=O)c4cccc(Oc5ccc(C(C)(C)c6ccc(Oc7cccc8c7C(=O)N(c7ccc([*])cc7C)C8=O)cc6)cc5)c4C3=O)c(C)c2)cc1,222.0,,GREA,495.15,,1,0.0,black
polymer_5067,[*]Oc1ccc(Oc2ccc(OC(=O)c3ccc(C(c4ccc(C([*])=O)cc4)(C(F)(F)F)C(F)(F)F)cc3)cc2)cc1,215.0,,GREA,488.15,,1,0.0,black
polymer_5068,[*]Oc1ccc(Oc2ccc(OC(=O)c3cccc(C([*])=O)c3)cc2)cc1,164.5,,GREA,437.65,,1,0.0,black
polymer_5069,[*]Oc1ccc(Oc2ccc(OC(=O)c3cccc(Oc4ccc(Oc5cccc(C([*])=O)c5)cc4)c3)cc2)cc1,104.0,,GREA,377.15,,1,0.0,black
polymer_5070,[*]Oc1ccc(Oc2ccc(OC(=O)c3ccccc3-c3ccccc3C([*])=O)cc2)cc1,147.0,,GREA,420.15,,1,0.0,black
polymer_5071,[*]Oc1ccc(Oc2ccc(OC([*])=O)cc2)cc1,118.0,,GREA,391.15,,1,0.0,black
polymer_5072,[*]Oc1ccc(Oc2ccc(Oc3ccc(Oc4ccc(-c5ccc([*])c6ccccc56)c5ccccc45)cc3)cc2)cc1,147.0,,GREA,420.15,,1,0.0,black
polymer_5073,[*]Oc1ccc(Oc2ccc(Oc3ccc(Oc4ccc(OC(=O)c5cccc(C([*])=O)c5)cc4)cc3)cc2)cc1,134.0,,GREA,407.15,,1,0.0,black
polymer_5074,[*]Oc1ccc(Oc2ccc(Oc3ccc4c(c3)C(=O)N(c3ccc(Oc5ccc(-c6ccc(Oc7ccc(N8C(=O)c9ccc([*])cc9C8=O)cc7)cc6)cc5)cc3)C4=O)cc2)cc1,211.0,,GREA,484.15,,1,0.0,black
polymer_5075,[*]Oc1ccc(Oc2ccc(Oc3ccc4c(c3)C(=O)N(c3ccc(Oc5ccc(N6C(=O)c7ccc([*])cc7C6=O)cc5)cc3)C4=O)cc2)cc1,215.0,,GREA,488.15,,1,0.0,black
polymer_5076,[*]Oc1ccc(Oc2ccc(Oc3ccc4c(c3)C(=O)N(c3ccc(Oc5ccc(Oc6ccc(N7C(=O)c8ccc([*])cc8C7=O)cc6)cc5)cc3)C4=O)cc2)cc1,203.0,,GREA,476.15,,1,0.0,black
polymer_5077,[*]Oc1ccc(Oc2ccc(Oc3ccc4c(c3)C(=O)N(c3ccc(Oc5ccc(Sc6ccc(Oc7ccc(N8C(=O)c9ccc([*])cc9C8=O)cc7)cc6)cc5)cc3)C4=O)cc2)cc1,194.0,,GREA,467.15,,1,0.0,black
polymer_5078,[*]Oc1ccc(Oc2ccc(Oc3ccc4c(c3)C(=O)N(c3ccc(Oc5cccc(Oc6ccc(N7C(=O)c8ccc([*])cc8C7=O)cc6)c5)cc3)C4=O)cc2)cc1,184.0,,GREA,457.15,,1,0.0,black
polymer_5079,[*]Oc1ccc(Oc2ccc(Oc3ccc4c(c3)C(=O)N(c3cccc(N5C(=O)c6ccc([*])cc6C5=O)c3)C4=O)cc2)cc1,227.0,,GREA,500.15,,1,0.0,black
polymer_5080,[*]Oc1ccc(Oc2ccc(Oc3cccc4c3C(=O)N(CCCCCCCCN3C(=O)c5cccc([*])c5C3=O)C4=O)cc2)cc1,128.0,,Qiu,401.15,,1,0.0,black
polymer_5081,[*]Oc1ccc(Oc2ccc(Oc3cccc4c3C(=O)N(c3ccc(Oc5ccc(N6C(=O)c7cccc([*])c7C6=O)cc5)cc3)C4=O)cc2)cc1,239.0,,GREA,512.15,,1,0.0,black
polymer_5082,[*]Oc1ccc(Oc2ccc(Oc3cccc4c3C(=O)N(c3cccc(N5C(=O)c6cccc([*])c6C5=O)c3)C4=O)cc2)cc1,238.0,,GREA,511.15,,1,0.0,black
polymer_5083,[*]Oc1ccc(Oc2ccc(P(=O)(c3ccccc3)c3ccc(Oc4ccc(Oc5ccc6c(c5)C(=O)N(c5ccc(N7C(=O)c8ccc([*])cc8C7=O)cc5)C6=O)cc4)cc3)cc2)cc1,220.0,,GREA,493.15,,1,0.0,black
polymer_5084,[*]Oc1ccc(Oc2ccc3c(c2)C(=O)N(c2ccc(-c4ccc(N5C(=O)c6ccc([*])cc6C5=O)cc4)cc2)C3=O)cc1,266.0,,GREA,539.15,,1,0.0,black
polymer_5085,[*]Oc1ccc(Oc2ccc3c(c2)C(=O)N(c2ccc(Cc4ccc(N5C(=O)c6ccc([*])cc6C5=O)cc4)cc2)C3=O)cc1,259.0,,GREA,532.15,,1,0.0,black
polymer_5086,[*]Oc1ccc(Oc2ccc3c(c2)C(=O)N(c2ccc(Oc4ccc(-c5ccc(Oc6ccc(N7C(=O)c8ccc([*])cc8C7=O)cc6)cc5)cc4)cc2)C3=O)cc1,230.0,,GREA,503.15,,1,0.0,black
polymer_5087,[*]Oc1ccc(Oc2ccc3c(c2)C(=O)N(c2ccc(Oc4ccc(Oc5ccc(Oc6ccc(N7C(=O)c8ccc([*])cc8C7=O)cc6)cc5)cc4)cc2)C3=O)cc1,210.0,,GREA,483.15,,1,0.0,black
polymer_5088,[*]Oc1ccc(Oc2ccc3c(c2)C(=O)N(c2ccc(Oc4ccc(S(=O)(=O)c5ccc(Oc6ccc(N7C(=O)c8ccc([*])cc8C7=O)cc6)cc5)cc4)cc2)C3=O)cc1,201.0,,GREA,474.15,,1,0.0,black
polymer_5089,[*]Oc1ccc(Oc2ccc3c(c2)C(=O)N(c2ccc(Oc4ccc(Sc5ccc(Oc6ccc(N7C(=O)c8ccc([*])cc8C7=O)cc6)cc5)cc4)cc2)C3=O)cc1,201.0,,GREA,474.15,,1,0.0,black
polymer_5090,[*]Oc1ccc(Oc2ccc3c(c2)C(=O)N(c2ccc(Oc4ccc5ccccc5c4-c4c(Oc5ccc(N6C(=O)c7ccc([*])cc7C6=O)cc5C(F)(F)F)ccc5ccccc45)c(C(F)(F)F)c2)C3=O)cc1,256.0,,Qiu,529.15,,1,0.0,black
polymer_5091,[*]Oc1ccc(Oc2ccc3c(c2)C(=O)N(c2ccc(Oc4cccc(Oc5ccc(N6C(=O)c7ccc([*])cc7C6=O)cc5)c4)cc2)C3=O)cc1,199.0,,GREA,472.15,,1,0.0,black
polymer_5092,[*]Oc1ccc(Oc2ccc3c(c2)C(=O)N(c2ccc(S(=O)(=O)c4ccc(N5C(=O)c6ccc([*])cc6C5=O)cc4)cc2)C3=O)cc1,283.0,,GREA,556.15,,1,0.0,black
polymer_5093,[*]Oc1ccc(Oc2ccc3c(c2)C(=O)N(c2cccc(N4C(=O)c5ccc([*])cc5C4=O)c2)C3=O)cc1,255.0,,GREA,528.15,,1,0.0,black
polymer_5094,[*]Oc1ccc(Oc2cccc(Oc3ccc4c(c3)C(=O)N(c3ccc(Oc5ccc(N6C(=O)c7ccc([*])cc7C6=O)cc5)cc3)C4=O)c2)cc1,215.0,,Qiu,488.15,,1,0.0,black
polymer_5095,[*]Oc1ccc(Oc2cccc(Oc3ccc4c(c3)C(=O)N(c3ccc(Oc5cccc(Oc6ccc(N7C(=O)c8ccc([*])cc8C7=O)cc6)c5)cc3)C4=O)c2)cc1,184.0,,Qiu,457.15,,1,0.0,black
polymer_5096,[*]Oc1ccc(Oc2cccc(Oc3ccc4c(c3)C(=O)N(c3cccc(N5C(=O)c6ccc([*])cc6C5=O)c3)C4=O)c2)cc1,227.0,,Qiu,500.15,,1,0.0,black
polymer_5097,[*]Oc1ccc(Oc2cccc(Oc3cccc4c3C(=O)N(c3ccc(Oc5ccc(N6C(=O)c7cccc([*])c7C6=O)cc5)cc3)C4=O)c2)cc1,239.0,,Qiu,512.15,,1,0.0,black
polymer_5098,[*]Oc1ccc(Oc2cccc(Oc3cccc4c3C(=O)N(c3ccc(Oc5cccc(Oc6ccc(N7C(=O)c8cccc([*])c8C7=O)cc6)c5)cc3)C4=O)c2)cc1,198.0,,Qiu,471.15,,1,0.0,black
polymer_5099,[*]Oc1ccc(Oc2cccc([*])n2)cc1,100.0,,GREA,373.15,,1,0.0,black
polymer_5100,[*]Oc1ccc(Oc2cccc3c2C(=O)N(c2ccc(Oc4cccc(Oc5ccc(N6C(=O)c7cccc([*])c7C6=O)cc5)c4)cc2)C3=O)cc1,214.0,,GREA,487.15,,1,0.0,black
polymer_5101,[*]Oc1ccc(Oc2cccc3c2C(=O)N(c2cccc(N4C(=O)c5cccc([*])c5C4=O)c2)C3=O)cc1,259.0,,GREA,532.15,,1,0.0,black
polymer_5102,[*]Oc1ccc(S(=O)(=O)c2ccc(OC(=O)OC3CC4CC(OC([*])=O)CC(C3)O4)cc2)cc1,184.0,,GREA,457.15,,1,0.0,black
polymer_5103,[*]Oc1ccc(S(=O)(=O)c2ccc(OC(=O)c3ccc([Si](c4ccccc4)(c4ccccc4)c4ccc(C([*])=O)cc4)cc3)cc2)cc1,250.0,,GREA,523.15,,1,0.0,black
polymer_5104,[*]Oc1ccc(S(=O)(=O)c2ccc(OC(=O)c3cccc(C([*])=O)c3)cc2)cc1,249.0,,GREA,522.15,,1,0.0,black
polymer_5105,[*]Oc1ccc(S(=O)(=O)c2ccc(OP([*])(=O)OC3CCCCC3)cc2)cc1,120.0,,GREA,393.15,,1,0.0,black
polymer_5106,[*]Oc1ccc(S(=O)(=O)c2ccc(OP([*])(=O)Oc3ccc(Br)cc3)cc2)cc1,89.0,,GREA,362.15,,1,0.0,black
polymer_5107,[*]Oc1ccc(S(=O)(=O)c2ccc(OP([*])(=O)Oc3ccc(C)cc3)cc2)cc1,66.0,,GREA,339.15,,1,0.0,black
polymer_5108,[*]Oc1ccc(S(=O)(=O)c2ccc(OP([*])(=O)Oc3ccc(OC)cc3)cc2)cc1,81.0,,GREA,354.15,,1,0.0,black
polymer_5109,[*]Oc1ccc(S(=O)(=O)c2ccc(OP([*])(=O)Oc3ccc([N+](=O)[O-])cc3)cc2)cc1,114.0,,GREA,387.15,,1,0.0,black
polymer_5110,[*]Oc1ccc(S(=O)(=O)c2ccc(OP([*])(=O)Oc3ccccc3)cc2)cc1,100.5,,GREA,373.65,,1,0.0,black
polymer_5111,[*]Oc1ccc(S(=O)(=O)c2ccc(Oc3c(C)cc(-c4cc(C)c([*])c(C)c4Br)c(Br)c3C)cc2)cc1,298.20000000000005,,GREA,571.35,,1,0.0,black
polymer_5112,[*]Oc1ccc(S(=O)(=O)c2ccc(Oc3c(C)cc(C(C)(C)c4cc(C)c([*])c(C)c4Br)c(Br)c3C)cc2)cc1,275.4,,GREA,548.55,,1,0.0,black
polymer_5113,[*]Oc1ccc(S(=O)(=O)c2ccc(Oc3cc(C(C)(C)C)ccc3[*])cc2)cc1,180.5,,GREA,453.65,,1,0.0,black
polymer_5114,[*]Oc1ccc(S(=O)(=O)c2ccc(Oc3cc(C)c(C(c4cc(C(C)C)c([*])cc4C)c4ccccc4C(=O)O)cc3C(C)C)cc2)cc1,240.0,,GREA,513.15,,1,0.0,black
polymer_5115,[*]Oc1ccc(S(=O)(=O)c2ccc(Oc3cc(C)c(C4(c5cc(C(C)C)c([*])cc5C)OC(=O)c5ccccc54)cc3C(C)C)cc2)cc1,230.0,,GREA,503.15,,1,0.0,black
polymer_5116,[*]Oc1ccc(S(=O)(=O)c2ccc(Oc3ccc4c(=O)n5c6cc(-c7ccc8c(c7)nc7c9ccc([*])c%10cccc(c(=O)n87)c%109)ccc6nc5c5cccc3c45)cc2)cc1,415.0,,GREA,688.15,,1,0.0,black
polymer_5117,[*]Oc1ccc(S(=O)(=O)c2ccc(Oc3ccc4c(=O)n5c6cc(Oc7ccc8c(c7)nc7c9ccc([*])c%10cccc(c(=O)n87)c%109)ccc6nc5c5cccc3c45)cc2)cc1,374.0,,GREA,647.15,,1,0.0,black
polymer_5118,[*]Oc1ccc(S(=O)(=O)c2ccc(Oc3ccc4c(c3)C(=O)N(c3ccc(Oc5ccc(N6C(=O)c7ccc([*])cc7C6=O)cc5)cc3)C4=O)cc2)cc1,260.0,,GREA,533.15,,1,0.0,black
polymer_5119,[*]Oc1ccc(S(=O)(=O)c2ccc(Oc3ccc4c(c3)C(=O)N(c3ccc(Oc5cccc(Oc6ccc(N7C(=O)c8ccc([*])cc8C7=O)cc6)c5)cc3)C4=O)cc2)cc1,219.0,,GREA,492.15,,1,0.0,black
polymer_5120,[*]Oc1ccc(S(=O)(=O)c2ccc(Oc3ccc4c(c3)C(=O)N(c3cccc(N5C(=O)c6ccc([*])cc6C5=O)c3)C4=O)cc2)cc1,265.0,,GREA,538.15,,1,0.0,black
polymer_5121,[*]Oc1ccc(S(=O)(=O)c2ccc(Oc3ccc4c(c3)C(=O)N(c3cccc(S(=O)(=O)c5cccc(N6C(=O)c7ccc([*])cc7C6=O)c5)c3)C4=O)cc2)cc1,205.0,,GREA,478.15,,1,0.0,black
polymer_5122,[*]Oc1ccc(S(=O)(=O)c2ccc(Oc3cccc4c3C(=O)N(c3ccc(Oc5ccc(N6C(=O)c7cccc([*])c7C6=O)cc5)cc3)C4=O)cc2)cc1,267.0,,GREA,540.15,,1,0.0,black
polymer_5123,[*]Oc1ccc(S(=O)(=O)c2ccc(Oc3cccc4c3C(=O)N(c3ccc(Oc5cccc(Oc6ccc(N7C(=O)c8cccc([*])c8C7=O)cc6)c5)cc3)C4=O)cc2)cc1,230.0,,GREA,503.15,,1,0.0,black
polymer_5124,[*]Oc1ccc(S(=O)(=O)c2ccc(Oc3cccc4c3C(=O)N(c3cccc(N5C(=O)c6cccc([*])c6C5=O)c3)C4=O)cc2)cc1,266.0,,GREA,539.15,,1,0.0,black
polymer_5125,[*]Oc1ccc(S(=O)(=O)c2ccc3cc(S(=O)(=O)c4ccc(Oc5c(C)cc(-c6cc(C)c([*])c(C)c6C)c(C)c5C)cc4)ccc3c2)cc1,300.0,,GREA,573.15,,1,0.0,black
polymer_5126,[*]Oc1ccc(S(=O)(=O)c2cccc(Oc3ccc4c(c3)C(=O)N(c3ccc(Oc5ccc(N6C(=O)c7ccc([*])cc7C6=O)cc5)cc3)C4=O)c2)cc1,260.0,,Qiu,533.15,,1,0.0,black
polymer_5127,[*]Oc1ccc(S(=O)(=O)c2cccc(Oc3ccc4c(c3)C(=O)N(c3ccc(Oc5cccc(Oc6ccc(N7C(=O)c8ccc([*])cc8C7=O)cc6)c5)cc3)C4=O)c2)cc1,194.0,,Qiu,467.15,,1,0.0,black
polymer_5128,[*]Oc1ccc(S(=O)(=O)c2cccc(Oc3cccc4c3C(=O)N(c3ccc(Oc5ccc(N6C(=O)c7cccc([*])c7C6=O)cc5)cc3)C4=O)c2)cc1,267.0,,Qiu,540.15,,1,0.0,black
polymer_5129,[*]Oc1ccc(S(=O)(=O)c2cccc(Oc3cccc4c3C(=O)N(c3ccc(Oc5cccc(Oc6ccc(N7C(=O)c8cccc([*])c8C7=O)cc6)c5)cc3)C4=O)c2)cc1,216.0,,Qiu,489.15,,1,0.0,black
polymer_5130,[*]Oc1ccc(S([*])(=O)=O)cc1,119.0,,GREA,392.15,,1,0.0,black
polymer_5131,[*]Oc1ccc(Sc2ccc(OC3(F)C([*])(F)C(F)(F)C3(F)F)cc2)cc1,78.0,,GREA,351.15,,1,0.0,black
polymer_5132,[*]Oc1ccc(Sc2ccc(Oc3ccc4c(=O)n5c6cc(-c7ccc8c(c7)nc7c9ccc([*])c%10cccc(c(=O)n87)c%109)ccc6nc5c5cccc3c45)cc2)cc1,386.0,,GREA,659.15,,1,0.0,black
polymer_5133,[*]Oc1ccc(Sc2ccc(Oc3ccc4c(=O)n5c6cc(Oc7ccc8c(c7)nc7c9ccc([*])c%10cccc(c(=O)n87)c%109)ccc6nc5c5cccc3c45)cc2)cc1,346.0,,GREA,619.15,,1,0.0,black
polymer_5134,[*]Oc1ccc(Sc2ccc(Oc3ccc4c(c3)C(=O)N(c3cc(N5C(=O)c6ccc([*])cc6C5=O)cc(C(F)(F)F)c3)C4=O)cc2)cc1,218.0,,Qiu,491.15,,1,0.0,black
polymer_5135,[*]Oc1ccc(Sc2ccc(Oc3ccc4c(c3)C(=O)N(c3ccc(-c5ccc(N6C(=O)c7ccc([*])cc7C6=O)cc5)cc3)C4=O)cc2)cc1,257.0,,GREA,530.15,,1,0.0,black
polymer_5136,[*]Oc1ccc(Sc2ccc(Oc3ccc4c(c3)C(=O)N(c3ccc(N5C(=O)c6ccc([*])cc6C5=O)cc3)C4=O)cc2)cc1,238.0,,GREA,511.15,,1,0.0,black
polymer_5137,[*]Oc1ccc(Sc2ccc(Oc3ccc4c(c3)C(=O)N(c3ccc(Oc5ccc(-c6ccc(Oc7ccc(N8C(=O)c9ccc([*])cc9C8=O)cc7)cc6)cc5)cc3)C4=O)cc2)cc1,205.0,,GREA,478.15,,1,0.0,black
polymer_5138,[*]Oc1ccc(Sc2ccc(Oc3ccc4c(c3)C(=O)N(c3ccc(Oc5ccc(C(c6ccc(Oc7ccc(N8C(=O)c9ccc([*])cc9C8=O)cc7)cc6)(C(F)(F)F)C(F)(F)F)cc5)cc3)C4=O)cc2)cc1,217.5,,GREA,490.65,,1,0.0,black
polymer_5139,[*]Oc1ccc(Sc2ccc(Oc3ccc4c(c3)C(=O)N(c3ccc(Oc5ccc(N6C(=O)c7ccc([*])cc7C6=O)cc5)cc3)C4=O)cc2)cc1,212.0,,GREA,485.15,,1,0.0,black
polymer_5140,[*]Oc1ccc(Sc2ccc(Oc3ccc4c(c3)C(=O)N(c3ccc(Oc5ccc(Oc6ccc(N7C(=O)c8ccc([*])cc8C7=O)cc6)cc5)cc3)C4=O)cc2)cc1,201.0,,GREA,474.15,,1,0.0,black
polymer_5141,[*]Oc1ccc(Sc2ccc(Oc3ccc4c(c3)C(=O)N(c3ccc(Oc5ccc(Sc6ccc(Oc7ccc(N8C(=O)c9ccc([*])cc9C8=O)cc7)cc6)cc5)cc3)C4=O)cc2)cc1,186.0,,GREA,459.15,,1,0.0,black
polymer_5142,[*]Oc1ccc(Sc2ccc(Oc3ccc4c(c3)C(=O)N(c3ccc(Oc5cccc(Oc6ccc(N7C(=O)c8ccc([*])cc8C7=O)cc6)c5)cc3)C4=O)cc2)cc1,178.0,,GREA,451.15,,1,0.0,black
polymer_5143,[*]Oc1ccc(Sc2ccc(Oc3ccc4c(c3)C(=O)N(c3cccc(N5C(=O)c6ccc([*])cc6C5=O)c3)C4=O)cc2)cc1,209.0,,GREA,482.15,,1,0.0,black
polymer_5144,[*]Oc1ccc(Sc2ccc(Oc3ccc4c(c3)C(=O)N(c3cccc(Oc5cccc(Oc6cccc(N7C(=O)c8ccc([*])cc8C7=O)c6)c5)c3)C4=O)cc2)cc1,190.5,,GREA,463.65,,1,0.0,black
polymer_5145,[*]Oc1ccc(Sc2ccc(Oc3ccc4c(c3)C(=O)N(c3cccc(S(=O)(=O)c5cccc(N6C(=O)c7ccc([*])cc7C6=O)c5)c3)C4=O)cc2)cc1,231.0,,GREA,504.15,,1,0.0,black
polymer_5146,[*]Oc1ccc(Sc2ccc(Oc3cccc4c3C(=O)N(c3ccc(Oc5ccc(N6C(=O)c7cccc([*])c7C6=O)cc5)cc3)C4=O)cc2)cc1,234.0,,GREA,507.15,,1,0.0,black
polymer_5147,[*]Oc1ccc(Sc2ccc(Oc3cccc4c3C(=O)N(c3ccc(Oc5cccc(Oc6ccc(N7C(=O)c8cccc([*])c8C7=O)cc6)c5)cc3)C4=O)cc2)cc1,202.0,,GREA,475.15,,1,0.0,black
polymer_5148,[*]Oc1ccc(Sc2ccc(Oc3cccc4c3C(=O)N(c3cccc(N5C(=O)c6cccc([*])c6C5=O)c3)C4=O)cc2)cc1,231.0,,GREA,504.15,,1,0.0,black
polymer_5149,[*]Oc1ccc(Sc2cccc(C(=O)Oc3ccc(OC(=O)c4cccc(Sc5ccc(OC(=O)c6ccc(C([*])=O)cc6)cc5)c4)c(-c4ccccc4)c3)c2)cc1,128.0,,GREA,401.15,,1,0.0,black
polymer_5150,[*]Oc1ccc(Sc2cccc(Oc3ccc4c(c3)C(=O)N(c3ccc(Oc5ccc(N6C(=O)c7ccc([*])cc7C6=O)cc5)cc3)C4=O)c2)cc1,212.0,,Qiu,485.15,,1,0.0,black
polymer_5151,[*]Oc1ccc(Sc2cccc(Oc3ccc4c(c3)C(=O)N(c3ccc(Oc5cccc(Oc6ccc(N7C(=O)c8ccc([*])cc8C7=O)cc6)c5)cc3)C4=O)c2)cc1,219.0,,Qiu,492.15,,1,0.0,black
polymer_5152,[*]Oc1ccc(Sc2cccc(Oc3ccc4c(c3)C(=O)N(c3cccc(N5C(=O)c6ccc([*])cc6C5=O)c3)C4=O)c2)cc1,209.0,,Qiu,482.15,,1,0.0,black
polymer_5153,[*]Oc1ccc(Sc2cccc(Oc3cccc4c3C(=O)N(c3ccc(Oc5ccc(N6C(=O)c7cccc([*])c7C6=O)cc5)cc3)C4=O)c2)cc1,234.0,,Qiu,507.15,,1,0.0,black
polymer_5154,[*]Oc1ccc(Sc2cccc(Oc3cccc4c3C(=O)N(c3ccc(Oc5cccc(Oc6ccc(N7C(=O)c8cccc([*])c8C7=O)cc6)c5)cc3)C4=O)c2)cc1,230.0,,Qiu,503.15,,1,0.0,black
polymer_5155,[*]Oc1ccc([*])cc1,85.0,,GREA,358.15,,1,0.0,black
polymer_5156,[*]Oc1ccc2c(-c3ccccc3)nn(-c3ccc(S(=O)(=O)c4ccc(-n5nc(-c6ccccc6)c6ccc([*])cc6c5=O)cc4)cc3)c(=O)c2c1,294.5,,GREA,567.65,,1,0.0,black
polymer_5157,[*]Oc1ccc2c(OC(=O)c3ccc(Oc4ccc(C([*])=O)cc4)cc3)cccc2c1,179.0,,GREA,452.15,,1,0.0,black
polymer_5158,[*]Oc1ccc2c(c1)C(=O)N(C1CCC(CC3CCC(N4C(=O)c5ccc([*])cc5C4=O)CC3)CC1)C2=O,240.0,,GREA,513.15,,1,0.0,black
polymer_5159,[*]Oc1ccc2c(c1)C(=O)N(CC1CC3CC1C1CCC(CN4C(=O)c5ccc([*])cc5C4=O)C31)C2=O,201.0,,GREA,474.15,,1,0.0,black
polymer_5160,[*]Oc1ccc2c(c1)C(=O)N(CC1CCCC(CN3C(=O)c4ccc([*])cc4C3=O)C1)C2=O,199.0,,GREA,472.15,,1,0.0,black
polymer_5161,[*]Oc1ccc2c(c1)C(=O)N(CCCCCCCCCCCCN1C(=O)c3ccc([*])cc3C1=O)C2=O,70.0,,GREA,343.15,,1,0.0,black
polymer_5162,[*]Oc1ccc2c(c1)C(=O)N(CCCCCCCCCCCN1C(=O)c3ccc([*])cc3C1=O)C2=O,74.0,,GREA,347.15,,1,0.0,black
polymer_5163,[*]Oc1ccc2c(c1)C(=O)N(CCCCCCCCCCN1C(=O)c3ccc([*])cc3C1=O)C2=O,91.5,,GREA,364.65,,1,0.0,black
polymer_5164,[*]Oc1ccc2c(c1)C(=O)N(CCCCCCCCCN1C(=O)c3ccc([*])cc3C1=O)C2=O,89.0,,GREA,362.15,,1,0.0,black
polymer_5165,[*]Oc1ccc2c(c1)C(=O)N(CCCCCCCCN1C(=O)c3ccc([*])cc3C1=O)C2=O,145.0,,GREA,418.15,,1,0.0,black
polymer_5166,[*]Oc1ccc2c(c1)C(=O)N(CCCCCCCN1C(=O)c3ccc([*])cc3C1=O)C2=O,110.0,,GREA,383.15,,1,0.0,black
polymer_5167,[*]Oc1ccc2c(c1)C(=O)N(CCCCCCN1C(=O)c3ccc([*])cc3C1=O)C2=O,164.0,,GREA,437.15,,1,0.0,black
polymer_5168,[*]Oc1ccc2c(c1)C(=O)N(c1cc(Br)c(Oc3c(Br)cc(N4C(=O)c5ccc([*])cc5C4=O)cc3Br)c(Br)c1)C2=O,283.0,,GREA,556.15,,1,0.0,black
polymer_5169,[*]Oc1ccc2c(c1)C(=O)N(c1cc(C(c3ccc(O)c(N4C(=O)c5ccc([*])cc5C4=O)c3)(C(F)(F)F)C(F)(F)F)ccc1O)C2=O,266.0,,GREA,539.15,,1,0.0,black
polymer_5170,[*]Oc1ccc2c(c1)C(=O)N(c1cc(N3C(=O)c4ccc([*])cc4C3=O)c(O)cc1O)C2=O,263.0,,GREA,536.15,,1,0.0,black
polymer_5171,[*]Oc1ccc2c(c1)C(=O)N(c1cc(N3C(=O)c4ccc([*])cc4C3=O)cc(C(F)(F)F)c1)C2=O,274.0,,Qiu,547.15,,1,0.0,black
polymer_5172,[*]Oc1ccc2c(c1)C(=O)N(c1ccc(-c3ccc(N4C(=O)c5ccc([*])cc5C4=O)c(OCCCCCCOc4ccc(/C=C/c5ccc(F)cc5)cc4)c3)cc1OCCCCCCOc1ccc(/C=C/c3ccc(F)cc3)cc1)C2=O,124.0,,GREA,397.15,,1,0.0,black
polymer_5173,[*]Oc1ccc2c(c1)C(=O)N(c1ccc(-c3ccc(N4C(=O)c5ccc([*])cc5C4=O)cc3)cc1)C2=O,286.0,,GREA,559.15,,1,0.0,black
polymer_5174,[*]Oc1ccc2c(c1)C(=O)N(c1ccc(-c3ccc(N4C(=O)c5ccc([*])cc5C4=O)cc3C(F)(F)F)c(C(F)(F)F)c1)C2=O,275.0,,GREA,548.15,,1,0.0,black
polymer_5175,[*]Oc1ccc2c(c1)C(=O)N(c1ccc(C(c3ccc(N4C(=O)c5ccc([*])cc5C4=O)cc3)(C(F)(F)F)C(F)(F)F)cc1)C2=O,305.0,,GREA,578.15,,1,0.0,black
polymer_5176,[*]Oc1ccc2c(c1)C(=O)N(c1ccc(C(c3ccccc3)(c3ccc(N4C(=O)c5ccc([*])cc5C4=O)cc3)C(F)(F)F)cc1)C2=O,293.0,,GREA,566.15,,1,0.0,black
polymer_5177,[*]Oc1ccc2c(c1)C(=O)N(c1ccc(C(c3ccccc3)c3ccc(N4C(=O)c5ccc([*])cc5C4=O)cc3)cc1)C2=O,269.0,,GREA,542.15,,1,0.0,black
polymer_5178,[*]Oc1ccc2c(c1)C(=O)N(c1ccc(C3(c4ccc(N5C(=O)c6ccc([*])cc6C5=O)cc4)c4ccccc4-c4ccccc43)cc1)C2=O,373.0,,GREA,646.15,,1,0.0,black
polymer_5179,[*]Oc1ccc2c(c1)C(=O)N(c1ccc(Cc3ccc(N4C(=O)c5ccc([*])cc5C4=O)cc3)cc1)C2=O,271.0,,GREA,544.15,,1,0.0,black
polymer_5180,[*]Oc1ccc2c(c1)C(=O)N(c1ccc(OCCOCCOc3cccc(N4C(=O)c5ccc([*])cc5C4=O)c3)cc1)C2=O,146.5,,GREA,419.65,,1,0.0,black
polymer_5181,[*]Oc1ccc2c(c1)C(=O)N(c1ccc(Oc3cc4ccccc4cc3Oc3ccc(N4C(=O)c5ccc([*])cc5C4=O)cc3)cc1)C2=O,275.5,,GREA,548.65,,1,0.0,black
polymer_5182,[*]Oc1ccc2c(c1)C(=O)N(c1ccc(Oc3ccc(-c4ccc(Oc5ccc(N6C(=O)c7ccc(Oc8cc(C(C)(C)C)c([*])cc8C(C)(C)C)cc7C6=O)cc5)cc4)cc3)cc1)C2=O,262.0,,GREA,535.15,,1,0.0,black
polymer_5183,[*]Oc1ccc2c(c1)C(=O)N(c1ccc(Oc3ccc(-c4ccc(Oc5ccc(N6C(=O)c7ccc([*])cc7C6=O)cc5)cc4)cc3)cc1)C2=O,245.0,,GREA,518.15,,1,0.0,black
polymer_5184,[*]Oc1ccc2c(c1)C(=O)N(c1ccc(Oc3ccc(C(c4ccc(Oc5ccc(N6C(=O)c7ccc([*])cc7C6=O)cc5)cc4)(C(F)(F)F)C(F)(F)F)cc3)cc1)C2=O,264.0,,GREA,537.15,,1,0.0,black
polymer_5185,[*]Oc1ccc2c(c1)C(=O)N(c1ccc(Oc3ccc(N4C(=O)c5ccc(Oc6c([*])cc(C(C)(C)C)cc6C(C)(C)C)cc5C4=O)cc3)cc1)C2=O,228.0,,GREA,501.15,,1,0.0,black
polymer_5186,[*]Oc1ccc2c(c1)C(=O)N(c1ccc(Oc3ccc(N4C(=O)c5ccc([*])cc5C4=O)cc3Br)c(Br)c1)C2=O,251.0,,GREA,524.15,,1,0.0,black
polymer_5187,[*]Oc1ccc2c(c1)C(=O)N(c1ccc(Oc3ccc(Oc4ccc(N5C(=O)c6ccc([*])cc6C5=O)cc4C(F)(F)F)cc3)cc1)C2=O,232.3,,GREA,505.45,,1,0.0,black
polymer_5188,[*]Oc1ccc2c(c1)C(=O)N(c1ccc(Oc3cccc(-c4cc(-c5ccccc5)cc(-c5cccc(Oc6ccc(N7C(=O)c8ccc([*])cc8C7=O)cc6)c5)n4)c3)cc1)C2=O,224.0,,GREA,497.15,,1,0.0,black
polymer_5189,[*]Oc1ccc2c(c1)C(=O)N(c1ccc(Oc3ccccc3Oc3ccc(N4C(=O)c5ccc([*])cc5C4=O)cc3C(F)(F)F)c(C(F)(F)F)c1)C2=O,223.0,,GREA,496.15,,1,0.0,black
polymer_5190,[*]Oc1ccc2c(c1)C(=O)N(c1ccc(P(=O)(c3ccccc3)c3ccc(N4C(=O)c5ccc([*])cc5C4=O)cc3)cc1)C2=O,311.0,,Qiu,584.15,,1,0.0,black
polymer_5191,[*]Oc1ccc2c(c1)C(=O)N(c1ccc(Sc3ccc(N4C(=O)c5ccc([*])cc5C4=O)cc3)cc1)C2=O,269.0,,Qiu,542.15,,1,0.0,black
polymer_5192,[*]Oc1ccc2c(c1)C(=O)N(c1ccc(Sc3ccc(Sc4ccc(N5C(=O)c6ccc([*])cc6C5=O)cc4)s3)cc1)C2=O,218.0,,GREA,491.15,,1,0.0,black
polymer_5193,[*]Oc1ccc2c(c1)C(=O)N(c1ccc(Sc3ccc(Sc4ccc(Sc5ccc(N6C(=O)c7ccc([*])cc7C6=O)cc5)cc4)cc3)cc1)C2=O,202.65000000000003,,GREA,475.8,,1,0.0,black
polymer_5194,[*]Oc1ccc2c(c1)C(=O)N(c1ccc(Sc3ccc(Sc4ccc(Sc5ccc(Sc6ccc(N7C(=O)c8ccc([*])cc8C7=O)cc6)s5)s4)s3)cc1)C2=O,158.5,,GREA,431.65,,1,0.0,black
polymer_5195,[*]Oc1ccc2c(c1)C(=O)N(c1cccc(C(F)(F)C(F)(F)C(F)(F)C(F)(F)C(F)(F)c3cccc(N4C(=O)c5ccc([*])cc5C4=O)c3)c1)C2=O,157.0,,GREA,430.15,,1,0.0,black
polymer_5196,[*]Oc1ccc2c(c1)C(=O)N(c1cccc(C(F)(F)C(F)(F)C(F)(F)c3cccc(N4C(=O)c5ccc([*])cc5C4=O)c3)c1)C2=O,183.0,,GREA,456.15,,1,0.0,black
polymer_5197,[*]Oc1ccc2c(c1)C(=O)N(c1cccc(C(O)c3cccc(N4C(=O)c5ccc([*])cc5C4=O)c3)c1)C2=O,252.0,,GREA,525.15,,1,0.0,black
polymer_5198,[*]Oc1ccc2c(c1)C(=O)N(c1cccc(C(c3cccc(N4C(=O)c5ccc([*])cc5C4=O)c3)(C(F)(F)F)C(F)(F)F)c1)C2=O,224.5,,GREA,497.65,,1,0.0,black
polymer_5199,[*]Oc1ccc2c(c1)C(=O)N(c1cccc(C(c3ccccc3)(c3cccc(N4C(=O)c5ccc([*])cc5C4=O)c3)C(F)(F)F)c1)C2=O,293.0,,GREA,566.15,,1,0.0,black
polymer_5200,[*]Oc1ccc2c(c1)C(=O)N(c1cccc(N3C(=O)c4ccc(Oc5ccc6c(c5)C5(CC(C)(C)c7ccc([*])cc75)CC6(C)C)cc4C3=O)c1)C2=O,253.0,,GREA,526.15,,1,0.0,black
polymer_5201,[*]Oc1ccc2c(c1)C(=O)N(c1cccc(OCCOCCOCCOc3ccc(N4C(=O)c5ccc([*])cc5C4=O)cc3)c1)C2=O,107.0,,GREA,380.15,,1,0.0,black
polymer_5202,[*]Oc1ccc2c(c1)C(=O)N(c1cccc(OCCOc3ccc(N4C(=O)c5ccc([*])cc5C4=O)cc3)c1)C2=O,178.5,,GREA,451.65,,1,0.0,black
polymer_5203,[*]Oc1ccc2c(c1)C(=O)N(c1cccc(Oc3cc(Oc4cccc(N5C(=O)c6ccc([*])cc6C5=O)c4)ccc3P(=O)(c3ccccc3)c3ccccc3)c1)C2=O,212.0,,GREA,485.15,,1,0.0,black
polymer_5204,[*]Oc1ccc2c(c1)C(=O)N(c1cccc(Oc3ccc(Oc4cccc(N5C(=O)c6ccc([*])cc6C5=O)c4)cc3)c1)C2=O,204.0,,GREA,477.15,,1,0.0,black
polymer_5205,[*]Oc1ccc2c(c1)C(=O)N(c1cccc(Oc3ccc(P(=O)(c4ccccc4)c4ccc(Oc5ccc(N6C(=O)c7ccc([*])cc7C6=O)cc5)cc4)cc3)c1)C2=O,240.0,,Qiu,513.15,,1,0.0,black
polymer_5206,[*]Oc1ccc2c(c1)C(=O)N(c1cccc(P(=O)(c3ccc(C(F)(F)F)cc3)c3cccc(N4C(=O)c5ccc([*])cc5C4=O)c3)c1)C2=O,248.0,,GREA,521.15,,1,0.0,black
polymer_5207,[*]Oc1ccc2c(c1)C(=O)N(c1cccc(P(=O)(c3ccc(Oc4ccc(C56CC7CC(CC(C7)C5)C6)cc4)cc3)c3cccc(N4C(=O)c5ccc([*])cc5C4=O)c3)c1)C2=O,290.0,,GREA,563.15,,1,0.0,black
polymer_5208,[*]Oc1ccc2c(c1)C(=O)N(c1cccc(P(=O)(c3cccc(N4C(=O)c5ccc([*])cc5C4=O)c3)c3cc(C(F)(F)F)cc(C(F)(F)F)c3)c1)C2=O,228.0,,GREA,501.15,,1,0.0,black
polymer_5209,[*]Oc1ccc2c(c1)C(=O)N(c1cccc(P(=O)(c3ccccc3)c3cccc(N4C(=O)c5ccc([*])cc5C4=O)c3)c1)C2=O,251.0,,GREA,524.15,,1,0.0,black
polymer_5210,[*]Oc1ccc2c(c1)C(=O)N(c1ccccc1Oc1ccc(N3C(=O)c4ccc([*])cc4C3=O)cc1)C2=O,264.0,,GREA,537.15,,1,0.0,black
polymer_5211,[*]Oc1ccc2c(c1)C(=O)N(c1ncc(-c3ccc(Oc4ccc(N5C(=O)c6ccc([*])cc6C5=O)cc4)cc3)s1)C2=O,300.0,,GREA,573.15,,1,0.0,black
polymer_5212,[*]Oc1ccc2c(c1)Oc1cc(OC(=O)c3ccc(C([*])=O)cc3)ccc1C21c2ccccc2-c2ccccc21,290.0,,GREA,563.15,,1,0.0,black
polymer_5213,[*]Oc1ccc2c(c1)Oc1cc(OC(=O)c3cccc(C([*])=O)c3)ccc1C21OC(=O)c2ccccc21,276.0,,GREA,549.15,,1,0.0,black
polymer_5214,[*]Oc1ccc2c(c1)Oc1cc(OC([*])=O)ccc1C21c2ccccc2-c2ccccc21,295.0,,GREA,568.15,,1,0.0,black
polymer_5215,[*]Oc1ccc2cc(-c3nc4ccccc4nc3-c3ccc4cc(OC(=O)c5ccc(C([*])=O)cc5)ccc4c3)ccc2c1,136.0,,GREA,409.15,,1,0.0,black
polymer_5216,[*]Oc1ccc2cc(-c3nc4ccccc4nc3-c3ccc4cc(OC(=O)c5cccc(C([*])=O)c5)ccc4c3)ccc2c1,151.0,,GREA,424.15,,1,0.0,black
polymer_5217,[*]Oc1ccc2cc(C([*])=O)ccc2c1,147.0,,GREA,420.15,,1,0.0,black
polymer_5218,[*]Oc1ccc2cc(OC(=O)c3ccc(-c4ccc(C([*])=O)cc4)cc3-c3ccccc3)ccc2c1,125.0,,GREA,398.15,,1,0.0,black
polymer_5219,[*]Oc1ccc2cc(OC(=O)c3ccc(Oc4ccc(C([*])=O)cc4)cc3)ccc2c1,145.0,,GREA,418.15,,1,0.0,black
polymer_5220,[*]Oc1ccc2cc(OC(=O)c3ccc4c(c3)C(=O)N(CCCOCCCCOCCCN3C(=O)c5ccc(C([*])=O)cc5C3=O)C4=O)ccc2c1,68.0,,GREA,341.15,,1,0.0,black
polymer_5221,[*]Oc1ccc2cc(OC(=O)c3ccc4c(c3)C(=O)N(CCOCCOCCN3C(=O)c5ccc(C([*])=O)cc5C3=O)C4=O)ccc2c1,105.0,,GREA,378.15,,1,0.0,black
polymer_5222,[*]Oc1ccc2cc(OC(=O)c3cccc(Oc4ccc(Oc5cccc(C([*])=O)c5)cc4)c3)ccc2c1,125.0,,GREA,398.15,,1,0.0,black
polymer_5223,[*]Oc1ccc2cc(Oc3ccc4c(=O)n5c6cc(-c7ccc8c(c7)nc7c9ccc([*])c%10cccc(c(=O)n87)c%109)ccc6nc5c5cccc3c45)ccc2c1,413.0,,GREA,686.15,,1,0.0,black
polymer_5224,[*]Oc1ccc2cc(Oc3ccc4c(c3)C(=O)N(c3ccc(C(c5ccc(N6C(=O)c7ccc([*])cc7C6=O)cc5)(C(F)(F)F)C(F)(F)F)cc3)C4=O)ccc2c1,218.0,,GREA,491.15,,1,0.0,black
polymer_5225,[*]Oc1ccc2cc(Oc3ccc4c(c3)C(=O)N(c3ccc(Oc5ccc(-c6ccc(Oc7ccc(N8C(=O)c9ccc([*])cc9C8=O)cc7)cc6)cc5)cc3)C4=O)ccc2c1,230.0,,GREA,503.15,,1,0.0,black
polymer_5226,[*]Oc1ccc2cc(Oc3ccc4c(c3)C(=O)N(c3ccc(Oc5ccc(N6C(=O)c7ccc([*])cc7C6=O)cc5)cc3)C4=O)ccc2c1,249.0,,GREA,522.15,,1,0.0,black
polymer_5227,[*]Oc1ccc2cc(Oc3ccc4c(c3)C(=O)N(c3cccc(N5C(=O)c6ccc([*])cc6C5=O)c3)C4=O)ccc2c1,230.0,,GREA,503.15,,1,0.0,black
polymer_5228,[*]Oc1ccc2cc(Oc3ccc4c(c3)C(=O)N(c3cccc(Oc5ccc(N6C(=O)c7ccc([*])cc7C6=O)cc5)c3)C4=O)ccc2c1,225.0,,GREA,498.15,,1,0.0,black
polymer_5229,[*]Oc1ccc2ccc(OC(=O)c3ccc(N4C(=O)CC(SCCOCCSC5CC(=O)N(c6ccc(C([*])=O)cc6)C5=O)C4=O)cc3)cc2c1,160.0,,GREA,433.15,,1,0.0,black
polymer_5230,[*]Oc1ccc2ccc(OC(=O)c3ccc(Oc4ccc(C([*])=O)cc4)cc3)cc2c1,142.0,,GREA,415.15,,1,0.0,black
polymer_5231,[*]Oc1ccc2ccc(OC(=O)c3ccc4c(c3)C(=O)N(c3ccc(Oc5ccc(N6C(=O)c7ccc(C([*])=O)cc7C6=O)cc5)cc3)C4=O)cc2c1,246.0,,GREA,519.15,,1,0.0,black
polymer_5232,[*]Oc1ccc2ccc(Oc3ccc4c(c3)C(=O)N(c3cc(N5C(=O)c6ccc([*])cc6C5=O)cc(C(F)(F)F)c3)C4=O)cc2c1,235.0,,GREA,508.15,,1,0.0,black
polymer_5233,[*]Oc1ccc2ccc(Oc3ccc4c(c3)C(=O)N(c3ccc(C(c5ccc(N6C(=O)c7ccc([*])cc7C6=O)cc5)(C(F)(F)F)C(F)(F)F)cc3)C4=O)cc2c1,256.0,,GREA,529.15,,1,0.0,black
polymer_5234,[*]Oc1ccc2ccc(Oc3ccc4c(c3)C(=O)N(c3ccc(Oc5ccc(-c6ccc(Oc7ccc(N8C(=O)c9ccc([*])cc9C8=O)cc7)cc6)cc5)cc3)C4=O)cc2c1,231.0,,GREA,504.15,,1,0.0,black
polymer_5235,[*]Oc1ccc2ccc(Oc3ccc4c(c3)C(=O)N(c3ccc(Oc5ccc(N6C(=O)c7ccc([*])cc7C6=O)cc5)cc3)C4=O)cc2c1,245.0,,GREA,518.15,,1,0.0,black
polymer_5236,[*]Oc1ccc2ccc(Oc3ccc4c(c3)C(=O)N(c3ccc(Oc5ccc(Oc6ccc(N7C(=O)c8ccc([*])cc8C7=O)cc6)cc5)cc3)C4=O)cc2c1,228.0,,GREA,501.15,,1,0.0,black
polymer_5237,[*]Oc1ccc2ccc(Oc3ccc4c(c3)C(=O)N(c3ccc(Oc5cccc(N6C(=O)c7ccc([*])cc7C6=O)c5)cc3)C4=O)cc2c1,221.0,,GREA,494.15,,1,0.0,black
polymer_5238,[*]Oc1ccc2ccc(Oc3ccc4c(c3)C(=O)N(c3cccc(N5C(=O)c6ccc([*])cc6C5=O)c3)C4=O)cc2c1,254.0,,GREA,527.15,,1,0.0,black
polymer_5239,[*]Oc1ccc2ccccc2c1-c1c(OC(=O)c2ccc(N3C(=O)c4ccc(C(=O)Oc5ccc6ccccc6c5-c5c(OC(=O)c6ccc7c(c6)C(=O)N(c6ccc(C([*])=O)cc6)C7=O)ccc6ccccc56)cc4C3=O)cc2)ccc2ccccc12,266.5,,Qiu,539.65,,1,0.0,black
polymer_5240,[*]Oc1ccc2ccccc2c1-c1c(OC(=O)c2ccc(N3C(=O)c4ccc(C(=O)c5ccc6c(c5)C(=O)N(c5ccc(C([*])=O)cc5)C6=O)cc4C3=O)cc2)ccc2ccccc12,273.5,,Qiu,546.65,,1,0.0,black
polymer_5241,[*]Oc1ccc2ccccc2c1-c1c(OC(=O)c2ccc3c(c2)C(=O)N(c2ccc(Oc4ccc(N5C(=O)c6ccc(C([*])=O)cc6C5=O)cc4)cc2)C3=O)ccc2ccccc12,257.0,,Qiu,530.15,,1,0.0,black
polymer_5242,[*]Oc1ccc2ccccc2c1-c1c(Oc2ccc3c(c2)C(=O)N(c2ccc(Oc4ccc(N5C(=O)c6ccc([*])cc6C5=O)cc4)cc2)C3=O)ccc2ccccc12,274.0,,Qiu,547.15,,1,0.0,black
polymer_5243,[*]Oc1ccc2ccccc2c1/C=C/c1cccc(C=Cc2c(OC(=O)c3ccc(C([*])=O)cc3)ccc3ccccc23)n1,145.0,,GREA,418.15,,1,0.0,black
polymer_5244,[*]Oc1ccc2nc(-c3ccc(-c4ccc(-c5nc6ccc([*])cc6c(-c6ccccc6)c5-c5ccccc5)cc4)cc3)c(-c3ccccc3)c(-c3ccccc3)c2c1,351.0,,GREA,624.15,,1,0.0,black
polymer_5245,[*]Oc1ccc2nc(-c3ccc(-c4nc5cc([*])ccc5nc4-c4ccccc4)cc3)c(-c3ccccc3)nc2c1,326.0,,GREA,599.15,,1,0.0,black
polymer_5246,[*]Oc1ccc2nc(-c3ccc(-c4nc5ccc([*])cc5nc4-c4ccccc4)cc3)c(-c3ccccc3)nc2c1,304.0,,GREA,577.15,,1,0.0,black
polymer_5247,[*]Oc1ccc2nc(-c3ccc(Oc4ccc(-c5nc6cc([*])ccc6nc5-c5ccccc5)cc4)cc3)c(-c3ccccc3)nc2c1,243.0,,GREA,516.15,,1,0.0,black
polymer_5248,[*]Oc1ccc2nc(-c3ccc(Oc4ccc(-c5nc6ccc([*])cc6c(-c6ccccc6)c5-c5ccccc5)cc4)cc3)c(-c3ccccc3)c(-c3ccccc3)c2c1,305.0,,GREA,578.15,,1,0.0,black
polymer_5249,[*]Oc1ccc2nc(-c3ccc(Oc4ccc(-c5nc6ccc([*])cc6nc5-c5ccccc5)cc4)cc3)c(-c3ccccc3)nc2c1,437.0,,GREA,710.15,,1,0.0,black
polymer_5250,[*]Oc1ccc2nc(-c3cccc(-c4nc5ccc([*])cc5nc4-c4ccccc4)c3)c(-c3ccccc3)nc2c1,270.0,,GREA,543.15,,1,0.0,black
polymer_5251,[*]Oc1ccc2nc(-c3ccccc3)c(-c3ccc(-c4ccc(-c5nc6cc([*])ccc6nc5-c5ccccc5)cc4)cc3)nc2c1,410.0,,GREA,683.15,,1,0.0,black
polymer_5252,[*]Oc1ccc2nc(-c3ccccc3)c(-c3ccc(-c4nc5cc([*])ccc5nc4-c4ccccc4)cc3)nc2c1,304.0,,GREA,577.15,,1,0.0,black
polymer_5253,[*]Oc1ccc2nc(-c3ccccc3)c(-c3ccc(Oc4ccc(-c5c(-c6ccccc6)nc6ccc([*])cc6c5-c5ccccc5)cc4)cc3)c(-c3ccccc3)c2c1,252.5,,GREA,525.65,,1,0.0,black
polymer_5254,[*]Oc1ccc2nc(-c3ccccc3)c(-c3ccc(Oc4ccc(-c5nc6cc([*])ccc6nc5-c5ccccc5)cc4)cc3)nc2c1,263.0,,GREA,536.15,,1,0.0,black
polymer_5255,[*]Oc1ccc2nc(-c3ccccc3)c(-c3cccc(-c4nc5cc([*])ccc5nc4-c4ccccc4)c3)nc2c1,270.0,,GREA,543.15,,1,0.0,black
polymer_5256,[*]Oc1cccc(C(F)(F)C(F)(F)C(F)(F)c2cccc(OC(=O)c3cccc(C(F)(F)C(F)(F)C(F)(F)c4cccc(C([*])=O)c4)c3)c2)c1,74.0,,GREA,347.15,,1,0.0,black
polymer_5257,[*]Oc1cccc(C(F)(F)C(F)(F)C(F)(F)c2cccc(OC([*])=O)c2)c1,46.0,,GREA,319.15,,1,0.0,black
polymer_5258,[*]Oc1cccc(C([*])=O)c1,162.0,,GREA,435.15,,1,0.0,black
polymer_5259,[*]Oc1cccc(N2C(=O)c3ccc(C(=O)Nc4ccc(Oc5cccc(Oc6ccc(NC(=O)c7ccc8c(c7)C(=O)N(c7cccc(Oc9cccc([*])c9C#N)c7)C8=O)cc6)c5)cc4)cc3C2=O)c1,207.0,,GREA,480.15,,1,0.0,black
polymer_5260,[*]Oc1cccc(N2C(=O)c3ccc(Oc4ccc5c(c4)C(=O)N(c4cccc(Oc6cc([*])ccc6C#N)c4)C5=O)cc3C2=O)c1,196.0,,GREA,469.15,,1,0.0,black
polymer_5261,[*]Oc1cccc(N2C(=O)c3ccc(Oc4ccc5c(c4)C(=O)N(c4cccc(Oc6cccc([*])c6C#N)c4)C5=O)cc3C2=O)c1,219.0,,GREA,492.15,,1,0.0,black
polymer_5262,[*]Oc1cccc(NC(=O)c2cc(Oc3ccc(C(=O)O)c(C(=O)Nc4cccc(Oc5ccc(C#N)c([*])c5)c4)c3)ccc2C(=O)O)c1,195.8,,GREA,468.95,,1,0.0,black
polymer_5263,[*]Oc1cccc(NC(=O)c2cc(Oc3ccc(C(=O)O)c(C(=O)Nc4cccc(Oc5cccc([*])c5C#N)c4)c3)ccc2C(=O)O)c1,200.10000000000002,,GREA,473.25,,1,0.0,black
polymer_5264,[*]Oc1cccc(NC(=O)c2ccc3c(c2)C(=O)N(c2cccc(Oc4cccc(Oc5cccc(N6C(=O)c7ccc(C(=O)Nc8cccc(Oc9cccc([*])c9C#N)c8)cc7C6=O)c5)c4C#N)c2)C3=O)c1,214.0,,GREA,487.15,,1,0.0,black
polymer_5265,[*]Oc1cccc(OC(=O)c2ccc(OC(=O)c3ccc(C(=O)Oc4ccc(C([*])=O)cc4)nc3)cc2)c1,110.0,,GREA,383.15,,1,0.0,black
polymer_5266,[*]Oc1cccc(OC(=O)c2ccc(OC(=O)c3cccc(C(=O)Oc4ccc(C([*])=O)cc4)c3)cc2)c1,158.0,,GREA,431.15,,1,0.0,black
polymer_5267,[*]Oc1cccc(OC(=O)c2ccc(Oc3ccc(C([*])=O)cc3)cc2)c1,159.0,,GREA,432.15,,1,0.0,black
polymer_5268,[*]Oc1cccc(OC(=O)c2ccc(Oc3cccc(Oc4ccc(C([*])=O)cc4)c3)cc2)c1,131.0,,GREA,404.15,,1,0.0,black
polymer_5269,[*]Oc1cccc(OC(=O)c2cccc(C([*])=O)c2)c1,147.0,,GREA,420.15,,1,0.0,black
polymer_5270,[*]Oc1cccc(OC2(F)C([*])(F)C(F)(F)C2(F)F)c1,32.0,,GREA,305.15,,1,0.0,black
polymer_5271,[*]Oc1cccc(Oc2ccc(C(=O)O)c(C(=O)Nc3ccc(Oc4ccc(-c5ccc(Oc6ccc(NC(=O)c7cc([*])ccc7C(=O)O)cc6)cc5)cc4)cc3)c2)c1,100.0,,GREA,373.15,,1,0.0,black
polymer_5272,[*]Oc1cccc(Oc2ccc(Oc3cccc(OC(=O)c4ccc(C([*])=O)cc4)c3)cc2)c1,103.0,,GREA,376.15,,1,0.0,black
polymer_5273,[*]Oc1cccc(Oc2ccc(Oc3cccc4c3C(=O)N(c3cccc(N5C(=O)c6cccc([*])c6C5=O)c3)C4=O)cc2)c1,238.0,,Qiu,511.15,,1,0.0,black
polymer_5274,[*]Oc1cccc(Oc2ccc([*])cc2-c2ccccc2)n1,115.0,,GREA,388.15,,1,0.0,black
polymer_5275,[*]Oc1cccc(Oc2ccc([*])cc2C)n1,89.0,,GREA,362.15,,1,0.0,black
polymer_5276,[*]Oc1cccc(Oc2ccc3c(=O)n4c5cc(Oc6ccc7c(c6)nc6c8ccc([*])c9cccc(c(=O)n76)c98)ccc5nc4c4cccc2c34)c1,369.5,,GREA,642.65,,1,0.0,black
polymer_5277,[*]Oc1cccc(Oc2ccc3c(c2)C(=O)N(c2ccc(Oc4ccc(-c5ccc(Oc6ccc(N7C(=O)c8ccc([*])cc8C7=O)cc6)cc5)cc4)cc2)C3=O)c1,200.0,,GREA,473.15,,1,0.0,black
polymer_5278,[*]Oc1cccc(Oc2ccc3c(c2)C(=O)N(c2ccc(Oc4ccc(N5C(=O)c6ccc([*])cc6C5=O)cc4)cc2)C3=O)c1,209.0,,GREA,482.15,,1,0.0,black
polymer_5279,[*]Oc1cccc(Oc2ccc3c(c2)C(=O)N(c2ccc(Oc4ccc(S(=O)(=O)c5ccc(Oc6ccc(N7C(=O)c8ccc([*])cc8C7=O)cc6)cc5)cc4)cc2)C3=O)c1,201.0,,GREA,474.15,,1,0.0,black
polymer_5280,[*]Oc1cccc(Oc2ccc3c(c2)C(=O)N(c2ccc(Oc4cccc(Oc5ccc(N6C(=O)c7ccc([*])cc7C6=O)cc5)c4)cc2)C3=O)c1,188.0,,GREA,461.15,,1,0.0,black
polymer_5281,[*]Oc1cccc(Oc2ccc3c(c2)C(=O)N(c2cccc(N4C(=O)c5ccc([*])cc5C4=O)c2)C3=O)c1,224.0,,GREA,497.15,,1,0.0,black
polymer_5282,[*]Oc1cccc(Oc2ccc3c4c2cccc4c(=O)n2c4ccc(-c5ccc6nc7c8cccc9c([*])ccc(c(=O)n7c6c5)c98)cc4nc32)c1,396.5,,GREA,669.65,,1,0.0,black
polymer_5283,[*]Oc1cccc(Oc2cccc(OC([*])=O)c2)c1,71.0,,GREA,344.15,,1,0.0,black
polymer_5284,[*]Oc1cccc(Oc2cccc(Oc3cccc(N4C(=O)c5ccc(Oc6ccc7c(c6)C(=O)N(c6cccc(Oc8cccc([*])c8C#N)c6)C7=O)cc5C4=O)c3)c2C#N)c1,176.0,,GREA,449.15,,1,0.0,black
polymer_5285,[*]Oc1cccc(Oc2cccc(Oc3cccc(NC(=O)c4ccc5c(c4)C(=O)N(c4cccc(Oc6cccc(Oc7cccc(N8C(=O)c9ccc(C(=O)Nc%10cccc(Oc%11cccc([*])c%11C#N)c%10)cc9C8=O)c7)c6C#N)c4)C5=O)c3)c2C#N)c1,193.0,,GREA,466.15,,1,0.0,black
polymer_5286,[*]Oc1cccc(Oc2cccc([*])c2)n1,82.0,,GREA,355.15,,1,0.0,black
polymer_5287,[*]Oc1cccc(Oc2cccc([*])c2C#N)c1,145.0,,GREA,418.15,,1,0.0,black
polymer_5288,[*]Oc1cccc(Oc2cccc3c2C(=O)N(c2ccc(Oc4ccc(N5C(=O)c6cccc([*])c6C5=O)cc4)cc2)C3=O)c1,226.0,,GREA,499.15,,1,0.0,black
polymer_5289,[*]Oc1cccc(Oc2cccc3c2C(=O)N(c2ccc(Oc4cccc(Oc5ccc(N6C(=O)c7cccc([*])c7C6=O)cc5)c4)cc2)C3=O)c1,193.0,,GREA,466.15,,1,0.0,black
polymer_5290,[*]Oc1cccc(Oc2cccc3c2C(=O)N(c2cccc(N4C(=O)c5cccc([*])c5C4=O)c2)C3=O)c1,241.0,,GREA,514.15,,1,0.0,black
polymer_5291,[*]Oc1cccc(S(=O)(=O)c2ccc(Oc3ccc4c(c3)C(=O)N(c3cccc(N5C(=O)c6ccc([*])cc6C5=O)c3)C4=O)cc2)c1,265.0,,Qiu,538.15,,1,0.0,black
polymer_5292,[*]Oc1cccc(S(=O)(=O)c2ccc(Oc3cccc4c3C(=O)N(c3cccc(N5C(=O)c6cccc([*])c6C5=O)c3)C4=O)cc2)c1,266.0,,Qiu,539.15,,1,0.0,black
polymer_5293,[*]Oc1cccc(Sc2ccc(Oc3cccc4c3C(=O)N(c3cccc(N5C(=O)c6cccc([*])c6C5=O)c3)C4=O)cc2)c1,231.0,,Qiu,504.15,,1,0.0,black
polymer_5294,[*]Oc1cccc([*])c1,53.0,,GREA,326.15,,1,0.0,black
polymer_5295,[*]Oc1cccc([Si]([*])(c2ccccc2)c2ccccc2)c1,62.0,,GREA,335.15,,1,0.0,black
polymer_5296,[*]Oc1cccc2c(OC(=O)c3ccc(Oc4ccc(C([*])=O)cc4)cc3)cccc12,171.0,,GREA,444.15,,1,0.0,black
polymer_5297,[*]Oc1cccc2c(OC3(F)C([*])(F)C(F)(F)C3(F)F)cccc12,138.0,,GREA,411.15,,1,0.0,black
polymer_5298,[*]Oc1cccc2c(OP([*])(=O)OC3CCCCC3)cccc12,134.0,,GREA,407.15,,1,0.0,black
polymer_5299,[*]Oc1cccc2c(OP([*])(=O)Oc3ccccc3)cccc12,138.0,,GREA,411.15,,1,0.0,black
polymer_5300,[*]Oc1cccc2c(Oc3ccc4c(c3)C(=O)N(c3cc(N5C(=O)c6ccc([*])cc6C5=O)cc(C(F)(F)F)c3)C4=O)cccc12,250.0,,GREA,523.15,,1,0.0,black
polymer_5301,[*]Oc1cccc2c(Oc3ccc4c(c3)C(=O)N(c3ccc(C(c5ccc(N6C(=O)c7ccc([*])cc7C6=O)cc5)(C(F)(F)F)C(F)(F)F)cc3)C4=O)cccc12,276.0,,GREA,549.15,,1,0.0,black
polymer_5302,[*]Oc1cccc2c(Oc3ccc4c(c3)C(=O)N(c3ccc(Oc5ccc(N6C(=O)c7ccc([*])cc7C6=O)cc5)cc3)C4=O)cccc12,240.0,,GREA,513.15,,1,0.0,black
polymer_5303,[*]Oc1cccc2c(Oc3ccc4c(c3)C(=O)N(c3ccc(Oc5ccc(S(=O)(=O)c6ccc(Oc7ccc(N8C(=O)c9ccc([*])cc9C8=O)cc7)cc6)cc5)cc3)C4=O)cccc12,201.0,,GREA,474.15,,1,0.0,black
polymer_5304,[*]Oc1cccc2c(Oc3ccc4c(c3)C(=O)N(c3cccc(N5C(=O)c6ccc([*])cc6C5=O)c3)C4=O)cccc12,260.0,,GREA,533.15,,1,0.0,black
polymer_5305,[*]Oc1cccc2c(Oc3ccc4c(c3)C(=O)N(c3cccc(Oc5ccc(N6C(=O)c7ccc([*])cc7C6=O)cc5)c3)C4=O)cccc12,235.0,,GREA,508.15,,1,0.0,black
polymer_5306,[*]Oc1cccc2c1C(=O)N(c1ccc(Oc3ccc(-c4ccc(Oc5ccc(N6C(=O)c7cccc(Oc8c([*])cc(C(C)(C)C)cc8C(C)(C)C)c7C6=O)cc5)cc4)cc3)cc1)C2=O,237.0,,GREA,510.15,,1,0.0,black
polymer_5307,[*]Oc1cccc2c1C(=O)N(c1ccc(Oc3ccc(-c4ccc(Oc5ccc(N6C(=O)c7cccc(Oc8cc(C(C)(C)C)c([*])cc8C(C)(C)C)c7C6=O)cc5)cc4)cc3)cc1)C2=O,275.0,,GREA,548.15,,1,0.0,black
polymer_5308,[*]Oc1cccc2c1C(=O)N(c1ccc(Oc3ccc(N4C(=O)c5ccc([*])cc5C4=O)cc3)cc1)C2=O,285.0,,GREA,558.15,,1,0.0,black
polymer_5309,[*]Oc1cccc2c1C(=O)N(c1ccc(Oc3ccc(N4C(=O)c5cccc(Oc6c([*])cc(C(C)(C)C)cc6C(C)(C)C)c5C4=O)cc3)cc1)C2=O,238.0,,GREA,511.15,,1,0.0,black
polymer_5310,[*]Oc1cccc2c1C(=O)N(c1ccc(Oc3ccc(Oc4ccc(N5C(=O)c6ccc([*])cc6C5=O)cc4)cc3)cc1)C2=O,249.0,,GREA,522.15,,1,0.0,black
polymer_5311,[*]Oc1cccc2c1C(=O)N(c1cccc(Oc3ccc(Oc4ccc(N5C(=O)c6cccc([*])c6C5=O)cc4)cc3)c1)C2=O,263.0,,Qiu,536.15,,1,0.0,black
polymer_5312,[*]Oc1cccc2c1C(=O)N(c1cccc(S(=O)(=O)c3cccc(N4C(=O)c5cccc([*])c5C4=O)c3)c1)C2=O,241.0,,Qiu,514.15,,1,0.0,black
polymer_5313,[*]Oc1cccc2ccc(C=Cc3c(OC(=O)c4ccc(C([*])=O)cc4)ccc4ccccc34)nc12,175.0,,GREA,448.15,,1,0.0,black
polymer_5314,[*]Oc1ccccc1-c1ccccc1Oc1ccc2c(=O)n3c4cc(-c5ccc6c(c5)nc5c7ccc([*])c8cccc(c(=O)n65)c87)ccc4nc3c3cccc1c23,376.0,,GREA,649.15,,1,0.0,black
polymer_5315,[*]Oc1ccccc1C(=O)OC(=O)c1ccccc1OC(=O)c1ccc(C([*])=O)cc1,120.0,,GREA,393.15,,1,0.0,black
polymer_5316,[*]Oc1ccccc1C(=O)OC(=O)c1ccccc1OC(=O)c1cccc(C([*])=O)c1,105.0,,GREA,378.15,,1,0.0,black
polymer_5317,[*]Oc1ccccc1Oc1ccc2c(c1)C(=O)N(c1ccc(Oc3cc4ccccc4cc3Oc3ccc(N4C(=O)c5ccc([*])cc5C4=O)cc3)cc1)C2=O,216.0,,GREA,489.15,,1,0.0,black
polymer_5318,[*]Oc1ccccc1Oc1ccc2c(c1)C(=O)N(c1ccc(Oc3ccc(-c4ccc(Oc5ccc(N6C(=O)c7ccc([*])cc7C6=O)cc5)cc4)cc3)cc1)C2=O,204.0,,GREA,477.15,,1,0.0,black
polymer_5319,[*]Oc1ccccc1Oc1ccc2c(c1)C(=O)N(c1ccc(Oc3ccc(-c4ccc(Oc5ccc(N6C(=O)c7ccc([*])cc7C6=O)cc5C(F)(F)F)cc4)cc3)c(C(F)(F)F)c1)C2=O,208.0,,GREA,481.15,,1,0.0,black
polymer_5320,[*]Oc1ccccc1Oc1ccc2c(c1)C(=O)N(c1ccc(Oc3ccc(C(c4ccc(Oc5ccc(N6C(=O)c7ccc([*])cc7C6=O)cc5C(F)(F)F)cc4)(C(F)(F)F)C(F)(F)F)cc3)c(C(F)(F)F)c1)C2=O,191.0,,GREA,464.15,,1,0.0,black
polymer_5321,[*]Oc1ccccc1Oc1ccc2c(c1)C(=O)N(c1ccc(Oc3ccc(C4(c5ccc(Oc6ccc(N7C(=O)c8ccc([*])cc8C7=O)cc6C(F)(F)F)cc5)c5ccccc5-c5ccccc54)cc3)c(C(F)(F)F)c1)C2=O,241.0,,GREA,514.15,,1,0.0,black
polymer_5322,[*]Oc1ccccc1Oc1ccc2c(c1)C(=O)N(c1ccc(Oc3ccc(N4C(=O)c5ccc([*])cc5C4=O)cc3)cc1)C2=O,212.0,,GREA,485.15,,1,0.0,black
polymer_5323,[*]Oc1ccccc1Oc1ccc2c(c1)C(=O)N(c1ccc(Oc3ccc(Oc4ccc(N5C(=O)c6ccc([*])cc6C5=O)cc4)cc3)cc1)C2=O,202.0,,GREA,475.15,,1,0.0,black
polymer_5324,[*]Oc1ccccc1Oc1ccc2c(c1)C(=O)N(c1ccc(Oc3ccc(Oc4ccc(N5C(=O)c6ccc([*])cc6C5=O)cc4C(F)(F)F)cc3)c(C(F)(F)F)c1)C2=O,197.0,,GREA,470.15,,1,0.0,black
polymer_5325,[*]Oc1ccccc1Oc1ccc2c(c1)C(=O)N(c1ccc(Oc3ccccc3Oc3ccc(N4C(=O)c5ccc([*])cc5C4=O)cc3)cc1)C2=O,193.0,,GREA,466.15,,1,0.0,black
polymer_5326,[*]Oc1ccccc1Oc1ccc2c(c1)C(=O)N(c1ccc(Oc3ccccc3Oc3ccc(N4C(=O)c5ccc([*])cc5C4=O)cc3C(F)(F)F)c(C(F)(F)F)c1)C2=O,185.0,,GREA,458.15,,1,0.0,black
polymer_5327,[*]Oc1ccccc1Oc1ccc2c(c1)C(=O)N(c1cccc(N3C(=O)c4ccc([*])cc4C3=O)c1)C2=O,224.0,,GREA,497.15,,1,0.0,black
polymer_5328,[*]SC(C)C([*])=O,12.0,,GREA,285.15,,1,0.0,black
polymer_5329,[*]SC([*])(F)F,-117.99999999999997,,GREA,155.15,,1,0.0,black
polymer_5330,[*]SC1CCCC([*])C1,-51.99999999999997,,GREA,221.15,,1,0.0,black
polymer_5331,[*]SC1CCCCC1[*],-42.99999999999997,,GREA,230.15,,1,0.0,black
polymer_5332,[*]SCCCN(Cc1ccccc1)C([*])=O,27.0,,GREA,300.15,,1,0.0,black
polymer_5333,[*]SCCN(Cc1ccccc1)C([*])=O,32.0,,GREA,305.15,,1,0.0,black
polymer_5334,[*]SSc1ccc(N/C=N/c2ccc([*])cc2)cc1,98.0,,GREA,371.15,,1,0.0,black
polymer_5335,[*]SSc1ccc(Oc2ccc([*])cc2)cc1,76.80000000000001,,GREA,349.95,,1,0.0,black
polymer_5336,[*]Sc1c(C)cc([*])cc1C,198.0,,GREA,471.15,,1,0.0,black
polymer_5337,[*]Sc1c(F)c(F)c(Oc2ccc(C(c3ccc(Oc4c(F)c(F)c([*])c(F)c4F)cc3)(C(F)(F)F)C(F)(F)F)cc2)c(F)c1F,141.5,,GREA,414.65,,1,0.0,black
polymer_5338,[*]Sc1cc(C)c([*])cc1C,298.0,,GREA,571.15,,1,0.0,black
polymer_5339,[*]Sc1ccc(Cc2ccc(SC([*])=O)cc2)cc1,117.0,,GREA,390.15,,1,0.0,black
polymer_5340,[*]Sc1ccc(N2C(=O)C3C4C=CC(C3C2=O)C2C(=O)N(c3ccc(Sc5cc6c(cc5[*])C(=O)N(CCN(C)C)C6=O)cc3)C(=O)C42)cc1,310.0,,GREA,583.15,,1,0.0,black
polymer_5341,[*]Sc1ccc(N2C(=O)C3C4C=CC(C3C2=O)C2C(=O)N(c3ccc(Sc5cc6c(cc5[*])C(=O)N(CCc5ccccc5)C6=O)cc3)C(=O)C42)cc1,258.0,,GREA,531.15,,1,0.0,black
polymer_5342,[*]Sc1ccc(N2C(=O)C3C4C=CC(C3C2=O)C2C(=O)N(c3ccc(Sc5cc6c(cc5[*])C(=O)N(c5ccc(CC)cc5)C6=O)cc3)C(=O)C42)cc1,320.0,,GREA,593.15,,1,0.0,black
polymer_5343,[*]Sc1ccc(N2C(=O)c3ccc(Oc4ccc5c(c4)C(=O)N(c4ccc(Sc6cc7c(cc6[*])C(=O)N(CCCCCCCCCCCCCCCC)C7=O)cc4)C5=O)cc3C2=O)cc1,156.0,,GREA,429.15,,1,0.0,black
polymer_5344,[*]Sc1ccc(N2C(=O)c3ccc(Oc4ccc5c(c4)C(=O)N(c4ccc(Sc6cc7c(cc6[*])C(=O)N(CCc6ccccc6)C7=O)cc4)C5=O)cc3C2=O)cc1,218.0,,GREA,491.15,,1,0.0,black
polymer_5345,[*]Sc1ccc(N2C(=O)c3ccc(Oc4ccc5c(c4)C(=O)N(c4ccc(Sc6cc7c(cc6[*])C(=O)N(c6ccc(CC)cc6)C7=O)cc4)C5=O)cc3C2=O)cc1,271.0,,GREA,544.15,,1,0.0,black
polymer_5346,[*]Sc1ccc(Nc2ccc([*])cc2)cc1,145.0,,GREA,418.15,,1,0.0,black
polymer_5347,[*]Sc1ccc(Oc2ccc(SC([*])=O)cc2)cc1,117.0,,GREA,390.15,,1,0.0,black
polymer_5348,[*]Sc1ccc(Sc2ccc(Sc3ccc(Oc4ccc([*])cc4)cc3)cc2)cc1,84.0,,GREA,357.15,,1,0.0,black
polymer_5349,[*]Sc1ccc(Sc2ccc(Sc3ccc4c(c3)C(=O)N(N3C(=O)c5ccc([*])cc5C3=O)C4=O)cc2)cc1,223.5,,GREA,496.65,,1,0.0,black
polymer_5350,[*]Sc1ccc(Sc2ccc(Sc3ccc4c(c3)C(=O)N(c3ccc(Sc5ccc(Sc6ccc(N7C(=O)c8ccc([*])cc8C7=O)cc6)cc5)cc3)C4=O)cc2)cc1,190.75,,GREA,463.9,,1,0.0,black
polymer_5351,[*]Sc1ccc(Sc2ccc(Sc3ccc4c(c3)C(=O)N(c3ccc(Sc5ccc(Sc6ccc(N7C(=O)c8ccc([*])cc8C7=O)cc6)s5)cc3)C4=O)cc2)cc1,185.5,,GREA,458.65,,1,0.0,black
polymer_5352,[*]Sc1ccc(Sc2ccc(Sc3ccc4c(c3)C(=O)N(c3ccc(Sc5ccc(Sc6ccc(Sc7ccc(N8C(=O)c9ccc([*])cc9C8=O)cc7)cc6)cc5)cc3)C4=O)cc2)cc1,176.45000000000005,,GREA,449.6,,1,0.0,black
polymer_5353,[*]Sc1ccc(Sc2ccc(Sc3ccc4c(c3)C(=O)N(c3ccc(Sc5ccc(Sc6ccc(Sc7ccc(Sc8ccc(N9C(=O)c%10ccc([*])cc%10C9=O)cc8)s7)s6)s5)cc3)C4=O)cc2)cc1,177.0,,GREA,450.15,,1,0.0,black
polymer_5354,[*]Sc1ccc(Sc2ccc(Sc3cccc([*])c3)cc2)cc1,69.0,,GREA,342.15,,1,0.0,black
polymer_5355,[*]Sc1ccc(Sc2ccc(Sc3cccc4c3C(=O)N(N3C(=O)c5ccc([*])cc5C3=O)C4=O)cc2)cc1,242.0,,GREA,515.15,,1,0.0,black
polymer_5356,[*]Sc1ccc(Sc2ccc(Sc3cccc4c3C(=O)N(N3C(=O)c5cccc([*])c5C3=O)C4=O)cc2)cc1,266.0,,GREA,539.15,,1,0.0,black
polymer_5357,[*]Sc1ccc2c(c1)C(=O)N(c1ccc(Cc3ccc(N4C(=O)c5ccc([*])cc5C4=O)cc3)cc1)C2=O,265.0,,GREA,538.15,,1,0.0,black
polymer_5358,[*]Sc1ccc2c(c1)C(=O)N(c1ccc(Oc3ccc(N4C(=O)c5ccc([*])cc5C4=O)cc3)cc1)C2=O,258.0,,GREA,531.15,,1,0.0,black
polymer_5359,[*]Sc1ccc2c(c1)C(=O)N(c1ccc(Oc3ccc4ccccc4c3-c3c(Oc4ccc(N5C(=O)c6ccc([*])cc6C5=O)cc4C(F)(F)F)ccc4ccccc34)c(C(F)(F)F)c1)C2=O,273.0,,Qiu,546.15,,1,0.0,black
polymer_5360,[*]Sc1ccc2c(c1)Sc1ccc(Sc3ccc(Sc4ccc([*])cc4)cc3)cc1S2,154.0,,GREA,427.15,,1,0.0,black
polymer_5361,[*]Sc1ccc2c(c1)Sc1ccc([*])cc1S2,209.90000000000003,,GREA,483.05,,1,0.0,black
polymer_5362,[*]Sc1cccc2c1C(=O)N(c1ccc(N3C(=O)c4cccc([*])c4C3=O)cc1)C2=O,330.0,,Qiu,603.15,,1,0.0,black
polymer_5363,[*]Sc1cccc2c1C(=O)N(c1ccc(Oc3ccc(Oc4ccc(N5C(=O)c6cccc([*])c6C5=O)cc4)cc3)cc1)C2=O,250.0,,Qiu,523.15,,1,0.0,black
polymer_5364,[*][Se]c1c(Cl)c(Cl)c([*])c(Cl)c1Cl,104.0,,GREA,377.15,,1,0.0,black
polymer_5365,[*][Si]([*])(C)CCC(F)(F)F,-3.0,,GREA,270.15,,1,0.0,black
polymer_5366,[*][Si]([*])(C)CCCOCC1COC(C)(C)O1,-47.99999999999997,,GREA,225.15,,1,0.0,black
polymer_5367,[*][Si]([*])(C)c1ccc(COCCN(CC)c2ccc(/N=N/c3ccc([N+](=O)[O-])cc3)cc2)cc1,152.0,,GREA,425.15,,1,0.0,black
polymer_5368,[*][Si]([*])(C)c1ccccc1,88.0,,GREA,361.15,,1,0.0,black
polymer_5369,[*][Si]([*])(CCCC)CCCC,-40.49999999999997,,GREA,232.65,,1,0.0,black
polymer_5370,[*][Si]([*])(CCCC)CCCCC,-25.99999999999997,,GREA,247.15,,1,0.0,black
polymer_5371,[*][Si]([*])(CCCC)CCCCCC,-39.99999999999997,,GREA,233.15,,1,0.0,black
polymer_5372,[*][Si]([*])(CCCCCC)c1ccccc1,-69.99999999999997,,GREA,203.15,,1,0.0,black
polymer_5373,[*][Te]c1ccc(N=Nc2ccc([*])cc2)cc1,300.0,,GREA,573.15,,1,0.0,black
polymer_5374,[*]c1[nH]c([*])c(OC)c1OC,-25.99999999999997,,GREA,247.15,,1,0.0,black
polymer_5375,[*]c1[nH]c2ccccc2c1[*],137.0,,GREA,410.15,,1,0.0,black
polymer_5376,[*]c1c(Br)cc(OC(=O)Oc2cc(Br)c(C([*])(C)C)c(Br)c2)cc1Br,267.0,,GREA,540.15,,1,0.0,black
polymer_5377,[*]c1c(C)c(C)c(N2C(=O)c3cc4c(cc3C2=O)C(c2ccccc2)(C(F)(F)F)c2cc3c(cc2O4)C(=O)N([*])C3=O)c(C)c1C,394.0,,Qiu,667.15,,1,0.0,black
polymer_5378,[*]c1c(C)c(C)c(N2C(=O)c3ccc(C(c4ccc5c(c4)C(=O)N([*])C5=O)(C(F)(F)F)C(F)(F)F)cc3C2=O)c(C)c1C,420.0,,GREA,693.15,,1,0.0,black
polymer_5379,[*]c1c(C)cc(-c2cc(C)c(N3C(=O)c4ccc(C(=O)Nc5ccc(C(c6ccc(NC(=O)c7ccc8c(c7)C(=O)N([*])C8=O)cc6)(C(F)(F)F)C(F)(F)F)cc5)cc4C3=O)c3ccccc23)c2ccccc12,250.0,,GREA,523.15,,1,0.0,black
polymer_5380,[*]c1c(C)cc(C(c2ccccc2)(c2cc(C)c(N3C(=O)c4ccc(C(c5ccc6c(c5)C(=O)N([*])C6=O)(C(F)(F)F)C(F)(F)F)cc4C3=O)c(C(C)C)c2)C(F)(F)F)cc1C(C)C,289.0,,GREA,562.15,,1,0.0,black
polymer_5381,[*]c1c(C)cc(C)c(-n2c(=O)c3cc4c(=O)n([*])c(=O)c4cc3c2=O)c1C,399.75,,GREA,672.9,,1,0.0,black
polymer_5382,[*]c1c(C)cc(C)c(C(=O)c2cccc(N3C(=O)c4ccc(-c5ccc6c(c5)C(=O)N([*])C6=O)cc4C3=O)c2)c1C,320.0,,GREA,593.15,,1,0.0,black
polymer_5383,[*]c1c(C)cc(C)c(C(=O)c2cccc(N3C(=O)c4ccc(C(=O)c5ccc6c(c5)C(=O)N([*])C6=O)cc4C3=O)c2)c1C,300.0,,GREA,573.15,,1,0.0,black
polymer_5384,[*]c1c(C)cc(C)c(C(=O)c2cccc(N3C(=O)c4ccc(C(c5ccc6c(c5)C(=O)N([*])C6=O)(C(F)(F)F)C(F)(F)F)cc4C3=O)c2)c1C,280.0,,GREA,553.15,,1,0.0,black
polymer_5385,[*]c1c(C)cc(C)c(N2C(=O)c3cc(Cl)c(C(=O)c4cc5c(cc4Cl)C(=O)N([*])C5=O)cc3C2=O)c1C,371.0,,GREA,644.15,,1,0.0,black
polymer_5386,[*]c1c(C)cc(C)c(N2C(=O)c3ccc(-c4ccc5c(c4)C(=O)N([*])C5=O)cc3C2=O)c1C,385.0,,GREA,658.15,,1,0.0,black
polymer_5387,[*]c1c(C)cc(C)c(N2C(=O)c3ccc(C(=O)Nc4ccc(-c5ccc(NC(=O)c6ccc7c(c6)C(=O)N([*])C7=O)cc5C(F)(F)F)c(C(F)(F)F)c4)cc3C2=O)c1C,267.0,,GREA,540.15,,1,0.0,black
polymer_5388,[*]c1c(C)cc(C)c(N2C(=O)c3ccc(C(=O)Nc4ccc(C(c5ccc(NC(=O)c6ccc7c(c6)C(=O)N([*])C7=O)cc5)(C(F)(F)F)C(F)(F)F)cc4)cc3C2=O)c1C,250.0,,GREA,523.15,,1,0.0,black
polymer_5389,[*]c1c(C)cc(C)c(N2C(=O)c3ccc(C(=O)Nc4ccc(NC(=O)c5ccc6c(c5)C(=O)N([*])C6=O)cc4)cc3C2=O)c1C,327.0,,GREA,600.15,,1,0.0,black
polymer_5390,[*]c1c(C)cc(C)c(N2C(=O)c3ccc(C(c4ccc5c(c4)C(=O)N([*])C5=O)(C(F)(F)F)C(F)(F)F)cc3C2=O)c1C,377.0,,GREA,650.15,,1,0.0,black
polymer_5391,[*]c1c(C)cc(C)c(N2C(=O)c3ccc(Oc4ccc(Oc5ccc6c(c5)C(=O)N([*])C6=O)cc4)cc3C2=O)c1C,345.0,,GREA,618.15,,1,0.0,black
polymer_5392,[*]c1c(C)cc(C)c(N2C(=O)c3ccc(S(=O)(=O)c4ccc5c(c4)C(=O)N([*])C5=O)cc3C2=O)c1C,418.0,,GREA,691.15,,1,0.0,black
polymer_5393,[*]c1c(C)cc(C)c(N2C(=O)c3ccc(Sc4ccc5c(c4)C(=O)N([*])C5=O)cc3C2=O)c1C,378.0,,GREA,651.15,,1,0.0,black
polymer_5394,[*]c1c(C)cc(C2(c3cc(C)c(N4C(=O)c5ccc(C(c6ccc7c(c6)C(=O)N([*])C7=O)(C(F)(F)F)C(F)(F)F)cc5C4=O)c(C(C)C)c3)c3ccccc3-c3ccccc32)cc1C(C)C,335.0,,GREA,608.15,,1,0.0,black
polymer_5395,[*]c1c(C)cc(Cc2cc(C)c(N3C(=O)c4ccc(C(c5ccc6c(c5)C(=O)N([*])C6=O)(C(F)(F)F)C(F)(F)F)cc4C3=O)c(C(C)C)c2)cc1C(C)C,276.0,,GREA,549.15,,1,0.0,black
polymer_5396,[*]c1c(C)ccc(N2C(=O)c3ccc(C(=O)c4ccc5c(c4)C(=O)N([*])C5=O)cc3C2=O)c1C,384.0,,Qiu,657.15,,1,0.0,black
polymer_5397,[*]c1c(CC)cc(C)c(N2C(=O)c3ccc(C(=O)c4ccc5c(c4)C(=O)N([*])C5=O)cc3C2=O)c1CC,385.0,,Qiu,658.15,,1,0.0,black
polymer_5398,[*]c1c(CC)cc(Cc2cc(CC)c(N3C(=O)c4ccc(C(=O)c5ccc6c(c5)C(=O)N([*])C6=O)cc4C3=O)c(CC)c2Cl)c(Cl)c1CC,300.0,,Qiu,573.15,,1,0.0,black
polymer_5399,[*]c1c(Cl)cc(OC(=O)Oc2cc(Cl)c(C([*])(C)C)c(Cl)c2)cc1Cl,240.0,,GREA,513.15,,1,0.0,black
polymer_5400,[*]c1c(F)c(F)c(Oc2ccc(C(c3ccc(Oc4c(F)c(F)c(S([*])(=O)=O)c(F)c4F)cc3)(C(F)(F)F)C(F)(F)F)cc2)c(F)c1F,182.0,,GREA,455.15,,1,0.0,black
polymer_5401,[*]c1c(F)c(F)c(Oc2ccc(C(c3ccc(Oc4c(F)c(F)c([*])c(F)c4F)cc3)(C(F)(F)F)C(F)(F)F)cc2)c(F)c1F,167.0,,GREA,440.15,,1,0.0,black
polymer_5402,[*]c1c([2H])c([2H])c(Oc2c([2H])c([2H])c(S(=O)(=O)c3c([2H])c([2H])c(Oc4c([2H])c([2H])c(C([*])(C([2H])([2H])[2H])C([2H])([2H])[2H])c([2H])c4[2H])c([2H])c3[2H])c([2H])c2[2H])c([2H])c1[2H],175.0,,GREA,448.15,,1,0.0,black
polymer_5403,[*]c1cc(-c2ccc(C(=C3C=C(C(C)(C)C)C(=O)C(C(C)(C)C)=C3)c3cc(C(C)(C)C)c(O)c(C(C)(C)C)c3)cc2)c([*])s1,-12.599999999999966,,GREA,260.55,,1,0.0,black
polymer_5404,[*]c1cc(-c2ccc(C(=C3C=C(C(C)(C)C)C(=O)C(C(C)(C)C)=C3)c3cc(C(C)(C)C)c(OC(C)=O)c(C(C)(C)C)c3)cc2)c([*])s1,-4.2999999999999545,,GREA,268.85,,1,0.0,black
polymer_5405,[*]c1cc(-c2nc3ccc(Cc4ccc5nc([*])oc(=O)c5c4)cc3c(=O)o2)cc(N2C(=O)c3ccccc3C2=O)c1,322.0,,GREA,595.15,,1,0.0,black
polymer_5406,[*]c1cc(-c2nc3ccccc3[nH]2)cc(-n2c(=O)c3cc4c(=O)n([*])c(=O)c4cc3c2=O)c1,180.0,,GREA,453.15,,1,0.0,black
polymer_5407,[*]c1cc(-c2nc3ccccc3oc2=O)cc(-n2c(=O)c3cc4c(=O)n([*])c(=O)c4cc3c2=O)c1,130.0,,GREA,403.15,,1,0.0,black
polymer_5408,[*]c1cc(-c2nc3ccccc3oc2=O)cc(N2C(=O)c3ccc(C(=O)c4ccc5c(c4)C(=O)N([*])C5=O)cc3C2=O)c1,95.0,,GREA,368.15,,1,0.0,black
polymer_5409,[*]c1cc(-c2sc(-c3cc(CCCC)c([*])s3)cc2CCCC)c2cccccc1-2,124.0,,GREA,397.15,,1,0.0,black
polymer_5410,[*]c1cc(-c2sc(-c3cc(CCCCCCC)c([*])s3)cc2CCCCCCC)c2cccccc1-2,56.0,,GREA,329.15,,1,0.0,black
polymer_5411,[*]c1cc(-c2sc(-c3cc(CCCCCCCCCC)c([*])s3)cc2CCCCCCCCCC)c2cccccc1-2,22.5,,GREA,295.65,,1,0.0,black
polymer_5412,[*]c1cc(-c2sc(-c3cc(CCCCCCCCCCCCCC)c([*])s3)cc2CCCCCCCCCCCCCC)c2cccccc1-2,-10.0,,GREA,263.15,,1,0.0,black
polymer_5413,[*]c1cc(-n2c(=O)c3cc4c(=O)n([*])c(=O)c4cc3c2=O)c(O)cc1O,362.0,,GREA,635.15,,1,0.0,black
polymer_5414,[*]c1cc(-n2c(=O)c3cc4c(=O)n([*])c(=O)c4cc3c2=O)ccc1Oc1ccc(C(C)(C)c2ccccc2)cc1,340.0,,GREA,613.15,,1,0.0,black
polymer_5415,[*]c1cc(-n2c(=O)c3cc4c(=O)n([*])c(=O)c4cc3c2=O)ccc1Oc1ccc(S(=O)(=O)c2ccc(C)cc2)cc1,320.0,,GREA,593.15,,1,0.0,black
polymer_5416,[*]c1cc(/N=N/c2ccc(C#N)cc2)cc([*])c1O,176.0,,GREA,449.15,,1,0.0,black
polymer_5417,[*]c1cc(/N=N/c2ccc(OC)cc2)cc([*])c1O,134.0,,GREA,407.15,,1,0.0,black
polymer_5418,[*]c1cc(Br)c(-c2c(Br)cc(N3C(=O)c4ccc(-c5ccc6c(c5)C(=O)N([*])C6=O)cc4C3=O)cc2C(=O)OCCCC)c(C(=O)OCCCC)c1,196.0,,GREA,469.15,,1,0.0,black
polymer_5419,[*]c1cc(Br)c(-c2c(Br)cc(N3C(=O)c4ccc(-c5ccc6c(c5)C(=O)N([*])C6=O)cc4C3=O)cc2C(=O)OCCCCCC)c(C(=O)OCCCCCC)c1,154.0,,GREA,427.15,,1,0.0,black
polymer_5420,[*]c1cc(Br)c(-c2c(Br)cc(N3C(=O)c4ccc(-c5ccc6c(c5)C(=O)N([*])C6=O)cc4C3=O)cc2C(=O)OCCCCCCCC)c(C(=O)OCCCCCCCC)c1,135.5,,GREA,408.65,,1,0.0,black
polymer_5421,[*]c1cc(Br)c(-c2c(Br)cc(N3C(=O)c4ccc(-c5ccc6c(c5)C(=O)N([*])C6=O)cc4C3=O)cc2C(=O)OCCCCCCCCCC)c(C(=O)OCCCCCCCCCC)c1,116.0,,GREA,389.15,,1,0.0,black
polymer_5422,[*]c1cc(Br)c(-c2c(Br)cc(N3C(=O)c4ccc(-c5ccc6c(c5)C(=O)N([*])C6=O)cc4C3=O)cc2C(=O)OCCCCCCCCCCCC)c(C(=O)OCCCCCCCCCCCC)c1,108.0,,GREA,381.15,,1,0.0,black
polymer_5423,[*]c1cc(Br)c(-c2c(Br)cc(N3C(=O)c4ccc(-c5ccc6c(c5)C(=O)N([*])C6=O)cc4C3=O)cc2C(=O)OCCCCCCCCCCCCCC)c(C(=O)OCCCCCCCCCCCCCC)c1,98.0,,GREA,371.15,,1,0.0,black
polymer_5424,[*]c1cc(Br)c(-c2c(Br)cc(N3C(=O)c4ccc(-c5ccc6c(c5)C(=O)N([*])C6=O)cc4C3=O)cc2C(=O)OCCCCCCCCCCCCCCCC)c(C(=O)OCCCCCCCCCCCCCCCC)c1,92.0,,GREA,365.15,,1,0.0,black
polymer_5425,[*]c1cc(Br)c(-c2c(Br)cc(N3C(=O)c4ccc(-c5ccc6c(c5)C(=O)N([*])C6=O)cc4C3=O)cc2C(=O)OCCCCCCCCCCCCCCCCCC)c(C(=O)OCCCCCCCCCCCCCCCCCC)c1,83.5,,GREA,356.65,,1,0.0,black
polymer_5426,[*]c1cc(Br)c(OC(=O)Oc2c(Br)cc(C([*])(C)C)cc2Br)c(Br)c1,228.5,,GREA,501.65,,1,0.0,black
polymer_5427,[*]c1cc(Br)c(OC(=O)c2ccc(OCCCCCCCCCCOc3ccc(C(=O)Oc4c(Br)cc(C([*])(C)C)cc4Br)cc3)cc2)c(Br)c1,128.0,,GREA,401.15,,1,0.0,black
polymer_5428,[*]c1cc(Br)c(OC(=O)c2cccc(C(=O)Oc3c(Br)cc(C([*])(C)C)cc3Br)c2)c(Br)c1,115.0,,GREA,388.15,,1,0.0,black
polymer_5429,[*]c1cc(Br)c(OCCOC(=O)Nc2ccc3c(c2)C(=O)N(c2cccc(P(=O)(c4ccccc4)c4cccc(N5C(=O)c6ccc(NC(=O)OCCOc7c(Br)cc(C([*])(C)C)cc7Br)cc6C5=O)c4)c2)C3=O)c(Br)c1,201.0,,GREA,474.15,,1,0.0,black
polymer_5430,[*]c1cc(Br)c(OCCOC(=O)Nc2ccc3c(c2)C(=O)N(c2cccc(P(C)(=O)c4cccc(N5C(=O)c6ccc(NC(=O)OCCOc7c(Br)cc(C([*])(C)C)cc7Br)cc6C5=O)c4)c2)C3=O)c(Br)c1,191.0,,GREA,464.15,,1,0.0,black
polymer_5431,[*]c1cc(C(=O)NCCCC)cc(N2C(=O)c3ccc(-c4ccc5c(c4)C(=O)N([*])C5=O)cc3C2=O)c1,291.0,,GREA,564.15,,1,0.0,black
polymer_5432,[*]c1cc(C(=O)NCCCCCC)cc(N2C(=O)c3ccc(-c4ccc5c(c4)C(=O)N([*])C5=O)cc3C2=O)c1,256.9,,GREA,530.05,,1,0.0,black
polymer_5433,[*]c1cc(C(=O)NCCCCCCCC)cc(N2C(=O)c3ccc(-c4ccc5c(c4)C(=O)N([*])C5=O)cc3C2=O)c1,245.5,,GREA,518.65,,1,0.0,black
polymer_5434,[*]c1cc(C(=O)NCCCCCCCCCC)cc(N2C(=O)c3ccc(-c4ccc5c(c4)C(=O)N([*])C5=O)cc3C2=O)c1,245.10000000000002,,GREA,518.25,,1,0.0,black
polymer_5435,[*]c1cc(C(=O)NCCCCCCCCCCCC)cc(N2C(=O)c3ccc(-c4ccc5c(c4)C(=O)N([*])C5=O)cc3C2=O)c1,243.10000000000002,,GREA,516.25,,1,0.0,black
polymer_5436,[*]c1cc(C(=O)NCCCCCCCCCCCCCC)cc(N2C(=O)c3ccc(-c4ccc5c(c4)C(=O)N([*])C5=O)cc3C2=O)c1,247.60000000000002,,GREA,520.75,,1,0.0,black
polymer_5437,[*]c1cc(C(=O)Nc2ccc(OC(=O)c3cc(OCCCCCCCCCCCC)c(OCCCCCCCCCCCC)c(OCCCCCCCCCCCC)c3)cc2)cc(-c2cccc(N3C(=O)C4CC(C5CC(=O)N(c6cccc([*])c6)C5=O)C=C(C)C4C3=O)c2)c1,270.0,,GREA,543.15,,1,0.0,black
polymer_5438,[*]c1cc(C(=O)Nc2ccc(OC(=O)c3cc(OCCCCCCCCCCCC)c(OCCCCCCCCCCCC)c(OCCCCCCCCCCCC)c3)cc2)cc(-c2cccc(N3C(=O)c4ccc(S(=O)(=O)c5ccc6c(c5)C(=O)N(c5cccc([*])c5)C6=O)cc4C3=O)c2)c1,268.0,,GREA,541.15,,1,0.0,black
polymer_5439,[*]c1cc(C(=O)O)cc(N2C(=O)C3CC(C4CC(=O)N([*])C4=O)c4ccccc4C3C2=O)c1,360.0,,GREA,633.15,,1,0.0,black
polymer_5440,[*]c1cc(C(=O)O)cc(N2C(=O)c3cc(Cl)c(C(=O)c4cc5c(cc4Cl)C(=O)N([*])C5=O)cc3C2=O)c1,368.0,,GREA,641.15,,1,0.0,black
polymer_5441,[*]c1cc(C(=O)O)cc(N2C(=O)c3ccc(C(=O)c4ccc5c(c4)C(=O)N([*])C5=O)cc3C2=O)c1,314.0,,GREA,587.15,,1,0.0,black
polymer_5442,[*]c1cc(C(=O)O)cc(N2C(=O)c3ccc(C(c4ccc5c(c4)C(=O)N([*])C5=O)(C(F)(F)F)C(F)(F)F)cc3C2=O)c1,366.5,,GREA,639.65,,1,0.0,black
polymer_5443,[*]c1cc(C(=O)OC)cc(N2C(=O)C3c4ccccc4CC(C4CC(=O)N([*])C4=O)C3C2=O)c1,258.0,,GREA,531.15,,1,0.0,black
polymer_5444,[*]c1cc(C(=O)OC)cc(N2C(=O)c3cc(Cl)c(C(=O)c4cc5c(cc4Cl)C(=O)N([*])C5=O)cc3C2=O)c1,321.0,,GREA,594.15,,1,0.0,black
polymer_5445,[*]c1cc(C(=O)OCC(F)(F)C(F)(F)C(F)(F)F)c([*])s1,129.0,,GREA,402.15,,1,0.0,black
polymer_5446,[*]c1cc(C(=O)OCC)cc(N2C(=O)C3c4ccccc4CC(C4CC(=O)N([*])C4=O)C3C2=O)c1,254.0,,GREA,527.15,,1,0.0,black
polymer_5447,[*]c1cc(C(=O)OCCC)cc(N2C(=O)C3c4ccccc4CC(C4CC(=O)N([*])C4=O)C3C2=O)c1,249.0,,GREA,522.15,,1,0.0,black
polymer_5448,[*]c1cc(C(=O)OCCCC)cc(N2C(=O)C3c4ccccc4CC(C4CC(=O)N([*])C4=O)C3C2=O)c1,219.0,,GREA,492.15,,1,0.0,black
polymer_5449,[*]c1cc(C(=O)OCCCCC)cc(N2C(=O)C3c4ccccc4CC(C4CC(=O)N([*])C4=O)C3C2=O)c1,219.0,,GREA,492.15,,1,0.0,black
polymer_5450,[*]c1cc(C(=O)OCCCCCC)cc(N2C(=O)C3c4ccccc4CC(C4CC(=O)N([*])C4=O)C3C2=O)c1,187.0,,GREA,460.15,,1,0.0,black
polymer_5451,[*]c1cc(C(=O)OCCCCCCCCCCOc2ccc(-c3ccc(OC(=O)c4ccc(OCC(F)CCCCCC)cc4)cc3)cc2)c([*])s1,151.0,,GREA,424.15,,1,0.0,black
polymer_5452,[*]c1cc(C(=O)Oc2ccc(-c3ccc(O[Si](C)(C)C(C)(C)C)cc3)cc2)cc(N2C(=O)c3ccc(-c4ccc5c(c4)C(=O)N([*])C5=O)cc3C2=O)c1,230.0,,GREA,503.15,,1,0.0,black
polymer_5453,[*]c1cc(C(=O)Oc2cccc3cccnc23)c([*])s1,154.0,,GREA,427.15,,1,0.0,black
polymer_5454,[*]c1cc(C(=O)c2ccccc2)cc(N2C(=O)c3ccc(C(=O)c4ccc5c(c4)C(=O)N([*])C5=O)cc3C2=O)c1,282.0,,GREA,555.15,,1,0.0,black
polymer_5455,[*]c1cc(C(C(=O)OC)C(=O)OC)c([*])s1,-20.099999999999966,,GREA,253.05,,1,0.0,black
polymer_5456,[*]c1cc(C(C)(C)c2ccc(O)cc2)cc([*])c1O,135.0,,GREA,408.15,,1,0.0,black
polymer_5457,[*]c1cc(C(C)C)c(N2C(=O)c3ccc(C(c4ccc5c(c4)C(=O)N(c4c(C(C)C)cc(C([*])(c6ccccc6)C(F)(F)F)cc4C(C)C)C5=O)(C(F)(F)F)C(F)(F)F)cc3C2=O)c(C(C)C)c1,274.0,,GREA,547.15,,1,0.0,black
polymer_5458,[*]c1cc(C(C)C)c(Oc2ccc(S(=O)(=O)c3ccc(Oc4c(C(C)C)cc(C([*])(C)C)cc4C(C)C)cc3)cc2)c(C(C)C)c1,175.0,,GREA,448.15,,1,0.0,black
polymer_5459,[*]c1cc(C(c2ccc(O)c(-n3c(=O)c4cc5c(=O)n([*])c(=O)c5cc4c3=O)c2)(C(F)(F)F)C(F)(F)F)ccc1O,350.0,,GREA,623.15,,1,0.0,black
polymer_5460,[*]c1cc(C)c(-c2c(C)cc(-n3c(=O)c4cc5c(=O)n([*])c(=O)c5cc4c3=O)cc2C)c(C)c1,353.0,,GREA,626.15,,1,0.0,black
polymer_5461,[*]c1cc(C)c(-c2c(C)cc(N3C(=O)c4ccc(-c5ccc6c(c5)C(=O)N([*])C6=O)cc4C3=O)cc2C)c(C)c1,280.0,,GREA,553.15,,1,0.0,black
polymer_5462,[*]c1cc(C)c(-c2c(C)cc(N3C(=O)c4ccc(C(c5ccc6c(c5)C(=O)N([*])C6=O)(C(F)(F)F)C(F)(F)F)cc4C3=O)cc2C)c(C)c1,346.0,,GREA,619.15,,1,0.0,black
polymer_5463,[*]c1cc(C)c(-n2c(=O)c3cc4c(=O)n(-c5c(C)cc([*])cc5C)c(=O)c4cc3c2=O)c(C)c1,340.0,,GREA,613.15,,1,0.0,black
polymer_5464,[*]c1cc(C)c(/N=C/c2ccc(OCc3ccc(COc4ccc(/C=N/c5cc(C)c(N6C(=O)c7ccc8c9ccc%10c%11c(ccc(c%12ccc(c7c8%12)C6=O)c%119)C(=O)N([*])C%10=O)cc5C)cc4)cc3)cc2)cc1C,130.0,,GREA,403.15,,1,0.0,black
polymer_5465,[*]c1cc(C)c(/N=C/c2ccc(OCc3ccccc3COc3ccc(/C=N/c4cc(C)c(N5C(=O)c6ccc7c8ccc9c%10c(ccc(c%11ccc(c6c7%11)C5=O)c%108)C(=O)N([*])C9=O)cc4C)cc3)cc2)cc1C,128.0,,GREA,401.15,,1,0.0,black
polymer_5466,[*]c1cc(C)c(C)c(NC(=O)c2ccc3c(c2)C(=O)N(c2cccc4c(N5C(=O)c6ccc(C(=O)Nc7cc(C([*])(C(F)(F)F)C(F)(F)F)cc(C)c7C)cc6C5=O)cccc24)C3=O)c1,250.0,,GREA,523.15,,1,0.0,black
polymer_5467,[*]c1cc(C)c(Cc2cc(C)c(N3C(=O)c4ccc(Oc5ccc(Oc6ccc7c(c6)C(=O)N([*])C7=O)cc5)cc4C3=O)cc2C)cc1C,278.0,,GREA,551.15,,1,0.0,black
polymer_5468,[*]c1cc(C)c(N2C(=O)CC(Nc3ccc(Cc4ccc(NC5CC(=O)N(c6c(C)cc(C([*])c7cccnc7)cc6C)C5=O)cc4)cc3)C2=O)c(C)c1,219.0,,GREA,492.15,,1,0.0,black
polymer_5469,[*]c1cc(C)c(N2C(=O)CC(Nc3ccc(NC4CC(=O)N(c5c(C)cc(C([*])c6cccnc6)cc5C)C4=O)cc3)C2=O)c(C)c1,231.0,,GREA,504.15,,1,0.0,black
polymer_5470,[*]c1cc(C)c(N2C(=O)CC(Nc3cccc(NC4CC(=O)N(c5c(C)cc(C([*])c6cccnc6)cc5C)C4=O)c3)C2=O)c(C)c1,224.0,,GREA,497.15,,1,0.0,black
polymer_5471,[*]c1cc(C)c(N2C(=O)c3ccc(-c4ccc5c(c4)C(=O)N(c4c(C)cc(C([*])c6cc(C(F)(F)F)cc(C(F)(F)F)c6)cc4C)C5=O)cc3C2=O)c(C)c1,317.4,,GREA,590.55,,1,0.0,black
polymer_5472,[*]c1cc(C)c(N2C(=O)c3ccc(-c4ccc5c(c4)C(=O)N(c4c(C)cc(C([*])c6cccc(C(F)(F)F)c6)cc4C)C5=O)cc3C2=O)c(C)c1,312.9,,GREA,586.05,,1,0.0,black
polymer_5473,[*]c1cc(C)c(N2C(=O)c3ccc(-c4ccc5c(c4)C(=O)N(c4c(C)cc(C([*])c6cccc7ccccc67)cc4C)C5=O)cc3C2=O)c(C)c1,326.0,,GREA,599.15,,1,0.0,black
polymer_5474,[*]c1cc(C)c(N2C(=O)c3ccc(-c4ccc5c(c4)C(=O)N(c4c(C)cc([*])cc4C)C5=O)cc3C2=O)c(C)c1,285.0,,GREA,558.15,,1,0.0,black
polymer_5475,[*]c1cc(C)c(N2C(=O)c3ccc(C(=O)Nc4ccc(/N=N/c5ccc([N+](=O)[O-])cc5)c(NC(=O)c5ccc6c(c5)C(=O)N(c5c(C)cc([*])cc5C)C6=O)c4)cc3C2=O)c(C)c1,278.0,,GREA,551.15,,1,0.0,black
polymer_5476,[*]c1cc(C)c(N2C(=O)c3ccc(C(=O)Nc4ccc(C(c5ccc(NC(=O)c6ccc7c(c6)C(=O)N(c6c(C)cc([*])cc6C)C7=O)cc5)(C(F)(F)F)C(F)(F)F)cc4)cc3C2=O)c(C)c1,318.0,,GREA,591.15,,1,0.0,black
polymer_5477,[*]c1cc(C)c(N2C(=O)c3ccc(C(=O)Nc4ccc(Cc5ccc(NC(=O)c6ccc7c(c6)C(=O)N(c6c(C)cc([*])cc6C)C7=O)c(C)c5)cc4C)cc3C2=O)c(C)c1,329.0,,GREA,602.15,,1,0.0,black
polymer_5478,[*]c1cc(C)c(N2C(=O)c3ccc(C(=O)Oc4ccc(C(c5ccc(OC(=O)c6ccc7c(c6)C(=O)N(c6c(C)cc([*])cc6C)C7=O)cc5)(C(F)(F)F)C(F)(F)F)cc4)cc3C2=O)c(C)c1,335.0,,GREA,608.15,,1,0.0,black
polymer_5479,[*]c1cc(C)c(N2C(=O)c3ccc(C(=O)c4ccc5c(c4)C(=O)N(c4c(C)cc(C([*])c6cc(C(F)(F)F)cc(C(F)(F)F)c6)cc4C)C5=O)cc3C2=O)c(C)c1,301.1,,GREA,574.25,,1,0.0,black
polymer_5480,[*]c1cc(C)c(N2C(=O)c3ccc(C(=O)c4ccc5c(c4)C(=O)N(c4c(C)cc(C([*])c6cccc(C(F)(F)F)c6)cc4C)C5=O)cc3C2=O)c(C)c1,285.0,,GREA,558.15,,1,0.0,black
polymer_5481,[*]c1cc(C)c(N2C(=O)c3ccc(C(=O)c4ccc5c(c4)C(=O)N(c4c(C)cc(C([*])c6cccc7ccccc67)cc4C)C5=O)cc3C2=O)c(C)c1,318.0,,GREA,591.15,,1,0.0,black
polymer_5482,[*]c1cc(C)c(N2C(=O)c3ccc(C(=O)c4ccc5c(c4)C(=O)N(c4c(C)cc([*])cc4C)C5=O)cc3C2=O)c(C)c1,310.0,,GREA,583.15,,1,0.0,black
polymer_5483,[*]c1cc(C)c(N2C(=O)c3ccc(C(c4ccc5c(c4)C(=O)N(c4c(C)cc(-c6cc(C)c([*])cc6C)cc4C)C5=O)(C(F)(F)F)C(F)(F)F)cc3C2=O)c(C)c1,361.0,,GREA,634.15,,1,0.0,black
polymer_5484,[*]c1cc(C)c(N2C(=O)c3ccc(C(c4ccc5c(c4)C(=O)N(c4c(C)cc(C([*])c6cc(C(F)(F)F)cc(C(F)(F)F)c6)cc4C)C5=O)(C(F)(F)F)C(F)(F)F)cc3C2=O)c(C)c1,288.0,,GREA,561.15,,1,0.0,black
polymer_5485,[*]c1cc(C)c(N2C(=O)c3ccc(C(c4ccc5c(c4)C(=O)N(c4c(C)cc(C([*])c6cccc(C(F)(F)F)c6)cc4C)C5=O)(C(F)(F)F)C(F)(F)F)cc3C2=O)c(C)c1,286.1,,GREA,559.25,,1,0.0,black
polymer_5486,[*]c1cc(C)c(N2C(=O)c3ccc(C(c4ccc5c(c4)C(=O)N(c4c(C)cc(C([*])c6cccc7ccccc67)cc4C)C5=O)(C(F)(F)F)C(F)(F)F)cc3C2=O)c(C)c1,314.0,,GREA,587.15,,1,0.0,black
polymer_5487,[*]c1cc(C)c(N2C(=O)c3ccc(C(c4ccc5c(c4)C(=O)N(c4c(C)cc(C6([*])c7ccccc7-c7ccccc76)cc4C)C5=O)(C(F)(F)F)C(F)(F)F)cc3C2=O)c(C)c1,361.0,,GREA,634.15,,1,0.0,black
polymer_5488,[*]c1cc(C)c(N2C(=O)c3ccc(C(c4ccc5c(c4)C(=O)N(c4c(C)cc([*])c6ccccc46)C5=O)(C(F)(F)F)C(F)(F)F)cc3C2=O)c2ccccc12,403.0,,GREA,676.15,,1,0.0,black
polymer_5489,[*]c1cc(C)c(N2C(=O)c3ccc(C(c4ccc5c(c4)C(=O)N(c4c(C)cc([*])cc4C)C5=O)(C(F)(F)F)C(F)(F)F)cc3C2=O)c(C)c1,370.5,,GREA,643.65,,1,0.0,black
polymer_5490,[*]c1cc(C)c(N2C(=O)c3ccc(Oc4cc5ccccc5cc4Oc4ccc5c(c4)C(=O)N(c4c(C)cc([*])cc4C)C5=O)cc3C2=O)c(C)c1,308.0,,GREA,581.15,,1,0.0,black
polymer_5491,[*]c1cc(C)c(N2C(=O)c3ccc(Oc4ccc(C(C)(C)c5ccc(Oc6ccc7c(c6)C(=O)N(c6c(C)cc([*])cc6C)C7=O)cc5)cc4)cc3C2=O)c(C)c1,280.0,,GREA,553.15,,1,0.0,black
polymer_5492,[*]c1cc(C)c(N2C(=O)c3ccc(Oc4ccc5c(c4)C(=O)N(c4c(C)cc(C([*])c6cc(C(F)(F)F)cc(C(F)(F)F)c6)cc4C)C5=O)cc3C2=O)c(C)c1,281.9,,GREA,555.05,,1,0.0,black
polymer_5493,[*]c1cc(C)c(N2C(=O)c3ccc(Oc4ccc5c(c4)C(=O)N(c4c(C)cc(C([*])c6cccc(C(F)(F)F)c6)cc4C)C5=O)cc3C2=O)c(C)c1,264.1,,GREA,537.25,,1,0.0,black
polymer_5494,[*]c1cc(C)c(N2C(=O)c3ccc(S(=O)(=O)c4ccc5c(c4)C(=O)N(c4c(C)cc([*])cc4C)C5=O)cc3C2=O)c(C)c1,290.0,,GREA,563.15,,1,0.0,black
polymer_5495,[*]c1cc(C)c(N2C(=O)c3cccc(Oc4ccc(C(C)(C)c5ccc(Oc6cccc7c6C(=O)N(c6c(C)cc([*])cc6C)C7=O)cc5)cc4)c3C2=O)c(C)c1,265.0,,GREA,538.15,,1,0.0,black
polymer_5496,[*]c1cc(C)c(NC(=O)c2ccc(Oc3cc(C(C)(C)C)c(Oc4ccc(C(=O)Nc5c(C)cc(C([*])(C)C)cc5C)cc4)cc3C(C)(C)C)cc2)c(C)c1,295.0,,GREA,568.15,,1,0.0,black
polymer_5497,[*]c1cc(C)c(OC(=O)CCCCC(=O)Oc2c(C)cc(C([*])(C)C)cc2C)c(C)c1,93.0,,GREA,366.15,,1,0.0,black
polymer_5498,[*]c1cc(C)c(OC(=O)CCCCC(=O)Oc2c(C)cc([*])cc2C)c(C)c1,108.0,,GREA,381.15,,1,0.0,black
polymer_5499,[*]c1cc(C)c(OC(=O)CCCCCC(=O)Oc2c(C)cc(C([*])(C)C)cc2C)c(C)c1,84.0,,GREA,357.15,,1,0.0,black
polymer_5500,[*]c1cc(C)c(OC(=O)CCCCCC(=O)Oc2c(C)cc([*])cc2C)c(C)c1,96.0,,GREA,369.15,,1,0.0,black
polymer_5501,[*]c1cc(C)c(OC(=O)CCCCCCCCC(=O)Oc2c(C)cc(C([*])(C)C)cc2C)c(C)c1,45.0,,GREA,318.15,,1,0.0,black
polymer_5502,[*]c1cc(C)c(OC(=O)CCCCCCCCC(=O)Oc2c(C)cc([*])cc2C)c(C)c1,57.0,,GREA,330.15,,1,0.0,black
polymer_5503,[*]c1cc(C)c(OC(=O)Oc2c(C)cc(C([*])(C(F)(F)F)C(F)(F)F)cc2C)c(C)c1,208.0,,GREA,481.15,,1,0.0,black
polymer_5504,[*]c1cc(C)c(OC(=O)Oc2c(C)cc(C([*])(C)C)cc2C)c(C)c1,193.0,,GREA,466.15,,1,0.0,black
polymer_5505,[*]c1cc(C)c(OC(=O)c2ccc(C(=O)Oc3c(C)cc(C([*])(C)C)cc3C)cc2)c(C)c1,239.0,,GREA,512.15,,1,0.0,black
polymer_5506,[*]c1cc(C)c(OC(=O)c2ccc(C(=O)Oc3c(C)cc(C4([*])CCC5CCCCC5C4)cc3C)cc2)c(C)c1,287.0,,GREA,560.15,,1,0.0,black
polymer_5507,[*]c1cc(C)c(OC(=O)c2ccc(N3C(=O)CC(Nc4ccc(Cc5ccc(NC6CC(=O)N(c7ccc(C(=O)Oc8c(C)cc(C([*])c9cccnc9)cc8C)cc7)C6=O)cc5)cc4)C3=O)cc2)c(C)c1,186.0,,GREA,459.15,,1,0.0,black
polymer_5508,[*]c1cc(C)c(OC(=O)c2ccc(N3C(=O)CC(Nc4ccc(NC5CC(=O)N(c6ccc(C(=O)Oc7c(C)cc(C([*])c8cccnc8)cc7C)cc6)C5=O)cc4)C3=O)cc2)c(C)c1,212.0,,GREA,485.15,,1,0.0,black
polymer_5509,[*]c1cc(C)c(OC(=O)c2ccc(N3C(=O)CC(Nc4cccc(NC5CC(=O)N(c6ccc(C(=O)Oc7c(C)cc(C([*])c8cccnc8)cc7C)cc6)C5=O)c4)C3=O)cc2)c(C)c1,194.0,,GREA,467.15,,1,0.0,black
polymer_5510,[*]c1cc(C)c(OC(=O)c2ccc(Oc3ccc(C4(c5ccc(Oc6ccc(C(=O)Oc7c(C)cc(C([*])(C)C)cc7C)cc6)cc5)CCC(C(C)(C)C)CC4)cc3)cc2)c(C)c1,176.0,,GREA,449.15,,1,0.0,black
polymer_5511,[*]c1cc(C)c(OC(=O)c2ccc3c(c2)C(=O)N(c2c(C)cc(-c4cc(C)c(N5C(=O)c6ccc(C(=O)Oc7c(C)cc(C([*])(C(F)(F)F)C(F)(F)F)cc7C)cc6C5=O)c(C)c4)cc2C)C3=O)c(C)c1,327.0,,GREA,600.15,,1,0.0,black
polymer_5512,[*]c1cc(C)c(OC(=O)c2cccc(C(=O)Oc3c(C)cc(C([*])(C)C)cc3C)c2)c(C)c1,187.0,,GREA,460.15,,1,0.0,black
polymer_5513,[*]c1cc(C)c(OC(=O)c2cccc(C(=O)Oc3c(C)cc(C4([*])CCC5CCCCC5C4)cc3C)c2)c(C)c1,261.0,,GREA,534.15,,1,0.0,black
polymer_5514,[*]c1cc(C)c(OC(=O)c2cccc(C(=O)Oc3c(C)cc(C4([*])c5ccccc5-c5ccccc54)cc3C)c2)c(C)c1,315.0,,GREA,588.15,,1,0.0,black
polymer_5515,[*]c1cc(C)c(OCC(O)COc2c(C)cc(C([*])(C)C)cc2C)c(C)c1,130.0,,GREA,403.15,,1,0.0,black
polymer_5516,[*]c1cc(C)c(OCC(O)COc2c(C)cc(S(=O)(=O)c3cc(C)c(OCC(O)COc4c(C)cc(C([*])(C)C)cc4C)c(C)c3)cc2C)c(C)c1,145.0,,GREA,418.15,,1,0.0,black
polymer_5517,[*]c1cc(C)c(OCC(O)COc2c(C)cc(S([*])(=O)=O)cc2C)c(C)c1,152.5,,GREA,425.65,,1,0.0,black
polymer_5518,[*]c1cc(C)c(OCC(O)COc2ccc(C(C)(C)c3ccc(OCC(O)COc4c(C)cc(C([*])(C)C)cc4C)cc3)cc2)c(C)c1,100.0,,GREA,373.15,,1,0.0,black
polymer_5519,[*]c1cc(C)c(OCC(O)COc2ccc(C(C)(C)c3ccc(OCC(O)COc4c(C)cc(S([*])(=O)=O)cc4C)cc3)cc2)c(C)c1,137.5,,GREA,410.65,,1,0.0,black
polymer_5520,[*]c1cc(C)c(OCC(O)COc2ccc(S(=O)(=O)c3ccc(OCC(O)COc4c(C)cc(C([*])(C)C)cc4C)cc3)cc2)c(C)c1,145.0,,GREA,418.15,,1,0.0,black
polymer_5521,[*]c1cc(C)c(OCC(O)COc2ccc(S(=O)(=O)c3ccc(OCC(O)COc4c(C)cc(S([*])(=O)=O)cc4C)cc3)cc2)c(C)c1,145.0,,GREA,418.15,,1,0.0,black
polymer_5522,[*]c1cc(C)c(ON2C(=O)c3ccc(Oc4ccc(C5(c6ccc(Oc7ccc8c(c7)C(=O)N(Oc7c(C)cc(C([*])(C)C)cc7C)C8=O)cc6)CCC(C(C)(C)C)CC5)cc4)cc3C2=O)c(C)c1,248.0,,GREA,521.15,,1,0.0,black
polymer_5523,[*]c1cc(C)c(OP(=O)(Oc2ccc(Br)cc2)Oc2c(C)cc(S([*])(=O)=O)cc2C)c(C)c1,162.0,,GREA,435.15,,1,0.0,black
polymer_5524,[*]c1cc(C)c(OP(=O)(Oc2ccc([N+](=O)[O-])cc2)Oc2c(C)cc(S([*])(=O)=O)cc2C)c(C)c1,173.0,,GREA,446.15,,1,0.0,black
polymer_5525,[*]c1cc(C)c(OP(=O)(Oc2ccccc2)Oc2c(C)cc(S([*])(=O)=O)cc2C)c(C)c1,142.0,,GREA,415.15,,1,0.0,black
polymer_5526,[*]c1cc(C)c(OS([*])(=O)=O)c(C)c1,153.0,,GREA,426.15,,1,0.0,black
polymer_5527,[*]c1cc(C)c(O[Si](C)(C)CC[Si](C)(C)Oc2c(C)cc([*])cc2C)c(C)c1,55.0,,GREA,328.15,,1,0.0,black
polymer_5528,[*]c1cc(C)c(O[Si](C)(C)O[Si](C)(C)O[Si](C)(C)O[Si](C)(C)Oc2c(C)cc([*])cc2C)c(C)c1,-16.0,,GREA,257.15,,1,0.0,black
polymer_5529,[*]c1cc(C)c(O[Si](C)(C)O[Si](C)(C)O[Si](C)(C)Oc2c(C)cc([*])cc2C)c(C)c1,14.0,,GREA,287.15,,1,0.0,black
polymer_5530,[*]c1cc(C)c(O[Si](C)(C)O[Si](C)(C)Oc2c(C)cc([*])cc2C)c(C)c1,55.0,,GREA,328.15,,1,0.0,black
polymer_5531,[*]c1cc(C)c(O[Si](C)(C)c2ccc([Si](C)(C)Oc3c(C)cc([*])cc3C)cc2)c(C)c1,67.0,,GREA,340.15,,1,0.0,black
polymer_5532,[*]c1cc(C)c(Oc2cc(N3C(=O)c4ccc(-c5ccc6c(c5)C(=O)N(c5cc(Oc7c(C)cc([*])cc7C)cc(C(F)(F)F)c5)C6=O)cc4C3=O)cc(C(F)(F)F)c2)c(C)c1,281.1,,GREA,554.25,,1,0.0,black
polymer_5533,[*]c1cc(C)c(Oc2cc(N3C(=O)c4ccc(C(=O)c5ccc6c(c5)C(=O)N(c5cc(Oc7c(C)cc([*])cc7C)cc(C(F)(F)F)c5)C6=O)cc4C3=O)cc(C(F)(F)F)c2)c(C)c1,265.4,,GREA,538.55,,1,0.0,black
polymer_5534,[*]c1cc(C)c(Oc2cc(N3C(=O)c4ccc(C(c5ccc6c(c5)C(=O)N(c5cc(Oc7c(C)cc([*])cc7C)cc(C(F)(F)F)c5)C6=O)(C(F)(F)F)C(F)(F)F)cc4C3=O)cc(C(F)(F)F)c2)c(C)c1,264.80000000000007,,GREA,537.95,,1,0.0,black
polymer_5535,[*]c1cc(C)c(Oc2cc(N3C(=O)c4ccc(Oc5ccc6c(c5)C(=O)N(c5cc(Oc7c(C)cc([*])cc7C)cc(C(F)(F)F)c5)C6=O)cc4C3=O)cc(C(F)(F)F)c2)c(C)c1,252.20000000000005,,GREA,525.35,,1,0.0,black
polymer_5536,[*]c1cc(C)c(Oc2ccc(-n3c(=O)c4cc5c(=O)n(-c6ccc(Oc7c(C)cc(C([*])c8cccc9ccccc89)cc7C)cc6)c(=O)c5cc4c3=O)cc2)c(C)c1,315.0,,GREA,588.15,,1,0.0,black
polymer_5537,[*]c1cc(C)c(Oc2ccc(C(=O)c3ccc(Oc4c(C)cc(C5([*])CCC6CCCCC6C5)cc4C)cc3)cc2)c(C)c1,251.0,,GREA,524.15,,1,0.0,black
polymer_5538,[*]c1cc(C)c(Oc2ccc(C(=O)c3ccc(Oc4c(C)cc([*])cc4C)cc3)cc2)c(C)c1,246.635,,GREA,519.785,,1,0.0,black
polymer_5539,[*]c1cc(C)c(Oc2ccc(C(=O)c3ccc4cc(C(=O)c5ccc(Oc6c(C)cc([*])cc6C)cc5)ccc4c3)cc2)c(C)c1,270.0,,GREA,543.15,,1,0.0,black
polymer_5540,[*]c1cc(C)c(Oc2ccc(C(=O)c3ccc4nc(C(=O)c5ccc(Oc6c(C)cc([*])cc6C)cc5)ccc4c3)cc2)c(C)c1,180.0,,GREA,453.15,,1,0.0,black
polymer_5541,[*]c1cc(C)c(Oc2ccc(C(=O)c3cccc(C(=O)c4ccc(Oc5c(C)cc(C6([*])CCC7CCCCC7C6)cc5C)cc4)c3)cc2)c(C)c1,224.0,,GREA,497.15,,1,0.0,black
polymer_5542,[*]c1cc(C)c(Oc2ccc(C(=O)c3cccc(C(=O)c4ccc(Oc5c(C)cc(C6([*])c7ccccc7-c7ccccc76)cc5C)cc4)c3)cc2)c(C)c1,229.0,,GREA,502.15,,1,0.0,black
polymer_5543,[*]c1cc(C)c(Oc2ccc(C(=O)c3ccccc3-c3ccccc3C(=O)c3ccc(Oc4c(C)cc([*])cc4C)cc3)cc2)c(C)c1,233.0,,GREA,506.15,,1,0.0,black
polymer_5544,[*]c1cc(C)c(Oc2ccc(N3C(=O)CC(Nc4ccc(Cc5ccc(NC6CC(=O)N(c7ccc(Oc8c(C)cc(C([*])c9cccnc9)cc8C)cc7)C6=O)cc5)cc4)C3=O)cc2)c(C)c1,201.0,,GREA,474.15,,1,0.0,black
polymer_5545,[*]c1cc(C)c(Oc2ccc(N3C(=O)CC(Nc4ccc(NC5CC(=O)N(c6ccc(Oc7c(C)cc(C([*])c8cccnc8)cc7C)cc6)C5=O)cc4)C3=O)cc2)c(C)c1,229.0,,GREA,502.15,,1,0.0,black
polymer_5546,[*]c1cc(C)c(Oc2ccc(N3C(=O)CC(Nc4cccc(NC5CC(=O)N(c6ccc(Oc7c(C)cc(C([*])c8cccnc8)cc7C)cc6)C5=O)c4)C3=O)cc2)c(C)c1,217.0,,GREA,490.15,,1,0.0,black
polymer_5547,[*]c1cc(C)c(Oc2ccc(N3C(=O)c4ccc(-c5ccc6c(c5)C(=O)N(c5ccc(Oc7c(C)cc(C([*])c8cccc9ccccc89)cc7C)cc5)C6=O)cc4C3=O)cc2)c(C)c1,289.5,,GREA,562.65,,1,0.0,black
polymer_5548,[*]c1cc(C)c(Oc2ccc(N3C(=O)c4ccc(C(=O)c5ccc6c(c5)C(=O)N(c5ccc(Oc7c(C)cc(C([*])c8cccc9ccccc89)cc7C)cc5)C6=O)cc4C3=O)cc2)c(C)c1,272.0,,GREA,545.15,,1,0.0,black
polymer_5549,[*]c1cc(C)c(Oc2ccc(N3C(=O)c4ccc(C(c5ccc6c(c5)C(=O)N(c5ccc(Oc7c(C)cc(C([*])c8cccc9ccccc89)cc7C)cc5)C6=O)(C(F)(F)F)C(F)(F)F)cc4C3=O)cc2)c(C)c1,308.0,,GREA,581.15,,1,0.0,black
polymer_5550,[*]c1cc(C)c(Oc2ccc(N3C(=O)c4ccc(Oc5ccc(C6(c7ccc(Oc8ccc9c(c8)C(=O)N(c8ccc(Oc%10c(C)cc(C([*])(C)C)cc%10C)cc8)C9=O)cc7)CCC(c7ccccc7)CC6)cc5)cc4C3=O)cc2)c(C)c1,232.0,,GREA,505.15,,1,0.0,black
polymer_5551,[*]c1cc(C)c(Oc2ccc(N3C(=O)c4ccc(Oc5ccccc5Oc5ccc6c(c5)C(=O)N(c5ccc(Oc7c(C)cc([*])cc7C)c(C(F)(F)F)c5)C6=O)cc4C3=O)cc2C(F)(F)F)c(C)c1,270.0,,GREA,543.15,,1,0.0,black
polymer_5552,[*]c1cc(C)c(Oc2ccc(NC(=O)c3ccc4c(c3)C(=O)N(c3ccc(Oc5ccc(C6(c7ccc(Oc8ccc(N9C(=O)c%10ccc(C(=O)Nc%11ccc(Oc%12c(C)cc(C([*])(C)C)cc%12C)cc%11)cc%10C9=O)cc8)cc7)CC7CC6C6CCCC76)cc5)cc3)C4=O)cc2)c(C)c1,276.0,,GREA,549.15,,1,0.0,black
polymer_5553,[*]c1cc(C)c(Oc2ccc(S(=O)(=O)c3ccc(Oc4c(C)cc(C([*])(C(F)(F)F)C(F)(F)F)cc4C)c(Br)c3)cc2Br)c(C)c1,230.8,,GREA,503.95,,1,0.0,black
polymer_5554,[*]c1cc(C)c(Oc2ccc(S(=O)(=O)c3ccc(Oc4c(C)cc(C([*])(C(F)(F)F)C(F)(F)F)cc4C)cc3)cc2)c(C)c1,248.0,,GREA,521.15,,1,0.0,black
polymer_5555,[*]c1cc(C)c(Oc2ccc(S(=O)(=O)c3ccc(Oc4c(C)cc(C([*])(C(F)(F)F)C(F)(F)F)cc4C)cc3C(O)(C(F)(F)F)C(F)(F)F)c(C(O)(C(F)(F)F)C(F)(F)F)c2)c(C)c1,196.0,,GREA,469.15,,1,0.0,black
polymer_5556,[*]c1cc(C)c(Oc2ccc(S(=O)(=O)c3ccc(Oc4c(C)cc(C([*])(C(F)(F)F)C(F)(F)F)cc4C)cc3[Si](C)(C)C)c([Si](C)(C)C)c2)c(C)c1,197.0,,GREA,470.15,,1,0.0,black
polymer_5557,[*]c1cc(C)c(Oc2ccc(S(=O)(=O)c3ccc(Oc4c(C)cc(C([*])(C)C)cc4C)cc3)cc2)c(C)c1,231.3,,GREA,504.45,,1,0.0,black
polymer_5558,[*]c1cc(C)c(Oc2ccc(S(=O)(=O)c3ccc(Oc4c(C)cc(C([*])(C)C)cc4C)cc3C(O)(C(F)(F)F)C(F)(F)F)c(C(O)(C(F)(F)F)C(F)(F)F)c2)c(C)c1,187.0,,GREA,460.15,,1,0.0,black
polymer_5559,[*]c1cc(C)c(Oc2ccc(S(=O)(=O)c3ccc(Oc4c(C)cc([*])cc4C)cc3)cc2)c(C)c1,280.20000000000005,,GREA,553.35,,1,0.0,black
polymer_5560,[*]c1cc(C)c(Oc2ccc(S(=O)(=O)c3ccc(Oc4cc(C)c(C5([*])OC(=O)c6ccccc65)cc4C)cc3)cc2)cc1C,269.0,,GREA,542.15,,1,0.0,black
polymer_5561,[*]c1cc(C)c(Oc2ccc(S(=O)(=O)c3ccc4cc(S(=O)(=O)c5ccc(Oc6c(C)cc([*])cc6C)cc5)ccc4c3)cc2)c(C)c1,280.0,,GREA,553.15,,1,0.0,black
polymer_5562,[*]c1cc(C)c(Oc2ccc(S(=O)(=O)c3cccc4c(S(=O)(=O)c5ccc(Oc6c(C)cc([*])cc6C)cc5)cccc34)cc2)c(C)c1,262.0,,GREA,535.15,,1,0.0,black
polymer_5563,[*]c1cc(C)c(Oc2ccc3c(c2)C(=O)N(c2c(C)cc(Cc4cc(C)c(N5C(=O)c6ccc(Oc7c(C)cc([*])cc7C)cc6C5=O)c(C)c4)cc2C)C3=O)c(C)c1,420.0,,GREA,693.15,,1,0.0,black
polymer_5564,[*]c1cc(C)c(Oc2ccc3c(c2)C(=O)N(c2ccc(-c4ccc(N5C(=O)c6ccc(Oc7c(C)cc(C([*])(C)C)cc7C)cc6C5=O)cc4C(F)(F)F)c(C(F)(F)F)c2)C3=O)c(C)c1,262.0,,GREA,535.15,,1,0.0,black
polymer_5565,[*]c1cc(C)c(Oc2ccc3c(c2)C(=O)N(c2ccc(Oc4ccc(C(c5ccc(Oc6ccc(N7C(=O)c8ccc(Oc9c(C)cc(C([*])(C)C)cc9C)cc8C7=O)cc6)cc5)(C(F)(F)F)C(F)(F)F)cc4)cc2)C3=O)c(C)c1,244.0,,GREA,517.15,,1,0.0,black
polymer_5566,[*]c1cc(C)c(Oc2ccc3c(c2)C(=O)N(c2ccc(Oc4ccc(C5(c6ccc(Oc7ccc(N8C(=O)c9ccc(Oc%10c(C)cc(C([*])(C)C)cc%10C)cc9C8=O)cc7)cc6)C6CC7CC(C6)CC5C7)cc4)cc2)C3=O)c(C)c1,282.0,,GREA,555.15,,1,0.0,black
polymer_5567,[*]c1cc(C)c(Oc2ccc3c(c2)C(=O)N(c2ccc(Oc4ccc(C5(c6ccc(Oc7ccc(N8C(=O)c9ccc(Oc%10c(C)cc(C([*])(C)C)cc%10C)cc9C8=O)cc7)cc6)CC6CC5C5CCCC65)cc4)cc2)C3=O)c(C)c1,262.0,,GREA,535.15,,1,0.0,black
polymer_5568,[*]c1cc(C)c(Oc2ccc3c(c2)C(=O)N(c2ccc(Oc4ccc(C5(c6ccc(Oc7ccc(N8C(=O)c9ccc(Oc%10c(C)cc(C([*])(C)C)cc%10C)cc9C8=O)cc7)cc6)CC6CCC5C6)cc4)cc2)C3=O)c(C)c1,265.0,,GREA,538.15,,1,0.0,black
polymer_5569,[*]c1cc(C)c(Oc2ccc3c(c2)C(=O)N(c2ccc(Oc4ccc(N5C(=O)c6ccc(Oc7c(C)cc([*])cc7C)cc6C5=O)cc4)cc2)C3=O)c(C)c1,299.0,,GREA,572.15,,1,0.0,black
polymer_5570,[*]c1cc(C)c(Oc2ccc3c(c2)C(=O)N(c2ccc(Oc4ccc(Oc5ccc(N6C(=O)c7ccc(Oc8c(C)cc(C([*])(C)C)cc8C)cc7C6=O)cc5)cc4C(C)(C)C)cc2)C3=O)c(C)c1,244.0,,GREA,517.15,,1,0.0,black
polymer_5571,[*]c1cc(C)c(Oc2ccc3c(c2)C(=O)N(c2cccc(N4C(=O)c5ccc(Oc6c(C)cc([*])cc6C)cc5C4=O)c2)C3=O)c(C)c1,295.0,,GREA,568.15,,1,0.0,black
polymer_5572,[*]c1cc(C)c(Oc2cccc3c2C(=O)N(c2c(C)cc(-c4cc(C)c(N5C(=O)c6cccc(Oc7c(C)cc([*])cc7C)c6C5=O)c(C)c4)cc2C)C3=O)c(C)c1,327.0,,GREA,600.15,,1,0.0,black
polymer_5573,[*]c1cc(C)c(Oc2cccc3c2C(=O)N(c2c(C)cc(C)c(N4C(=O)c5cccc(Oc6c(C)cc([*])cc6C)c5C4=O)c2C)C3=O)c(C)c1,325.0,,GREA,598.15,,1,0.0,black
polymer_5574,[*]c1cc(C)c(Oc2cccc3c2C(=O)N(c2c(C)cc(Cc4cc(C)c(N5C(=O)c6cccc(Oc7c(C)cc([*])cc7C)c6C5=O)c(C)c4)cc2C)C3=O)c(C)c1,289.0,,GREA,562.15,,1,0.0,black
polymer_5575,[*]c1cc(C)c(Oc2cccc3c2C(=O)N(c2ccc(Oc4ccc(-c5ccc(Oc6ccc(N7C(=O)c8cccc(Oc9c(C)cc([*])cc9C)c8C7=O)cc6)cc5)cc4)cc2)C3=O)c(C)c1,290.0,,GREA,563.15,,1,0.0,black
polymer_5576,[*]c1cc(C)c(Oc2cccc3c2C(=O)N(c2ccc(Oc4ccc(N5C(=O)c6cccc(Oc7c(C)cc([*])cc7C)c6C5=O)cc4)cc2)C3=O)c(C)c1,298.0,,GREA,571.15,,1,0.0,black
polymer_5577,[*]c1cc(C)c(Oc2cccc3c2C(=O)N(c2cccc(N4C(=O)c5cccc(Oc6c(C)cc([*])cc6C)c5C4=O)c2)C3=O)c(C)c1,311.0,,GREA,584.15,,1,0.0,black
polymer_5578,[*]c1cc(C)c(S(=O)(=O)c2c(C)cc(C([*])(C)C)cc2C)c(C)c1,230.0,,GREA,503.15,,1,0.0,black
polymer_5579,[*]c1cc(C)c([*])s1,114.20000000000005,,GREA,387.35,,1,0.0,black
polymer_5580,[*]c1cc(CC(=O)OCC)c([*])s1,56.700000000000045,,GREA,329.85,,1,0.0,black
polymer_5581,[*]c1cc(CC(=O)OCCCCCCOc2ccc(/N=N/c3ccc(C#N)cc3)cc2)c([*])s1,64.0,,GREA,337.15,,1,0.0,black
polymer_5582,[*]c1cc(CC(=O)OCCN(CC)c2ccc(/N=N/c3ccc([N+](=O)[O-])cc3)cc2)c([*])s1,102.0,,GREA,375.15,,1,0.0,black
polymer_5583,[*]c1cc(CCCCBr)c([*])s1,19.0,,GREA,292.15,,1,0.0,black
polymer_5584,[*]c1cc(CCCCCCCC)c(-c2ccc(C(=O)OCC(COc3ccc(/N=N/c4ccc(C#N)cc4)cc3)OC(=O)c3ccc([*])c(F)c3F)c(F)c2F)cc1CCCCCCCC,61.0,,GREA,334.15,,1,0.0,black
polymer_5585,[*]c1cc(CCCCCCOC(=O)COC)c([*])s1,37.0,,GREA,310.15,,1,0.0,black
polymer_5586,[*]c1cc(CCCCCCOC(=O)COc2ccccc2)c([*])s1,50.0,,GREA,323.15,,1,0.0,black
polymer_5587,[*]c1cc(CCCCCCOC(=O)Cc2ccccc2)c([*])s1,45.0,,GREA,318.15,,1,0.0,black
polymer_5588,[*]c1cc(CCCCCCO[Si](C)(C)C)c([*])s1,10.0,,GREA,283.15,,1,0.0,black
polymer_5589,[*]c1cc(CCOC(=O)C(C)Br)c([*])s1,49.0,,GREA,322.15,,1,0.0,black
polymer_5590,[*]c1cc(CCOC(=O)NCCCC)c([*])s1,67.5,,GREA,340.65,,1,0.0,black
polymer_5591,[*]c1cc(CCOCCOC)c([*])[nH]1,-42.99999999999997,,GREA,230.15,,1,0.0,black
polymer_5592,[*]c1cc(CCOc2ccc(/N=N/c3ccc(C#N)cc3)cc2)c([*])s1,73.0,,GREA,346.15,,1,0.0,black
polymer_5593,[*]c1cc(Cl)c(OC(=O)CCCCC(=O)Oc2c(Cl)cc(C([*])(C)C)cc2Cl)c(Cl)c1,100.0,,GREA,373.15,,1,0.0,black
polymer_5594,[*]c1cc(Cl)c(OC(=O)Oc2c(Cl)cc(C([*])(C)C)cc2Cl)c(Cl)c1,227.0,,GREA,500.15,,1,0.0,black
polymer_5595,[*]c1cc(Cl)c(OC(=O)c2ccc(OCCCCCCCCCCOc3ccc(C(=O)Oc4c(Cl)cc(C([*])(C)C)cc4Cl)cc3)cc2)c(Cl)c1,140.0,,GREA,413.15,,1,0.0,black
polymer_5596,[*]c1cc(Cl)c(OC2=C(Cl)C(=O)N(c3ccc(Cc4ccc(N5C(=O)C(Cl)=C(c6c(Cl)cc(C([*])(C)C)cc6Cl)C5=O)cc4)cc3)C2=O)c(Cl)c1,200.0,,Qiu,473.15,,1,0.0,black
polymer_5597,[*]c1cc(Cl)c(OCC(O)COc2c(Cl)cc(C([*])(C)C)cc2Cl)c(Cl)c1,135.0,,GREA,408.15,,1,0.0,black
polymer_5598,[*]c1cc(N2C(=O)C(=O)N(c3ccc(CCc4ccccc4N4C(=O)C(=O)N([*])C4=O)cc3)C2=O)ccc1C,255.0,,GREA,528.15,,1,0.0,black
polymer_5599,[*]c1cc(N2C(=O)c3cc(Cl)c(C(=O)c4cc5c(cc4Cl)C(=O)N([*])C5=O)cc3C2=O)cc(C(C)(C)C)c1,290.0,,GREA,563.15,,1,0.0,black
polymer_5600,[*]c1cc(N2C(=O)c3ccc(C(=O)Nc4ccc(Cc5ccc(NC(=O)c6ccc7c(c6)C(=O)N([*])C7=O)c(C)c5)cc4C)cc3C2=O)ccc1/N=N/c1ccc(C)cc1,257.0,,GREA,530.15,,1,0.0,black
polymer_5601,[*]c1cc(N2C(=O)c3ccc(C(=O)Nc4ccc(Cc5ccc(NC(=O)c6ccc7c(c6)C(=O)N([*])C7=O)cc5)cc4)cc3C2=O)ccc1/N=N/c1ccc(C)cc1,268.0,,GREA,541.15,,1,0.0,black
polymer_5602,[*]c1cc(N2C(=O)c3ccc(C(=O)Nc4ccc(Oc5ccc(C6(c7ccc(Oc8ccc(NC(=O)c9ccc%10c(c9)C(=O)N([*])C%10=O)cc8)cc7)NC(=O)c7ccccc76)cc5)cc4)cc3C2=O)ccc1C,315.0,,GREA,588.15,,1,0.0,black
polymer_5603,[*]c1cc(N2C(=O)c3ccc(C(=O)c4ccc5c(c4)C(=O)N([*])C5=O)cc3C2=O)c(C)cc1C,305.0,,GREA,578.15,,1,0.0,black
polymer_5604,[*]c1cc(N2C(=O)c3ccc(C(=O)c4ccc5c(c4)C(=O)N([*])C5=O)cc3C2=O)ccc1CP(=O)(OCC)OCC,218.0,,GREA,491.15,,1,0.0,black
polymer_5605,[*]c1cc(OC)c(OC(=O)CCCCCCCCC(=O)Oc2c(OC)cc([*])cc2OC)c(OC)c1,94.0,,GREA,367.15,,1,0.0,black
polymer_5606,[*]c1cc(OC)c(OC(=O)c2cccc(C(=O)Oc3c(OC)cc([*])cc3OC)c2)c(OC)c1,252.0,,GREA,525.15,,1,0.0,black
polymer_5607,[*]c1cc(OCCCC)c([*])cc1OCCCC,37.0,,GREA,310.15,,1,0.0,black
polymer_5608,[*]c1cc(OCCCC)cc(N2C(=O)c3ccc(C(=O)c4ccc5c(c4)C(=O)N([*])C5=O)cc3C2=O)c1,244.0,,GREA,517.15,,1,0.0,black
polymer_5609,[*]c1cc(OCCCC)cc(N2C(=O)c3ccc(C(c4ccc5c(c4)C(=O)N([*])C5=O)(C(F)(F)F)C(F)(F)F)cc3C2=O)c1,246.0,,GREA,519.15,,1,0.0,black
polymer_5610,[*]c1cc(OCCCC)cc(N2C(=O)c3ccc(Oc4ccc5c(c4)C(=O)N([*])C5=O)cc3C2=O)c1,237.0,,GREA,510.15,,1,0.0,black
polymer_5611,[*]c1cc(OCCCCCCCC)cc(N2C(=O)c3ccc(C(=O)c4ccc5c(c4)C(=O)N([*])C5=O)cc3C2=O)c1,195.0,,GREA,468.15,,1,0.0,black
polymer_5612,[*]c1cc(OCCCCCCCC)cc(N2C(=O)c3ccc(C(c4ccc5c(c4)C(=O)N([*])C5=O)(C(F)(F)F)C(F)(F)F)cc3C2=O)c1,195.0,,GREA,468.15,,1,0.0,black
polymer_5613,[*]c1cc(OCCCCCCCC)cc(N2C(=O)c3ccc(Oc4ccc5c(c4)C(=O)N([*])C5=O)cc3C2=O)c1,185.0,,GREA,458.15,,1,0.0,black
polymer_5614,[*]c1cc(OCCCCCCCCCCCC)cc(N2C(=O)c3ccc(C(=O)c4ccc5c(c4)C(=O)N([*])C5=O)cc3C2=O)c1,182.0,,GREA,455.15,,1,0.0,black
polymer_5615,[*]c1cc(OCCCCCCCCCCCC)cc(N2C(=O)c3ccc(C(c4ccc5c(c4)C(=O)N([*])C5=O)(C(F)(F)F)C(F)(F)F)cc3C2=O)c1,165.0,,GREA,438.15,,1,0.0,black
polymer_5616,[*]c1cc(OCCCCCCCCCCCC)cc(N2C(=O)c3ccc(Oc4ccc5c(c4)C(=O)N([*])C5=O)cc3C2=O)c1,162.0,,GREA,435.15,,1,0.0,black
polymer_5617,[*]c1cc(OCCCCCCCCCCCCCCCC)cc(N2C(=O)c3ccc(C(=O)c4ccc5c(c4)C(=O)N([*])C5=O)cc3C2=O)c1,179.0,,GREA,452.15,,1,0.0,black
polymer_5618,[*]c1cc(OCCCCCCCCCCCCCCCC)cc(N2C(=O)c3ccc(C(c4ccc5c(c4)C(=O)N([*])C5=O)(C(F)(F)F)C(F)(F)F)cc3C2=O)c1,161.0,,GREA,434.15,,1,0.0,black
polymer_5619,[*]c1cc(OCCCCCCCCCCCCCCCC)cc(N2C(=O)c3ccc(Oc4ccc5c(c4)C(=O)N([*])C5=O)cc3C2=O)c1,159.0,,GREA,432.15,,1,0.0,black
polymer_5620,[*]c1cc(OCCN(CC)c2ccc(/N=N/c3ccc([N+](=O)[O-])cc3)cc2)cc(N2C(=O)c3ccc(C(c4ccc5c(c4)C(=O)N([*])C5=O)(C(F)(F)F)C(F)(F)F)cc3C2=O)c1,210.0,,GREA,483.15,,1,0.0,black
polymer_5621,[*]c1cc(SCCCCCC)c([*])s1,32.0,,GREA,305.15,,1,0.0,black
polymer_5622,[*]c1cc(SCCCCCCCCCCCC)c([*])s1,33.0,,GREA,306.15,,1,0.0,black
polymer_5623,[*]c1cc([*])cc(-c2nc3ccccc3o2)c1,250.0,,GREA,523.15,,1,0.0,black
polymer_5624,[*]c1cc2c(OCC(CC)CCCC)c3sc(-c4sc([*])c5c(F)c(C(=O)OCC(CC)CCCC)sc45)cc3c(OCC(CC)CCCC)c2s1,40.0,,Xie,313.15,,1,0.0,black
polymer_5625,[*]c1cc2c(cc1-c1ccc(C(C)(C)C)cc1)C(=O)N(c1ccc(C(c3ccc(N4C(=O)c5cc([*])c(-c6ccc(C(C)(C)C)cc6)cc5C4=O)cc3)(C(F)(F)F)C(F)(F)F)cc1)C2=O,381.0,,GREA,654.15,,1,0.0,black
polymer_5626,[*]c1cc2c(cc1-c1ccc(C(C)(C)C)cc1)C(=O)N(c1ccc(Cc3ccc(N4C(=O)c5cc([*])c(-c6ccc(C(C)(C)C)cc6)cc5C4=O)cc3)cc1)C2=O,360.0,,GREA,633.15,,1,0.0,black
polymer_5627,[*]c1cc2c(cc1-c1ccc(C(C)(C)C)cc1)C(=O)N(c1ccc(Oc3ccc(N4C(=O)c5cc([*])c(-c6ccc(C(C)(C)C)cc6)cc5C4=O)cc3)cc1)C2=O,370.0,,GREA,643.15,,1,0.0,black
polymer_5628,[*]c1cc2c(cc1-c1ccc([Si](C)(C)C)cc1)C(=O)N(c1ccc(C(c3ccc(N4C(=O)c5cc([*])c(-c6ccc([Si](C)(C)C)cc6)cc5C4=O)cc3)(C(F)(F)F)C(F)(F)F)cc1)C2=O,365.0,,GREA,638.15,,1,0.0,black
polymer_5629,[*]c1cc2c(cc1-c1ccc([Si](C)(C)C)cc1)C(=O)N(c1ccc(Cc3ccc(N4C(=O)c5cc([*])c(-c6ccc([Si](C)(C)C)cc6)cc5C4=O)cc3)cc1)C2=O,348.0,,GREA,621.15,,1,0.0,black
polymer_5630,[*]c1cc2c(cc1-c1ccc([Si](C)(C)C)cc1)C(=O)N(c1ccc(Oc3ccc(N4C(=O)c5cc([*])c(-c6ccc([Si](C)(C)C)cc6)cc5C4=O)cc3)cc1)C2=O,348.0,,GREA,621.15,,1,0.0,black
polymer_5631,[*]c1cc2c(cc1C)-c1cc(C)c(N3C(=O)c4ccc(-c5ccc6c(c5)C(=O)N([*])C6=O)cc4C3=O)cc1S2(=O)=O,490.0,,GREA,763.15,,1,0.0,black
polymer_5632,[*]c1cc2c(s1)c1sc(-c3sc(-c4ccc(-c5cc(CCCCCC)c([*])s5)c5nsnc45)cc3CCCCCC)cc1n2CC(CC)CCCC,90.0,,Xie,363.15,,1,0.0,black
polymer_5633,[*]c1ccc(-c2c(-c3ccc(-c4ccccc4)cc3)cc(-c3ccc(OCCCCCCCCCCOc4ccc(-c5cc(-c6ccc(-c7ccccc7)cc6)c(-c6ccc(-n7c(=O)c8cc9c(=O)n([*])c(=O)c9cc8c7=O)cc6)c(-c6ccc(-c7ccccc7)cc6)c5)cc4)cc3)cc2-c2ccc(-c3ccccc3)cc2)cc1,121.0,,GREA,394.15,,1,0.0,black
polymer_5634,[*]c1ccc(-c2c(-c3ccc(-c4ccccc4)cc3)cc(-c3ccc(OCCCCCCOc4ccc(-c5cc(-c6ccc(-c7ccccc7)cc6)c(-c6ccc(-n7c(=O)c8cc9c(=O)n([*])c(=O)c9cc8c7=O)cc6)c(-c6ccc(-c7ccccc7)cc6)c5)cc4)cc3)cc2-c2ccc(-c3ccccc3)cc2)cc1,128.5,,GREA,401.65,,1,0.0,black
polymer_5635,[*]c1ccc(-c2c(-c3ccccc3)nc3ccc(-c4ccc5nc(-c6ccccc6)c([*])c(-c6ccccc6)c5c4)cc3c2-c2ccccc2)cc1,370.0,,GREA,643.15,,1,0.0,black
polymer_5636,[*]c1ccc(-c2c(-c3ccccc3)nc3ccc(Oc4ccc5nc(-c6ccccc6)c([*])c(-c6ccccc6)c5c4)cc3c2-c2ccccc2)cc1,311.0,,GREA,584.15,,1,0.0,black
polymer_5637,[*]c1ccc(-c2cc(-c3ccc(OCC(CC)CCCC)cc3)cc(-c3ccc(-c4ccc5c(c4)C(CCCCCC)(CCCCCC)c4cc([*])ccc4-5)cc3)c2-c2ccc(OCC(CC)CCCC)cc2)cc1,110.0,,GREA,383.15,,1,0.0,black
polymer_5638,[*]c1ccc(-c2cc(-c3ccccc3)c(/N=C/c3ccc(C=Nc4c(-c5ccccc5)cc([*])cc4-c4ccccc4)cc3)c(-c3ccccc3)c2)cc1,300.0,,GREA,573.15,,1,0.0,black
polymer_5639,[*]c1ccc(-c2cc(-c3ccccc3)c3cc(-c4ccc5nc(-c6ccc(C7([*])c8ccccc8C(=O)c8ccccc87)cc6)cc(-c6ccccc6)c5c4)ccc3n2)cc1,417.0,,GREA,690.15,,1,0.0,black
polymer_5640,[*]c1ccc(-c2cc(-c3ccccc3)c3cc(-c4ccc5nc([*])cc(-c6ccccc6)c5c4)ccc3n2)cc1,395.0,,GREA,668.15,,1,0.0,black
polymer_5641,[*]c1ccc(-c2cc(-c3ccccc3)c3cc(C4(c5ccc6nc(-c7ccc(C8([*])c9ccccc9C(=O)c9ccccc98)cc7)cc(-c7ccccc7)c6c5)c5ccccc5-c5ccccc54)ccc3n2)cc1,385.0,,GREA,658.15,,1,0.0,black
polymer_5642,[*]c1ccc(-c2cc(-c3ccccc3)c3cc(C4(c5ccc6nc(-c7ccc(C8([*])c9ccccc9C(=O)c9ccccc98)cc7)cc(-c7ccccc7)c6c5)c5ccccc5C(=O)c5ccccc54)ccc3n2)cc1,390.0,,GREA,663.15,,1,0.0,black
polymer_5643,[*]c1ccc(-c2cc(-c3ccccc3)c3cc(Oc4ccc5nc(-c6ccc(C([*])(C(F)(F)F)C(F)(F)F)cc6)cc(-c6ccccc6)c5c4)ccc3n2)cc1,260.0,,GREA,533.15,,1,0.0,black
polymer_5644,[*]c1ccc(-c2cc(-c3ccccc3)c3cc(Oc4ccc5nc(-c6ccc(C7([*])c8ccccc8C(=O)c8ccccc87)cc6)cc(-c6ccccc6)c5c4)ccc3n2)cc1,340.0,,GREA,613.15,,1,0.0,black
polymer_5645,[*]c1ccc(-c2cc(CCCCCCBr)c([*])s2)s1,51.0,,GREA,324.15,,1,0.0,black
polymer_5646,[*]c1ccc(-c2cc(CCCCCCOC(=O)COc3ccccc3)c([*])s2)s1,79.0,,GREA,352.15,,1,0.0,black
polymer_5647,[*]c1ccc(-c2cc3ccc4ccccc4c3cc2-c2ccc(N([*])c3ccc(C)cc3)cc2)cc1,126.0,,GREA,399.15,,1,0.0,black
polymer_5648,[*]c1ccc(-c2ccc(-c3c(-c4ccccc4)nc4ccc(Oc5ccc6nc(-c7ccccc7)c([*])c(-c7ccccc7)c6c5)cc4c3-c3ccccc3)cc2)cc1,330.0,,GREA,603.15,,1,0.0,black
polymer_5649,[*]c1ccc(-c2ccc(-c3cc(-c4ccc(Oc5ccc(-c6cc([*])nc7ccccc67)cc5)cc4)c4ccccc4n3)cc2)cc1,326.0,,GREA,599.15,,1,0.0,black
polymer_5650,[*]c1ccc(-c2ccc(-c3cc(-c4ccccc4)c4cc(-c5ccc6nc([*])cc(-c7ccccc7)c6c5)ccc4n3)cc2)cc1,360.0,,GREA,633.15,,1,0.0,black
polymer_5651,[*]c1ccc(-c2ccc(-c3cc(-c4ccccc4)c4cc(C5(c6ccc7nc([*])cc(-c8ccccc8)c7c6)c6ccccc6-c6ccccc65)ccc4n3)cc2)cc1,380.0,,GREA,653.15,,1,0.0,black
polymer_5652,[*]c1ccc(-c2ccc(-c3cc(-c4ccccc4)c4cc5c(-c6ccccc6)cc([*])nc5cc4n3)cc2)cc1,392.0,,GREA,665.15,,1,0.0,black
polymer_5653,[*]c1ccc(-c2ccc(-c3cc(-c4ccccc4)c4cc5nc([*])cc(-c6ccccc6)c5cc4n3)cc2)cc1,383.0,,GREA,656.15,,1,0.0,black
polymer_5654,[*]c1ccc(-c2ccc(-c3cc4c5c(c([*])cc6c5c3C(=O)N(CC(CCCCCCCC)CCCCCCCCCC)C6=O)C(=O)N(CC(CCCCCCCC)CCCCCCCCCC)C4=O)s2)s1,74.0,,Xie,347.15,,1,0.0,black
polymer_5655,[*]c1ccc(-c2ccc(-c3ccc(-c4cc(-c5ccccc5)c5cc(-c6ccc7nc([*])cc(-c8ccccc8)c7c6)ccc5n4)cc3)cc2)cc1,360.0,,GREA,633.15,,1,0.0,black
polymer_5656,[*]c1ccc(-c2ccc(-c3ccc(-c4cc(-c5ccccc5)c5cc(Oc6ccc7nc([*])cc(-c8ccccc8)c7c6)ccc5n4)cc3)cc2)cc1,300.0,,GREA,573.15,,1,0.0,black
polymer_5657,[*]c1ccc(-c2ccc(-c3ccc(-c4ccc(-c5cc(-c6ccccc6)c6cc(-c7ccc8nc([*])cc(-c9ccccc9)c8c7)ccc6n5)cc4)cc3)cc2)cc1,355.0,,GREA,628.15,,1,0.0,black
polymer_5658,[*]c1ccc(-c2ccc(-c3ccc(-c4ccc(-c5cc(-c6ccccc6)c6cc(Oc7ccc8nc([*])cc(-c9ccccc9)c8c7)ccc6n5)cc4)cc3)cc2)cc1,310.0,,GREA,583.15,,1,0.0,black
polymer_5659,[*]c1ccc(-c2ccc(-c3ccc(-c4ccc(-c5ccc([*])n5CCCCCCCCCCCC)s4)s3)s2)s1,54.0,,GREA,327.15,,1,0.0,black
polymer_5660,[*]c1ccc(-c2ccc(-c3ccc(-c4ccc(-c5ccc6c(c5)C(=O)N(c5ccc(Cc7ccc(N8C(=O)c9ccc([*])cc9C8=O)cc7)cc5)C6=O)cc4)cc3)cc2)cc1,244.0,,GREA,517.15,,1,0.0,black
polymer_5661,[*]c1ccc(-c2ccc(-c3ccc(-c4ccc(-c5ccc6c(c5)C(=O)N(c5ccc(Oc7ccc(N8C(=O)c9ccc([*])cc9C8=O)cc7)cc5)C6=O)cc4)cc3)cc2)cc1,244.0,,GREA,517.15,,1,0.0,black
polymer_5662,[*]c1ccc(-c2ccc(-c3ccc(-c4ccc(-c5ccc6c(c5)C(=O)N(c5cccc(N7C(=O)c8ccc([*])cc8C7=O)c5)C6=O)cc4)cc3)cc2)cc1,237.0,,GREA,510.15,,1,0.0,black
polymer_5663,[*]c1ccc(-c2ccc(-c3ccc(-c4ccc(N([*])c5ccc(C)cc5)cc4)c4c(C)ccc(C)c34)c3c(C)ccc(C)c23)cc1,148.0,,GREA,421.15,,1,0.0,black
polymer_5664,[*]c1ccc(-c2ccc(-c3ccc(-c4ccc([*])n4CCCCCCCCCCCC)s3)s2)s1,52.0,,GREA,325.15,,1,0.0,black
polymer_5665,[*]c1ccc(-c2ccc(-c3ccc(-c4ccc([Si](CCCC)(CCCC)[Si]([*])(CCCC)CCCC)s4)s3)s2)s1,-1.0,,GREA,272.15,,1,0.0,black
polymer_5666,[*]c1ccc(-c2ccc(-c3ccc(-c4ccc([Si]([*])(CCCC)CCCC)s4)s3)s2)s1,1.0,,GREA,274.15,,1,0.0,black
polymer_5667,[*]c1ccc(-c2ccc(-c3ccc(-n4c(=O)c5c(C(F)(F)F)c6c(=O)n([*])c(=O)c6c(C(F)(F)F)c5c4=O)cc3)cc2)cc1,364.0,,GREA,637.15,,1,0.0,black
polymer_5668,[*]c1ccc(-c2ccc(-c3ccc(-n4c(=O)c5cc6c(=O)n([*])c(=O)c6c(C(F)(F)F)c5c4=O)cc3)cc2)cc1,364.0,,GREA,637.15,,1,0.0,black
polymer_5669,[*]c1ccc(-c2ccc(-c3ccc(Oc4ccc(Sc5ccc(Oc6ccc([*])cc6C(F)(F)F)cc5)cc4)c(C(F)(F)F)c3)cc2)cc1,176.5,,GREA,449.65,,1,0.0,black
polymer_5670,[*]c1ccc(-c2ccc(-c3ccc([Si](C)(C)[Si]([*])(C)C)s3)s2)s1,45.0,,GREA,318.15,,1,0.0,black
polymer_5671,[*]c1ccc(-c2ccc(-c3ccc([Si](CCCC)(CCCC)[Si]([*])(CCCC)CCCC)s3)s2)s1,-5.0,,GREA,268.15,,1,0.0,black
polymer_5672,[*]c1ccc(-c2ccc(-c3ccc([Si]([*])(C)C)s3)s2)s1,45.0,,GREA,318.15,,1,0.0,black
polymer_5673,[*]c1ccc(-c2ccc(-c3ccc([Si]([*])(CCCC)CCCC)s3)s2)s1,30.0,,GREA,303.15,,1,0.0,black
polymer_5674,[*]c1ccc(-c2ccc(-c3cnc4cc(-c5ccc6nc([*])cnc6c5)ccc4n3)cc2)cc1,345.5,,GREA,618.65,,1,0.0,black
polymer_5675,[*]c1ccc(-c2ccc(-c3cnc4cc(Oc5ccc6nc([*])cnc6c5)ccc4n3)cc2)cc1,390.0,,GREA,663.15,,1,0.0,black
polymer_5676,[*]c1ccc(-c2ccc(-c3cnc4ccc(-c5ccc6ncc(-c7ccc([*])cc7)nc6c5)cc4n3)cc2)cc1,305.0,,GREA,578.15,,1,0.0,black
polymer_5677,[*]c1ccc(-c2ccc(-c3nc4ccc(-c5ccc6nc([*])c(-c7ccccc7)c(-c7ccccc7)c6c5)cc4c(-c4ccccc4)c3-c3ccccc3)cc2)cc1,420.0,,GREA,693.15,,1,0.0,black
polymer_5678,[*]c1ccc(-c2ccc(-c3nc4ccccc4c(-c4ccc(Oc5ccc(-c6c(-c7ccccc7)c([*])nc7ccccc67)cc5)cc4)c3-c3ccccc3)cc2)cc1,345.0,,GREA,618.15,,1,0.0,black
polymer_5679,[*]c1ccc(-c2ccc(-c3sc(-c4c(F)c(F)c(-c5cc(CC(CCCCCCCC)CCCCCCCCCC)c([*])s5)c5nsnc45)cc3CC(CCCCCCCC)CCCCCCCCCC)s2)s1,28.0,,Xie,301.15,,1,0.0,black
polymer_5680,[*]c1ccc(-c2ccc(-c3sc(-c4ccc([Si](C)(C)[Si](C)(C)[Si](C)(C)[Si](C)(C)[Si](C)(C)[Si](C)(C)[Si](C)(C)[Si](C)(C)c5ccc(-c6cc(CCCCCCCC)c([*])s6)s5)s4)cc3CCCCCCCC)s2)s1,13.0,,GREA,286.15,,1,0.0,black
polymer_5681,[*]c1ccc(-c2ccc(-c3sc(-c4ccc([Si](C)(C)[Si](C)(C)[Si](C)(C)[Si](C)(C)c5ccc(-c6cc(CCCCCCCC)c([*])s6)s5)s4)cc3CCCCCCCC)s2)s1,6.0,,GREA,279.15,,1,0.0,black
polymer_5682,[*]c1ccc(-c2ccc(-c3sc(-c4ccc([Si](C)(C)[Si](C)(C)c5ccc(-c6cc(CCCCCCCC)c([*])s6)s5)s4)cc3CCCCCCCC)s2)s1,12.0,,GREA,285.15,,1,0.0,black
polymer_5683,[*]c1ccc(-c2ccc(-c3sc(-c4ccc([Si](C)(C)c5ccc(-c6cc(CCCCCCCC)c([*])s6)s5)s4)cc3CCCCCCCC)s2)s1,31.0,,GREA,304.15,,1,0.0,black
polymer_5684,[*]c1ccc(-c2ccc(-c3sc(-c4ccc([Si](CCCC)(CCCC)[Si](CCCC)(CCCC)c5ccc(-c6cc(CCCCCCCC)c([*])s6)s5)s4)cc3CCCCCCCC)s2)s1,-10.0,,GREA,263.15,,1,0.0,black
polymer_5685,[*]c1ccc(-c2ccc(-c3sc(-c4ccc([Si](CCCC)(CCCC)c5ccc(-c6cc(CCCCCCCC)c([*])s6)s5)s4)cc3CCCCCCCC)s2)s1,-1.0,,GREA,272.15,,1,0.0,black
polymer_5686,[*]c1ccc(-c2ccc(-n3c(=O)c4c(C(F)(F)F)c5c(=O)n([*])c(=O)c5c(C(F)(F)F)c4c3=O)cc2C(F)(F)F)c(C(F)(F)F)c1,304.0,,GREA,577.15,,1,0.0,black
polymer_5687,[*]c1ccc(-c2ccc(-n3c(=O)c4c(C(F)(F)F)c5c(=O)n([*])c(=O)c5c(C(F)(F)F)c4c3=O)cc2C)c(C)c1,385.0,,GREA,658.15,,1,0.0,black
polymer_5688,[*]c1ccc(-c2ccc(-n3c(=O)c4cc5c(=O)n([*])c(=O)c5c(C(F)(F)F)c4c3=O)cc2C(F)(F)F)c(C(F)(F)F)c1,373.0,,GREA,646.15,,1,0.0,black
polymer_5689,[*]c1ccc(-c2ccc(-n3c(=O)c4cc5c(=O)n([*])c(=O)c5c(C(F)(F)F)c4c3=O)cc2C)c(C)c1,373.0,,GREA,646.15,,1,0.0,black
polymer_5690,[*]c1ccc(-c2ccc(-n3c(=O)c4cc5c(=O)n([*])c(=O)c5cc4c3=O)cc2F)c(F)c1,398.0,,GREA,671.15,,1,0.0,black
polymer_5691,[*]c1ccc(-c2ccc(-n3c(=O)c4cc5c(=O)n([*])c(=O)c5cc4c3=O)cc2OC)c(OC)c1,328.0,,GREA,601.15,,1,0.0,black
polymer_5692,[*]c1ccc(-c2ccc(C(=O)c3ccc4c(c3)C(=O)N(c3ccc(Cc5ccc(N6C(=O)c7ccc(C(=O)c8ccc(-c9ccc(C([*])(C)C)cc9)cc8)cc7C6=O)cc5)cc3)C4=O)cc2)cc1,216.0,,GREA,489.15,,1,0.0,black
polymer_5693,[*]c1ccc(-c2ccc(C([*])(C(F)(F)F)C(F)(F)F)cc2)cc1,264.0,,GREA,537.15,,1,0.0,black
polymer_5694,[*]c1ccc(-c2ccc(C3([*])CCCCC3)cc2)cc1,287.0,,GREA,560.15,,1,0.0,black
polymer_5695,[*]c1ccc(-c2ccc(C3([*])c4ccccc4-c4ccccc43)cc2)cc1,297.0,,GREA,570.15,,1,0.0,black
polymer_5696,[*]c1ccc(-c2ccc(N([*])c3cc(C(F)(F)F)cc(C(F)(F)F)c3)cc2)cc1,209.0,,GREA,482.15,,1,0.0,black
polymer_5697,[*]c1ccc(-c2ccc(N([*])c3ccc(C(F)(F)F)cc3)cc2)cc1,225.0,,GREA,498.15,,1,0.0,black
polymer_5698,[*]c1ccc(-c2ccc(N([*])c3ccc(C)cc3)cc2)cc1,85.0,,GREA,358.15,,1,0.0,black
polymer_5699,[*]c1ccc(-c2ccc(N([*])c3ccc(CCCC)cc3)cc2)cc1,180.0,,GREA,453.15,,1,0.0,black
polymer_5700,[*]c1ccc(-c2ccc(N(c3ccc(C)cc3)c3ccc(C(c4ccccc4)c4ccc(N([*])c5ccc(C)cc5)cc4)cc3)cc2)cc1,239.0,,GREA,512.15,,1,0.0,black
polymer_5701,[*]c1ccc(-c2ccc(N(c3ccc(OC)cc3)c3ccc4ccc(N([*])c5ccc(OC)cc5)cc4c3)cc2)cc1,232.0,,GREA,505.15,,1,0.0,black
polymer_5702,[*]c1ccc(-c2ccc(N(c3ccccc3)c3ccc(-c4ccc(N(c5ccccc5)c5ccc(-c6ccc(-n7c(=O)c8cc9c(=O)n([*])c(=O)c9cc8c7=O)cc6)cc5)cc4)cc3)cc2)cc1,220.0,,GREA,493.15,,1,0.0,black
polymer_5703,[*]c1ccc(-c2ccc(N3C(=O)c4c(c(-c5ccccc5)c(-c5ccc(Oc6ccc(-c7c(-c8ccccc8)c8c(c(-c9ccccc9)c7-c7ccccc7)C(=O)N([*])C8=O)cc6)cc5)c(-c5ccccc5)c4-c4ccccc4)C3=O)cc2)cc1,399.0,,GREA,672.15,,1,0.0,black
polymer_5704,[*]c1ccc(-c2ccc(N3C(=O)c4cc5c(cc4C3=O)C(C(F)(F)F)(C(F)(F)F)c3cc4c(cc3O5)C(=O)N([*])C4=O)cc2C(F)(F)F)c(C(F)(F)F)c1,420.0,,Qiu,693.15,,1,0.0,black
polymer_5705,[*]c1ccc(-c2ccc(N3C(=O)c4cc5c(cc4C3=O)C(C(F)(F)F)(C(F)(F)F)c3cc4c(cc3O5)C(=O)N([*])C4=O)cc2OC(C)(F)F)c(OC(C)(F)F)c1,363.0,,Qiu,636.15,,1,0.0,black
polymer_5706,[*]c1ccc(-c2ccc(N3C(=O)c4cc5c(cc4C3=O)C(C(F)(F)F)(C(F)(F)F)c3cc4c(cc3O5)C(=O)N([*])C4=O)cc2OC(F)(F)F)c(OC(F)(F)F)c1,375.0,,Qiu,648.15,,1,0.0,black
polymer_5707,[*]c1ccc(-c2ccc(N3C(=O)c4cc5c(cc4C3=O)C(c3ccccc3)(C(F)(F)F)c3cc4c(cc3O5)C(=O)N([*])C4=O)cc2C(F)(F)F)c(C(F)(F)F)c1,400.0,,Qiu,673.15,,1,0.0,black
polymer_5708,[*]c1ccc(-c2ccc(N3C(=O)c4cc5c(cc4C3=O)C(c3ccccc3)(C(F)(F)F)c3cc4c(cc3O5)C(=O)N([*])C4=O)cc2OC(F)(F)F)c(OC(F)(F)F)c1,400.0,,Qiu,673.15,,1,0.0,black
polymer_5709,[*]c1ccc(-c2ccc(N3C(=O)c4ccc(C(=O)Oc5c(C)cc(C(C)(C)c6cc(C)c(OC(=O)c7ccc8c(c7)C(=O)N([*])C8=O)c(C)c6)cc5C)cc4C3=O)cc2C)c(C)c1,182.0,,GREA,455.15,,1,0.0,black
polymer_5710,[*]c1ccc(-c2ccc(N3C(=O)c4ccc(C(=O)Oc5cc(OC(=O)c6ccc7c(c6)C(=O)N([*])C7=O)ccc5C56CC7CC(CC(C7)C5)C6)cc4C3=O)cc2C)c(C)c1,225.0,,GREA,498.15,,1,0.0,black
polymer_5711,[*]c1ccc(-c2ccc(N3C(=O)c4ccc(C(=O)Oc5ccc(C(C)(C)c6ccc(OC(=O)c7ccc8c(c7)C(=O)N([*])C8=O)cc6)cc5)cc4C3=O)cc2C)c(C)c1,166.0,,GREA,439.15,,1,0.0,black
polymer_5712,[*]c1ccc(-c2ccc(N3C(=O)c4ccc(C(=O)Oc5ccc(C6(c7ccc(OC(=O)c8ccc9c(c8)C(=O)N([*])C9=O)cc7)C7CC8CC(C7)CC6C8)cc5)cc4C3=O)cc2C)c(C)c1,222.0,,GREA,495.15,,1,0.0,black
polymer_5713,[*]c1ccc(-c2ccc(N3C(=O)c4ccc(C(=O)Oc5ccc(C6(c7ccc(OC(=O)c8ccc9c(c8)C(=O)N([*])C9=O)cc7)CC7CC6C6CCCC76)cc5)cc4C3=O)cc2C)c(C)c1,226.0,,GREA,499.15,,1,0.0,black
polymer_5714,[*]c1ccc(-c2ccc(N3C(=O)c4ccc(C(=O)Oc5ccc(C6(c7ccc(OC(=O)c8ccc9c(c8)C(=O)N([*])C9=O)cc7)CCC(C(C)(C)C)CC6)cc5)cc4C3=O)cc2C)c(C)c1,217.0,,GREA,490.15,,1,0.0,black
polymer_5715,[*]c1ccc(-c2ccc(N3C(=O)c4ccc(C(=O)Oc5ccc(C6(c7ccc(OC(=O)c8ccc9c(c8)C(=O)N([*])C9=O)cc7)CCCCCCCCCCC6)cc5)cc4C3=O)cc2C)c(C)c1,204.0,,GREA,477.15,,1,0.0,black
polymer_5716,[*]c1ccc(-c2ccc(N3C(=O)c4ccc(C(=O)c5ccc6c(c5)C(=O)N([*])C6=O)cc4C3=O)cc2C)c(C)c1,385.0,,GREA,658.15,,1,0.0,black
polymer_5717,[*]c1ccc(-c2ccc(N3C(=O)c4ccc(C(c5ccc6c(c5)C(=O)N([*])C6=O)(C(F)(F)F)C(F)(F)F)cc4C3=O)cc2-c2ccc(C)cc2)c(-c2ccc(C)cc2)c1,286.0,,Qiu,559.15,,1,0.0,black
polymer_5718,[*]c1ccc(-c2ccc(N3C(=O)c4ccc(C(c5ccc6c(c5)C(=O)N([*])C6=O)(C(F)(F)F)C(F)(F)F)cc4C3=O)cc2C#N)c(C#N)c1,331.0,,Qiu,604.15,,1,0.0,black
polymer_5719,[*]c1ccc(-c2ccc(N3C(=O)c4ccc(C(c5ccc6c(c5)C(=O)N([*])C6=O)(C(F)(F)F)C(F)(F)F)cc4C3=O)cc2C)c(C)c1,325.0,,Qiu,598.15,,1,0.0,black
polymer_5720,[*]c1ccc(-c2ccc(N3C(=O)c4ccc(Oc5ccc6c(c5)C(=O)N([*])C6=O)cc4C3=O)cc2C)c(C)c1,325.0,,GREA,598.15,,1,0.0,black
polymer_5721,[*]c1ccc(-c2ccc(N3C(=O)c4cccc(-c5ccc6c(c5)C(=O)N([*])C6=O)c4C3=O)cc2C)c(C)c1,372.0,,GREA,645.15,,1,0.0,black
polymer_5722,[*]c1ccc(-c2ccc(OCCCC)c(-c3cc([*])ccc3OCCCC)c2)cc1,164.0,,Xie,437.15,,1,0.0,black
polymer_5723,[*]c1ccc(-c2ccc(OCCCCCC)c(-c3cc([*])ccc3OCCCCCC)c2)cc1,117.0,,Xie,390.15,,1,0.0,black
polymer_5724,[*]c1ccc(-c2ccc(OCCCCCCCC)c(-c3cc([*])ccc3OCCCCCCCC)c2)cc1,87.0,,Xie,360.15,,1,0.0,black
polymer_5725,[*]c1ccc(-c2ccc(OCCCCCCCCCC)c(-c3cc([*])ccc3OCCCCCCCCCC)c2)cc1,58.0,,Xie,331.15,,1,0.0,black
polymer_5726,[*]c1ccc(-c2ccc(Oc3ccc(-c4ccc(Oc5ccc([*])cc5C(F)(F)F)cc4)cc3)c(C(F)(F)F)c2)cc1,203.5,,GREA,476.65,,1,0.0,black
polymer_5727,[*]c1ccc(-c2ccc(Oc3ccc(C(c4ccc(Oc5ccc([*])cc5C(F)(F)F)cc4)(C(F)(F)F)C(F)(F)F)cc3)c(C(F)(F)F)c2)cc1,207.5,,GREA,480.65,,1,0.0,black
polymer_5728,[*]c1ccc(-c2ccc(Oc3ccc(C4(c5ccc(Oc6ccc([*])cc6C(F)(F)F)cc5)c5ccccc5-c5ccccc54)cc3)c(C(F)(F)F)c2)cc1,237.0,,GREA,510.15,,1,0.0,black
polymer_5729,[*]c1ccc(-c2ccc(Oc3ccc(Sc4ccc(Oc5ccc([*])cc5C(F)(F)F)cc4)cc3)c(C(F)(F)F)c2)cc1,164.5,,GREA,437.65,,1,0.0,black
polymer_5730,[*]c1ccc(-c2ccc([Si](C)(C)[Si]([*])(C)C)s2)s1,45.0,,GREA,318.15,,1,0.0,black
polymer_5731,[*]c1ccc(-c2ccc([Si](C)(C)c3ccc4c(c3)C(=O)N(c3cccc(Cc5cccc(N6C(=O)c7ccc([Si]([*])(C)C)cc7C6=O)c5)c3)C4=O)cc2)cc1,285.0,,GREA,558.15,,1,0.0,black
polymer_5732,[*]c1ccc(-c2ccc([Si](CCCC)(CCCC)[Si]([*])(CCCC)CCCC)s2)s1,-19.99999999999997,,GREA,253.15,,1,0.0,black
polymer_5733,[*]c1ccc(-c2ccc([Si]([*])(C)C)s2)s1,45.0,,GREA,318.15,,1,0.0,black
polymer_5734,[*]c1ccc(-c2ccc([Si]([*])(CCCC)CCCC)s2)s1,-10.0,,GREA,263.15,,1,0.0,black
polymer_5735,[*]c1ccc(-c2ccc3c(c2)C(=O)N(CCCCCCCCCCCCN2C(=O)c4ccc([*])cc4C2=O)C3=O)cc1,86.0,,GREA,359.15,,1,0.0,black
polymer_5736,[*]c1ccc(-c2ccc3c(c2)C(=O)N(CCCCCCCCCCCN2C(=O)c4ccc([*])cc4C2=O)C3=O)cc1,89.0,,GREA,362.15,,1,0.0,black
polymer_5737,[*]c1ccc(-c2ccc3c(c2)C(=O)N(CCCCCCCCCCN2C(=O)c4ccc([*])cc4C2=O)C3=O)cc1,103.0,,GREA,376.15,,1,0.0,black
polymer_5738,[*]c1ccc(-c2ccc3c(c2)C(=O)N(CCCCCCCCCN2C(=O)c4ccc([*])cc4C2=O)C3=O)cc1,104.0,,GREA,377.15,,1,0.0,black
polymer_5739,[*]c1ccc(-c2ccc3c(c2)C(=O)N(CCCCCCCCN2C(=O)c4ccc([*])cc4C2=O)C3=O)cc1,120.0,,GREA,393.15,,1,0.0,black
polymer_5740,[*]c1ccc(-c2ccc3c(c2)C(=O)N(CCCCCCCN2C(=O)c4ccc([*])cc4C2=O)C3=O)cc1,135.0,,GREA,408.15,,1,0.0,black
polymer_5741,[*]c1ccc(-c2ccc3c(c2)C(=O)N(CCCCCCN2C(=O)c4ccc([*])cc4C2=O)C3=O)cc1,141.0,,GREA,414.15,,1,0.0,black
polymer_5742,[*]c1ccc(-c2ccc3c(c2)C(CCCCCC)(CCCCCC)c2cc(-c4ccc(-c5cc(-c6ccc(OCCCCCC)cc6)cc([*])c5-c5ccc(OCCCCCC)cc5)cc4)ccc2-3)cc1,118.0,,GREA,391.15,,1,0.0,black
polymer_5743,[*]c1ccc(-c2ccc3c(c2)C(CCCCCC)(CCCCCC)c2cc(-c4ccc(-c5cc(-c6ccc(OCCCCCCCCCCCC)cc6)cc([*])c5-c5ccc(OCCCCCCCCCCCC)cc5)cc4)ccc2-3)cc1,79.0,,GREA,352.15,,1,0.0,black
polymer_5744,[*]c1ccc(-c2ccc3c(c2)C(CCCCCC)(CCCCCC)c2cc([*])ccc2-3)cc1,106.20000000000005,,GREA,379.35,,1,0.0,black
polymer_5745,[*]c1ccc(-c2ccc3c(c2)C(CCCCCCBr)(CCCCCCBr)c2cc([*])ccc2-3)cc1,122.0,,GREA,395.15,,1,0.0,black
polymer_5746,[*]c1ccc(-c2ccc3c(c2)C(CCCCCCC#N)(CCCCCCC#N)c2cc([*])ccc2-3)cc1,90.0,,GREA,363.15,,1,0.0,black
polymer_5747,[*]c1ccc(-c2ccc3c(c2)C(CCCCCCCC)(CCCCCCCC)c2cc([*])ccc2-3)c(F)c1,34.0,,GREA,307.15,,1,0.0,black
polymer_5748,[*]c1ccc(-c2ccc3c(c2)C(CCCCCCCC)(CCCCCCCC)c2cc([*])ccc2-3)cc1,81.0,,GREA,354.15,,1,0.0,black
polymer_5749,[*]c1ccc(-c2ccc3ccc4ccc(-c5ccc(-c6cc(CCCCCC)c([*])cc6CCCCCC)cc5)nc4c3n2)cc1,190.0,,GREA,463.15,,1,0.0,black
polymer_5750,[*]c1ccc(-c2ccc3nc([*])cc(-c4ccccc4)c3c2)cc1,383.0,,GREA,656.15,,1,0.0,black
polymer_5751,[*]c1ccc(-c2ccn(-c3ccc(-n4ccc([*])n4)cc3)n2)cc1,75.0,,GREA,348.15,,1,0.0,black
polymer_5752,[*]c1ccc(-c2ccn(CCCCCCn3ccc([*])n3)n2)cc1,55.0,,GREA,328.15,,1,0.0,black
polymer_5753,[*]c1ccc(-c2cnc3cc(-c4ccc5nc([*])cnc5c4)ccc3n2)cc1,350.0,,GREA,623.15,,1,0.0,black
polymer_5754,[*]c1ccc(-c2cnc3cc(-c4ccc5ncc([*])nc5c4)ccc3n2)cc1,376.0,,GREA,649.15,,1,0.0,black
polymer_5755,[*]c1ccc(-c2cnc3cc(Oc4ccc5nc([*])cnc5c4)ccc3n2)cc1,306.0,,GREA,579.15,,1,0.0,black
polymer_5756,[*]c1ccc(-c2cnc3cc4nc([*])cnc4cc3n2)cc1,392.0,,GREA,665.15,,1,0.0,black
polymer_5757,[*]c1ccc(-c2cnc3cc4ncc([*])nc4cc3n2)cc1,392.0,,GREA,665.15,,1,0.0,black
polymer_5758,[*]c1ccc(-c2cnc3ccc(-c4ccc5ncc([*])nc5c4)cc3n2)cc1,376.0,,GREA,649.15,,1,0.0,black
polymer_5759,[*]c1ccc(-c2cnc3ccc(Oc4ccc5ncc([*])nc5c4)cc3n2)cc1,306.0,,GREA,579.15,,1,0.0,black
polymer_5760,[*]c1ccc(-c2nc3cc(-c4ccc5nc(-c6ccccc6)c(-c6ccc(-n7c(=O)c8cc9c(=O)n([*])c(=O)c9cc8c7=O)cc6)nc5c4)ccc3nc2-c2ccccc2)cc1,217.0,,GREA,490.15,,1,0.0,black
polymer_5761,[*]c1ccc(-c2nc3cc(-c4ccc5nc(-c6ccccc6)c(-c6ccc(N7C(=O)C8OC9C(=O)N([*])C(=O)C9C8C7=O)cc6)nc5c4)ccc3nc2-c2ccccc2)cc1,230.0,,GREA,503.15,,1,0.0,black
polymer_5762,[*]c1ccc(-c2nc3cc(-c4ccc5oc([*])nc5c4)ccc3o2)cc1,430.0,,GREA,703.15,,1,0.0,black
polymer_5763,[*]c1ccc(-c2nc3cc(C(c4ccc5oc(-c6ccc(C([*])(C(F)(F)F)C(F)(F)F)cc6)nc5c4)(C(F)(F)F)C(F)(F)F)ccc3o2)cc1,336.0,,GREA,609.15,,1,0.0,black
polymer_5764,[*]c1ccc(-c2nc3cc(C(c4ccc5oc(-c6ccc(C([*])(c7ccccc7)C(F)(F)F)cc6)nc5c4)(C(F)(F)F)C(F)(F)F)ccc3o2)cc1,310.0,,GREA,583.15,,1,0.0,black
polymer_5765,[*]c1ccc(-c2nc3cc(C(c4ccccc4)(c4ccc5oc(-c6ccc(C([*])(c7ccccc7)C(F)(F)F)cc6)nc5c4)C(F)(F)F)ccc3o2)cc1,330.0,,GREA,603.15,,1,0.0,black
polymer_5766,[*]c1ccc(-c2nc3cc(C)ccc3o2)c([*])c1,221.0,,GREA,494.15,,1,0.0,black
polymer_5767,[*]c1ccc(-c2nc3cc(Oc4ccc5nc(-c6ccccc6)c(-c6ccc(-n7c(=O)c8cc9c(=O)n([*])c(=O)c9cc8c7=O)cc6)nc5c4)ccc3nc2-c2ccccc2)cc1,274.0,,GREA,547.15,,1,0.0,black
polymer_5768,[*]c1ccc(-c2nc3cc(S(=O)(=O)c4ccc5nc(-c6ccccc6)c(-c6ccc(-n7c(=O)c8cc9c(=O)n([*])c(=O)c9cc8c7=O)cc6)nc5c4)ccc3nc2-c2ccccc2)cc1,186.0,,GREA,459.15,,1,0.0,black
polymer_5769,[*]c1ccc(-c2nc3cc4nc(-c5ccccc5)c([*])nc4cc3nc2-c2ccccc2)cc1,395.0,,GREA,668.15,,1,0.0,black
polymer_5770,[*]c1ccc(-c2nc3cc4nc([*])c(-c5ccccc5)nc4cc3nc2-c2ccccc2)cc1,395.0,,GREA,668.15,,1,0.0,black
polymer_5771,[*]c1ccc(-c2nc3cc4sc([*])nc4cc3s2)cc1,25.0,,GREA,298.15,,1,0.0,black
polymer_5772,[*]c1ccc(-c2nc3ccc(-c4ccc5nc(-c6ccc(C([*])(C(F)(F)F)C(F)(F)F)cc6)[nH]c5c4)cc3[nH]2)cc1,269.0,,GREA,542.15,,1,0.0,black
polymer_5773,[*]c1ccc(-c2nc3ccc(-c4ccc5nc(-c6ccc(C([*])(C(F)(F)F)C(F)(F)F)cc6)oc5c4)cc3o2)cc1,345.0,,GREA,618.15,,1,0.0,black
polymer_5774,[*]c1ccc(-c2nc3ccc(-c4ccc5nc(-c6ccc(C([*])(c7ccccc7)C(F)(F)F)cc6)oc5c4)cc3o2)cc1,350.0,,GREA,623.15,,1,0.0,black
polymer_5775,[*]c1ccc(-c2nc3ccc(-c4ccc5nc([*])c(-c6ccccc6)c(-c6ccccc6)c5c4)cc3c(-c3ccccc3)c2-c2ccccc2)cc1,400.0,,GREA,673.15,,1,0.0,black
polymer_5776,[*]c1ccc(-c2nc3ccc(Oc4ccc5nc([*])c(-c6ccccc6)c(-c6ccccc6)c5c4)cc3c(-c3ccccc3)c2-c2ccccc2)cc1,345.0,,GREA,618.15,,1,0.0,black
polymer_5777,[*]c1ccc(-c2nc3ccccc3o2)c([*])c1,229.0,,GREA,502.15,,1,0.0,black
polymer_5778,[*]c1ccc(-c2nnc(-c3ccc(-c4ccc(-c5nnc(-c6ccc([Si]([*])(c7ccccc7)c7ccccc7)cc6)o5)cc4)cc3)o2)cc1,278.0,,GREA,551.15,,1,0.0,black
polymer_5779,[*]c1ccc(-c2nnc(-c3ccc(-c4nnc(-c5ccc([Si]([*])(c6ccccc6)c6ccccc6)cc5)o4)c4ccccc34)o2)cc1,273.0,,GREA,546.15,,1,0.0,black
polymer_5780,[*]c1ccc(-c2nnc(-c3ccc(-c4nnc(-c5ccc([Si]([*])(c6ccccc6)c6ccccc6)cc5)o4)cc3)o2)cc1,274.0,,GREA,547.15,,1,0.0,black
polymer_5781,[*]c1ccc(-c2nnc(-c3ccc(-c4nnc(-c5ccc([Si]([*])(c6ccccc6)c6ccccc6)cc5)o4)nc3)o2)cc1,272.0,,GREA,545.15,,1,0.0,black
polymer_5782,[*]c1ccc(-c2nnc(-c3ccc(-c4nnc(-c5ccc([Si]([*])(c6ccccc6)c6ccccc6)cc5)o4)o3)o2)cc1,276.0,,GREA,549.15,,1,0.0,black
polymer_5783,[*]c1ccc(-c2nnc(-c3ccc(C4([*])OC(=O)c5ccccc54)cc3)o2)cc1,380.0,,GREA,653.15,,1,0.0,black
polymer_5784,[*]c1ccc(-c2nnc(-c3ccc([Si]([*])(c4ccccc4)c4ccccc4)cc3)o2)cc1,262.0,,GREA,535.15,,1,0.0,black
polymer_5785,[*]c1ccc(-c2nnc(-c3cccc(-c4nnc(-c5ccc([Si]([*])(c6ccccc6)c6ccccc6)cc5)o4)n3)o2)cc1,265.0,,GREA,538.15,,1,0.0,black
polymer_5786,[*]c1ccc(-c2nnc(-c3cccc(-c4nnc([*])n4-c4ccccc4)c3)n2-c2ccccc2)cc1,272.5,,GREA,545.65,,1,0.0,black
polymer_5787,[*]c1ccc(-c2nnc(-c3cncc(-c4nnc(-c5ccc([Si]([*])(c6ccccc6)c6ccccc6)cc5)o4)c3)o2)cc1,272.0,,GREA,545.15,,1,0.0,black
polymer_5788,[*]c1ccc(-c2nnc([*])o2)c(OCC)c1,231.0,,GREA,504.15,,1,0.0,black
polymer_5789,[*]c1ccc(-c2nnc([*])o2)c(OCCCCC)c1,205.0,,GREA,478.15,,1,0.0,black
polymer_5790,[*]c1ccc(-c2nnc([*])o2)c(OCCCCCCCC)c1,173.0,,GREA,446.15,,1,0.0,black
polymer_5791,[*]c1ccc(-c2nnc([*])o2)c(OCCCCCCCCCC)c1,165.0,,GREA,438.15,,1,0.0,black
polymer_5792,[*]c1ccc(-c2sc(-c3cc(CCCC)c([*])s3)cc2CCCC)cc1,122.30000000000001,,GREA,395.45,,1,0.0,black
polymer_5793,[*]c1ccc(-c2sc(-c3cc(CCCCCCCC)c([*])s3)cc2CCCCCCCC)cc1,50.400000000000034,,GREA,323.55,,1,0.0,black
polymer_5794,[*]c1ccc(-c2sc(-c3cc(CCCCCCCCCCCC)c([*])s3)cc2CCCCCCCCCCCC)cc1,59.60000000000002,,GREA,332.75,,1,0.0,black
polymer_5795,[*]c1ccc(-c2sc(-c3cc(SCCCC)c([*])s3)cc2SCCCC)cc1,129.0,,GREA,402.15,,1,0.0,black
polymer_5796,[*]c1ccc(-c2sc(-c3cc(SCCCCCCCC)c([*])s3)cc2SCCCCCCCC)cc1,55.30000000000001,,GREA,328.45,,1,0.0,black
polymer_5797,[*]c1ccc(-c2sc(-c3cc(SCCCCCCCCCCCC)c([*])s3)cc2SCCCCCCCCCCCC)cc1,65.40000000000003,,GREA,338.55,,1,0.0,black
polymer_5798,[*]c1ccc(-c2sc(-c3ccc(-c4cc(CCCC)c([*])s4)cc3)cc2CCCC)cc1,58.30000000000001,,GREA,331.45,,1,0.0,black
polymer_5799,[*]c1ccc(-c2sc(-c3ccc(-c4cc(CCCCCCCC)c([*])s4)cc3)cc2CCCCCCCC)cc1,-4.0,,GREA,269.15,,1,0.0,black
polymer_5800,[*]c1ccc(-c2sc(-c3ccc(-c4cc(CCCCCCCC)c([*])s4)cn3)cc2CCCCCCCC)cc1,16.200000000000045,,GREA,289.35,,1,0.0,black
polymer_5801,[*]c1ccc(-c2sc(-c3ccc(-c4cc(CCCCCCCCCCCC)c([*])s4)cc3)cc2CCCCCCCCCCCC)cc1,-19.19999999999999,,GREA,253.95,,1,0.0,black
polymer_5802,[*]c1ccc(-c2sc(-c3ccc(-c4cc(SCCCC)c([*])s4)cc3)cc2SCCCC)cc1,26.400000000000034,,GREA,299.55,,1,0.0,black
polymer_5803,[*]c1ccc(-c2sc(-c3ccc(-c4cc(SCCCCCCCC)c([*])s4)cc3)cc2SCCCCCCCC)cc1,-38.79999999999998,,GREA,234.35,,1,0.0,black
polymer_5804,[*]c1ccc(-c2sc(-c3ccc(-c4ccc(-c5cc(CCCCCCCC)c([*])s5)cc4)cc3)cc2CCCCCCCC)cc1,0.6000000000000227,,GREA,273.75,,1,0.0,black
polymer_5805,[*]c1ccc(-c2sc(-c3ccc(-n4c(=O)c5cc6c(=O)n([*])c(=O)c6cc5c4=O)cc3)c(-c3ccccc3)c2-c2ccccc2)cc1,460.0,,GREA,733.15,,1,0.0,black
polymer_5806,[*]c1ccc(-n2c(=O)c3cc4c(=O)n(-c5ccc(-c6cc(-c7ccc(OCCCC#N)cc7)cc([*])n6)cc5)c(=O)c4cc3c2=O)cc1,345.0,,GREA,618.15,,1,0.0,black
polymer_5807,[*]c1ccc(-n2c(=O)c3cc4c(=O)n(-c5ccc(N([*])c6ccc(C#N)cc6)cc5)c(=O)c4cc3c2=O)cc1,353.0,,GREA,626.15,,1,0.0,black
polymer_5808,[*]c1ccc(-n2c(=O)c3cc4c(=O)n(-c5ccc(Oc6c(C(C)(C)C)cc([*])cc6C(C)(C)C)c(C(F)(F)F)c5)c(=O)c4cc3c2=O)cc1,420.0,,GREA,693.15,,1,0.0,black
polymer_5809,[*]c1ccc(-n2c(=O)c3cc4c(=O)n(-c5ccc(Oc6c(C(C)(C)C)cc([*])cc6C(C)(C)C)cc5)c(=O)c4cc3c2=O)cc1,398.5,,GREA,671.65,,1,0.0,black
polymer_5810,[*]c1ccc(-n2c(=O)c3cc4c(=O)n([*])c(=O)c4cc3c2=O)cc1,417.0,,GREA,690.15,,1,0.0,black
polymer_5811,[*]c1ccc(-n2c(=O)c3cc4c(=O)n([*])c(=O)c4cc3c2=O)cc1S(=O)(=O)O[Na],227.0,,GREA,500.15,,1,0.0,black
polymer_5812,[*]c1ccc(-n2nccc2-c2ccc(-c3ccnn3-c3ccc(S([*])(=O)=O)cc3)cc2)cc1,266.0,,GREA,539.15,,1,0.0,black
polymer_5813,[*]c1ccc(-n2nccc2-c2cccc(-c3ccnn3-c3ccc(S([*])(=O)=O)cc3)c2)cc1,218.0,,GREA,491.15,,1,0.0,black
polymer_5814,[*]c1ccc(/C=C(\C#N)C(=O)NC2CCCCC2NC(=O)/C(C#N)=C/c2ccc(N(CC)c3ccc(Oc4ccc(N([*])CC)cc4)cc3)cc2)cc1,235.0,,GREA,508.15,,1,0.0,black
polymer_5815,[*]c1ccc(/C=C/c2ccc(-n3c(=O)c4cc5c(=O)n([*])c(=O)c5cc4c3=O)cc2S(=O)(=O)O[Na])c(S(=O)(=O)O[Na])c1,228.0,,GREA,501.15,,1,0.0,black
polymer_5816,[*]c1ccc(/C=N/c2ccc(Oc3ccc(/N=C/c4ccc(N([*])c5ccccc5)cc4)cc3)cc2)cc1,162.0,,GREA,435.15,,1,0.0,black
polymer_5817,[*]c1ccc(/C=N/c2ccc(Oc3cccc(Oc4ccc(/N=C/c5ccc(N([*])c6ccccc6)cc5)cc4)c3)cc2)cc1,174.0,,GREA,447.15,,1,0.0,black
polymer_5818,[*]c1ccc(/N=C/Nc2ccc(S([*])(=O)=O)cc2)cc1,163.0,,GREA,436.15,,1,0.0,black
polymer_5819,[*]c1ccc(/N=C/c2ccc(-c3ccc(-c4ccc(/C=N/c5ccc(C([*])c6ccccc6)cc5)cc4)s3)cc2)cc1,129.0,,GREA,402.15,,1,0.0,black
polymer_5820,[*]c1ccc(/N=C/c2ccc(OCCCCCCCCCCOc3ccc(/C=N/c4ccc([*])cc4OC)c(O)c3)cc2O)c(OC)c1,72.0,,GREA,345.15,,1,0.0,black
polymer_5821,[*]c1ccc(/N=N/c2ccc(OCC)cc2)cc1C(=O)OCCCCCCOC(=O)c1cc(/N=N/c2ccc(OCC)cc2)ccc1[*],83.0,,GREA,356.15,,1,0.0,black
polymer_5822,[*]c1ccc(/N=N/c2ccc(OCC)cc2)cc1C(=O)OCCCOC(=O)c1cc(/N=N/c2ccc(OCC)cc2)ccc1[*],101.0,,GREA,374.15,,1,0.0,black
polymer_5823,[*]c1ccc(/N=N/c2ccc(OCC)cc2)cc1C(=O)OCCOCCOCCOC(=O)c1cc(/N=N/c2ccc(OCC)cc2)ccc1[*],65.0,,GREA,338.15,,1,0.0,black
polymer_5824,[*]c1ccc(/N=N/c2ccc(OCC)cc2)cc1C(=O)Oc1ccc(-c2ccc(OC(=O)c3cc(/N=N/c4ccc(OCC)cc4)ccc3[*])cc2)cc1,165.0,,GREA,438.15,,1,0.0,black
polymer_5825,[*]c1ccc(/N=N/c2ccc(OCC)cc2)cc1C(=O)Oc1ccc(OC(=O)c2cc(/N=N/c3ccc(OCC)cc3)ccc2[*])cc1,170.0,,GREA,443.15,,1,0.0,black
polymer_5826,[*]c1ccc(C(=O)N2CCN(C(=O)c3ccc(C([*])(C)CC)cc3)CC2)cc1,232.0,,GREA,505.15,,1,0.0,black
polymer_5827,[*]c1ccc(C(=O)NCCCCCCNC(=O)c2ccc(C([*])(C)CC)cc2)cc1,164.0,,GREA,437.15,,1,0.0,black
polymer_5828,[*]c1ccc(C(=O)NCCCCCCNC(=O)c2ccc3c(c2)C([*])(C)CC3(C)C)cc1,190.0,,GREA,463.15,,1,0.0,black
polymer_5829,[*]c1ccc(C(=O)NCCCCNC(=O)c2ccc(C([*])(C)CC)cc2)cc1,182.0,,GREA,455.15,,1,0.0,black
polymer_5830,[*]c1ccc(C(=O)NCCN(CCNC(=O)c2ccc([Si]([*])(C)C)cc2)c2ccc(/C=C/c3ccc([N+](=O)[O-])cc3)cc2)cc1,150.0,,GREA,423.15,,1,0.0,black
polymer_5831,[*]c1ccc(C(=O)NCCN(CCNC(=O)c2ccc([Si]([*])(CCCC)CCCC)cc2)c2ccc(/C=C/c3ccc([N+](=O)[O-])cc3)cc2)cc1,115.0,,GREA,388.15,,1,0.0,black
polymer_5832,[*]c1ccc(C(=O)Nc2ccc(C(=O)Nc3ccc(-c4ccc(NC(=O)c5ccc(NC(=O)c6ccc([Si]([*])(C)C)cc6)cc5)cc4)cc3)cc2)cc1,320.0,,GREA,593.15,,1,0.0,black
polymer_5833,[*]c1ccc(C(=O)Nc2ccc(C(=O)Nc3ccc(-c4sc(-c5ccc(NC(=O)c6ccc(NC(=O)c7ccc([Si]([*])(C)C)cc7)cc6)cc5)c(-c5ccccc5)c4-c4ccccc4)cc3)cc2)cc1,337.0,,GREA,610.15,,1,0.0,black
polymer_5834,[*]c1ccc(C(=O)Nc2ccc(C(=O)Nc3ccc(Cc4ccc(NC(=O)c5ccc(NC(=O)c6ccc([Si]([*])(C)C)cc6)cc5)cc4)cc3)cc2)cc1,300.0,,GREA,573.15,,1,0.0,black
polymer_5835,[*]c1ccc(C(=O)Nc2ccc(C(=O)Nc3ccc(NC(=O)c4ccc(NC(=O)c5ccc([Si]([*])(C)C)cc5)cc4)cc3)cc2)cc1,338.0,,GREA,611.15,,1,0.0,black
polymer_5836,[*]c1ccc(C(=O)Nc2ccc(C(=O)Nc3ccc(Oc4ccc(NC(=O)c5ccc(NC(=O)c6ccc([Si]([*])(C)C)cc6)cc5)cc4)cc3)cc2)cc1,304.0,,GREA,577.15,,1,0.0,black
polymer_5837,[*]c1ccc(C(=O)Nc2ccc(C(=O)Nc3ccc(S(=O)(=O)c4ccc(NC(=O)c5ccc(NC(=O)c6ccc([Si]([*])(C)C)cc6)cc5)cc4)cc3)cc2)cc1,315.0,,GREA,588.15,,1,0.0,black
polymer_5838,[*]c1ccc(C(=O)Nc2ccc(C(=O)Nc3cccc(NC(=O)c4ccc(NC(=O)c5ccc([Si]([*])(C)C)cc5)cc4)c3)cc2)cc1,303.0,,GREA,576.15,,1,0.0,black
polymer_5839,[*]c1ccc(C(=O)Nc2ccc(C(=O)Nc3cccc4c(NC(=O)c5ccc(NC(=O)c6ccc([Si]([*])(C)C)cc6)cc5)cccc34)cc2)cc1,378.0,,GREA,651.15,,1,0.0,black
polymer_5840,[*]c1ccc(C(=O)Nc2ccc(C(c3ccc(NC(=O)c4ccc([*])cc4C)cc3)(C(F)(F)F)C(F)(F)F)cc2)c(C)c1,289.0,,GREA,562.15,,1,0.0,black
polymer_5841,[*]c1ccc(C(=O)Nc2ccc(C3(c4ccc(NC(=O)c5ccc([*])cc5C)cc4)c4ccccc4-c4ccccc43)cc2)c(C)c1,293.0,,GREA,566.15,,1,0.0,black
polymer_5842,[*]c1ccc(C(=O)Nc2ccc(NC(=O)c3ccc(C([*])(C(F)(F)F)C(F)(F)F)cc3C(=O)OCC)cc2)c(C(=O)OCC)c1,270.0,,GREA,543.15,,1,0.0,black
polymer_5843,[*]c1ccc(C(=O)Nc2ccc(OC(=O)c3ccc([Si]([*])(C)C)cc3)cc2)cc1,220.0,,GREA,493.15,,1,0.0,black
polymer_5844,[*]c1ccc(C(=O)Nc2ccc(Oc3ccc(C(C)(C)c4ccc(Oc5ccc(NC(=O)c6ccc([*])cc6C)cc5)cc4)cc3)cc2)c(C)c1,230.0,,GREA,503.15,,1,0.0,black
polymer_5845,[*]c1ccc(C(=O)Nc2ccc(Oc3ccc(Oc4ccc(NC(=O)c5ccc([*])cc5C)cc4)cc3)cc2)c(C)c1,219.0,,GREA,492.15,,1,0.0,black
polymer_5846,[*]c1ccc(C(=O)Nc2ccc(Oc3ccc(Oc4ccc(Oc5ccc(NC(=O)c6ccc([*])cc6C)cc5)cc4)cc3)cc2)c(C)c1,200.0,,GREA,473.15,,1,0.0,black
polymer_5847,[*]c1ccc(C(=O)Nc2ccc(Oc3ccc(S(=O)(=O)c4ccc(Oc5ccc(NC(=O)c6ccc([*])cc6C)cc5)cc4)cc3)cc2)c(C)c1,251.0,,GREA,524.15,,1,0.0,black
polymer_5848,[*]c1ccc(C(=O)Nc2ccc(Oc3cccc(Oc4ccc(NC(=O)c5ccc([*])cc5C)cc4)c3)cc2)c(C)c1,213.0,,GREA,486.15,,1,0.0,black
polymer_5849,[*]c1ccc(C(=O)Nc2cccc(OC(=O)c3ccc([Si]([*])(C)C)cc3)c2)cc1,220.0,,GREA,493.15,,1,0.0,black
polymer_5850,[*]c1ccc(C(=O)Nc2cccc(Oc3ccc(S(=O)(=O)c4ccc(Oc5cccc(NC(=O)c6ccc([*])cc6C)c5)cc4)cc3)c2)c(C)c1,220.0,,GREA,493.15,,1,0.0,black
polymer_5851,[*]c1ccc(C(=O)Nc2cccc(S(=O)(=O)c3cccc(NC(=O)c4ccc([*])cc4C)c3)c2)c(C)c1,260.0,,GREA,533.15,,1,0.0,black
polymer_5852,[*]c1ccc(C(=O)O)c(C(=O)Nc2ccc(Oc3ccc(NC(=O)c4cc([*])ccc4C(=O)O)cc3)cc2)c1,184.40000000000003,,GREA,457.55,,1,0.0,black
polymer_5853,[*]c1ccc(C(=O)OC(=O)c2ccc(C([*])(C)C)cc2)cc1,100.0,,GREA,373.15,,1,0.0,black
polymer_5854,[*]c1ccc(C(=O)OCC)c(C(=O)Nc2ccc(Oc3ccc(NC(=O)c4cc([*])ccc4C(=O)OCC)cc3)cc2)c1,190.15000000000003,,GREA,463.3,,1,0.0,black
polymer_5855,[*]c1ccc(C(=O)OCCCCOC(=O)c2ccc(C([*])(C)C)cc2)cc1,44.0,,GREA,317.15,,1,0.0,black
polymer_5856,[*]c1ccc(C(=O)OCCCCOC(=O)c2ccc([Si]([*])(C)C)cc2)cc1,42.0,,GREA,315.15,,1,0.0,black
polymer_5857,[*]c1ccc(C(=O)OCCN(CCOC(=O)c2ccc([Si]([*])(C)C)cc2)c2ccc(/C=C/c3ccc([N+](=O)[O-])cc3)cc2)cc1,127.0,,GREA,400.15,,1,0.0,black
polymer_5858,[*]c1ccc(C(=O)OCCOC(=O)c2ccc(C([*])(C)CC)cc2)cc1,95.0,,GREA,368.15,,1,0.0,black
polymer_5859,[*]c1ccc(C(=O)OCCOC(=O)c2ccc3c(c2)C([*])(C)CC3(C)C)cc1,154.0,,GREA,427.15,,1,0.0,black
polymer_5860,[*]c1ccc(C(=O)Oc2ccc(C(=O)c3ccc(OC(=O)c4ccc(C([*])(C)C)cc4)cc3)cc2)cc1,130.0,,GREA,403.15,,1,0.0,black
polymer_5861,[*]c1ccc(C(=O)Oc2ccc(C(C)(C)c3ccc(OC(=O)c4ccc(C([*])(C)CC)cc4)cc3)cc2)cc1,211.0,,GREA,484.15,,1,0.0,black
polymer_5862,[*]c1ccc(C(=O)Oc2ccc(C(C)(C)c3ccc(OC(=O)c4ccc5c(c4)C([*])(C)CC5(C)C)cc3)cc2)cc1,265.0,,GREA,538.15,,1,0.0,black
polymer_5863,[*]c1ccc(C(=O)Oc2ccc(C3(c4ccc(OC(=O)c5ccc([Si]([*])(C)C)cc5)cc4)OC(=O)c4ccccc43)cc2)cc1,214.0,,GREA,487.15,,1,0.0,black
polymer_5864,[*]c1ccc(C(=O)Oc2ccc(C3(c4ccc(OC(=O)c5ccc([Si]([*])(C)C)cc5)cc4)c4ccccc4C(=O)N3c3ccccc3)cc2)cc1,255.0,,GREA,528.15,,1,0.0,black
polymer_5865,[*]c1ccc(C(=O)Oc2ccc(Cc3ccc(OC(=O)c4ccc(C([*])(C)C)cc4)cc3)cc2)cc1,140.0,,GREA,413.15,,1,0.0,black
polymer_5866,[*]c1ccc(C(=O)Oc2ccc(OC(=O)c3ccc(C([*])(C)C)cc3)cc2)cc1,195.0,,GREA,468.15,,1,0.0,black
polymer_5867,[*]c1ccc(C(=O)Oc2ccc(OC(=O)c3ccc([Si]([*])(C)C)cc3)cc2)cc1,176.0,,GREA,449.15,,1,0.0,black
polymer_5868,[*]c1ccc(C(=O)Oc2ccc(S(=O)(=O)c3ccc(OC(=O)c4ccc([Si]([*])(C)C)cc4)cc3)cc2)cc1,235.0,,GREA,508.15,,1,0.0,black
polymer_5869,[*]c1ccc(C(=O)Oc2ccc3c(c2)Oc2cc(OC(=O)c4ccc5c(c4)C([*])(C)CC5(C)C)ccc2C3(C)C)cc1,297.0,,GREA,570.15,,1,0.0,black
polymer_5870,[*]c1ccc(C(=O)Oc2cccc(OC(=O)c3ccc(C([*])(C)C)cc3)c2)cc1,158.0,,GREA,431.15,,1,0.0,black
polymer_5871,[*]c1ccc(C(=O)Oc2cccc(OC(=O)c3ccc([Si]([*])(C)C)cc3)c2)cc1,134.0,,GREA,407.15,,1,0.0,black
polymer_5872,[*]c1ccc(C(=O)c2ccc(Oc3ccc(C(c4ccc(Oc5ccc(C(=O)c6ccc(C([*])(C)C)cc6)cc5)cc4)(C(F)(F)F)C(F)(F)F)cc3)cc2)cc1,179.0,,GREA,452.15,,1,0.0,black
polymer_5873,[*]c1ccc(C(=O)c2ccc(Sc3ccc(C(=O)c4ccc(C([*])(C)C)cc4)cc3)cc2)cc1,175.0,,GREA,448.15,,1,0.0,black
polymer_5874,[*]c1ccc(C(C#N)(C(=O)O)C([*])(C#N)C(=O)O)cc1,108.0,,GREA,381.15,,1,0.0,black
polymer_5875,[*]c1ccc(C(C#N)(C(=O)OC)C([*])(C#N)C(=O)OC)cc1,108.0,,GREA,381.15,,1,0.0,black
polymer_5876,[*]c1ccc(C(C#N)(C(=O)OCC(C)C)C([*])(C#N)C(=O)OCC(C)C)cc1,108.0,,GREA,381.15,,1,0.0,black
polymer_5877,[*]c1ccc(C(C#N)(C(=O)OCC)C([*])(C#N)C(=O)OCC)cc1,108.0,,GREA,381.15,,1,0.0,black
polymer_5878,[*]c1ccc(C(C#N)(C(=O)OCCCC)C([*])(C#N)C(=O)OCCCC)cc1,108.0,,GREA,381.15,,1,0.0,black
polymer_5879,[*]c1ccc(C(Cl)(Cl)C([*])Cl)cc1,160.0,,GREA,433.15,,1,0.0,black
polymer_5880,[*]c1ccc(C(F)(F)C([*])(F)F)cc1,76.95000000000005,,GREA,350.1,,1,0.0,black
polymer_5881,[*]c1ccc(C([*])C)cc1,93.0,,GREA,366.15,,1,0.0,black
polymer_5882,[*]c1ccc(C(c2ccc(C#N)cc2)c2ccc(N([*])c3ccc(C)cc3)cc2)cc1,230.0,,GREA,503.15,,1,0.0,black
polymer_5883,[*]c1ccc(C(c2ccc(N([*])c3ccc(C)cc3)cc2)c2ccc([N+](=O)[O-])cc2)cc1,215.0,,GREA,488.15,,1,0.0,black
polymer_5884,[*]c1ccc(C(c2ccc(N3C(=O)c4cc5c(cc4C3=O)C(C(F)(F)F)(C(F)(F)F)c3cc4c(cc3O5)C(=O)N([*])C4=O)cc2)(C(F)(F)F)C(F)(F)F)cc1,430.0,,GREA,703.15,,1,0.0,black
polymer_5885,[*]c1ccc(C(c2ccccc2)(c2ccc(-n3c(=O)c4cc5c(=O)n([*])c(=O)c5cc4c3=O)cc2)C(F)(F)F)cc1,436.0,,GREA,709.15,,1,0.0,black
polymer_5886,[*]c1ccc(C(c2ccccc2)c2ccc(-n3c(=O)c4cc5c(=O)n([*])c(=O)c5cc4c3=O)cc2)cc1,321.0,,GREA,594.15,,1,0.0,black
polymer_5887,[*]c1ccc(C(c2ccccc2)c2ccc(N([*])c3ccc(C)cc3)cc2)cc1,199.0,,GREA,472.15,,1,0.0,black
polymer_5888,[*]c1ccc(C)c(N2C(=O)C(=O)N(CCCCCCN3C(=O)C(=O)N([*])C3=O)C2=O)c1,181.5,,GREA,454.65,,1,0.0,black
polymer_5889,[*]c1ccc(C)c(N2C(=O)c3ccc(-c4ccc5c(c4)C(=O)N([*])C5=O)cc3C2=O)c1,395.0,,GREA,668.15,,1,0.0,black
polymer_5890,[*]c1ccc(C)c(N2C(=O)c3ccc(C(=O)Nc4ccc(Oc5ccc(-c6ccc(Oc7ccc(NC(=O)c8ccc9c(c8)C(=O)N([*])C9=O)cc7)cc6)cc5)cc4)cc3C2=O)c1,299.0,,GREA,572.15,,1,0.0,black
polymer_5891,[*]c1ccc(C)c(N2C(=O)c3ccc(C(=O)Nc4ccc(Oc5ccccc5-c5ccccc5Oc5ccc(NC(=O)c6ccc7c(c6)C(=O)N([*])C7=O)cc5)cc4)cc3C2=O)c1,266.0,,GREA,539.15,,1,0.0,black
polymer_5892,[*]c1ccc(C)c(N2C(=O)c3ccc(C(c4ccc5c(c4)C(=O)N([*])C5=O)(C(F)(F)F)C(F)(F)F)cc3C2=O)c1,335.0,,GREA,608.15,,1,0.0,black
polymer_5893,[*]c1ccc(C)c(N2C(=O)c3ccc(C(c4ccc5c(c4)C(=O)N(c4ccc(C([*])(C(F)(F)F)C(F)(F)F)cc4C)C5=O)(C(F)(F)F)C(F)(F)F)cc3C2=O)c1,266.0,,GREA,539.15,,1,0.0,black
polymer_5894,[*]c1ccc(C)c(N2C(=O)c3ccc(S(=O)(=O)c4ccc5c(c4)C(=O)N([*])C5=O)cc3C2=O)c1,348.0,,GREA,621.15,,1,0.0,black
polymer_5895,[*]c1ccc(C)c(NC(=O)OCCN(CCOC(=O)Nc2ccc(C)c(N3C(=O)c4ccc(C(c5ccc6c(c5)C(=O)N([*])C6=O)(C(F)(F)F)C(F)(F)F)cc4C3=O)c2)c2ccc(/N=N/c3ccc([N+](=O)[O-])cc3)cc2)c1,196.0,,GREA,469.15,,1,0.0,black
polymer_5896,[*]c1ccc(C)c(NC(=O)c2ccc(OC(=O)c3ccc(C(=O)Oc4ccc(C(=O)Nc5cc(C([*])(C(F)(F)F)C(F)(F)F)ccc5C)cc4)cc3)cc2)c1,213.0,,GREA,486.15,,1,0.0,black
polymer_5897,[*]c1ccc(C)c(S(=O)(=O)Oc2ccc(C3(c4ccc(OS([*])(=O)=O)cc4)CCCC3)cc2)c1,134.0,,GREA,407.15,,1,0.0,black
polymer_5898,[*]c1ccc(C)c(S(=O)(=O)Oc2ccc(C3(c4ccc(OS([*])(=O)=O)cc4)CCCCC3)cc2)c1,142.0,,GREA,415.15,,1,0.0,black
polymer_5899,[*]c1ccc(C2(c3ccc(-c4cc(-c5ccccc5)c5cc(-c6ccc7nc([*])cc(-c8ccccc8)c7c6)ccc5n4)cc3)c3ccccc3-c3ccccc32)cc1,420.0,,GREA,693.15,,1,0.0,black
polymer_5900,[*]c1ccc(C2(c3ccc(-c4cc(-c5ccccc5)c5cc(C6(c7ccc8nc([*])cc(-c9ccccc9)c8c7)c7ccccc7-c7ccccc76)ccc5n4)cc3)c3ccccc3-c3ccccc32)cc1,390.0,,GREA,663.15,,1,0.0,black
polymer_5901,[*]c1ccc(C2(c3ccc(-c4cc(-c5ccccc5)c5cc(Oc6ccc7nc([*])cc(-c8ccccc8)c7c6)ccc5n4)cc3)c3ccccc3-c3ccccc32)cc1,310.0,,GREA,583.15,,1,0.0,black
polymer_5902,[*]c1ccc(C2=C(c3ccc(-c4ccc5c(c4)C(CCCCCC)(CCCCCC)c4cc([*])ccc4-5)cc3)C(=O)N(CCCC)C2=O)cc1,155.0,,GREA,428.15,,1,0.0,black
polymer_5903,[*]c1ccc(C=Cc2ccc3c4ccc(C=Cc5ccc(N([*])c6ccc(OCC(CC)CCCC)cc6)cc5)cc4n(CC(CC)CCCC)c3c2)cc1,132.0,,GREA,405.15,,1,0.0,black
polymer_5904,[*]c1ccc(CCCCCCCCCCCCCCc2ccc(-c3c(-c4ccccc4)cc(-c4ccc(-c5cc(-c6ccccc6)c([*])c(-c6ccccc6)c5-c5ccccc5)cc4)c(-c4ccccc4)c3-c3ccccc3)cc2)cc1,185.0,,GREA,458.15,,1,0.0,black
polymer_5905,[*]c1ccc(CCCCCCCCCCCCCCc2ccc(-c3c(-c4ccccc4)cc(-c4cccc(-c5cc(-c6ccccc6)c([*])c(-c6ccccc6)c5-c5ccccc5)c4)c(-c4ccccc4)c3-c3ccccc3)cc2)cc1,160.0,,GREA,433.15,,1,0.0,black
polymer_5906,[*]c1ccc(CCCCCCCCCCc2ccc(-c3c(-c4ccccc4)cc(-c4ccc(-c5cc(-c6ccccc6)c([*])c(-c6ccccc6)c5-c5ccccc5)cc4)c(-c4ccccc4)c3-c3ccccc3)cc2)cc1,235.0,,GREA,508.15,,1,0.0,black
polymer_5907,[*]c1ccc(CCCCCCCCCCc2ccc(-c3c(-c4ccccc4)cc(-c4cccc(-c5cc(-c6ccccc6)c([*])c(-c6ccccc6)c5-c5ccccc5)c4)c(-c4ccccc4)c3-c3ccccc3)cc2)cc1,180.0,,GREA,453.15,,1,0.0,black
polymer_5908,[*]c1ccc(CCCCCCc2ccc(-c3c(-c4ccccc4)cc(-c4ccc(-c5cc(-c6ccccc6)c([*])c(-c6ccccc6)c5-c5ccccc5)cc4)c(-c4ccccc4)c3-c3ccccc3)cc2)cc1,250.0,,GREA,523.15,,1,0.0,black
polymer_5909,[*]c1ccc(CCCCCCc2ccc(-c3c(-c4ccccc4)cc(-c4cccc(-c5cc(-c6ccccc6)c([*])c(-c6ccccc6)c5-c5ccccc5)c4)c(-c4ccccc4)c3-c3ccccc3)cc2)cc1,215.0,,GREA,488.15,,1,0.0,black
polymer_5910,[*]c1ccc(CCCCc2ccc(-c3c(-c4ccccc4)cc(-c4ccc(-c5cc(-c6ccccc6)c([*])c(-c6ccccc6)c5-c5ccccc5)cc4)c(-c4ccccc4)c3-c3ccccc3)cc2)cc1,205.0,,GREA,478.15,,1,0.0,black
polymer_5911,[*]c1ccc(CCCCc2ccc(-c3c(-c4ccccc4)cc(-c4cccc(-c5cc(-c6ccccc6)c([*])c(-c6ccccc6)c5-c5ccccc5)c4)c(-c4ccccc4)c3-c3ccccc3)cc2)cc1,180.0,,GREA,453.15,,1,0.0,black
polymer_5912,[*]c1ccc(CCCc2ccc(-c3c(-c4ccccc4)cc(-c4ccc(-c5cc(-c6ccccc6)c([*])c(-c6ccccc6)c5-c5ccccc5)cc4)c(-c4ccccc4)c3-c3ccccc3)cc2)cc1,290.0,,GREA,563.15,,1,0.0,black
polymer_5913,[*]c1ccc(CCCc2ccc(-c3c(-c4ccccc4)cc(-c4cccc(-c5cc(-c6ccccc6)c([*])c(-c6ccccc6)c5-c5ccccc5)c4)c(-c4ccccc4)c3-c3ccccc3)cc2)cc1,240.0,,GREA,513.15,,1,0.0,black
polymer_5914,[*]c1ccc(CCc2ccc(N3C(=O)C(=O)N([*])C3=O)cc2)cc1,196.0,,GREA,469.15,,1,0.0,black
polymer_5915,[*]c1ccc(CCc2ccccc2N2C(=O)C(=O)N(CCCCCCN3C(=O)C(=O)N([*])C3=O)C2=O)cc1,137.0,,GREA,410.15,,1,0.0,black
polymer_5916,[*]c1ccc(CCc2ccccc2N2C(=O)C(=O)N(c3ccc(CCc4ccc(N5C(=O)C(=O)N([*])C5=O)cc4)cc3)C2=O)cc1,220.0,,GREA,493.15,,1,0.0,black
polymer_5917,[*]c1ccc(CN2C(=O)c3ccc(-c4ccc5c(c4)C(=O)N(Cc4ccc(C([*])(C)C)o4)C5=O)cc3C2=O)o1,129.0,,GREA,402.15,,1,0.0,black
polymer_5918,[*]c1ccc(CN2C(=O)c3ccc(C(c4ccc5c(c4)C(=O)N(Cc4ccc(C([*])(C)C)o4)C5=O)(C(F)(F)F)C(F)(F)F)cc3C2=O)o1,134.0,,GREA,407.15,,1,0.0,black
polymer_5919,[*]c1ccc(CN2C(=O)c3ccc(Oc4ccc5c(c4)C(=O)N(Cc4ccc(C([*])(C)C)o4)C5=O)cc3C2=O)o1,116.0,,GREA,389.15,,1,0.0,black
polymer_5920,[*]c1ccc(CN2C(=O)c3ccc(Oc4ccc5c(c4)C(=O)N(Cc4ccc(C([*])C)o4)C5=O)cc3C2=O)o1,129.0,,GREA,402.15,,1,0.0,black
polymer_5921,[*]c1ccc(CNC(=O)OC(c2ccco2)C(OC(=O)NCc2ccc(C([*])(C)C)o2)c2ccco2)o1,45.0,,GREA,318.15,,1,0.0,black
polymer_5922,[*]c1ccc(CNC(=O)OCC(OC(=O)NCc2ccc(C([*])(C)C)o2)c2ccco2)o1,20.0,,GREA,293.15,,1,0.0,black
polymer_5923,[*]c1ccc(CNC(=O)OCC(OC(=O)NCc2ccc(C([*])CCC)o2)c2ccco2)o1,43.0,,GREA,316.15,,1,0.0,black
polymer_5924,[*]c1ccc(CNC(=O)OCCOC(=O)NCc2ccc(C([*])(C)C)o2)o1,50.0,,GREA,323.15,,1,0.0,black
polymer_5925,[*]c1ccc(CNC(=O)OCc2ccc(COC(=O)NCc3ccc(C([*])(C)C)o3)o2)o1,55.0,,GREA,328.15,,1,0.0,black
polymer_5926,[*]c1ccc(CNC(=O)OCc2ccc(COCc3ccc(COC(=O)NCc4ccc(C([*])(C)C)o4)o3)o2)o1,39.0,,GREA,312.15,,1,0.0,black
polymer_5927,[*]c1ccc(CNC(=O)OCc2cocc2COC(=O)NCc2ccc(C([*])(C)C)o2)o1,25.0,,GREA,298.15,,1,0.0,black
polymer_5928,[*]c1ccc(Cc2ccc(-n3c(=O)c4cc5c(=O)n([*])c(=O)c5cc4c3=O)cc2)cc1,351.0,,GREA,624.15,,1,0.0,black
polymer_5929,[*]c1ccc(Cc2ccc(-n3nc(-c4ccccc4)cc3-c3ccc(-c4cc(-c5ccccc5)nn4[*])cc3)cc2)cc1,252.0,,GREA,525.15,,1,0.0,black
polymer_5930,[*]c1ccc(Cc2ccc(-n3nc(-c4ccccc4)cc3-c3cccc(-c4cc(-c5ccccc5)nn4[*])c3)cc2)cc1,225.0,,GREA,498.15,,1,0.0,black
polymer_5931,[*]c1ccc(Cc2ccc(-n3nccc3-c3ccc(-c4ccnn4[*])cc3)cc2)cc1,202.0,,GREA,475.15,,1,0.0,black
polymer_5932,[*]c1ccc(Cc2ccc(N(c3ccc(C)cc3)c3ccc(-c4ccc(N([*])c5ccc(C)cc5)cc4)cc3)cc2)cc1,183.0,,GREA,456.15,,1,0.0,black
polymer_5933,[*]c1ccc(Cc2ccc(N3C(=O)C(=O)N(CCCCCCN4C(=O)C(=O)N([*])C4=O)C3=O)cc2)cc1,158.0,,GREA,431.15,,1,0.0,black
polymer_5934,[*]c1ccc(Cc2ccc(N3C(=O)C(=O)N(c4ccccc4CCc4ccc(N5C(=O)C(=O)N([*])C5=O)cc4)C3=O)cc2)cc1,198.0,,GREA,471.15,,1,0.0,black
polymer_5935,[*]c1ccc(Cc2ccc(N3C(=O)C4CCC5C(=O)N([*])C(=O)C5C4C3=O)cc2)cc1,341.0,,GREA,614.15,,1,0.0,black
polymer_5936,[*]c1ccc(Cc2ccc(N3C(=O)CC(C)(SCCOCCSC4(C)CC(=O)N(c5ccc(Cc6ccc(N7C(=O)C(C)C(SCCOCCSC8C(=O)N([*])C(=O)C8C)C7=O)cc6)cc5)C4=O)C3=O)cc2)cc1,105.0,,GREA,378.15,,1,0.0,black
polymer_5937,[*]c1ccc(Cc2ccc(N3C(=O)N(c4ccc(Cc5ccc(N6C(=O)N([*])C(=O)C6(C)C)cc5)cc4)C(C)(C)C3=O)cc2)cc1,259.5,,GREA,532.65,,1,0.0,black
polymer_5938,[*]c1ccc(Cc2ccc(N3C(=O)c4c(c(-c5ccccc5)c(-c5ccc(Oc6ccc(-c7c(-c8ccccc8)c8c(c(-c9ccccc9)c7-c7ccccc7)C(=O)N([*])C8=O)cc6)cc5)c(-c5ccccc5)c4-c4ccccc4)C3=O)cc2)cc1,356.0,,GREA,629.15,,1,0.0,black
polymer_5939,[*]c1ccc(Cc2ccc(N3C(=O)c4ccc(-c5ccc6c(c5)C(=O)N([*])C6=O)cc4C3=O)c(C)c2C)c(C)c1C,297.0,,Qiu,570.15,,1,0.0,black
polymer_5940,[*]c1ccc(Cc2ccc(N3C(=O)c4ccc(Oc5ccc(Oc6ccc7c(c6)C(=O)N([*])C7=O)cc5)cc4C3=O)c(C)c2C)c(C)c1C,277.0,,GREA,550.15,,1,0.0,black
polymer_5941,[*]c1ccc(Cc2ccc(S([*])(=O)=O)cc2)cc1,227.5,,GREA,500.65,,1,0.0,black
polymer_5942,[*]c1ccc(Cc2ccc3c(c2)C(=O)N(c2cccc(N4C(=O)c5ccc(Oc6ccc(C([*])(C)C)cc6)cc5C4=O)c2)C3=O)cc1,215.0,,Qiu,488.15,,1,0.0,black
polymer_5943,[*]c1ccc(Cn2c(=O)c3cc4c(=O)n(Cc5ccc(C([*])(C)C)o5)c(=O)c4cc3c2=O)o1,138.0,,GREA,411.15,,1,0.0,black
polymer_5944,[*]c1ccc(Cn2c(=O)c3cc4c(=O)n(Cc5ccc(C([*])(C)CC)o5)c(=O)c4cc3c2=O)o1,143.0,,GREA,416.15,,1,0.0,black
polymer_5945,[*]c1ccc(Cn2c(=O)c3cc4c(=O)n(Cc5ccc(C([*])(C)CCC)o5)c(=O)c4cc3c2=O)o1,134.0,,GREA,407.15,,1,0.0,black
polymer_5946,[*]c1ccc(Cn2c(=O)c3cc4c(=O)n(Cc5ccc(C([*])C)o5)c(=O)c4cc3c2=O)o1,116.0,,GREA,389.15,,1,0.0,black
polymer_5947,[*]c1ccc(N(c2ccc(-c3ccc4c(c3)C(CCCCCCCC)(CCCCCCCC)c3cc([*])ccc3-4)cc2)c2ccc(C(C)CC)cc2)cc1,140.0,,Xie,413.15,,1,0.0,black
polymer_5948,[*]c1ccc(N(c2ccc(-c3ccc4c(c3)C(CCCCCCCC)(CCCCCCCC)c3cc([*])ccc3-4)cc2)c2ccc(N(c3ccc(C(C)(C)c4ccccc4)cc3)c3ccc(C(C)(C)c4ccccc4)cc3)cc2)cc1,137.0,,GREA,410.15,,1,0.0,black
polymer_5949,[*]c1ccc(N(c2ccc(C)cc2)c2ccc(C([*])c3ccc(C(=O)OC)cc3)cc2)cc1,222.0,,GREA,495.15,,1,0.0,black
polymer_5950,[*]c1ccc(N(c2ccc(C)cc2)c2ccc(C([*])c3ccc(OCCCC)cc3)cc2)cc1,170.0,,GREA,443.15,,1,0.0,black
polymer_5951,[*]c1ccc(N2C(=O)C3ON(C)C(c4ccc(C5C6C(=O)N([*])C(=O)C6ON5C)cc4)C3C2=O)cc1,67.0,,GREA,340.15,,1,0.0,black
polymer_5952,[*]c1ccc(N2C(=O)C3ON(C)C(c4ccc(OCCCCCCOc5ccc(C6C7C(=O)N([*])C(=O)C7ON6C)cc5)cc4)C3C2=O)cc1,52.0,,GREA,325.15,,1,0.0,black
polymer_5953,[*]c1ccc(N2C(=O)c3c(c(-c4ccccc4)c(-c4ccc(-c5c(-c6ccccc6)c6c(c(-c7ccccc7)c5-c5ccccc5)C(=O)N([*])C6=O)cc4)c(-c4ccccc4)c3-c3ccccc3)C2=O)cc1,466.0,,GREA,739.15,,1,0.0,black
polymer_5954,[*]c1ccc(N2C(=O)c3c(c(-c4ccccc4)c(-c4ccc(Oc5ccc(-c6c(-c7ccccc7)c7c(c(-c8ccccc8)c6-c6ccccc6)C(=O)N([*])C7=O)cc5)cc4)c(-c4ccccc4)c3-c3ccccc3)C2=O)cc1,371.0,,GREA,644.15,,1,0.0,black
polymer_5955,[*]c1ccc(N2C(=O)c3ccc(-c4ccc5c(c4)C(=O)N(c4ccc(-c6cc(-c7ccc(OCCCC#N)cc7)cc([*])n6)cc4)C5=O)cc3C2=O)cc1,360.0,,GREA,633.15,,1,0.0,black
polymer_5956,[*]c1ccc(N2C(=O)c3ccc(-c4ccc5c(c4)C(=O)N(c4ccc(N([*])c6ccc(C#N)cc6)cc4)C5=O)cc3C2=O)cc1,358.0,,GREA,631.15,,1,0.0,black
polymer_5957,[*]c1ccc(N2C(=O)c3ccc(-c4ccc5c(c4)C(=O)N(c4ccc(Oc6c(C(C)(C)C)cc([*])cc6C(C)(C)C)c(C(F)(F)F)c4)C5=O)cc3C2=O)cc1,389.0,,GREA,662.15,,1,0.0,black
polymer_5958,[*]c1ccc(N2C(=O)c3ccc(-c4ccc5c(c4)C(=O)N(c4ccc(Oc6c(C(C)(C)C)cc([*])cc6C(C)(C)C)cc4)C5=O)cc3C2=O)cc1,381.5,,GREA,654.65,,1,0.0,black
polymer_5959,[*]c1ccc(N2C(=O)c3ccc(-c4ccc5c(c4)C(=O)N(c4ccc([*])cc4C)C5=O)cc3C2=O)c(C)c1,302.0,,GREA,575.15,,1,0.0,black
polymer_5960,[*]c1ccc(N2C(=O)c3ccc(-c4cccc5c4C(=O)N(c4ccc([*])cc4C)C5=O)cc3C2=O)c(C)c1,384.0,,GREA,657.15,,1,0.0,black
polymer_5961,[*]c1ccc(N2C(=O)c3ccc(C(=O)Nc4ccc(C(c5ccc(NC(=O)c6ccc7c(c6)C(=O)N(c6ccc([*])cc6OC)C7=O)cc5)(C(F)(F)F)C(F)(F)F)cc4)cc3C2=O)c(OC)c1,250.0,,GREA,523.15,,1,0.0,black
polymer_5962,[*]c1ccc(N2C(=O)c3ccc(C(=O)Nc4ccc(C5(c6ccc(NC(=O)c7ccc8c(c7)C(=O)N(c7ccc([*])cc7OC)C8=O)cc6)c6ccccc6-c6ccccc65)cc4)cc3C2=O)c(OC)c1,181.0,,GREA,454.15,,1,0.0,black
polymer_5963,[*]c1ccc(N2C(=O)c3ccc(C(=O)c4ccc5c(c4)C(=O)N(c4ccc(-c6cc(-c7ccc(OC)cc7)cc([*])n6)cc4)C5=O)cc3C2=O)cc1,331.0,,GREA,604.15,,1,0.0,black
polymer_5964,[*]c1ccc(N2C(=O)c3ccc(C(=O)c4ccc5c(c4)C(=O)N(c4ccc(-c6cc(-c7ccc(OCCCC#N)cc7)cc([*])n6)cc4)C5=O)cc3C2=O)cc1,342.0,,GREA,615.15,,1,0.0,black
polymer_5965,[*]c1ccc(N2C(=O)c3ccc(C(=O)c4ccc5c(c4)C(=O)N(c4ccc(C(C)(C)c6ccc(C([*])(C)C)cc6)cc4)C5=O)cc3C2=O)cc1,322.0,,GREA,595.15,,1,0.0,black
polymer_5966,[*]c1ccc(N2C(=O)c3ccc(C(=O)c4ccc5c(c4)C(=O)N(c4ccc(C(C)(C)c6cccc(C([*])(C)C)c6)cc4)C5=O)cc3C2=O)cc1,316.5,,GREA,589.65,,1,0.0,black
polymer_5967,[*]c1ccc(N2C(=O)c3ccc(C(=O)c4ccc5c(c4)C(=O)N(c4ccc(N([*])c6ccc(C#N)cc6)cc4)C5=O)cc3C2=O)cc1,315.0,,GREA,588.15,,1,0.0,black
polymer_5968,[*]c1ccc(N2C(=O)c3ccc(C(=O)c4ccc5c(c4)C(=O)N(c4ccc(Oc6c(C(C)(C)C)cc([*])cc6C(C)(C)C)c(C(F)(F)F)c4)C5=O)cc3C2=O)cc1,362.0,,GREA,635.15,,1,0.0,black
polymer_5969,[*]c1ccc(N2C(=O)c3ccc(C(=O)c4ccc5c(c4)C(=O)N(c4ccc(Oc6c(C(C)(C)C)cc([*])cc6C(C)(C)C)cc4)C5=O)cc3C2=O)cc1,347.5,,GREA,620.65,,1,0.0,black
polymer_5970,[*]c1ccc(N2C(=O)c3ccc(C(=O)c4ccc5c(c4)C(=O)N(c4ccc([*])cc4C)C5=O)cc3C2=O)c(C)c1,365.0,,GREA,638.15,,1,0.0,black
polymer_5971,[*]c1ccc(N2C(=O)c3ccc(C(=O)c4ccc5c(c4)C(=O)N(c4ccc6c(c4)C([*])(C)CC6(C)C)C5=O)cc3C2=O)cc1,320.0,,GREA,593.15,,1,0.0,black
polymer_5972,[*]c1ccc(N2C(=O)c3ccc(C(c4ccc5c(c4)C(=O)N(c4ccc(-c6cc(-c7ccc(OCCCC#N)cc7)cc([*])n6)cc4)C5=O)(C(F)(F)F)C(F)(F)F)cc3C2=O)cc1,339.0,,GREA,612.15,,1,0.0,black
polymer_5973,[*]c1ccc(N2C(=O)c3ccc(C(c4ccc5c(c4)C(=O)N(c4ccc(C(C)(C)c6ccc(C([*])(C)C)cc6)cc4)C5=O)(C(F)(F)F)C(F)(F)F)cc3C2=O)cc1,235.40000000000003,,GREA,508.55,,1,0.0,black
polymer_5974,[*]c1ccc(N2C(=O)c3ccc(C(c4ccc5c(c4)C(=O)N(c4ccc(C([*])(C)C)cc4)C5=O)(C(F)(F)F)C(F)(F)F)cc3C2=O)cc1,310.0,,GREA,583.15,,1,0.0,black
polymer_5975,[*]c1ccc(N2C(=O)c3ccc(C(c4ccc5c(c4)C(=O)N(c4ccc(C6([*])c7ccccc7-c7ccccc76)cc4C(C)C)C5=O)(C(F)(F)F)C(F)(F)F)cc3C2=O)c(C(C)C)c1,299.0,,GREA,572.15,,1,0.0,black
polymer_5976,[*]c1ccc(N2C(=O)c3ccc(C(c4ccc5c(c4)C(=O)N(c4ccc(N([*])c6ccc(C#N)cc6)cc4)C5=O)(C(F)(F)F)C(F)(F)F)cc3C2=O)cc1,321.0,,GREA,594.15,,1,0.0,black
polymer_5977,[*]c1ccc(N2C(=O)c3ccc(C(c4ccc5c(c4)C(=O)N(c4ccc(Oc6c(C(C)(C)C)cc([*])cc6C(C)(C)C)c(C(F)(F)F)c4)C5=O)(C(F)(F)F)C(F)(F)F)cc3C2=O)cc1,362.5,,GREA,635.65,,1,0.0,black
polymer_5978,[*]c1ccc(N2C(=O)c3ccc(C(c4ccc5c(c4)C(=O)N(c4ccc(Oc6c(C(C)(C)C)cc([*])cc6C(C)(C)C)cc4)C5=O)(C(F)(F)F)C(F)(F)F)cc3C2=O)cc1,355.0,,GREA,628.15,,1,0.0,black
polymer_5979,[*]c1ccc(N2C(=O)c3ccc(C(c4ccc5c(c4)C(=O)N(c4ccc([*])cc4C)C5=O)(C(F)(F)F)C(F)(F)F)cc3C2=O)c(C)c1,352.0,,GREA,625.15,,1,0.0,black
polymer_5980,[*]c1ccc(N2C(=O)c3ccc(C(c4ccc5c(c4)C(=O)N(c4ccc([*])cc4OC(=O)/C=C/c4ccccc4)C5=O)(C(F)(F)F)C(F)(F)F)cc3C2=O)c(OC(=O)/C=C/c2ccccc2)c1,181.0,,GREA,454.15,,1,0.0,black
polymer_5981,[*]c1ccc(N2C(=O)c3ccc(C(c4ccc5c(c4)C(=O)N(c4ccc([*])cc4OCCN(CC)c4ccc(C(C#N)=C(C#N)C#N)cc4)C5=O)(C(F)(F)F)C(F)(F)F)cc3C2=O)c(OCCN(CC)c2ccc(C(C#N)=C(C#N)C#N)cc2)c1,222.0,,GREA,495.15,,1,0.0,black
polymer_5982,[*]c1ccc(N2C(=O)c3ccc(C(c4ccc5c(c4)C(=O)N(c4ccc([*])cc4OCCOc4ccc6c(C)cc(=O)oc6c4)C5=O)(C(F)(F)F)C(F)(F)F)cc3C2=O)c(OCCOc2ccc3c(C)cc(=O)oc3c2)c1,132.0,,GREA,405.15,,1,0.0,black
polymer_5983,[*]c1ccc(N2C(=O)c3ccc(C(c4ccc5c(c4)C(=O)N(c4cccc(C([*])(C)C)c4)C5=O)(C(F)(F)F)C(F)(F)F)cc3C2=O)cc1,260.0,,GREA,533.15,,1,0.0,black
polymer_5984,[*]c1ccc(N2C(=O)c3ccc(Oc4ccc(C(c5ccc(Oc6ccc7c(c6)C(=O)N(c6ccc(N([*])c8ccc(C#N)cc8)cc6)C7=O)cc5)(C(F)(F)F)C(F)(F)F)cc4)cc3C2=O)cc1,234.0,,GREA,507.15,,1,0.0,black
polymer_5985,[*]c1ccc(N2C(=O)c3ccc(Oc4ccc(C5(c6ccc(Oc7ccc8c(c7)C(=O)N(c7ccc(N([*])c9ccc(C#N)cc9)cc7)C8=O)cc6)CCCCC5)cc4)cc3C2=O)cc1,243.0,,GREA,516.15,,1,0.0,black
polymer_5986,[*]c1ccc(N2C(=O)c3ccc(Oc4ccc(C5(c6ccc(Oc7ccc8c(c7)C(=O)N(c7ccc(N([*])c9ccc(C#N)cc9)cc7)C8=O)cc6)c6ccccc6-c6ccccc65)cc4)cc3C2=O)cc1,279.0,,GREA,552.15,,1,0.0,black
polymer_5987,[*]c1ccc(N2C(=O)c3ccc(Oc4ccc(Oc5ccc6c(c5)C(=O)N(c5ccc(C([*])(C)C)cc5)C6=O)cc4)cc3C2=O)cc1,264.0,,GREA,537.15,,1,0.0,black
polymer_5988,[*]c1ccc(N2C(=O)c3ccc(Oc4ccc(Oc5ccc6c(c5)C(=O)N(c5ccc([*])cc5OC)C6=O)cc4)cc3C2=O)c(OC)c1,274.0,,GREA,547.15,,1,0.0,black
polymer_5989,[*]c1ccc(N2C(=O)c3ccc(Oc4ccc5c(c4)C(=O)N(c4ccc(-c6cc(-c7ccc(OCCCC#N)cc7)cc([*])n6)cc4)C5=O)cc3C2=O)cc1,315.0,,GREA,588.15,,1,0.0,black
polymer_5990,[*]c1ccc(N2C(=O)c3ccc(Oc4ccc5c(c4)C(=O)N(c4ccc(C([*])(C)C)cc4)C5=O)cc3C2=O)cc1,265.0,,GREA,538.15,,1,0.0,black
polymer_5991,[*]c1ccc(N2C(=O)c3ccc(Oc4ccc5c(c4)C(=O)N(c4ccc(N([*])c6ccc(C#N)cc6)cc4)C5=O)cc3C2=O)cc1,304.0,,GREA,577.15,,1,0.0,black
polymer_5992,[*]c1ccc(N2C(=O)c3ccc(Oc4ccc5c(c4)C(=O)N(c4ccc(Oc6c(C(C)(C)C)cc([*])cc6C(C)(C)C)c(C(F)(F)F)c4)C5=O)cc3C2=O)cc1,353.0,,GREA,626.15,,1,0.0,black
polymer_5993,[*]c1ccc(N2C(=O)c3ccc(Oc4ccc5c(c4)C(=O)N(c4ccc(Oc6c(C(C)(C)C)cc([*])cc6C(C)(C)C)cc4)C5=O)cc3C2=O)cc1,342.0,,GREA,615.15,,1,0.0,black
polymer_5994,[*]c1ccc(N2C(=O)c3ccc(Oc4ccc5cc(Oc6ccc7c(c6)C(=O)N(c6ccc(C(C)(C)c8ccc(C([*])(C)C)cc8)cc6)C7=O)ccc5c4)cc3C2=O)cc1,246.0,,GREA,519.15,,1,0.0,black
polymer_5995,[*]c1ccc(N2C(=O)c3ccc(Oc4ccc5cc(Oc6ccc7c(c6)C(=O)N(c6ccc(C([*])(C)C)cc6)C7=O)ccc5c4)cc3C2=O)cc1,236.0,,GREA,509.15,,1,0.0,black
polymer_5996,[*]c1ccc(N2C(=O)c3ccc(Oc4ccc5ccc(Oc6ccc7c(c6)C(=O)N(c6ccc(C(C)(C)c8ccc(C([*])(C)C)cc8)cc6)C7=O)cc5c4)cc3C2=O)cc1,246.0,,GREA,519.15,,1,0.0,black
polymer_5997,[*]c1ccc(N2C(=O)c3ccc(Oc4ccc5ccc(Oc6ccc7c(c6)C(=O)N(c6ccc(C([*])(C)C)cc6)C7=O)cc5c4)cc3C2=O)cc1,247.0,,GREA,520.15,,1,0.0,black
polymer_5998,[*]c1ccc(N2C(=O)c3ccc(Oc4cccc5c(Oc6ccc7c(c6)C(=O)N(c6ccc(C(C)(C)c8ccc(C([*])(C)C)cc8)cc6)C7=O)cccc45)cc3C2=O)cc1,253.0,,GREA,526.15,,1,0.0,black
polymer_5999,[*]c1ccc(N2C(=O)c3ccc(Oc4cccc5c(Oc6ccc7c(c6)C(=O)N(c6ccc(C([*])(C)C)cc6)C7=O)cccc45)cc3C2=O)cc1,265.0,,GREA,538.15,,1,0.0,black
polymer_6000,[*]c1ccc(N2C(=O)c3ccc(S(=O)(=O)c4ccc5c(c4)C(=O)N(c4ccc(Oc6c(C(C)(C)C)cc([*])cc6C(C)(C)C)c(C(F)(F)F)c4)C5=O)cc3C2=O)cc1,365.5,,GREA,638.65,,1,0.0,black
polymer_6001,[*]c1ccc(N2C(=O)c3ccc(S(=O)(=O)c4ccc5c(c4)C(=O)N(c4ccc(Oc6c(C(C)(C)C)cc([*])cc6C(C)(C)C)cc4)C5=O)cc3C2=O)cc1,354.5,,GREA,627.65,,1,0.0,black
polymer_6002,[*]c1ccc(N2C(=O)c3ccc4c5c(ccc(c35)C2=O)C(=O)N(c2ccc(Oc3c(C(C)(C)C)cc([*])cc3C(C)(C)C)c(C(F)(F)F)c2)C4=O)cc1,456.0,,GREA,729.15,,1,0.0,black
polymer_6003,[*]c1ccc(N=C2OC(=O)c3cc(Oc4ccc5c(c4)/C(=N\c4ccc(C(C)(C)c6ccc(C([*])(C)C)cc6)cc4)OC5=O)ccc32)cc1,249.0,,GREA,522.15,,1,0.0,black
polymer_6004,[*]c1ccc(NC(=C(C#N)C#N)c2ccc(C(Nc3ccc(C(C)(C)c4cccc(C([*])(C)C)c4)cc3)=C(C#N)C#N)cc2)cc1,208.0,,GREA,481.15,,1,0.0,black
polymer_6005,[*]c1ccc(NC(=O)Nc2ccc(NC(=O)Nc3ccc(-c4nc(C#N)c(C#N)nc4[*])cc3)cc2)cc1,248.70000000000005,,GREA,521.85,,1,0.0,black
polymer_6006,[*]c1ccc(NC(=O)OCCCCn2c3ccccc3c3cc(/C=C(\C#N)C(=O)OCCCCCCOC(=O)/C(C#N)=C/c4ccc5c(c4)c4ccccc4n5CCCCOC(=O)Nc4ccc([*])cc4C)ccc32)c(C)c1,113.0,,GREA,386.15,,1,0.0,black
polymer_6007,[*]c1ccc(NC(=O)OCCN(CCOC(=O)Nc2ccc([*])cc2C)c2ccc(/N=N/c3ccc([N+](=O)[O-])cc3)cc2)c(C)c1,119.5,,GREA,392.65,,1,0.0,black
polymer_6008,[*]c1ccc(NC(=O)OCCN(CCOC(=O)Nc2ccc([*])cc2OC)c2ccc(/N=N/c3ccc([N+](=O)[O-])cc3)cc2)c(OC)c1,140.0,,GREA,413.15,,1,0.0,black
polymer_6009,[*]c1ccc(NC(=O)c2cc(C(=O)Nc3ccc(C([*])(C)C)cc3)cc(N3C(=O)C4C5CCC(C5)C4C3=O)c2)cc1,311.0,,GREA,584.15,,1,0.0,black
polymer_6010,[*]c1ccc(NC(=O)c2cc(C(=O)Nc3ccc(C([*])(C)C)cc3)cc(N3C(=O)C4CC=CCC4C3=O)c2)cc1,308.0,,GREA,581.15,,1,0.0,black
polymer_6011,[*]c1ccc(NC(=O)c2cc(C(=O)Nc3ccc(C([*])(C)C)cc3)cc(N3C(=O)C=CC3=O)c2)cc1,303.0,,GREA,576.15,,1,0.0,black
polymer_6012,[*]c1ccc(NC(=O)c2cc(C(=O)Nc3ccc(C([*])(C)C)cc3)cc(S(=O)(=O)c3ccccc3)c2)cc1,287.0,,GREA,560.15,,1,0.0,black
polymer_6013,[*]c1ccc(NC(=O)c2cc(NC(=O)c3ccccc3)cc(C(=O)Nc3ccc(C([*])(C)C)cc3)c2)cc1,303.5,,GREA,576.65,,1,0.0,black
polymer_6014,[*]c1ccc(NC(=O)c2ccc(Oc3cc(C(C)(C)C)c(Oc4ccc(C(=O)Nc5ccc(C([*])(C)C)cc5C)cc4)cc3C(C)(C)C)cc2)c(C)c1,275.0,,GREA,548.15,,1,0.0,black
polymer_6015,[*]c1ccc(NC(=O)c2ccc(Oc3ccc4ccc(Oc5ccc(C(=O)Nc6ccc(C(C)(C)c7ccc(C([*])(C)C)cc7)cc6)cc5)cc4c3)cc2)cc1,155.0,,GREA,428.15,,1,0.0,black
polymer_6016,[*]c1ccc(NC(=O)c2ccc3c(c2)C(=O)N(c2ccc(C4([*])CC(C)CC(C)(C)C4)cc2)C3=O)cc1,328.0,,GREA,601.15,,1,0.0,black
polymer_6017,[*]c1ccc(NC(=O)c2ccc3c(c2)C(=O)N(c2ccc(C4([*])CCC(C(C)(C)C)CC4)cc2)C3=O)cc1,331.0,,GREA,604.15,,1,0.0,black
polymer_6018,[*]c1ccc(NC(=O)c2ccc3c(c2)C(=O)N(c2ccc(C4([*])CCC(C(C)(C)CC)CC4)cc2)C3=O)cc1,342.0,,GREA,615.15,,1,0.0,black
polymer_6019,[*]c1ccc(NC(=O)c2ccc3c(c2)C(=O)N(c2ccc(C4([*])CCC(C)CC4)cc2)C3=O)cc1,322.0,,GREA,595.15,,1,0.0,black
polymer_6020,[*]c1ccc(NC(=O)c2ccc3c(c2)C(=O)N(c2ccc(C4([*])CCC(CC)CC4)cc2)C3=O)cc1,312.0,,GREA,585.15,,1,0.0,black
polymer_6021,[*]c1ccc(NC(=O)c2ccc3c(c2)C(=O)N(c2ccc(Oc4cccc5c(N6C(=O)c7ccc(C(=O)Nc8ccc([*])cc8OC)cc7C6=O)cccc45)cc2)C3=O)c(OC)c1,304.0,,GREA,577.15,,1,0.0,black
polymer_6022,[*]c1ccc(NC(=O)c2cccc(C(=O)Nc3ccc(C([*])(C)C)cc3)c2)cc1,279.0,,GREA,552.15,,1,0.0,black
polymer_6023,[*]c1ccc(NC(=O)c2cccc(C(=O)Nc3ccc([*])cc3OC)c2)c(OC)c1,218.20000000000005,,GREA,491.35,,1,0.0,black
polymer_6024,[*]c1ccc(NC(=S)N=Cc2ccc(Cl)c(-n3c(=O)c4cc5c(=O)n([*])c(=O)c5cc4c3=O)c2)cc1,276.0,,GREA,549.15,,1,0.0,black
polymer_6025,[*]c1ccc(NC2CC(=O)N(c3ccc(-c4sc(-c5ccc(N6C(=O)CC(Nc7ccc(-c8nc(C#N)c(C#N)nc8[*])cc7)C6=O)cc5)c(-c5ccccc5)c4-c4ccccc4)cc3)C2=O)cc1,231.0,,GREA,504.15,,1,0.0,black
polymer_6026,[*]c1ccc(N[Se]Nc2ccc(S([*])(=O)=O)cc2)cc1,62.0,,GREA,335.15,,1,0.0,black
polymer_6027,[*]c1ccc(Nc2c(F)c(F)c(-c3c(F)c(F)c(Nc4ccc(S([*])(=O)=O)cc4)c(F)c3F)c(F)c2F)cc1,332.0,,GREA,605.15,,1,0.0,black
polymer_6028,[*]c1ccc(Nc2ccc(C(=O)c3ccc(C(=O)c4ccc(Nc5ccc(C(C)(C)c6ccc(C([*])(C)C)cc6)cc5)cc4)cc3)cc2)cc1,157.0,,GREA,430.15,,1,0.0,black
polymer_6029,[*]c1ccc(Nc2ccc(C(=O)c3ccc(C(=O)c4ccc(Nc5ccc(C(C)(C)c6cccc(C([*])(C)C)c6)cc5)cc4)cc3)cc2)cc1,177.0,,GREA,450.15,,1,0.0,black
polymer_6030,[*]c1ccc(Nc2ccc(C(O)(c3ccccc3)c3ccc(C(O)(c4ccccc4)c4ccc(Nc5ccc(C(C)(C)c6ccc(C([*])(C)C)cc6)cc5)cc4)cc3)cc2)cc1,177.0,,GREA,450.15,,1,0.0,black
polymer_6031,[*]c1ccc(Nc2ccc(C(c3ccc(Nc4ccc(S([*])(=O)=O)cc4)cc3)(C(F)(F)F)C(F)(F)F)cc2)cc1,145.0,,GREA,418.15,,1,0.0,black
polymer_6032,[*]c1ccc(Nc2ccc(C3(c4ccc(Nc5ccc(S([*])(=O)=O)cc5)c(F)c4)c4ccccc4-c4ccccc43)cc2F)cc1,145.0,,GREA,418.15,,1,0.0,black
polymer_6033,[*]c1ccc(Nc2ccc(C3(c4ccc(Nc5ccc(S([*])(=O)=O)cc5)cc4)c4ccccc4-c4ccccc43)cc2)cc1,221.0,,GREA,494.15,,1,0.0,black
polymer_6034,[*]c1ccc(Nc2ccc(Nc3ccc(C(O)(c4ccccc4)c4ccc(C([*])(O)c5ccccc5)cc4)cc3)cc2)cc1,200.0,,GREA,473.15,,1,0.0,black
polymer_6035,[*]c1ccc(Nc2ccc(Nc3ccc(S([*])(=O)=O)cc3)cc2)cc1,145.0,,GREA,418.15,,1,0.0,black
polymer_6036,[*]c1ccc(Nc2ccc(Oc3ccc(Oc4ccc(Nc5ccc(S([*])(=O)=O)cc5)cc4)cc3)cc2)cc1,144.60000000000002,,GREA,417.75,,1,0.0,black
polymer_6037,[*]c1ccc(Nc2ccc(S(=O)(=O)c3ccc(Nc4ccc(C5([*])c6ccccc6-c6ccccc65)cc4C)cc3)cc2)c(C)c1,269.0,,GREA,542.15,,1,0.0,black
polymer_6038,[*]c1ccc(Nc2cccc(Nc3ccc(S([*])(=O)=O)cc3)c2)cc1,145.0,,GREA,418.15,,1,0.0,black
polymer_6039,[*]c1ccc(O)c(/C=C/CC2CC(=O)N(c3ccc(Cc4ccc(N5C(=O)CC(C/C=C/c6cc(C([*])(C)C)ccc6O)C5=O)cc4)cc3)C2=O)c1,206.0,,GREA,479.15,,1,0.0,black
polymer_6040,[*]c1ccc(OC(=O)C2CCC(C(=O)Oc3ccc(C([*])(C)C)cc3)CC2)cc1,150.0,,GREA,423.15,,1,0.0,black
polymer_6041,[*]c1ccc(OC(=O)CCC(=O)Oc2ccc(C3([*])c4cc(N(C)C)ccc4-c4ccc([N+](=O)[O-])cc43)cc2)cc1,215.0,,GREA,488.15,,1,0.0,black
polymer_6042,[*]c1ccc(OC(=O)CCC(=O)Oc2ccc(C3([*])c4cc(OC)ccc4-c4ccc([N+](=O)[O-])cc43)cc2)cc1,230.0,,GREA,503.15,,1,0.0,black
polymer_6043,[*]c1ccc(OC(=O)CCCC(=O)Oc2ccc(C3([*])c4cc(N(C)C)ccc4-c4ccc([N+](=O)[O-])cc43)cc2)cc1,181.0,,GREA,454.15,,1,0.0,black
polymer_6044,[*]c1ccc(OC(=O)CCCC(=O)Oc2ccc(C3([*])c4cc(OC)ccc4-c4ccc([N+](=O)[O-])cc43)cc2)cc1,197.0,,GREA,470.15,,1,0.0,black
polymer_6045,[*]c1ccc(OC(=O)CCCCC(=O)Oc2ccc(C([*])(C)C)cc2)cc1,54.0,,GREA,327.15,,1,0.0,black
polymer_6046,[*]c1ccc(OC(=O)CCCCC(=O)Oc2ccc(C([*])(C)C)cc2C)c(C)c1,33.5,,GREA,306.65,,1,0.0,black
polymer_6047,[*]c1ccc(OC(=O)CCCCC(=O)Oc2ccc(C3([*])c4cc(N(C)C)ccc4-c4ccc([N+](=O)[O-])cc43)cc2)cc1,150.0,,GREA,423.15,,1,0.0,black
polymer_6048,[*]c1ccc(OC(=O)CCCCCCCCC(=O)Oc2ccc(C([*])(C)C)cc2)cc1,14.25,,GREA,287.4,,1,0.0,black
polymer_6049,[*]c1ccc(OC(=O)CCCCCCCCC(=O)Oc2ccc(C([*])(CC)c3ccccc3)cc2)cc1,88.0,,GREA,361.15,,1,0.0,black
polymer_6050,[*]c1ccc(OC(=O)CCCCCCCCCCCN2C(=O)c3ccc(C(=O)Oc4ccc(C(C)(C)c5ccc(C([*])(C)C)cc5)cc4)cc3C2=O)cc1,97.0,,GREA,370.15,,1,0.0,black
polymer_6051,[*]c1ccc(OC(=O)CCCCCCCCCCCN2C(=O)c3ccc(C(=O)Oc4ccc(C([*])(C)C)cc4)cc3C2=O)cc1,93.0,,GREA,366.15,,1,0.0,black
polymer_6052,[*]c1ccc(OC(=O)CCCCCN2C(=O)c3ccc(C(=O)Oc4ccc(C(C)(C)c5ccc(C([*])(C)C)cc5)cc4)cc3C2=O)cc1,104.0,,GREA,377.15,,1,0.0,black
polymer_6053,[*]c1ccc(OC(=O)CCCCCN2C(=O)c3ccc(C(=O)Oc4ccc(C([*])(C)C)cc4)cc3C2=O)cc1,110.0,,GREA,383.15,,1,0.0,black
polymer_6054,[*]c1ccc(OC(=O)CN(CC(=O)Oc2ccc(C([*])(C)C)cc2)c2ccc(/N=N/c3ccc([N+](=O)[O-])cc3)cc2)cc1,152.0,,GREA,425.15,,1,0.0,black
polymer_6055,[*]c1ccc(OC(=O)Cc2ccc(C(=O)Oc3ccc(C([*])(C)C)cc3)cc2)cc1,85.0,,GREA,358.15,,1,0.0,black
polymer_6056,[*]c1ccc(OC(=O)Nc2ccc(OP(=O)(Oc3ccc(NC(=O)Oc4ccc(C([*])(C)C)cc4)cc3)c3ccccc3)cc2)cc1,34.0,,GREA,307.15,,1,0.0,black
polymer_6057,[*]c1ccc(OC(=O)Nc2cccc(P(=O)(c3ccccc3)c3cccc(NC(=O)Oc4ccc(C([*])(C)C)cc4)c3)c2)cc1,62.0,,GREA,335.15,,1,0.0,black
polymer_6058,[*]c1ccc(OC(=O)OC2C(C)(C)C(OC(=O)Oc3ccc(C([*])(C)C)cc3)C2(C)C)cc1,130.0,,GREA,403.15,,1,0.0,black
polymer_6059,[*]c1ccc(OC(=O)OC2C(C)(C)C(OC(=O)Oc3ccc(C([*])(C)CC)cc3)C2(C)C)cc1,124.0,,GREA,397.15,,1,0.0,black
polymer_6060,[*]c1ccc(OC(=O)OC2C(C)(C)C(OC(=O)Oc3ccc(C([*])(C)c4ccccc4)cc3)C2(C)C)cc1,149.0,,GREA,422.15,,1,0.0,black
polymer_6061,[*]c1ccc(OC(=O)OC2C(C)(C)C(OC(=O)Oc3ccc(C4([*])CCC(C(C)(C)C)CC4)cc3)C2(C)C)cc1,172.0,,GREA,445.15,,1,0.0,black
polymer_6062,[*]c1ccc(OC(=O)OC2CC3CC(OC(=O)Oc4ccc(C([*])(C)C)cc4)CC(C2)O3)cc1,194.0,,GREA,467.15,,1,0.0,black
polymer_6063,[*]c1ccc(OC(=O)OCC2CCC(COC(=O)Oc3ccc(C([*])(C)C)cc3)CC2)cc1,90.40000000000003,,GREA,363.55,,1,0.0,black
polymer_6064,[*]c1ccc(OC(=O)OCCCCCOC(=O)Oc2ccc(C([*])(C)C)cc2)cc1,49.5,,GREA,322.65,,1,0.0,black
polymer_6065,[*]c1ccc(OC(=O)OCCCCOC(=O)Oc2ccc(C([*])(C)C)cc2)cc1,56.5,,GREA,329.65,,1,0.0,black
polymer_6066,[*]c1ccc(OC(=O)OCCCOC(=O)Oc2ccc(C([*])(C)C)cc2)cc1,68.10000000000002,,GREA,341.25,,1,0.0,black
polymer_6067,[*]c1ccc(OC(=O)OCCN(CCOC(=O)Oc2ccc(C([*])(C)C)cc2)c2ccc3[nH]c4ccccc4c3c2)cc1,90.0,,GREA,363.15,,1,0.0,black
polymer_6068,[*]c1ccc(OC(=O)OCCN(CCOC(=O)Oc2ccc(C([*])(C)C)cc2)c2ccccc2)cc1,70.0,,GREA,343.15,,1,0.0,black
polymer_6069,[*]c1ccc(OC(=O)Oc2c(Cl)cc(C([*])(C)C)cc2Cl)cc1,186.0,,GREA,459.15,,1,0.0,black
polymer_6070,[*]c1ccc(OC(=O)Oc2ccc(C(C)(C)c3ccc(C([*])(C)C)cc3)cc2)cc1,154.0,,GREA,427.15,,1,0.0,black
polymer_6071,[*]c1ccc(OC(=O)Oc2ccc(C([*])(C#N)c3ccccc3)cc2)cc1,138.0,,GREA,411.15,,1,0.0,black
polymer_6072,[*]c1ccc(OC(=O)Oc2ccc(C([*])(C)C)cc2C(C)C)c(C(C)C)c1,80.0,,GREA,353.15,,1,0.0,black
polymer_6073,[*]c1ccc(OC(=O)Oc2ccc(C([*])(C)C)cc2C)c(C)c1,124.0,,GREA,397.15,,1,0.0,black
polymer_6074,[*]c1ccc(OC(=O)Oc2ccc(C([*])(C)C)cc2CC)c(CC)c1,65.0,,GREA,338.15,,1,0.0,black
polymer_6075,[*]c1ccc(OC(=O)Oc2ccc(C([*])(C)C)cc2Cl)c(C)c1,138.0,,GREA,411.15,,1,0.0,black
polymer_6076,[*]c1ccc(OC(=O)Oc2ccc(C([*])(C)C)cc2Cl)c(Cl)c1,147.0,,GREA,420.15,,1,0.0,black
polymer_6077,[*]c1ccc(OC(=O)Oc2ccc(C([*])(C)C)cc2Cl)cc1,146.0,,GREA,419.15,,1,0.0,black
polymer_6078,[*]c1ccc(OC(=O)Oc2ccc(C([*])(C)CC)cc2)cc1,136.0,,GREA,409.15,,1,0.0,black
polymer_6079,[*]c1ccc(OC(=O)Oc2ccc(C([*])(C)CC)cc2C)c(C)c1,119.0,,GREA,392.15,,1,0.0,black
polymer_6080,[*]c1ccc(OC(=O)Oc2ccc(C([*])(C)CC)cc2Cl)c(Cl)c1,142.0,,GREA,415.15,,1,0.0,black
polymer_6081,[*]c1ccc(OC(=O)Oc2ccc(C([*])(C)CCC#N)cc2)cc1,150.0,,GREA,423.15,,1,0.0,black
polymer_6082,[*]c1ccc(OC(=O)Oc2ccc(C([*])(C)CCC#N)cc2C)c(C)c1,117.0,,GREA,390.15,,1,0.0,black
polymer_6083,[*]c1ccc(OC(=O)Oc2ccc(C([*])(C)c3ccccc3)cc2)cc1,179.0,,GREA,452.15,,1,0.0,black
polymer_6084,[*]c1ccc(OC(=O)Oc2ccc(C([*])(CC)c3ccccc3)cc2)cc1,147.0,,GREA,420.15,,1,0.0,black
polymer_6085,[*]c1ccc(OC(=O)Oc2ccc(C([*])(CCC)CCC)cc2C)c(C)c1,101.0,,GREA,374.15,,1,0.0,black
polymer_6086,[*]c1ccc(OC(=O)Oc2ccc(C([*])(CCCC)CCCC)cc2)cc1,113.0,,GREA,386.15,,1,0.0,black
polymer_6087,[*]c1ccc(OC(=O)Oc2ccc(C([*])C)cc2)cc1,130.0,,GREA,403.15,,1,0.0,black
polymer_6088,[*]c1ccc(OC(=O)Oc2ccc(C([*])C3C4CCC(C4)C3C)cc2)cc1,232.0,,GREA,505.15,,1,0.0,black
polymer_6089,[*]c1ccc(OC(=O)Oc2ccc(C([*])CC)cc2)cc1,128.0,,GREA,401.15,,1,0.0,black
polymer_6090,[*]c1ccc(OC(=O)Oc2ccc(C3([*])CC(C)CC(C)(C)C3)cc2)cc1,235.5,,GREA,508.65,,1,0.0,black
polymer_6091,[*]c1ccc(OC(=O)Oc2ccc(C3([*])CC4CC3C3C5CCC(C5)C43)c(C)c2)c(C)c1,232.0,,GREA,505.15,,1,0.0,black
polymer_6092,[*]c1ccc(OC(=O)Oc2ccc(C3([*])CC4CC3C3CCCC43)cc2C)c(C)c1,217.0,,GREA,490.15,,1,0.0,black
polymer_6093,[*]c1ccc(OC(=O)Oc2ccc(C3([*])CC4CCC3C4)cc2C)c(C)c1,161.0,,GREA,434.15,,1,0.0,black
polymer_6094,[*]c1ccc(OC(=O)Oc2ccc(C3([*])CCCCC3)cc2C)c(C)c1,137.5,,GREA,410.65,,1,0.0,black
polymer_6095,[*]c1ccc(OC(=O)Oc2ccc(C3([*])c4cc(N(C)C)ccc4-c4ccc([N+](=O)[O-])cc43)cc2)cc1,278.0,,GREA,551.15,,1,0.0,black
polymer_6096,[*]c1ccc(OC(=O)Oc2ccc(C3([*])c4cc(OC)ccc4-c4ccc([N+](=O)[O-])cc43)cc2)cc1,294.0,,GREA,567.15,,1,0.0,black
polymer_6097,[*]c1ccc(OC(=O)Oc2ccc(Cc3ccc(OC(=O)Oc4ccc(C([*])(C)C)cc4)cc3)cc2)cc1,107.80000000000001,,GREA,380.95,,1,0.0,black
polymer_6098,[*]c1ccc(OC(=O)Oc2ccc(OC(=O)Oc3ccc(C([*])(C)C)cc3)cc2)cc1,97.0,,GREA,370.15,,1,0.0,black
polymer_6099,[*]c1ccc(OC(=O)Oc2ccc3c(c2)C([*])(C)CC3(C)C)cc1,201.70000000000005,,GREA,474.85,,1,0.0,black
polymer_6100,[*]c1ccc(OC(=O)Oc2cccc(OC(=O)Oc3ccc(C([*])(C)C)cc3)c2)cc1,83.10000000000002,,GREA,356.25,,1,0.0,black
polymer_6101,[*]c1ccc(OC(=O)SCCCCCCSC(=O)Oc2ccc(C([*])(C)C)cc2)cc1,58.0,,GREA,331.15,,1,0.0,black
polymer_6102,[*]c1ccc(OC(=O)SCCCSC(=O)Oc2ccc(C([*])(C)C)cc2)cc1,90.0,,GREA,363.15,,1,0.0,black
polymer_6103,[*]c1ccc(OC(=O)Sc2ccc(C(C)(C)c3ccc(SC(=O)Oc4ccc(C([*])(C)C)cc4)cc3)cc2)cc1,154.0,,GREA,427.15,,1,0.0,black
polymer_6104,[*]c1ccc(OC(=O)Sc2ccc(Oc3ccc(SC(=O)Oc4ccc(C([*])(C)C)cc4)cc3)cc2)cc1,145.0,,GREA,418.15,,1,0.0,black
polymer_6105,[*]c1ccc(OC(=O)c2ccc(C(=O)Oc3ccc(C([*])(C)C)cc3C(C)C)cc2)c(C(C)C)c1,140.0,,GREA,413.15,,1,0.0,black
polymer_6106,[*]c1ccc(OC(=O)c2ccc(C(=O)Oc3ccc(C([*])(C)C)cc3C(C)CC)cc2)c(C(C)CC)c1,90.0,,GREA,363.15,,1,0.0,black
polymer_6107,[*]c1ccc(OC(=O)c2ccc(C(=O)Oc3ccc(C([*])(C)C)cc3C)cc2)c(C)c1,178.5,,GREA,451.65,,1,0.0,black
polymer_6108,[*]c1ccc(OC(=O)c2ccc(C(=O)Oc3ccc(C([*])(C)C)cc3CCCC)cc2)c(CCCC)c1,160.0,,GREA,433.15,,1,0.0,black
polymer_6109,[*]c1ccc(OC(=O)c2ccc(C(=O)Oc3ccc(C([*])(C)C)cc3Cl)cc2)c(Cl)c1,190.0,,GREA,463.15,,1,0.0,black
polymer_6110,[*]c1ccc(OC(=O)c2ccc(C(=O)Oc3ccc(C([*])(CC)CC)cc3)cc2)cc1,180.0,,GREA,453.15,,1,0.0,black
polymer_6111,[*]c1ccc(OC(=O)c2ccc(C(=O)Oc3ccc(C([*])(CC)c4ccccc4)cc3)cc2)cc1,243.0,,GREA,516.15,,1,0.0,black
polymer_6112,[*]c1ccc(OC(=O)c2ccc(C(=O)Oc3ccc(C4([*])CCC(C(C)(C)C)CC4)cc3)cc2)cc1,210.0,,GREA,483.15,,1,0.0,black
polymer_6113,[*]c1ccc(OC(=O)c2ccc(C(=O)Oc3ccc(C4([*])CCC5CCCCC5C4)cc3C)cc2)c(C)c1,247.0,,GREA,520.15,,1,0.0,black
polymer_6114,[*]c1ccc(OC(=O)c2ccc(C(=O)Oc3ccc(C4([*])NC(=O)c5ccccc54)cc3)cc2)cc1,327.0,,GREA,600.15,,1,0.0,black
polymer_6115,[*]c1ccc(OC(=O)c2ccc(C(=O)Oc3ccc(C4([*])c5ccccc5C(=O)N4C)cc3)cc2)cc1,282.0,,GREA,555.15,,1,0.0,black
polymer_6116,[*]c1ccc(OC(=O)c2ccc(C(=O)Oc3ccc4c(c3)C([*])(C)CC4(C)C)cc2)cc1,252.5,,GREA,525.65,,1,0.0,black
polymer_6117,[*]c1ccc(OC(=O)c2ccc(C(=O)c3ccc(C(=O)Oc4ccc(C([*])(C)C)cc4)cc3)cc2)cc1,194.0,,GREA,467.15,,1,0.0,black
polymer_6118,[*]c1ccc(OC(=O)c2ccc(C(C)(C)c3ccc(C(=O)Oc4ccc(C([*])(C)C)cc4)cc3)cc2)cc1,230.0,,GREA,503.15,,1,0.0,black
polymer_6119,[*]c1ccc(OC(=O)c2ccc(C(c3ccc(C(=O)Oc4ccc(C([*])(C)C)cc4)cc3)(C(F)(F)F)C(F)(F)F)cc2)cc1,124.0,,GREA,397.15,,1,0.0,black
polymer_6120,[*]c1ccc(OC(=O)c2ccc(Cc3ccc(C(=O)Oc4ccc(C([*])(C)C)cc4)cc3)cc2)cc1,205.0,,GREA,478.15,,1,0.0,black
polymer_6121,[*]c1ccc(OC(=O)c2ccc(N3C(=O)CC(SCCOCCSC4CC(=O)N(c5ccc(C(=O)Oc6ccc(C([*])(C)C)cc6)cc5)C4=O)C3=O)cc2)cc1,143.0,,GREA,416.15,,1,0.0,black
polymer_6122,[*]c1ccc(OC(=O)c2ccc(OCCCCCCCCCCOc3ccc(C(=O)Oc4ccc(C([*])(C)C)cc4)cc3)cc2)cc1,77.0,,GREA,350.15,,1,0.0,black
polymer_6123,[*]c1ccc(OC(=O)c2ccc(Oc3ccc(C(=O)Oc4ccc(C([*])(C)C)cc4)cc3)cc2)cc1,220.0,,GREA,493.15,,1,0.0,black
polymer_6124,[*]c1ccc(OC(=O)c2ccc(Oc3ccc(C4(c5ccc(Oc6ccc(C(=O)Oc7ccc(C([*])(C)C)cc7)cc6)cc5)CCC(C(C)(C)C)CC4)cc3)cc2)cc1,144.0,,GREA,417.15,,1,0.0,black
polymer_6125,[*]c1ccc(OC(=O)c2ccc(S(=O)(=O)c3ccc(C(=O)Oc4ccc(C([*])(C)C)cc4)cc3)cc2)cc1,220.0,,GREA,493.15,,1,0.0,black
polymer_6126,[*]c1ccc(OC(=O)c2ccc([Si](C)(C)c3ccc(C(=O)Oc4ccc(C([*])(C)C)cc4)cc3)cc2)cc1,180.0,,GREA,453.15,,1,0.0,black
polymer_6127,[*]c1ccc(OC(=O)c2ccc([Si](c3ccccc3)(c3ccccc3)c3ccc(C(=O)Oc4ccc(C([*])(C)C)cc4)cc3)cc2)cc1,295.0,,GREA,568.15,,1,0.0,black
polymer_6128,[*]c1ccc(OC(=O)c2ccc3c(c2)C(=O)N(CCCOCCCCOCCCN2C(=O)c4ccc(C(=O)Oc5ccc(C([*])(C)C)cc5)cc4C2=O)C3=O)cc1,60.0,,GREA,333.15,,1,0.0,black
polymer_6129,[*]c1ccc(OC(=O)c2ccc3c(c2)C(=O)N(CCOCCOCCN2C(=O)c4ccc(C(=O)Oc5ccc(C([*])(C)C)cc5)cc4C2=O)C3=O)cc1,118.0,,GREA,391.15,,1,0.0,black
polymer_6130,[*]c1ccc(OC(=O)c2ccc3c(c2)C(=O)N(c2cc(N4C(=O)c5ccc(C(=O)Oc6ccc(C([*])(C)C)cc6)cc5C4=O)ccc2O)C3=O)cc1,225.0,,GREA,498.15,,1,0.0,black
polymer_6131,[*]c1ccc(OC(=O)c2ccc3c(c2)C(=O)N(c2ccc(Oc4ccc(N5C(=O)c6ccc(C(=O)Oc7ccc(C([*])(C)C)cc7)cc6C5=O)cc4)cc2)C3=O)cc1,200.0,,GREA,473.15,,1,0.0,black
polymer_6132,[*]c1ccc(OC(=O)c2ccc3c(c2)C(=O)N(c2cccc(N4C(=O)c5ccc(C(=O)Oc6ccc(C([*])(C)C)cc6)cc5C4=O)c2)C3=O)cc1,225.0,,GREA,498.15,,1,0.0,black
polymer_6133,[*]c1ccc(OC(=O)c2cccc(C(=O)Oc3ccc(C([*])(C)C)cc3C)c2)c(C)c1,162.0,,GREA,435.15,,1,0.0,black
polymer_6134,[*]c1ccc(OC(=O)c2cccc(C(=O)Oc3ccc(C([*])(C)c4ccccc4)cc3)c2)cc1,202.0,,GREA,475.15,,1,0.0,black
polymer_6135,[*]c1ccc(OC(=O)c2cccc(C(=O)Oc3ccc(C4([*])CCC5CCCCC5C4)cc3C)c2)c(C)c1,207.0,,GREA,480.15,,1,0.0,black
polymer_6136,[*]c1ccc(OC(=O)c2cccc(C(=O)Oc3ccc(C4([*])NC(=O)c5ccccc54)cc3)c2)cc1,325.0,,GREA,598.15,,1,0.0,black
polymer_6137,[*]c1ccc(OC(=O)c2cccc(C(=O)Oc3ccc(C4([*])OC(=O)c5ccccc54)cc3C)c2)c(C)c1,273.0,,GREA,546.15,,1,0.0,black
polymer_6138,[*]c1ccc(OC(=O)c2cccc(C(=O)Oc3ccc(C4([*])c5ccccc5-c5ccccc54)cc3C)c2)c(C)c1,287.0,,GREA,560.15,,1,0.0,black
polymer_6139,[*]c1ccc(OC(=O)c2cccc(C(=O)Oc3ccc(C4([*])c5ccccc5C(=O)N4C)cc3)c2)cc1,285.0,,GREA,558.15,,1,0.0,black
polymer_6140,[*]c1ccc(OC(=O)c2cccc(C(=O)Oc3ccc4c(c3)C([*])(C)CC4(C)C)c2)cc1,230.5,,GREA,503.65,,1,0.0,black
polymer_6141,[*]c1ccc(OC(=O)c2cccc(C(F)(F)C(F)(F)C(F)(F)c3cccc(C(=O)Oc4ccc(C([*])(C)C)cc4)c3)c2)cc1,122.0,,GREA,395.15,,1,0.0,black
polymer_6142,[*]c1ccc(OC(=O)c2cccc(Oc3cccc(C(=O)Oc4ccc(C([*])(C)C)cc4)c3)c2)cc1,85.0,,GREA,358.15,,1,0.0,black
polymer_6143,[*]c1ccc(OC(=O)c2cccc(S(=O)(=O)Oc3ccc(C([*])(C)C)cc3)c2)cc1,133.0,,GREA,406.15,,1,0.0,black
polymer_6144,[*]c1ccc(OC(=O)c2ccccc2-c2ccccc2C(=O)Oc2ccc(C([*])(C)C)cc2)cc1,161.0,,GREA,434.15,,1,0.0,black
polymer_6145,[*]c1ccc(OC(=O)c2ccccc2-c2ccccc2C(=O)Oc2ccc(C([*])(C)c3ccccc3)cc2)cc1,172.0,,GREA,445.15,,1,0.0,black
polymer_6146,[*]c1ccc(OC(=S)Oc2ccc(C([*])(C)C)cc2)cc1,140.5,,GREA,413.65,,1,0.0,black
polymer_6147,[*]c1ccc(OC(=S)Oc2ccc(C([*])(C)CC(C)C)cc2)cc1,128.0,,GREA,401.15,,1,0.0,black
polymer_6148,[*]c1ccc(OC(=S)Oc2ccc(C([*])(C)CC)cc2)cc1,102.0,,GREA,375.15,,1,0.0,black
polymer_6149,[*]c1ccc(OC(=S)Oc2ccc(C([*])(C)c3ccccc3)cc2)cc1,181.0,,GREA,454.15,,1,0.0,black
polymer_6150,[*]c1ccc(OC(=S)Oc2ccc(C([*])(CC)CC)cc2)cc1,121.0,,GREA,394.15,,1,0.0,black
polymer_6151,[*]c1ccc(OC(=S)Oc2ccc(C([*])(CC)c3ccccc3)cc2)cc1,173.0,,GREA,446.15,,1,0.0,black
polymer_6152,[*]c1ccc(OC(=S)Oc2ccc(C([*])C(C)C)cc2)cc1,135.0,,GREA,408.15,,1,0.0,black
polymer_6153,[*]c1ccc(OC(=S)Oc2ccc(C([*])C(CC)CC)cc2)cc1,148.0,,GREA,421.15,,1,0.0,black
polymer_6154,[*]c1ccc(OC(=S)Oc2ccc(C([*])C)cc2)cc1,107.0,,GREA,380.15,,1,0.0,black
polymer_6155,[*]c1ccc(OC(=S)Oc2ccc(C([*])CC)cc2)cc1,104.0,,GREA,377.15,,1,0.0,black
polymer_6156,[*]c1ccc(OC(=S)Oc2ccc(C([*])CCC)cc2)cc1,130.0,,GREA,403.15,,1,0.0,black
polymer_6157,[*]c1ccc(OC(=S)Oc2ccc(C3([*])CCC(C)CC3)cc2)cc1,168.0,,GREA,441.15,,1,0.0,black
polymer_6158,[*]c1ccc(OC(C)=O)c(N2C(=O)c3ccc(C(c4ccc5c(c4)C(=O)N(c4cc(C([*])(C(F)(F)F)C(F)(F)F)ccc4OC(C)=O)C5=O)(C(F)(F)F)C(F)(F)F)cc3C2=O)c1,266.5,,GREA,539.65,,1,0.0,black
polymer_6159,[*]c1ccc(OC(Oc2ccccc2)(Oc2ccccc2)Oc2ccc(C([*])(C)C)cc2)cc1,92.0,,GREA,365.15,,1,0.0,black
polymer_6160,[*]c1ccc(OC(Oc2ccccc2)(Oc2ccccc2)Oc2ccc([*])cc2C)c(C)c1,125.0,,GREA,398.15,,1,0.0,black
polymer_6161,[*]c1ccc(OC2(F)C(F)(F)C(F)(F)C2(F)Oc2ccc(C([*])(C(F)(F)F)C(F)(F)F)cc2)cc1,122.5,,GREA,395.65,,1,0.0,black
polymer_6162,[*]c1ccc(OC2(F)C(F)(F)C(F)(F)C2(F)Oc2ccc(C([*])(C)C)cc2)cc1,98.0,,GREA,371.15,,1,0.0,black
polymer_6163,[*]c1ccc(OC2(F)C(F)(F)C(F)(F)C2(F)Oc2ccc(S([*])(=O)=O)cc2)cc1,162.20000000000005,,GREA,435.35,,1,0.0,black
polymer_6164,[*]c1ccc(OC2=C(Cl)C(=O)N(c3ccc(Cc4ccc(N5C(=O)C(Cl)=C(Oc6ccc(C([*])(C)C)cc6)C5=O)cc4)cc3)C2=O)cc1,172.0,,GREA,445.15,,1,0.0,black
polymer_6165,[*]c1ccc(OC2=C(Cl)C(=O)N(c3ccc(Cc4ccc(N5C(=O)C(Cl)=C(c6ccc(C([*])(C)C)cc6)C5=O)cc4)cc3)C2=O)cc1,173.0,,Qiu,446.15,,1,0.0,black
polymer_6166,[*]c1ccc(OC2=C(Cl)C(=O)N(c3ccc(Oc4ccc(N5C(=O)C(Cl)=C(Oc6ccc(C([*])(C)C)cc6)C5=O)cc4)cc3)C2=O)cc1,175.0,,GREA,448.15,,1,0.0,black
polymer_6167,[*]c1ccc(OC2=C(Cl)C(=O)N(c3cccc(N4C(=O)C(Cl)=C(c5ccc(C([*])(C)C)cc5)C4=O)c3)C2=O)cc1,163.0,,Qiu,436.15,,1,0.0,black
polymer_6168,[*]c1ccc(OCC(=O)OC(=O)COc2ccc(C([*])(C)C)cc2)cc1,105.0,,GREA,378.15,,1,0.0,black
polymer_6169,[*]c1ccc(OCC(CCl)O[Si](C)(C)OC(CCl)COc2ccc(C([*])(C)C)cc2)cc1,24.0,,GREA,297.15,,1,0.0,black
polymer_6170,[*]c1ccc(OCC(COc2ccc(C([*])(C)C)cc2)OC(=O)/C=C/c2ccccc2)cc1,100.60000000000002,,GREA,373.75,,1,0.0,black
polymer_6171,[*]c1ccc(OCC(COc2ccc(C([*])(C)C)cc2)OC(=O)/C=C/c2ccco2)cc1,107.20000000000005,,GREA,380.35,,1,0.0,black
polymer_6172,[*]c1ccc(OCC(COc2ccc(C([*])(C)C)cc2)OC(=O)CCl)cc1,65.0,,GREA,338.15,,1,0.0,black
polymer_6173,[*]c1ccc(OCC(COc2ccc(C([*])(C)C)cc2)OC(=O)c2ccccc2)cc1,65.0,,GREA,338.15,,1,0.0,black
polymer_6174,[*]c1ccc(OCC(COc2ccc(C([*])(C)C)cc2)OC(=O)c2ccccc2Cl)cc1,66.0,,GREA,339.15,,1,0.0,black
polymer_6175,[*]c1ccc(OCC(COc2ccc(C([*])(C)c3ccccc3)cc2)OC(=O)c2ccccc2)cc1,126.0,,GREA,399.15,,1,0.0,black
polymer_6176,[*]c1ccc(OCC(COc2ccc(C3CCCC([*])(CC)C3)cc2)OC(C)=O)cc1,107.0,,GREA,380.15,,1,0.0,black
polymer_6177,[*]c1ccc(OCC(O)CN(CC(O)COc2ccc(C([*])(C)C)cc2)c2ccc(/C=C/c3ccc([N+](=O)[O-])cc3)cc2)cc1,320.0,,GREA,593.15,,1,0.0,black
polymer_6178,[*]c1ccc(OCC(O)CN(CC(O)COc2ccc(C([*])(C)C)cc2)c2ccc(/N=N/c3ccc([N+](=O)[O-])cc3)cc2)cc1,59.0,,GREA,332.15,,1,0.0,black
polymer_6179,[*]c1ccc(OCC(O)CN(CC(O)COc2ccc(C([*])(C)C)cc2)c2ccc(C#N)cc2)cc1,100.0,,GREA,373.15,,1,0.0,black
polymer_6180,[*]c1ccc(OCC(O)CN(CCO)CC(O)COc2ccc(C([*])(C)C)cc2)cc1,87.10000000000002,,GREA,360.25,,1,0.0,black
polymer_6181,[*]c1ccc(OCC(O)CN(CCO)S(=O)(=O)c2ccc(-c3ccc(S(=O)(=O)N(CCO)CC(O)COc4ccc(C([*])(C)C)cc4)cc3)cc2)cc1,76.0,,GREA,349.15,,1,0.0,black
polymer_6182,[*]c1ccc(OCC(O)CN(Cc2ccccc2)CC(O)COc2ccc(C([*])(C)C)cc2)cc1,94.25,,GREA,367.4,,1,0.0,black
polymer_6183,[*]c1ccc(OCC(O)CN2CCN(CC(O)COc3ccc(C([*])(C)C)cc3)CC2)cc1,100.0,,GREA,373.15,,1,0.0,black
polymer_6184,[*]c1ccc(OCC(O)COC(=O)/C=C/C(=O)Oc2ccc(C([*])(C)C)cc2)cc1,32.0,,GREA,305.15,,1,0.0,black
polymer_6185,[*]c1ccc(OCC(O)COC(=O)C2CCC(C(=O)OCC(O)COc3ccc(C([*])(C)C)cc3)CC2)cc1,70.0,,GREA,343.15,,1,0.0,black
polymer_6186,[*]c1ccc(OCC(O)COC(=O)CCCCC(=O)OCC(O)COc2ccc(C([*])(C)C)cc2)cc1,34.0,,GREA,307.15,,1,0.0,black
polymer_6187,[*]c1ccc(OCC(O)COC(=O)CCCCCCC(=O)OCC(O)COc2ccc(C([*])(C)C)cc2)cc1,35.0,,GREA,308.15,,1,0.0,black
polymer_6188,[*]c1ccc(OCC(O)COC(=O)CCCCCCCCC(=O)OCC(O)COc2ccc(C([*])(C)C)cc2)cc1,30.0,,GREA,303.15,,1,0.0,black
polymer_6189,[*]c1ccc(OCC(O)COC(=O)CCCCCCCCCCC(=O)OCC(O)COc2ccc(C([*])(C)C)cc2)cc1,25.0,,GREA,298.15,,1,0.0,black
polymer_6190,[*]c1ccc(OCC(O)COC(=O)c2cccc(C(=O)OCC(O)COc3ccc(C([*])(C)C)cc3)c2)cc1,97.0,,GREA,370.15,,1,0.0,black
polymer_6191,[*]c1ccc(OCC(O)COc2c(Cl)cc(C(C)(C)c3cc(Cl)c(OCC(O)COc4ccc(C([*])(C)C)cc4)c(Cl)c3)cc2Cl)cc1,100.0,,GREA,373.15,,1,0.0,black
polymer_6192,[*]c1ccc(OCC(O)COc2ccc(C(=O)c3ccc(OCC(O)COc4ccc(C([*])(C)C)cc4)cc3)cc2)cc1,120.0,,GREA,393.15,,1,0.0,black
polymer_6193,[*]c1ccc(OCC(O)COc2ccc(C(C)(C)C3CCC([*])(C)CC3)cc2)cc1,135.0,,GREA,408.15,,1,0.0,black
polymer_6194,[*]c1ccc(OCC(O)COc2ccc(C(C)(C)c3ccc(OCC(O)COc4ccc(S([*])(=O)=O)cc4C)cc3)cc2)c(C)c1,117.5,,GREA,390.65,,1,0.0,black
polymer_6195,[*]c1ccc(OCC(O)COc2ccc(C([*])(C)C)cc2)cc1,91.0,,GREA,364.15,,1,0.0,black
polymer_6196,[*]c1ccc(OCC(O)COc2ccc(C([*])(C)C)cc2Cl)c(Cl)c1,85.0,,GREA,358.15,,1,0.0,black
polymer_6197,[*]c1ccc(OCC(O)COc2ccc(C([*])(C)CC)cc2)cc1,95.0,,GREA,368.15,,1,0.0,black
polymer_6198,[*]c1ccc(OCC(O)COc2ccc(C([*])(C)c3ccccc3)cc2)cc1,115.0,,GREA,388.15,,1,0.0,black
polymer_6199,[*]c1ccc(OCC(O)COc2ccc(C3(c4ccc(OCC(O)COc5ccc(C([*])(C)C)cc5)cc4)c4ccccc4-c4ccccc43)cc2)cc1,161.0,,GREA,434.15,,1,0.0,black
polymer_6200,[*]c1ccc(OCC(O)COc2ccc(C3CC(C(C)C)CCC3([*])C)cc2)cc1,175.0,,GREA,448.15,,1,0.0,black
polymer_6201,[*]c1ccc(OCC(O)COc2ccc(C3CCCC([*])(CC)C3)cc2)cc1,140.0,,GREA,413.15,,1,0.0,black
polymer_6202,[*]c1ccc(OCC(O)COc2ccc(NC(=O)CCCC(=O)Nc3ccc(OCC(O)COc4ccc(C([*])(C)C)cc4)cc3)cc2)cc1,105.0,,GREA,378.15,,1,0.0,black
polymer_6203,[*]c1ccc(OCC(O)COc2ccc(NC(=O)CCCCC(=O)Nc3ccc(OCC(O)COc4ccc(C([*])(C)C)cc4)cc3)cc2)cc1,112.0,,GREA,385.15,,1,0.0,black
polymer_6204,[*]c1ccc(OCC(O)COc2ccc(NC(=O)CCCCCC(=O)Nc3ccc(OCC(O)COc4ccc(C([*])(C)C)cc4)cc3)cc2)cc1,116.0,,GREA,389.15,,1,0.0,black
polymer_6205,[*]c1ccc(OCC(O)COc2ccc(NC(=O)c3ccc(OCC(O)COc4ccc(C([*])(C)C)cc4)cc3)cc2)cc1,127.0,,GREA,400.15,,1,0.0,black
polymer_6206,[*]c1ccc(OCC(O)COc2ccc(NC(=O)c3ccccc3OCC(O)COc3ccc(C([*])(C)C)cc3)cc2)cc1,121.0,,GREA,394.15,,1,0.0,black
polymer_6207,[*]c1ccc(OCC(O)COc2ccc(Oc3ccc(OCC(O)COc4ccc(C([*])(C)C)cc4)cc3)cc2)cc1,85.0,,GREA,358.15,,1,0.0,black
polymer_6208,[*]c1ccc(OCC(O)COc2ccc(S(=O)(=O)c3ccc(OCC(O)COc4ccc(C([*])(C)C)cc4)cc3)cc2)cc1,140.0,,GREA,413.15,,1,0.0,black
polymer_6209,[*]c1ccc(OCC(O)COc2ccc(S(=O)(=O)c3ccc(OCC(O)COc4ccc(S([*])(=O)=O)cc4C)cc3)cc2)c(C)c1,142.5,,GREA,415.65,,1,0.0,black
polymer_6210,[*]c1ccc(OCC(O)COc2ccc(S([*])(=O)=O)cc2)cc1,167.5,,GREA,440.65,,1,0.0,black
polymer_6211,[*]c1ccc(OCC(O)COc2ccc(S([*])(=O)=O)cc2C)c(C)c1,132.5,,GREA,405.65,,1,0.0,black
polymer_6212,[*]c1ccc(OCC(O)COc2ccc3c(c2)C(C)(C)CC3([*])C)cc1,120.0,,GREA,393.15,,1,0.0,black
polymer_6213,[*]c1ccc(OCC(O)COc2cccc(C(=O)Nc3cccc(OCC(O)COc4ccc(C([*])(C)C)cc4)c3)c2)cc1,117.0,,GREA,390.15,,1,0.0,black
polymer_6214,[*]c1ccc(OCC(O)COc2cccc(NC(=O)C(=O)Nc3cccc(OCC(O)COc4ccc(C([*])(C)C)cc4)c3)c2)cc1,119.0,,GREA,392.15,,1,0.0,black
polymer_6215,[*]c1ccc(OCC(O)COc2cccc(NC(=O)CCCC(=O)Nc3cccc(OCC(O)COc4ccc(C([*])(C)C)cc4)c3)c2)cc1,111.0,,GREA,384.15,,1,0.0,black
polymer_6216,[*]c1ccc(OCC(O)COc2cccc(NC(=O)CCCCC(=O)Nc3cccc(OCC(O)COc4ccc(C([*])(C)C)cc4)c3)c2)cc1,103.0,,GREA,376.15,,1,0.0,black
polymer_6217,[*]c1ccc(OCC(O)COc2cccc(NC(=O)CCCCCC(=O)Nc3cccc(OCC(O)COc4ccc(C([*])(C)C)cc4)c3)c2)cc1,107.0,,GREA,380.15,,1,0.0,black
polymer_6218,[*]c1ccc(OCC(O)COc2cccc(NC(=O)CCCCCCC(=O)Nc3cccc(OCC(O)COc4ccc(C([*])(C)C)cc4)c3)c2)cc1,92.0,,GREA,365.15,,1,0.0,black
polymer_6219,[*]c1ccc(OCC(O)COc2cccc(NC(=O)CCCCCCCCCCC(=O)Nc3cccc(OCC(O)COc4ccc(C([*])(C)C)cc4)c3)c2)cc1,90.0,,GREA,363.15,,1,0.0,black
polymer_6220,[*]c1ccc(OCC(O)COc2cccc(NC(=O)Cc3cccc(CC(=O)Nc4cccc(OCC(O)COc5ccc(C([*])(C)C)cc5)c4)c3)c2)cc1,119.0,,GREA,392.15,,1,0.0,black
polymer_6221,[*]c1ccc(OCC(O)COc2cccc(NC(=O)c3cccc(C(=O)Nc4cccc(OCC(O)COc5ccc(C([*])(C)C)cc5)c4)c3)c2)cc1,133.0,,GREA,406.15,,1,0.0,black
polymer_6222,[*]c1ccc(OCC(O)COc2cccc(OCC(O)COc3ccc(C([*])(C)C)cc3)c2)cc1,83.0,,GREA,356.15,,1,0.0,black
polymer_6223,[*]c1ccc(OCC(O)COc2cccc(OCC(O)COc3ccc(S([*])(=O)=O)cc3)c2)cc1,105.0,,GREA,378.15,,1,0.0,black
polymer_6224,[*]c1ccc(OCC2(COc3ccc(C([*])(C(F)(F)F)C(F)(F)F)cc3)COC2)cc1,134.0,,GREA,407.15,,1,0.0,black
polymer_6225,[*]c1ccc(OCC2CCC(COc3ccc(-n4c(=O)c5cc6c(=O)n([*])c(=O)c6cc5c4=O)cc3)CC2)cc1,306.70000000000005,,GREA,579.85,,1,0.0,black
polymer_6226,[*]c1ccc(OCCCCCCCCCCCCCCCC)c(N2C(=O)CC(C3C=C(C)C4C(=O)N([*])C(=O)C4C3)C2=O)c1,186.0,,GREA,459.15,,1,0.0,black
polymer_6227,[*]c1ccc(OCCCCCCCCCCCCOc2ccc(C(C)(C)c3ccc(OCOc4ccc(C([*])(C)C)cc4)cc3)cc2)cc1,37.0,,GREA,310.15,,1,0.0,black
polymer_6228,[*]c1ccc(OCCCCCCCCCCCCOc2ccc(N(c3ccccc3)c3ccc(-c4ccc(N([*])c5ccccc5)cc4)cc3)cc2)cc1,42.5,,GREA,315.65,,1,0.0,black
polymer_6229,[*]c1ccc(OCCCCCCCCCCOc2ccc(N(c3ccccc3)c3ccc(-c4ccc(N([*])c5ccccc5)cc4)cc3)cc2)cc1,90.0,,GREA,363.15,,1,0.0,black
polymer_6230,[*]c1ccc(OCCCCCCCCOc2ccc(C([*])(C(F)(F)F)C(F)(F)F)cc2)cc1,27.80000000000001,,GREA,300.95,,1,0.0,black
polymer_6231,[*]c1ccc(OCCCCCCCCOc2ccc(C([*])(C)C)cc2)cc1,19.600000000000023,,GREA,292.75,,1,0.0,black
polymer_6232,[*]c1ccc(OCCCCCCN(CC)c2ccc(C(C#N)=C(C#N)C#N)cc2)c(-c2cc(-c3ccccc3)c3cc(Oc4ccc5nc([*])cc(-c6ccccc6)c5c4)ccc3n2)c1,175.0,,GREA,448.15,,1,0.0,black
polymer_6233,[*]c1ccc(OCCCCCCOc2ccc(-c3ccc(OCC)cc3)cc2)c(N2C(=O)c3ccc(C(c4ccc5c(c4)C(=O)N([*])C5=O)(C(F)(F)F)C(F)(F)F)cc3C2=O)c1,150.3,,GREA,423.45,,1,0.0,black
polymer_6234,[*]c1ccc(OCCCCCCOc2ccc(/N=N/c3ccc(OCC)cc3)cc2)c(N2C(=O)c3ccc(C(c4ccc5c(c4)C(=O)N([*])C5=O)(C(F)(F)F)C(F)(F)F)cc3C2=O)c1,198.0,,GREA,471.15,,1,0.0,black
polymer_6235,[*]c1ccc(OCCCCCCOc2ccc(C([*])(C)C)cc2)cc1,36.0,,GREA,309.15,,1,0.0,black
polymer_6236,[*]c1ccc(OCCCCCCOc2ccc(N(c3ccccc3)c3ccc(-c4ccc(N([*])c5ccccc5)cc4)cc3)cc2)cc1,85.0,,GREA,358.15,,1,0.0,black
polymer_6237,[*]c1ccc(OCCCCOc2ccc(C(C)(C)c3ccc(Oc4ccc(S(=O)(=O)c5ccc(Oc6ccc(C([*])(C)C)cc6)cc5)cc4)cc3)cc2)cc1,140.0,,GREA,413.15,,1,0.0,black
polymer_6238,[*]c1ccc(OCCN(C)c2ccc(/C=C/C3=C/C(=C(/C#N)C(=O)OC)CC(C)(C)C3)cc2)c(N2C(=O)c3ccc(Oc4ccc5c(c4)C(=O)N(c4cc(C([*])(C(F)(F)F)C(F)(F)F)ccc4OCCN(c4ccccc4)c4ccc(/C=C/C6=C/C(=C(/C#N)C(=O)OC)CC(C)(C)C6)cc4)C5=O)cc3C2=O)c1,207.0,,GREA,480.15,,1,0.0,black
polymer_6239,[*]c1ccc(OCCN(C)c2ccc(/C=C/C3=C/C(=C(/C#N)C(=O)OCCc4ccccc4)CC(C)(C)C3)cc2)c(N2C(=O)c3ccc(Oc4ccc5c(c4)C(=O)N(c4cc(C([*])(C(F)(F)F)C(F)(F)F)ccc4OCCN(c4ccccc4)c4ccc(/C=C/C6=C/C(=C(/C#N)C(=O)OCCc7ccccc7)CC(C)(C)C6)cc4)C5=O)cc3C2=O)c1,177.0,,GREA,450.15,,1,0.0,black
polymer_6240,[*]c1ccc(OCCN(C)c2ccc(/C=C/C3=C/C(=C(/C#N)C(=O)OCc4ccc(Oc5c(F)c(F)c(F)c(F)c5F)cc4)CC(C)(C)C3)cc2)c(N2C(=O)c3ccc(Oc4ccc5c(c4)C(=O)N(c4cc(C([*])(C(F)(F)F)C(F)(F)F)ccc4OCCN(c4ccccc4)c4ccc(/C=C/C6=C/C(=C(/C#N)C(=O)OCc7ccc(Oc8c(F)c(F)c(F)c(F)c8F)cc7)CC(C)(C)C6)cc4)C5=O)cc3C2=O)c1,162.0,,GREA,435.15,,1,0.0,black
polymer_6241,[*]c1ccc(OCCN(C)c2ccc(/C=C/C3=C/C(=C(/C#N)S(C)(=O)=O)CC(C)(C)C3)cc2)c(N2C(=O)c3ccc(Oc4ccc5c(c4)C(=O)N(c4cc(C([*])(C(F)(F)F)C(F)(F)F)ccc4OCCN(C)c4ccc(/C=C/C6=C/C(=C(/C#N)S(C)(=O)=O)CC(C)(C)C6)cc4)C5=O)cc3C2=O)c1,225.0,,GREA,498.15,,1,0.0,black
polymer_6242,[*]c1ccc(OCCN(C)c2ccc(/C=C/C3=CC(=C(C#N)C#N)CC(C)(C)C3)cc2)c(N2C(=O)c3ccc(Oc4ccc5c(c4)C(=O)N(c4cc(C([*])(C(F)(F)F)C(F)(F)F)ccc4OCCN(C)c4ccc(/C=C/C6=CC(=C(C#N)C#N)CC(C)(C)C6)cc4)C5=O)cc3C2=O)c1,215.0,,GREA,488.15,,1,0.0,black
polymer_6243,[*]c1ccc(OCCN(CC)c2ccc(-c3ccc(C(=C(C#N)C#N)c4ccc(-c5ccc(N(CC)CC)cc5)s4)s3)cc2)c(-c2cc(-c3ccccc3)c3cc(Oc4ccc5nc([*])cc(-c6ccccc6)c5c4)ccc3n2)c1,205.0,,GREA,478.15,,1,0.0,black
polymer_6244,[*]c1ccc(OCCN(CC)c2ccc(-c3ccc(C(=C(C#N)C#N)c4ccc(N(CC)CC)cc4)s3)cc2)c(-c2cc(-c3ccccc3)c3cc(Oc4ccc5nc([*])cc(-c6ccccc6)c5c4)ccc3n2)c1,215.0,,GREA,488.15,,1,0.0,black
polymer_6245,[*]c1ccc(OCCN(CC)c2ccc(/C=C/C3=CC(=C(C#N)C#N)CC(C)(C)C3)cc2)c(N2C(=O)c3ccc(Oc4ccc5c(c4)C(=O)N(c4cc(C([*])(C(F)(F)F)C(F)(F)F)ccc4OCCN(CC)c4ccc(/C=C/C6=CC(=C(C#N)C#N)CC(C)(C)C6)cc4)C5=O)cc3C2=O)c1,202.0,,GREA,475.15,,1,0.0,black
polymer_6246,[*]c1ccc(OCCN(CC)c2ccc(/N=N/c3ccc([N+](=O)[O-])cc3)cc2)c(N2C(=O)c3ccc(C(c4ccc5c(c4)C(=O)N(c4cc(C([*])(C(F)(F)F)C(F)(F)F)ccc4OCCN(CC)c4ccc(/N=N/c6ccc([N+](=O)[O-])cc6)cc4)C5=O)(C(F)(F)F)C(F)(F)F)cc3C2=O)c1,199.0,,GREA,472.15,,1,0.0,black
polymer_6247,[*]c1ccc(OCCN(CC)c2ccc(C(C#N)=C(C#N)C#N)cc2)c(-c2cc(-c3ccccc3)c3cc(Oc4ccc5nc([*])cc(-c6ccccc6)c5c4)ccc3n2)c1,200.0,,GREA,473.15,,1,0.0,black
polymer_6248,[*]c1ccc(OCCN(c2ccccc2)c2ccc(/C=C/C3=C/C(=C(/C#N)S(C)(=O)=O)CC(C)(C)C3)cc2)c(N2C(=O)c3ccc(Oc4ccc5c(c4)C(=O)N(c4cc(C([*])(C(F)(F)F)C(F)(F)F)ccc4OCCN(c4ccccc4)c4ccc(/C=C/C6=C/C(=C(/C#N)S(C)(=O)=O)CC(C)(C)C6)cc4)C5=O)cc3C2=O)c1,234.0,,GREA,507.15,,1,0.0,black
polymer_6249,[*]c1ccc(OCCN(c2ccccc2)c2ccc(/C=C/C3=CC(=C(C#N)C#N)CC(C)(C)C3)cc2)c(N2C(=O)c3ccc(Oc4ccc5c(c4)C(=O)N(c4cc(C([*])(C(F)(F)F)C(F)(F)F)ccc4OCCN(c4ccccc4)c4ccc(/C=C/C6=CC(=C(C#N)C#N)CC(C)(C)C6)cc4)C5=O)cc3C2=O)c1,220.0,,GREA,493.15,,1,0.0,black
polymer_6250,[*]c1ccc(OCCOC(=O)C2CCC(C(=O)OCCOc3ccc(C([*])(C)C)cc3)CC2)cc1,57.0,,GREA,330.15,,1,0.0,black
polymer_6251,[*]c1ccc(OCCOC(=O)Nc2ccc(Cc3ccc(NC(=O)OCCOc4ccc(C([*])(C)C)cc4)cc3)cc2)cc1,127.0,,GREA,400.15,,1,0.0,black
polymer_6252,[*]c1ccc(OCCOC(=O)Nc2ccc3c(c2)C(=O)N(c2cccc(P(=O)(c4ccccc4)c4cccc(N5C(=O)c6ccc(NC(=O)OCCOc7ccc(C([*])(C)C)cc7)cc6C5=O)c4)c2)C3=O)cc1,220.0,,GREA,493.15,,1,0.0,black
polymer_6253,[*]c1ccc(OCCOC(=O)Nc2ccc3c(c2)C(=O)N(c2cccc(P(C)(=O)c4cccc(N5C(=O)c6ccc(NC(=O)OCCOc7ccc(C([*])(C)C)cc7)cc6C5=O)c4)c2)C3=O)cc1,211.0,,GREA,484.15,,1,0.0,black
polymer_6254,[*]c1ccc(OCCOC(=O)c2ccc(C(=O)OCCOc3ccc(C([*])(C)C)cc3)cc2)cc1,83.0,,GREA,356.15,,1,0.0,black
polymer_6255,[*]c1ccc(OCOc2ccc(-c3oc(-c4ccc([N+](=O)[O-])cc4)nc3[*])cc2)cc1,194.0,,GREA,467.15,,1,0.0,black
polymer_6256,[*]c1ccc(OCOc2ccc(C([*])(C(F)(F)F)C(F)(F)F)cc2)cc1,123.0,,GREA,396.15,,1,0.0,black
polymer_6257,[*]c1ccc(OCOc2ccc(C([*])(C)C)cc2)cc1,90.0,,GREA,363.15,,1,0.0,black
polymer_6258,[*]c1ccc(OCc2cc(OCCN(C)c3ccc(/C=C/C4=CC(=C(C#N)C#N)CC(C)(C)C4)cc3)cc(OCCN(C)c3ccc(/C=C/C4=CC(=C(C#N)C#N)CC(C)(C)C4)cc3)c2)c(N2C(=O)c3ccc(Oc4ccc5c(c4)C(=O)N(c4cc(C([*])(C(F)(F)F)C(F)(F)F)ccc4OCc4cc(OCCN(C)c6ccc(/C=C/C7=CC(=C(C#N)C#N)CC(C)(C)C7)cc6)cc(OCCN(C)c6ccc(/C=C/C7=CC(=C(C#N)C#N)CC(C)(C)C7)cc6)c4)C5=O)cc3C2=O)c1,178.0,,GREA,451.15,,1,0.0,black
polymer_6259,[*]c1ccc(OCc2ccc(Oc3ccc(C([*])(C)C)cc3)n2-c2ccc(C#N)cc2)cc1,73.13,,GREA,346.28,,1,0.0,black
polymer_6260,[*]c1ccc(OCc2ccc(Oc3ccc(C([*])(C)C)cc3)n2-c2ccc([N+](=O)[O-])cc2)cc1,76.75,,GREA,349.9,,1,0.0,black
polymer_6261,[*]c1ccc(OP(=O)(Oc2ccc(C([*])(C)C)cc2)OC2CCCCC2)cc1,86.0,,GREA,359.15,,1,0.0,black
polymer_6262,[*]c1ccc(OP(=O)(Oc2ccc(C([*])(C)C)cc2)Oc2c(Cl)c(Cl)c(Cl)c(Cl)c2Cl)cc1,130.0,,GREA,403.15,,1,0.0,black
polymer_6263,[*]c1ccc(OP(=O)(Oc2ccc(C([*])(C)C)cc2)Oc2c(Cl)cc(Cl)cc2Cl)cc1,94.0,,GREA,367.15,,1,0.0,black
polymer_6264,[*]c1ccc(OP(=O)(Oc2ccc(C([*])(C)C)cc2)Oc2c(Cl)cccc2Cl)cc1,96.0,,GREA,369.15,,1,0.0,black
polymer_6265,[*]c1ccc(OP(=O)(Oc2ccc(Cl)cc2)Oc2ccc(C([*])(C)C)cc2)cc1,71.0,,GREA,344.15,,1,0.0,black
polymer_6266,[*]c1ccc(OP(=O)(Oc2ccccc2)Oc2ccc(C([*])(C)C)cc2)cc1,74.5,,GREA,347.65,,1,0.0,black
polymer_6267,[*]c1ccc(OS(=O)(=O)c2ccc(C)c(S(=O)(=O)Oc3ccc(C4([*])CCCCC4)cc3C)c2)c(C)c1,141.0,,GREA,414.15,,1,0.0,black
polymer_6268,[*]c1ccc(OS(=O)(=O)c2cccc(C(=O)c3cccc(S(=O)(=O)Oc4ccc(C([*])(C)C)cc4)c3)c2)cc1,122.0,,GREA,395.15,,1,0.0,black
polymer_6269,[*]c1ccc(OS(=O)(=O)c2cccc(S(=O)(=O)Oc3ccc(C([*])(C)C)cc3)c2)cc1,124.0,,GREA,397.15,,1,0.0,black
polymer_6270,[*]c1ccc(OS(=O)(=O)c2cccc(S(=O)(=O)Oc3ccc(C([*])(C)CC)cc3)c2)cc1,147.0,,GREA,420.15,,1,0.0,black
polymer_6271,[*]c1ccc(O[Si](C)(C)Oc2ccc(C([*])(C)C)cc2)cc1,45.0,,GREA,318.15,,1,0.0,black
polymer_6272,[*]c1ccc(O[Si](C)(Oc2ccc(C([*])(C)C)cc2)c2ccccc2)cc1,58.0,,GREA,331.15,,1,0.0,black
polymer_6273,[*]c1ccc(O[Si](Oc2ccc(C3([*])c4ccccc4-c4ccccc43)cc2C)(c2ccccc2)c2ccccc2)c(C)c1,171.0,,GREA,444.15,,1,0.0,black
polymer_6274,[*]c1ccc(Oc2c(F)c(F)c(-c3c(F)c(F)c(-n4nc([*])c5ccccc5c4=O)c(F)c3F)c(F)c2F)cc1F,253.0,,GREA,526.15,,1,0.0,black
polymer_6275,[*]c1ccc(Oc2c(F)c(F)c(C(=O)c3c(F)c(F)c(Oc4ccc(C([*])(C)c5ccccc5)cc4)c(F)c3F)c(F)c2F)cc1,175.0,,GREA,448.15,,1,0.0,black
polymer_6276,[*]c1ccc(Oc2c(F)c(F)c(C(=O)c3c(F)c(F)c(Oc4ccc(C5([*])OC(=O)c6ccccc65)cc4)c(F)c3F)c(F)c2F)cc1,215.0,,GREA,488.15,,1,0.0,black
polymer_6277,[*]c1ccc(Oc2c(F)c(F)c(COC(c3cccc(C(OCc4c(F)c(F)c(Oc5ccc(C([*])(C)C)cc5)c(F)c4F)(C(F)(F)F)C(F)(F)F)c3)(C(F)(F)F)C(F)(F)F)c(F)c2F)cc1,98.0,,GREA,371.15,,1,0.0,black
polymer_6278,[*]c1ccc(Oc2cc(Oc3ccc(C([*])(C)C)cc3)cc(C(=O)Oc3ccc(/N=N/c4ccc(C#N)cc4)cc3)c2)cc1,163.0,,GREA,436.15,,1,0.0,black
polymer_6279,[*]c1ccc(Oc2cc(Oc3ccc(C([*])(C)C)cc3)cc([N+](=O)[O-])c2)cc1,150.0,,GREA,423.15,,1,0.0,black
polymer_6280,[*]c1ccc(Oc2cc3ccccc3cc2Oc2ccc(-n3c(=O)c4cc5c(=O)n([*])c(=O)c5cc4c3=O)cc2)cc1,316.0,,GREA,589.15,,1,0.0,black
polymer_6281,[*]c1ccc(Oc2ccc(-c3c(-c4ccccc4)c(-c4ccc(-c5nc6ccccc6c([*])c5-c5ccccc5)cc4)nc4ccccc34)cc2)cc1,273.0,,GREA,546.15,,1,0.0,black
polymer_6282,[*]c1ccc(Oc2ccc(-c3c4ccccc4c(-c4ccc(Oc5ccc(-c6c7c(c([*])c8ccccc68)C(=O)N(c6ccccc6)C7=O)cc5)c(C(F)(F)F)c4)c4ccccc34)cc2C(F)(F)F)cc1,361.0,,GREA,634.15,,1,0.0,black
polymer_6283,[*]c1ccc(Oc2ccc(-c3cc(-c4ccc(Oc5ccc(-c6cc([*])nc7ccccc67)cc5)cc4)c4ccccc4n3)cc2)cc1,300.0,,GREA,573.15,,1,0.0,black
polymer_6284,[*]c1ccc(Oc2ccc(-c3cc(-c4ccc(Oc5ccc(P([*])(=O)c6ccccc6)cc5)cc4)n[nH]3)cc2)cc1,296.0,,GREA,569.15,,1,0.0,black
polymer_6285,[*]c1ccc(Oc2ccc(-c3cc(-c4ccc(Oc5ccc(P([*])(=O)c6ccccc6)cc5)cc4)nn3-c3ccccc3)cc2)cc1,239.0,,GREA,512.15,,1,0.0,black
polymer_6286,[*]c1ccc(Oc2ccc(-c3cc(-c4ccc(Oc5ccc(S([*])(=O)=O)cc5)cc4)n[nH]3)cc2)cc1,260.0,,GREA,533.15,,1,0.0,black
polymer_6287,[*]c1ccc(Oc2ccc(-c3cc(-c4ccc(Oc5ccc(S([*])(=O)=O)cc5)cc4)nn3-c3ccccc3)cc2)cc1,235.0,,GREA,508.15,,1,0.0,black
polymer_6288,[*]c1ccc(Oc2ccc(-c3cc(-c4ccccc4)c4cc(-c5ccc6nc([*])cc(-c7ccccc7)c6c5)ccc4n3)cc2)cc1,305.0,,GREA,578.15,,1,0.0,black
polymer_6289,[*]c1ccc(Oc2ccc(-c3cc(-c4ccccc4)c4cc(C5(c6ccc7nc([*])cc(-c8ccccc8)c7c6)c6ccccc6-c6ccccc65)ccc4n3)cc2)cc1,315.0,,GREA,588.15,,1,0.0,black
polymer_6290,[*]c1ccc(Oc2ccc(-c3cc(-c4ccccc4)c4cc(Oc5ccc6nc([*])cc(-c7ccccc7)c6c5)ccc4n3)cc2)cc1,266.0,,GREA,539.15,,1,0.0,black
polymer_6291,[*]c1ccc(Oc2ccc(-c3cc(-c4ccccc4)c4cc5c(-c6ccccc6)cc([*])nc5cc4n3)cc2)cc1,380.5,,GREA,653.65,,1,0.0,black
polymer_6292,[*]c1ccc(Oc2ccc(-c3cc(-c4ccccc4)c4cc5nc([*])cc(-c6ccccc6)c5cc4n3)cc2)cc1,365.0,,GREA,638.15,,1,0.0,black
polymer_6293,[*]c1ccc(Oc2ccc(-c3ccc(-c4ccc(-c5ccc(Oc6ccc(-c7c8c(c([*])c9ccccc79)C(=O)N(c7ccccc7)C8=O)cc6)c(C(F)(F)F)c5)cc4)cc3)cc2C(F)(F)F)cc1,334.0,,GREA,607.15,,1,0.0,black
polymer_6294,[*]c1ccc(Oc2ccc(-c3ccc(-c4ccc(Oc5ccc(-c6c7c(c([*])c8ccccc68)C(=O)N(c6ccccc6)C7=O)cc5)c(C(F)(F)F)c4)cc3)cc2C(F)(F)F)cc1,317.0,,GREA,590.15,,1,0.0,black
polymer_6295,[*]c1ccc(Oc2ccc(-c3ccc(-c4ccc(Oc5ccc(-c6c7c(c([*])c8ccccc68)C(=O)N(c6ccccc6)C7=O)cc5)c(C(F)(F)F)c4)s3)cc2C(F)(F)F)cc1,287.0,,GREA,560.15,,1,0.0,black
polymer_6296,[*]c1ccc(Oc2ccc(-c3ccc(-c4ccc(Oc5ccc(C([*])(C)C)cc5)c(C(F)(F)F)c4)cc3)cc2C(F)(F)F)cc1,192.0,,GREA,465.15,,1,0.0,black
polymer_6297,[*]c1ccc(Oc2ccc(-c3ccc(-c4ccc(Oc5ccc(C([*])(C)C)cc5)c(C(F)(F)F)c4)s3)cc2C(F)(F)F)cc1,130.0,,GREA,403.15,,1,0.0,black
polymer_6298,[*]c1ccc(Oc2ccc(-c3ccc(-c4ccc(Oc5ccc(C([*])(C)C)cc5)cc4)cc3)cc2)cc1,182.0,,GREA,455.15,,1,0.0,black
polymer_6299,[*]c1ccc(Oc2ccc(-c3ccc(-c4ccc(Oc5ccc(P([*])(=O)c6ccccc6)cc5)cc4)nc3)cc2)cc1,257.0,,GREA,530.15,,1,0.0,black
polymer_6300,[*]c1ccc(Oc2ccc(-c3ccc(-c4ccc(Oc5ccc(S(=O)(=O)c6ccc(-c7ccc(S([*])(=O)=O)cc7)cc6)cc5)cc4)cc3)cc2)cc1,263.0,,GREA,536.15,,1,0.0,black
polymer_6301,[*]c1ccc(Oc2ccc(-c3ccc(-c4ccc(Oc5ccc(S([*])(=O)=O)cc5)c(C(F)(F)F)c4)cc3)cc2C(F)(F)F)cc1,214.0,,GREA,487.15,,1,0.0,black
polymer_6302,[*]c1ccc(Oc2ccc(-c3ccc(-c4ccc(Oc5ccc(S([*])(=O)=O)cc5)cc4)cc3)cc2)cc1,251.0,,GREA,524.15,,1,0.0,black
polymer_6303,[*]c1ccc(Oc2ccc(-c3ccc(-n4c(=O)c5cc6c(=O)n(-c7ccc(-c8ccc(Oc9ccc%10c(c9)C([*])(C)CC%10(C)C)c(C(F)(F)F)c8)cc7)c(=O)c6cc5c4=O)cc3)cc2C(F)(F)F)cc1,265.0,,GREA,538.15,,1,0.0,black
polymer_6304,[*]c1ccc(Oc2ccc(-c3ccc(N4C(=O)c5ccc(C(=O)c6ccc7c(c6)C(=O)N(c6ccc(-c8ccc(Oc9ccc%10c(c9)C([*])(C)CC%10(C)C)c(C(F)(F)F)c8)cc6)C7=O)cc5C4=O)cc3)cc2C(F)(F)F)cc1,252.0,,GREA,525.15,,1,0.0,black
polymer_6305,[*]c1ccc(Oc2ccc(-c3ccc(N4C(=O)c5ccc(C(c6ccc7c(c6)C(=O)N(c6ccc(-c8ccc(Oc9ccc%10c(c9)C([*])(C)CC%10(C)C)c(C(F)(F)F)c8)cc6)C7=O)(C(F)(F)F)C(F)(F)F)cc5C4=O)cc3)cc2C(F)(F)F)cc1,262.0,,GREA,535.15,,1,0.0,black
polymer_6306,[*]c1ccc(Oc2ccc(-c3ccc(N4C(=O)c5ccc(Oc6ccc(C(C)(C)c7ccc(Oc8ccc9c(c8)C(=O)N(c8ccc(-c%10ccc(Oc%11ccc%12c(c%11)C([*])(C)CC%12(C)C)c(C(F)(F)F)c%10)cc8)C9=O)cc7)cc6)cc5C4=O)cc3)cc2C(F)(F)F)cc1,241.0,,GREA,514.15,,1,0.0,black
polymer_6307,[*]c1ccc(Oc2ccc(-c3ccc(N4C(=O)c5ccc(Oc6ccc7c(c6)C(=O)N(c6ccc(-c8ccc(Oc9ccc%10c(c9)C([*])(C)CC%10(C)C)c(C(F)(F)F)c8)cc6)C7=O)cc5C4=O)cc3)cc2C(F)(F)F)cc1,249.0,,GREA,522.15,,1,0.0,black
polymer_6308,[*]c1ccc(Oc2ccc(-c3ccc(Oc4ccc(-c5cnc([*])o5)cc4C(F)(F)F)cc3)cc2)c(C(F)(F)F)c1,200.0,,GREA,473.15,,1,0.0,black
polymer_6309,[*]c1ccc(Oc2ccc(-c3ccc(Oc4ccc(-c5nc(-c6ccccn6)nnc5[*])cc4)cc3)cc2)cc1,230.0,,GREA,503.15,,1,0.0,black
polymer_6310,[*]c1ccc(Oc2ccc(-c3ccc(Oc4ccc(-c5nc([*])nc(-c6ccccc6)n5)cc4)cc3)cc2)cc1,241.0,,GREA,514.15,,1,0.0,black
polymer_6311,[*]c1ccc(Oc2ccc(-c3ccc(Oc4ccc(-c5nnc([*])c6c(-c7ccc(F)cc7)c(-c7ccc(F)cc7)c(-c7ccc(F)cc7)c(-c7ccc(F)cc7)c56)cc4)cc3)cc2)cc1,320.0,,GREA,593.15,,1,0.0,black
polymer_6312,[*]c1ccc(Oc2ccc(-c3ccc(Oc4ccc(-c5nnc([*])c6c(-c7ccccc7)c(-c7ccc8ccccc8c7)c(-c7ccc8ccccc8c7)c(-c7ccccc7)c56)cc4)cc3)cc2)cc1,334.0,,GREA,607.15,,1,0.0,black
polymer_6313,[*]c1ccc(Oc2ccc(-c3ccc(Oc4ccc(-n5c(=O)c6cc7c(=O)n([*])c(=O)c7cc6c5=O)cc4)cc3)cc2)cc1,300.0,,GREA,573.15,,1,0.0,black
polymer_6314,[*]c1ccc(Oc2ccc(-c3ccc(Oc4ccc(C([*])(C)C)cc4)cc3)cc2)cc1,154.0,,GREA,427.15,,1,0.0,black
polymer_6315,[*]c1ccc(Oc2ccc(-c3ccc(Oc4ccc(N5C(=O)CC(=O)N([*])C5=S)cc4)cc3)cc2)cc1,158.5,,GREA,431.65,,1,0.0,black
polymer_6316,[*]c1ccc(Oc2ccc(-c3ccc(Oc4ccc(P([*])(=O)c5ccccc5)cc4)cc3)cc2)cc1,234.0,,GREA,507.15,,1,0.0,black
polymer_6317,[*]c1ccc(Oc2ccc(-c3ccc(Oc4ccc(S(=O)(=O)c5ccc(-c6ccc(-c7ccc(S([*])(=O)=O)cc7)cc6)cc5)cc4)cc3)cc2)cc1,264.0,,GREA,537.15,,1,0.0,black
polymer_6318,[*]c1ccc(Oc2ccc(-c3ccc(Oc4ccc(S(=O)(=O)c5ccc6cc(S([*])(=O)=O)ccc6c5)cc4)cc3)cc2)cc1,255.0,,GREA,528.15,,1,0.0,black
polymer_6319,[*]c1ccc(Oc2ccc(-c3ccc(Oc4ccc(S(=O)(=O)c5cccc6c(S([*])(=O)=O)cccc56)cc4)cc3)cc2)cc1,248.0,,GREA,521.15,,1,0.0,black
polymer_6320,[*]c1ccc(Oc2ccc(-c3ccc(Oc4ccc(S([*])(=O)=O)cc4)cc3)cc2)cc1,221.0,,GREA,494.15,,1,0.0,black
polymer_6321,[*]c1ccc(Oc2ccc(-c3ccc(S([*])(=O)=O)cc3)cc2)cc1,269.0,,GREA,542.15,,1,0.0,black
polymer_6322,[*]c1ccc(Oc2ccc(-c3cccc(-c4ccc(Oc5ccc(-c6c7c(c([*])c8ccccc68)C(=O)N(c6ccccc6)C7=O)cc5)c(C(F)(F)F)c4)c3)cc2C(F)(F)F)cc1,271.0,,GREA,544.15,,1,0.0,black
polymer_6323,[*]c1ccc(Oc2ccc(-c3cccc(-c4ccc(Oc5ccc(-c6c7c(c([*])c8ccccc68)C(=O)N(c6ccccc6)C7=O)cc5)c(C(F)(F)F)c4)n3)cc2C(F)(F)F)cc1,298.0,,GREA,571.15,,1,0.0,black
polymer_6324,[*]c1ccc(Oc2ccc(-c3cccc(-c4ccc(Oc5ccc(C([*])(C)C)cc5)c(C(F)(F)F)c4)n3)cc2C(F)(F)F)cc1,125.0,,GREA,398.15,,1,0.0,black
polymer_6325,[*]c1ccc(Oc2ccc(-c3cnc(-c4ccc(Oc5ccc(C([*])(C)C)cc5)c(C(F)(F)F)c4)o3)cc2C(F)(F)F)cc1,185.0,,GREA,458.15,,1,0.0,black
polymer_6326,[*]c1ccc(Oc2ccc(-c3cnc(-c4ccc(Oc5ccc(S([*])(=O)=O)cc5)c(C(F)(F)F)c4)o3)cc2C(F)(F)F)cc1,210.0,,GREA,483.15,,1,0.0,black
polymer_6327,[*]c1ccc(Oc2ccc(-c3cnc(-n4c(=O)c5cc6c(=O)n([*])c(=O)c6cc5c4=O)s3)cc2)cc1,328.80000000000007,,GREA,601.95,,1,0.0,black
polymer_6328,[*]c1ccc(Oc2ccc(-c3cnc4cc(-c5ccc6nc(-c7ccc(Oc8ccc([*])cc8)cc7)cnc6c5)ccc4n3)cc2)cc1,213.0,,GREA,486.15,,1,0.0,black
polymer_6329,[*]c1ccc(Oc2ccc(-c3cnc4cc(-c5ccc6nc([*])cnc6c5)ccc4n3)cc2)cc1,334.0,,GREA,607.15,,1,0.0,black
polymer_6330,[*]c1ccc(Oc2ccc(-c3cnc4cc(-c5ccc6ncc([*])nc6c5)ccc4n3)cc2)cc1,280.0,,GREA,553.15,,1,0.0,black
polymer_6331,[*]c1ccc(Oc2ccc(-c3cnc4cc(Oc5ccc6nc([*])cnc6c5)ccc4n3)cc2)cc1,382.0,,GREA,655.15,,1,0.0,black
polymer_6332,[*]c1ccc(Oc2ccc(-c3cnc4cc(Oc5ccc6ncc([*])nc6c5)ccc4n3)cc2)cc1,270.0,,GREA,543.15,,1,0.0,black
polymer_6333,[*]c1ccc(Oc2ccc(-c3cnc4cc5nc([*])cnc5cc4n3)cc2)cc1,353.0,,GREA,626.15,,1,0.0,black
polymer_6334,[*]c1ccc(Oc2ccc(-c3cnc4cc5ncc([*])nc5cc4n3)cc2)cc1,353.0,,GREA,626.15,,1,0.0,black
polymer_6335,[*]c1ccc(Oc2ccc(-c3cnc4ccc(-c5ccc6ncc([*])nc6c5)cc4n3)cc2)cc1,305.0,,GREA,578.15,,1,0.0,black
polymer_6336,[*]c1ccc(Oc2ccc(-c3nc(-c4ccc(-c5nc(-c6ccc(Oc7ccc(S([*])(=O)=O)cc7)cc6)c(-c6ccccc6)[nH]5)cc4)[nH]c3-c3ccccc3)cc2)cc1,301.0,,GREA,574.15,,1,0.0,black
polymer_6337,[*]c1ccc(Oc2ccc(-c3nc(-c4cccc(-c5nc(-c6ccc(Oc7ccc(S([*])(=O)=O)cc7)cc6)c(-c6ccccc6)[nH]5)c4)[nH]c3-c3ccccc3)cc2)cc1,292.0,,GREA,565.15,,1,0.0,black
polymer_6338,[*]c1ccc(Oc2ccc(-c3nc(-c4ccccc4)[nH]c3-c3ccc(Oc4ccc(P([*])(=O)c5ccccc5)cc4)cc3)cc2)cc1,318.0,,GREA,591.15,,1,0.0,black
polymer_6339,[*]c1ccc(Oc2ccc(-c3nc(-c4ccccc4)[nH]c3-c3ccc(Oc4ccc(S([*])(=O)=O)cc4)cc3)cc2)cc1,277.0,,GREA,550.15,,1,0.0,black
polymer_6340,[*]c1ccc(Oc2ccc(-c3nc(-c4ccccc4)nc(-c4ccc(Oc5ccc(C([*])(C(F)(F)F)C(F)(F)F)cc5)cc4)n3)cc2)cc1,241.0,,GREA,514.15,,1,0.0,black
polymer_6341,[*]c1ccc(Oc2ccc(-c3nc(-c4ccccc4)nc(-c4ccc(Oc5ccc(C([*])(C)C)cc5)cc4)n3)cc2)cc1,228.0,,GREA,501.15,,1,0.0,black
polymer_6342,[*]c1ccc(Oc2ccc(-c3nc4cc(C(c5ccc6oc(-c7ccc(Oc8ccc(C([*])(C(F)(F)F)C(F)(F)F)cc8)cc7)nc6c5)(C(F)(F)F)C(F)(F)F)ccc4o3)cc2)cc1,255.0,,GREA,528.15,,1,0.0,black
polymer_6343,[*]c1ccc(Oc2ccc(-c3nc4cc5sc(-c6ccc(Oc7ccc(-n8c(=O)c9cc%10c(=O)n([*])c(=O)c%10cc9c8=O)cc7)cc6)nc5cc4s3)cc2)cc1,400.0,,GREA,673.15,,1,0.0,black
polymer_6344,[*]c1ccc(Oc2ccc(-c3nc4cc5sc([*])nc5cc4s3)cc2)cc1,350.0,,GREA,623.15,,1,0.0,black
polymer_6345,[*]c1ccc(Oc2ccc(-c3nc4ccc(-c5ccc6nc([*])c(-c7ccccc7)c(-c7ccccc7)c6c5)cc4c(-c4ccccc4)c3-c3ccccc3)cc2)cc1,300.0,,GREA,573.15,,1,0.0,black
polymer_6346,[*]c1ccc(Oc2ccc(-c3nc4ccc(Oc5ccc6nc([*])cc(-c7ccccc7)c6c5)cc4c(-c4ccccc4)c3-c3ccccc3)cc2)cc1,305.0,,GREA,578.15,,1,0.0,black
polymer_6347,[*]c1ccc(Oc2ccc(-c3nc4ccccc4n3-c3ccc(-c4ccc(-n5c(-c6ccc(Oc7ccc(S([*])(=O)=O)cc7)cc6)nc6ccccc65)cc4)cc3)cc2)cc1,289.0,,GREA,562.15,,1,0.0,black
polymer_6348,[*]c1ccc(Oc2ccc(-c3nc4ccccc4n3-c3ccc(-n4c(-c5ccc(Oc6ccc(S([*])(=O)=O)cc6)cc5)nc5ccccc54)cc3)cc2)cc1,270.0,,GREA,543.15,,1,0.0,black
polymer_6349,[*]c1ccc(Oc2ccc(-c3nn(-c4ccc(S(=O)(=O)c5ccc(-n6nc([*])c7ccccc7c6=O)cc5)cc4)c(=O)c4ccccc34)cc2)cc1,295.0,,GREA,568.15,,1,0.0,black
polymer_6350,[*]c1ccc(Oc2ccc(-c3nnc(-c4ccc(Oc5ccc(-c6cc(OCCCCCC)c([*])cc6OCCCCCC)cc5)cc4)o3)cc2)cc1,103.0,,GREA,376.15,,1,0.0,black
polymer_6351,[*]c1ccc(Oc2ccc(-c3nnc(-c4ccc(Oc5ccc(C([*])(C(F)(F)F)C(F)(F)F)cc5)c5ccccc45)o3)c3ccccc23)cc1,220.0,,GREA,493.15,,1,0.0,black
polymer_6352,[*]c1ccc(Oc2ccc(-c3nnc(-c4ccc(Oc5ccc(C([*])(C(F)(F)F)C(F)(F)F)cc5)cc4)c4c(-c5ccccc5)c(-c5ccc6ccccc6c5)c(-c5ccc6ccccc6c5)c(-c5ccccc5)c34)cc2)cc1,291.0,,GREA,564.15,,1,0.0,black
polymer_6353,[*]c1ccc(Oc2ccc(-c3nnc(-c4ccc(Oc5ccc(C([*])(C(F)(F)F)C(F)(F)F)cc5)cc4)n3-c3ccccc3)cc2)cc1,203.0,,GREA,476.15,,1,0.0,black
polymer_6354,[*]c1ccc(Oc2ccc(-c3nnc(-c4ccc(Oc5ccc(C([*])(C)C)cc5)cc4)c4c(-c5ccc(F)cc5)c(-c5ccc(F)cc5)c(-c5ccc(F)cc5)c(-c5ccc(F)cc5)c34)cc2)cc1,282.0,,GREA,555.15,,1,0.0,black
polymer_6355,[*]c1ccc(Oc2ccc(-c3nnc(-c4ccc(Oc5ccc(C([*])(C)C)cc5)cc4)c4c(-c5ccccc5)c(-c5ccc6ccccc6c5)c(-c5ccc6ccccc6c5)c(-c5ccccc5)c34)cc2)cc1,290.0,,GREA,563.15,,1,0.0,black
polymer_6356,[*]c1ccc(Oc2ccc(-c3nnc(-c4ccc(Oc5ccc(C([*])(C)C)cc5)cc4)n3-c3ccc(S(=O)(=O)c4ccccc4)cc3)cc2)cc1,198.0,,GREA,471.15,,1,0.0,black
polymer_6357,[*]c1ccc(Oc2ccc(-c3nnc(-c4ccc(Oc5ccc(C([*])(C)C)cc5)cc4)n3-c3ccc(S(C)(=O)=O)cc3)cc2)cc1,230.0,,GREA,503.15,,1,0.0,black
polymer_6358,[*]c1ccc(Oc2ccc(-c3nnc(-c4ccc(Oc5ccc(C([*])(C)C)cc5)cc4)n3-c3cccc(C(F)(F)F)c3)cc2)cc1,190.0,,GREA,463.15,,1,0.0,black
polymer_6359,[*]c1ccc(Oc2ccc(-c3nnc(-c4ccc(Oc5ccc(C([*])(C)C)cc5)cc4)n3-c3ccccc3)cc2)cc1,207.0,,GREA,480.15,,1,0.0,black
polymer_6360,[*]c1ccc(Oc2ccc(-c3nnc(-c4ccc(Oc5ccc(C([*])(C)C)cc5)cc4)o3)cc2)cc1,180.0,,GREA,453.15,,1,0.0,black
polymer_6361,[*]c1ccc(Oc2ccc(-c3nnc(-c4ccccn4)nc3-c3ccc(Oc4ccc(C([*])(C(F)(F)F)C(F)(F)F)cc4)cc3)cc2)cc1,224.0,,GREA,497.15,,1,0.0,black
polymer_6362,[*]c1ccc(Oc2ccc(-c3nnc(-c4ccccn4)nc3-c3ccc(Oc4ccc(C([*])(C)C)cc4)cc3)cc2)cc1,220.0,,GREA,493.15,,1,0.0,black
polymer_6363,[*]c1ccc(Oc2ccc(-c3nnc(-c4ccccn4)nc3-c3ccc(Oc4ccc(C([*])(C)c5ccccc5)cc4)cc3)cc2)cc1,232.0,,GREA,505.15,,1,0.0,black
polymer_6364,[*]c1ccc(Oc2ccc(-c3nnc(-c4ccccn4)nc3-c3ccc(Oc4ccc(S([*])(=O)=O)cc4)cc3)cc2)cc1,265.0,,GREA,538.15,,1,0.0,black
polymer_6365,[*]c1ccc(Oc2ccc(-c3nnc([*])o3)cc2)cc1,240.0,,GREA,513.15,,1,0.0,black
polymer_6366,[*]c1ccc(Oc2ccc(-n3c(=O)c4c(Oc5ccc(OC)cc5)c5c(=O)n([*])c(=O)c5c(Oc5ccc(OC)cc5)c4c3=O)cc2)cc1,303.5,,GREA,576.65,,1,0.0,black
polymer_6367,[*]c1ccc(Oc2ccc(-n3c(=O)c4c(Oc5ccc(OCCCC)cc5)c5c(=O)n([*])c(=O)c5c(Oc5ccc(OCCCC)cc5)c4c3=O)cc2)cc1,269.5,,GREA,542.65,,1,0.0,black
polymer_6368,[*]c1ccc(Oc2ccc(-n3c(=O)c4c(Oc5ccc(OCCCCCCCC)cc5)c5c(=O)n([*])c(=O)c5c(Oc5ccc(OCCCCCCCC)cc5)c4c3=O)cc2)cc1,234.5,,GREA,507.65,,1,0.0,black
polymer_6369,[*]c1ccc(Oc2ccc(-n3c(=O)c4c(Oc5ccc(OCCCCCCCCCCCC)cc5)c5c(=O)n([*])c(=O)c5c(Oc5ccc(OCCCCCCCCCCCC)cc5)c4c3=O)cc2)cc1,218.0,,GREA,491.15,,1,0.0,black
polymer_6370,[*]c1ccc(Oc2ccc(-n3c(=O)c4cc5c(=O)n(-c6ccc(Oc7ccc(C(C)(C)c8cccc(C([*])(C)C)c8)cc7)cc6)c(=O)c5cc4c3=O)cc2)cc1,249.47000000000003,,GREA,522.62,,1,0.0,black
polymer_6371,[*]c1ccc(Oc2ccc(-n3c(=O)c4cc5c(=O)n(-c6ccc(Oc7ccc(C([*])(C)C)cc7)cc6)c(=O)c5cc4c3=O)cc2)cc1,283.0,,Qiu,556.15,,1,0.0,black
polymer_6372,[*]c1ccc(Oc2ccc(-n3c(=O)c4cc5c(=O)n([*])c(=O)c5cc4c3=O)cc2)c(-c2ccccc2)c1,329.0,,GREA,602.15,,1,0.0,black
polymer_6373,[*]c1ccc(Oc2ccc(-n3nc(-c4ccccc4)cc3-c3ccc(-c4cc(-c5ccccc5)nn4[*])cc3)cc2)cc1,260.0,,GREA,533.15,,1,0.0,black
polymer_6374,[*]c1ccc(Oc2ccc(-n3nc(-c4ccccc4)cc3-c3cccc(-c4cc(-c5ccccc5)nn4[*])c3)cc2)cc1,232.0,,GREA,505.15,,1,0.0,black
polymer_6375,[*]c1ccc(Oc2ccc(-n3nccc3-c3ccc(-c4ccnn4[*])cc3)cc2)cc1,243.0,,GREA,516.15,,1,0.0,black
polymer_6376,[*]c1ccc(Oc2ccc(/C(=N/c3ccc(/N=C(\c4ccccc4)c4ccc(Oc5ccc(C([*])(C)C)cc5)cc4)cc3)c3ccccc3)cc2)cc1,161.0,,GREA,434.15,,1,0.0,black
polymer_6377,[*]c1ccc(Oc2ccc(/C(=N/c3ccc(Oc4ccc(/N=C(\c5ccccc5)c5ccc(Oc6ccc(C([*])(C)C)cc6)cc5)cc4)cc3)c3ccccc3)cc2)cc1,155.0,,GREA,428.15,,1,0.0,black
polymer_6378,[*]c1ccc(Oc2ccc(/C=C/C(=O)c3ccc(Oc4ccc(C([*])(C)C)cc4)cc3)cc2)cc1,152.0,,GREA,425.15,,1,0.0,black
polymer_6379,[*]c1ccc(Oc2ccc(/C=C/C(=O)c3ccc(Oc4ccc(C([*])(C)C)cc4C)cc3)cc2)c(C)c1,157.0,,GREA,430.15,,1,0.0,black
polymer_6380,[*]c1ccc(Oc2ccc(/C=C/C(=O)c3ccc(Oc4ccc(C([*])(C)c5ccccc5)cc4)cc3)cc2)cc1,167.0,,GREA,440.15,,1,0.0,black
polymer_6381,[*]c1ccc(Oc2ccc(/C=C/c3ccc(Oc4ccc(S([*])(=O)=O)cc4)cc3)cc2)cc1,234.5,,GREA,507.65,,1,0.0,black
polymer_6382,[*]c1ccc(Oc2ccc(/C=N/N=C/c3ccc(Oc4ccc(C([*])(C(F)(F)F)C(F)(F)F)cc4)cc3)cc2)cc1,162.0,,GREA,435.15,,1,0.0,black
polymer_6383,[*]c1ccc(Oc2ccc(/C=N/N=C/c3ccc(Oc4ccc(C([*])(C)C)cc4)cc3)cc2)cc1,163.0,,GREA,436.15,,1,0.0,black
polymer_6384,[*]c1ccc(Oc2ccc(/C=N/N=C/c3ccc(Oc4ccc(C5([*])c6ccccc6-c6ccccc65)cc4)cc3)cc2)cc1,227.0,,GREA,500.15,,1,0.0,black
polymer_6385,[*]c1ccc(Oc2ccc(/C=N/N=C/c3ccc(Oc4ccc(S([*])(=O)=O)cc4)cc3)cc2)cc1,151.0,,GREA,424.15,,1,0.0,black
polymer_6386,[*]c1ccc(Oc2ccc(/C=N/N=C/c3ccc(Oc4ccc(S([*])=O)cc4)cc3)cc2)cc1,151.0,,GREA,424.15,,1,0.0,black
polymer_6387,[*]c1ccc(Oc2ccc(/C=N/c3ccc(/N=C/c4ccc(Oc5ccc(C([*])(c6ccccc6)c6ccccc6)cc5)cc4)cc3)cc2)cc1,230.0,,GREA,503.15,,1,0.0,black
polymer_6388,[*]c1ccc(Oc2ccc(/C=N/c3ccc(Oc4ccc(-c5ccc(Oc6ccc(/N=C/c7ccc(Oc8ccc(C([*])(C(F)(F)F)C(F)(F)F)cc8)cc7)cc6)cc5)cc4)cc3)cc2)cc1,128.0,,GREA,401.15,,1,0.0,black
polymer_6389,[*]c1ccc(Oc2ccc(/C=N/c3ccc(Oc4ccc(-c5ccc(Oc6ccc(/N=C/c7ccc(Oc8ccc(C([*])(C)C)cc8)cc7)cc6)cc5)cc4)cc3)cc2)cc1,120.0,,GREA,393.15,,1,0.0,black
polymer_6390,[*]c1ccc(Oc2ccc(/C=N/c3ccc(Oc4ccc(-c5ccc(Oc6ccc(/N=C/c7ccc(Oc8ccc(S([*])(=O)=O)cc8)cc7)cc6)cc5)cc4)cc3)cc2)cc1,127.0,,GREA,400.15,,1,0.0,black
polymer_6391,[*]c1ccc(Oc2ccc(/C=N/c3ccc(Oc4ccc(/N=C/c5ccc(Oc6ccc(C([*])(c7ccccc7)c7ccccc7)cc6)cc5)cc4)cc3)cc2)cc1,211.0,,GREA,484.15,,1,0.0,black
polymer_6392,[*]c1ccc(Oc2ccc(/C=N/c3ccc(Oc4ccc(/N=C/c5ccc(Oc6ccc(S([*])(=O)=O)cc6)cc5)cc4)cc3)cc2)cc1,162.0,,GREA,435.15,,1,0.0,black
polymer_6393,[*]c1ccc(Oc2ccc(/C=N/c3ccc(Oc4ccc(S([*])(=O)=O)cc4)cc3)cc2)cc1,110.0,,GREA,383.15,,1,0.0,black
polymer_6394,[*]c1ccc(Oc2ccc(/N=N/c3ccc(Oc4ccc(C([*])(C)C)cc4)cc3)cc2)cc1,175.0,,GREA,448.15,,1,0.0,black
polymer_6395,[*]c1ccc(Oc2ccc(C(=O)C(=O)c3ccc(Oc4ccc(C([*])(C)C)cc4)cc3)cc2)cc1,152.0,,GREA,425.15,,1,0.0,black
polymer_6396,[*]c1ccc(Oc2ccc(C(=O)C(=O)c3ccc(Oc4ccc(C([*])(C)c5ccccc5)cc4)cc3)cc2)cc1,177.0,,GREA,450.15,,1,0.0,black
polymer_6397,[*]c1ccc(Oc2ccc(C(=O)Nc3ccc(-c4ccc(NC(=O)c5ccc(Oc6ccc(C([*])(C)C)cc6)cc5)cc4C(F)(F)F)c(C(F)(F)F)c3)cc2)cc1,250.0,,GREA,523.15,,1,0.0,black
polymer_6398,[*]c1ccc(Oc2ccc(C(=O)Nc3ccc(Cc4ccc(NC(=O)c5ccc(Oc6ccc(C(C)(C)c7ccc(C([*])(C)C)cc7)cc6)cc5)cc4)cc3)cc2)cc1,162.0,,GREA,435.15,,1,0.0,black
polymer_6399,[*]c1ccc(Oc2ccc(C(=O)Nc3ccc(Cc4ccc(NC(=O)c5ccc(Oc6ccc(C(C)(C)c7cccc(C([*])(C)C)c7)cc6)cc5)cc4)cc3)cc2)cc1,149.0,,GREA,422.15,,1,0.0,black
polymer_6400,[*]c1ccc(Oc2ccc(C(=O)Nc3ccc(NC(=O)c4ccc(Oc5ccc(C(C)(C)c6ccc(C([*])(C)C)cc6)cc5)cc4)cc3)cc2)cc1,163.0,,GREA,436.15,,1,0.0,black
polymer_6401,[*]c1ccc(Oc2ccc(C(=O)Nc3ccc(NC(=O)c4ccc(Oc5ccc(C(C)(C)c6cccc(C([*])(C)C)c6)cc5)cc4)cc3)cc2)cc1,154.0,,GREA,427.15,,1,0.0,black
polymer_6402,[*]c1ccc(Oc2ccc(C(=O)Nc3ccc(NC(=O)c4ccc(Oc5ccc(C([*])(C)C)cc5)cc4)cc3)cc2)cc1,230.0,,GREA,503.15,,1,0.0,black
polymer_6403,[*]c1ccc(Oc2ccc(C(=O)Nc3ccc(Oc4ccc(-c5ccc(Oc6ccc(NC(=O)c7ccc(Oc8ccc(C(C)(C)c9ccc(C([*])(C)C)cc9)cc8)cc7)cc6)cc5)cc4)cc3)cc2)cc1,177.0,,GREA,450.15,,1,0.0,black
polymer_6404,[*]c1ccc(Oc2ccc(C(=O)Nc3ccc(Oc4ccc(-c5ccc(Oc6ccc(NC(=O)c7ccc(Oc8ccc(C(C)(C)c9cccc(C([*])(C)C)c9)cc8)cc7)cc6)cc5)cc4)cc3)cc2)cc1,167.0,,GREA,440.15,,1,0.0,black
polymer_6405,[*]c1ccc(Oc2ccc(C(=O)Nc3ccc(Oc4ccc(C(c5ccc(Oc6ccc(NC(=O)c7ccc(Oc8ccc(C(C)(C)c9ccc(C([*])(C)C)cc9)cc8)cc7)cc6)cc5)(C(F)(F)F)C(F)(F)F)cc4)cc3)cc2)cc1,169.0,,GREA,442.15,,1,0.0,black
polymer_6406,[*]c1ccc(Oc2ccc(C(=O)Nc3ccc(Oc4ccc(C(c5ccc(Oc6ccc(NC(=O)c7ccc(Oc8ccc(C(C)(C)c9cccc(C([*])(C)C)c9)cc8)cc7)cc6)cc5)(C(F)(F)F)C(F)(F)F)cc4)cc3)cc2)cc1,154.0,,GREA,427.15,,1,0.0,black
polymer_6407,[*]c1ccc(Oc2ccc(C(=O)Nc3ccc(Oc4ccc(NC(=O)c5ccc(Oc6ccc(C(C)(C)c7ccc(C([*])(C)C)cc7)cc6)cc5)cc4)cc3)cc2)cc1,174.0,,GREA,447.15,,1,0.0,black
polymer_6408,[*]c1ccc(Oc2ccc(C(=O)Nc3ccc(Oc4ccc(NC(=O)c5ccc(Oc6ccc(C(C)(C)c7cccc(C([*])(C)C)c7)cc6)cc5)cc4)cc3)cc2)cc1,155.0,,GREA,428.15,,1,0.0,black
polymer_6409,[*]c1ccc(Oc2ccc(C(=O)Nc3ccc(Oc4ccc(Oc5ccc(NC(=O)c6ccc(Oc7ccc(C(C)(C)c8ccc(C([*])(C)C)cc8)cc7)cc6)cc5)cc4)cc3)cc2)cc1,165.0,,GREA,438.15,,1,0.0,black
polymer_6410,[*]c1ccc(Oc2ccc(C(=O)Nc3ccc(Oc4ccc(Oc5ccc(NC(=O)c6ccc(Oc7ccc(C(C)(C)c8cccc(C([*])(C)C)c8)cc7)cc6)cc5)cc4)cc3)cc2)cc1,147.0,,GREA,420.15,,1,0.0,black
polymer_6411,[*]c1ccc(Oc2ccc(C(=O)Nc3ccc(Oc4ccc(S(=O)(=O)c5ccc(Oc6ccc(NC(=O)c7ccc(Oc8ccc(C(C)(C)c9ccc(C([*])(C)C)cc9)cc8)cc7)cc6)cc5)cc4)cc3)cc2)cc1,177.0,,GREA,450.15,,1,0.0,black
polymer_6412,[*]c1ccc(Oc2ccc(C(=O)Nc3ccc(Oc4ccc(S(=O)(=O)c5ccc(Oc6ccc(NC(=O)c7ccc(Oc8ccc(C(C)(C)c9cccc(C([*])(C)C)c9)cc8)cc7)cc6)cc5)cc4)cc3)cc2)cc1,167.0,,GREA,440.15,,1,0.0,black
polymer_6413,[*]c1ccc(Oc2ccc(C(=O)Nc3ccc(Oc4ccc5cccc(Oc6ccc(NC(=O)c7ccc(Oc8ccc(C([*])(C)c9ccccc9)cc8)cc7)cc6)c5c4)cc3)cc2)cc1,212.0,,GREA,485.15,,1,0.0,black
polymer_6414,[*]c1ccc(Oc2ccc(C(=O)Nc3ccc(Oc4cccc(NC(=O)c5ccc(Oc6ccc(C(C)(C)c7ccc(C([*])(C)C)cc7)cc6)cc5)c4)cc3)cc2)cc1,168.0,,GREA,441.15,,1,0.0,black
polymer_6415,[*]c1ccc(Oc2ccc(C(=O)Nc3ccc(Oc4cccc5ccc(Oc6ccc(NC(=O)c7ccc(Oc8ccc(C(C)(C)c9cccc(C([*])(C)C)c9)cc8)cc7)cc6)cc45)cc3)cc2)cc1,139.0,,GREA,412.15,,1,0.0,black
polymer_6416,[*]c1ccc(Oc2ccc(C(=O)Nc3cccc(NC(=O)c4ccc(Oc5ccc(C(C)(C)c6ccc(C([*])(C)C)cc6)cc5)cc4)c3)cc2)cc1,173.0,,GREA,446.15,,1,0.0,black
polymer_6417,[*]c1ccc(Oc2ccc(C(=O)Nc3cccc(NC(=O)c4ccc(Oc5ccc(C(C)(C)c6cccc(C([*])(C)C)c6)cc5)cc4)c3)cc2)cc1,155.0,,GREA,428.15,,1,0.0,black
polymer_6418,[*]c1ccc(Oc2ccc(C(=O)Nc3cccc(NC(=O)c4ccc(Oc5ccc(C([*])(C)C)cc5)cc4)c3)cc2)cc1,214.0,,GREA,487.15,,1,0.0,black
polymer_6419,[*]c1ccc(Oc2ccc(C(=O)Nc3cccc(Oc4ccc(NC(=O)c5ccc(Oc6ccc(C(C)(C)c7cccc(C([*])(C)C)c7)cc6)cc5)cc4)c3)cc2)cc1,147.0,,GREA,420.15,,1,0.0,black
polymer_6420,[*]c1ccc(Oc2ccc(C(=O)Oc3ccc(C4(c5ccc(OC(=O)c6ccc(Oc7ccc(C8([*])CCC(C(C)(C)C)CC8)cc7)cc6)cc5)C5CC6CC(C5)CC4C6)cc3)cc2)cc1,197.0,,GREA,470.15,,1,0.0,black
polymer_6421,[*]c1ccc(Oc2ccc(C(=O)Oc3ccc(C4(c5ccc(OC(=O)c6ccc(Oc7ccc(C8([*])CCC(C(C)(C)C)CC8)cc7)cc6)cc5)CC5CC4C4CCCC54)cc3)cc2)cc1,181.0,,GREA,454.15,,1,0.0,black
polymer_6422,[*]c1ccc(Oc2ccc(C(=O)Oc3ccc(C4(c5ccc(OC(=O)c6ccc(Oc7ccc(C8([*])CCC(C(C)(C)C)CC8)cc7)cc6)cc5)CCC(c5ccccc5)CC4)cc3)cc2)cc1,172.0,,GREA,445.15,,1,0.0,black
polymer_6423,[*]c1ccc(Oc2ccc(C(=O)Oc3ccc(C4(c5ccc(OC(=O)c6ccc(Oc7ccc(C8([*])CCC(C(C)(C)C)CC8)cc7)cc6)cc5)CCCCCCCCCCC4)cc3)cc2)cc1,181.0,,GREA,454.15,,1,0.0,black
polymer_6424,[*]c1ccc(Oc2ccc(C(=O)Oc3ccc(C45CC6CC(CC(C6)C4)C5)c(OC(=O)c4ccc(Oc5ccc(C6([*])CCC(C(C)(C)C)CC6)cc5)cc4)c3)cc2)cc1,180.0,,GREA,453.15,,1,0.0,black
polymer_6425,[*]c1ccc(Oc2ccc(C(=O)c3c(C(=O)c4ccc(Oc5ccc(C([*])(C)C)cc5)cc4)c(-c4ccc(F)cc4)c(-c4ccc(F)cc4)c(-c4ccc(F)cc4)c3-c3ccc(F)cc3)cc2)cc1,252.0,,GREA,525.15,,1,0.0,black
polymer_6426,[*]c1ccc(Oc2ccc(C(=O)c3c(C(=O)c4ccc(Oc5ccc(C([*])(C)C)cc5)cc4)c(-c4ccccc4)c(-c4ccc5ccccc5c4)c(-c4ccc5ccccc5c4)c3-c3ccccc3)cc2)cc1,264.0,,GREA,537.15,,1,0.0,black
polymer_6427,[*]c1ccc(Oc2ccc(C(=O)c3ccc(-c4ccc(C(=O)c5ccc(Oc6ccc(C([*])(C)C)cc6)cc5)cc4)cc3)cc2)cc1,186.0,,GREA,459.15,,1,0.0,black
polymer_6428,[*]c1ccc(Oc2ccc(C(=O)c3ccc(C(=O)c4ccc(Oc5ccc(C([*])(C)C)cc5)c(C(F)(F)F)c4)cc3)cc2C(F)(F)F)cc1,171.0,,GREA,444.15,,1,0.0,black
polymer_6429,[*]c1ccc(Oc2ccc(C(=O)c3ccc(C(=O)c4ccc(Oc5ccc(C([*])(C)C)cc5)cc4)cc3)cc2)cc1,160.0,,GREA,433.15,,1,0.0,black
polymer_6430,[*]c1ccc(Oc2ccc(C(=O)c3ccc(C(=O)c4ccc(Oc5ccc(C([*])(C)C)cc5)s4)cc3)s2)cc1,154.0,,GREA,427.15,,1,0.0,black
polymer_6431,[*]c1ccc(Oc2ccc(C(=O)c3ccc(C(C)(C)c4ccc(C(=O)c5ccc(Oc6ccc(C([*])(C)C)cc6)cc5)cc4)cc3)cc2)cc1,171.0,,GREA,444.15,,1,0.0,black
polymer_6432,[*]c1ccc(Oc2ccc(C(=O)c3ccc(C(c4ccc(C(=O)c5ccc(Oc6ccc(C([*])(C)C)cc6)cc5)cc4)(C(F)(F)F)C(F)(F)F)cc3)cc2)cc1,181.0,,GREA,454.15,,1,0.0,black
polymer_6433,[*]c1ccc(Oc2ccc(C(=O)c3ccc(Oc4ccc(-c5c6c(c([*])c7ccccc57)C(=O)N(C)C6=O)cc4)cc3)cc2)cc1,283.0,,GREA,556.15,,1,0.0,black
polymer_6434,[*]c1ccc(Oc2ccc(C(=O)c3ccc(Oc4ccc(-c5c6c(c([*])c7ccccc57)C(=O)N(CCCCCCCCCCCC)C6=O)cc4)cc3)cc2)cc1,147.0,,GREA,420.15,,1,0.0,black
polymer_6435,[*]c1ccc(Oc2ccc(C(=O)c3ccc(Oc4ccc(C(=O)c5ccc(Oc6ccc(C([*])(C)C)cc6)cc5)cc4)cc3)cc2)cc1,162.0,,GREA,435.15,,1,0.0,black
polymer_6436,[*]c1ccc(Oc2ccc(C(=O)c3ccc(Oc4ccc(C(C)(C)C5CCC([*])(C)CC5)cc4)cc3)cc2)cc1,200.0,,GREA,473.15,,1,0.0,black
polymer_6437,[*]c1ccc(Oc2ccc(C(=O)c3ccc(Oc4ccc(C([*])(C)C)cc4)c(S(=O)(=O)O)c3)cc2S(=O)(=O)O)cc1,175.0,,GREA,448.15,,1,0.0,black
polymer_6438,[*]c1ccc(Oc2ccc(C(=O)c3ccc(Oc4ccc(C([*])(C)C)cc4)cc3)cc2)cc1,155.0,,GREA,428.15,,1,0.0,black
polymer_6439,[*]c1ccc(Oc2ccc(C(=O)c3ccc(Oc4ccc(C([*])(C)C)cc4)s3)cc2)cc1,151.0,,GREA,424.15,,1,0.0,black
polymer_6440,[*]c1ccc(Oc2ccc(C(=O)c3ccc(Oc4ccc(C([*])(C)C)cc4)s3)s2)cc1,124.0,,GREA,397.15,,1,0.0,black
polymer_6441,[*]c1ccc(Oc2ccc(C(=O)c3ccc(Oc4ccc(C5([*])CCC6CCCCC6C5)cc4C)cc3)cc2)c(C)c1,201.0,,GREA,474.15,,1,0.0,black
polymer_6442,[*]c1ccc(Oc2ccc(C(=O)c3ccc(Oc4ccc(C5([*])OC(=O)c6ccccc65)cc4)cc3)cc2)cc1,218.0,,GREA,491.15,,1,0.0,black
polymer_6443,[*]c1ccc(Oc2ccc(C(=O)c3ccc(Oc4ccc(C5([*])c6ccccc6C(=O)N5C)cc4)cc3)cc2)cc1,245.0,,GREA,518.15,,1,0.0,black
polymer_6444,[*]c1ccc(Oc2ccc(C(=O)c3ccc(Oc4ccc(S(=O)(=O)c5ccc(Oc6ccc(C([*])(C)C)cc6)cc5)cc4)cc3)cc2)cc1,175.0,,GREA,448.15,,1,0.0,black
polymer_6445,[*]c1ccc(Oc2ccc(C(=O)c3ccc(P(=O)(c4ccccc4)c4ccc(C(=O)c5ccc(Oc6ccc(C([*])(C)C)cc6)cc5)cc4)cc3)cc2)cc1,195.0,,GREA,468.15,,1,0.0,black
polymer_6446,[*]c1ccc(Oc2ccc(C(=O)c3ccc4c(c3)C(=O)N(c3ccc(Cc5ccc(N6C(=O)c7ccc(C(=O)c8ccc(Oc9ccc(C%10([*])OC(=O)c%11ccccc%11%10)cc9)cc8)cc7C6=O)cc5)cc3)C4=O)cc2)cc1,268.0,,GREA,541.15,,1,0.0,black
polymer_6447,[*]c1ccc(Oc2ccc(C(=O)c3ccc4c(c3)C(=O)N(c3ccc(Oc5ccc(N6C(=O)c7ccc(C(=O)c8ccc(Oc9ccc(C%10([*])OC(=O)c%11ccccc%11%10)cc9)cc8)cc7C6=O)cc5)cc3)C4=O)cc2)cc1,260.0,,GREA,533.15,,1,0.0,black
polymer_6448,[*]c1ccc(Oc2ccc(C(=O)c3ccc4c(c3)C(=O)N(c3ccc(Oc5ccc(N6C(=O)c7ccc(C(=O)c8ccc(Oc9ccc(C([*])(C)C)cc9)cc8)cc7C6=O)cc5)cc3)C4=O)cc2)cc1,217.0,,GREA,490.15,,1,0.0,black
polymer_6449,[*]c1ccc(Oc2ccc(C(=O)c3ccc4cc(C(=O)c5ccc(Oc6ccc(C([*])(C)C)cc6)cc5)ccc4c3)cc2)cc1,185.0,,GREA,458.15,,1,0.0,black
polymer_6450,[*]c1ccc(Oc2ccc(C(=O)c3cccc(C(=O)c4ccc(Oc5ccc(-c6c7c(c([*])c8ccccc68)C(=O)N(C)C7=O)cc5)cc4)c3)cc2)cc1,251.0,,GREA,524.15,,1,0.0,black
polymer_6451,[*]c1ccc(Oc2ccc(C(=O)c3cccc(C(=O)c4ccc(Oc5ccc(-c6c7c(c([*])c8ccccc68)C(=O)N(CCCCCCCCCCCC)C7=O)cc5)cc4)c3)cc2)cc1,140.0,,GREA,413.15,,1,0.0,black
polymer_6452,[*]c1ccc(Oc2ccc(C(=O)c3cccc(C(=O)c4ccc(Oc5ccc(C([*])(C)C)cc5)cc4)c3)cc2)cc1,153.0,,GREA,426.15,,1,0.0,black
polymer_6453,[*]c1ccc(Oc2ccc(C(=O)c3cccc(C(=O)c4ccc(Oc5ccc(C6([*])CCC7CCCCC7C6)cc5C)cc4)c3)cc2)c(C)c1,185.0,,GREA,458.15,,1,0.0,black
polymer_6454,[*]c1ccc(Oc2ccc(C(=O)c3cccc(C(=O)c4ccc(Oc5ccc(C6([*])c7ccccc7-c7ccccc76)cc5C)cc4)c3)cc2)c(C)c1,217.0,,GREA,490.15,,1,0.0,black
polymer_6455,[*]c1ccc(Oc2ccc(C(=O)c3cccc4cccc(C(=O)c5ccc(Oc6ccc(C([*])(C)C)cc6)cc5)c34)cc2)cc1,210.5,,GREA,483.65,,1,0.0,black
polymer_6456,[*]c1ccc(Oc2ccc(C(=O)c3ccccc3)c(-c3cc(Oc4ccc(C([*])(C)C)cc4)ccc3C(=O)c3ccccc3)c2)cc1,156.0,,GREA,429.15,,1,0.0,black
polymer_6457,[*]c1ccc(Oc2ccc(C(=O)c3ccccc3-c3ccccc3C(=O)c3ccc(Oc4ccc(C([*])(C)C)cc4)cc3)cc2)cc1,172.0,,GREA,445.15,,1,0.0,black
polymer_6458,[*]c1ccc(Oc2ccc(C(C)(C)c3ccc(Oc4ccc(-c5nnc([*])n5-c5ccc(C)cc5)cc4)cc3)cc2)cc1,205.0,,GREA,478.15,,1,0.0,black
polymer_6459,[*]c1ccc(Oc2ccc(C(C)(C)c3ccccc3)cc2)c(N2C(=O)c3ccc(-c4ccc5c(c4)C(=O)N([*])C5=O)cc3C2=O)c1,275.0,,GREA,548.15,,1,0.0,black
polymer_6460,[*]c1ccc(Oc2ccc(C(C)(C)c3ccccc3)cc2)c(N2C(=O)c3ccc(C(=O)c4ccc5c(c4)C(=O)N([*])C5=O)cc3C2=O)c1,267.0,,GREA,540.15,,1,0.0,black
polymer_6461,[*]c1ccc(Oc2ccc(C(O)C(O)c3ccc(Oc4ccc(C([*])(C)C)cc4)cc3)cc2)cc1,151.0,,GREA,424.15,,1,0.0,black
polymer_6462,[*]c1ccc(Oc2ccc(C(c3ccc(Oc4ccc(-c5ccc([*])s5)cc4C(F)(F)F)cc3)(C(F)(F)F)C(F)(F)F)cc2)c(C(F)(F)F)c1,155.0,,GREA,428.15,,1,0.0,black
polymer_6463,[*]c1ccc(Oc2ccc(C(c3ccc(Oc4ccc(-c5cccc([*])n5)cc4C(F)(F)F)cc3)(C(F)(F)F)C(F)(F)F)cc2)c(C(F)(F)F)c1,153.0,,GREA,426.15,,1,0.0,black
polymer_6464,[*]c1ccc(Oc2ccc(C(c3ccc(Oc4ccc(-c5cnc([*])o5)cc4C(F)(F)F)cc3)(C(F)(F)F)C(F)(F)F)cc2)c(C(F)(F)F)c1,205.0,,GREA,478.15,,1,0.0,black
polymer_6465,[*]c1ccc(Oc2ccc(C(c3ccc(Oc4ccc(-c5nnc([*])c6c(-c7ccc(F)cc7)c(-c7ccc(F)cc7)c(-c7ccc(F)cc7)c(-c7ccc(F)cc7)c56)cc4)cc3)(C(F)(F)F)C(F)(F)F)cc2)cc1,288.0,,GREA,561.15,,1,0.0,black
polymer_6466,[*]c1ccc(Oc2ccc(C(c3ccc(Oc4ccc(-c5nnc([*])n5-c5ccc(C)cc5)cc4)cc3)(C(F)(F)F)C(F)(F)F)cc2)cc1,213.0,,GREA,486.15,,1,0.0,black
polymer_6467,[*]c1ccc(Oc2ccc(C(c3ccc(Oc4ccc(-c5nnc([*])n5-c5ccc(S(=O)(=O)c6ccccc6)cc5)cc4)cc3)(C(F)(F)F)C(F)(F)F)cc2)cc1,211.0,,GREA,484.15,,1,0.0,black
polymer_6468,[*]c1ccc(Oc2ccc(C(c3ccc(Oc4ccc(-c5nnc([*])n5-c5ccc(S(C)(=O)=O)cc5)cc4)cc3)(C(F)(F)F)C(F)(F)F)cc2)cc1,226.0,,GREA,499.15,,1,0.0,black
polymer_6469,[*]c1ccc(Oc2ccc(C(c3ccc(Oc4ccc(-c5nnc([*])n5-c5cccc(C(F)(F)F)c5)cc4)cc3)(C(F)(F)F)C(F)(F)F)cc2)cc1,185.0,,GREA,458.15,,1,0.0,black
polymer_6470,[*]c1ccc(Oc2ccc(C(c3ccc(Oc4ccc(-n5c(=O)c6cc7c(=O)n([*])c(=O)c7cc6c5=O)cc4C(F)(F)F)cc3)(C(F)(F)F)C(F)(F)F)cc2)c(C(F)(F)F)c1,253.0,,GREA,526.15,,1,0.0,black
polymer_6471,[*]c1ccc(Oc2ccc(C(c3ccc(Oc4ccc(N5C(=O)CC(=O)N([*])C5=S)cc4)cc3)(C(F)(F)F)C(F)(F)F)cc2)cc1,147.0,,GREA,420.15,,1,0.0,black
polymer_6472,[*]c1ccc(Oc2ccc(C(c3ccc(Oc4ccc(N5C(=O)c6ccc7c8c(ccc(c68)C5=O)C(=O)N([*])C7=O)cc4)c(S(=O)(=O)O)c3)(C(F)(F)F)C(F)(F)F)cc2S(=O)(=O)O)cc1,270.0,,GREA,543.15,,1,0.0,black
polymer_6473,[*]c1ccc(Oc2ccc(C(c3ccc(Oc4ccc(N5C(=O)c6ccc7c8c(ccc(c68)C5=O)C(=O)N([*])C7=O)cc4)cc3)(C(F)(F)F)C(F)(F)F)cc2)cc1,280.0,,GREA,553.15,,1,0.0,black
polymer_6474,[*]c1ccc(Oc2ccc(C(c3ccc(Oc4ccc(P([*])(=O)c5ccccc5)cc4)cc3)(C(F)(F)F)C(F)(F)F)cc2)cc1,210.5,,GREA,483.65,,1,0.0,black
polymer_6475,[*]c1ccc(Oc2ccc(C(c3ccc(Oc4ccc(P([*])(C)=O)cc4)cc3)(C(F)(F)F)C(F)(F)F)cc2)cc1,208.0,,GREA,481.15,,1,0.0,black
polymer_6476,[*]c1ccc(Oc2ccc(C(c3ccc(Oc4ccc(S([*])(=O)=O)c(C(O)(C(F)(F)F)C(F)(F)F)c4)cc3)(C(F)(F)F)C(F)(F)F)cc2)cc1C(O)(C(F)(F)F)C(F)(F)F,148.0,,GREA,421.15,,1,0.0,black
polymer_6477,[*]c1ccc(Oc2ccc(C(c3ccc(Oc4ccc(S([*])(=O)=O)cc4)c(Br)c3)(C(F)(F)F)C(F)(F)F)cc2Br)cc1,197.5,,GREA,470.65,,1,0.0,black
polymer_6478,[*]c1ccc(Oc2ccc(C(c3ccc(Oc4ccc(S([*])(=O)=O)cc4)cc3)(C(F)(F)F)C(F)(F)F)cc2)cc1,199.70000000000005,,GREA,472.85,,1,0.0,black
polymer_6479,[*]c1ccc(Oc2ccc(C(c3ccccc3)(c3ccc(Oc4ccc(P([*])(C)=O)cc4)cc3)C(F)(F)F)cc2)cc1,229.0,,GREA,502.15,,1,0.0,black
polymer_6480,[*]c1ccc(Oc2ccc(C(c3ccccc3)(c3ccccc3)c3ccc(Oc4ccc(-c5nc([*])nc(-c6ccccc6)n5)cc4)cc3)cc2)cc1,261.0,,GREA,534.15,,1,0.0,black
polymer_6481,[*]c1ccc(Oc2ccc(C(c3ccccc3)(c3ccccc3)c3ccc(Oc4ccc(S([*])(=O)=O)cc4)cc3)cc2)cc1,230.0,,GREA,503.15,,1,0.0,black
polymer_6482,[*]c1ccc(Oc2ccc(C3(c4ccc(Oc5ccc(-c6ccc([*])s6)cc5C(F)(F)F)cc4)c4ccccc4-c4ccccc43)cc2)c(C(F)(F)F)c1,169.0,,GREA,442.15,,1,0.0,black
polymer_6483,[*]c1ccc(Oc2ccc(C3(c4ccc(Oc5ccc(-c6cccc([*])n6)cc5C(F)(F)F)cc4)c4ccccc4-c4ccccc43)cc2)c(C(F)(F)F)c1,182.5,,GREA,455.65,,1,0.0,black
polymer_6484,[*]c1ccc(Oc2ccc(C3(c4ccc(Oc5ccc(-c6nc(-c7ccccn7)nnc6[*])cc5)cc4)c4ccccc4-c4ccccc43)cc2)cc1,277.0,,GREA,550.15,,1,0.0,black
polymer_6485,[*]c1ccc(Oc2ccc(C3(c4ccc(Oc5ccc(-c6nnc([*])c7c(-c8ccc(F)cc8)c(-c8ccc(F)cc8)c(-c8ccc(F)cc8)c(-c8ccc(F)cc8)c67)cc5)cc4)c4ccccc4-c4ccccc43)cc2)cc1,321.0,,GREA,594.15,,1,0.0,black
polymer_6486,[*]c1ccc(Oc2ccc(C3(c4ccc(Oc5ccc(-c6nnc([*])c7c(-c8ccccc8)c(-c8ccc9ccccc9c8)c(-c8ccc9ccccc9c8)c(-c8ccccc8)c67)cc5)cc4)c4ccccc4-c4ccccc43)cc2)cc1,334.0,,GREA,607.15,,1,0.0,black
polymer_6487,[*]c1ccc(Oc2ccc(C3(c4ccc(Oc5ccc(N6C(=O)CC(=O)N([*])C6=S)cc5)cc4)c4ccccc4-c4ccccc43)cc2)cc1,175.0,,GREA,448.15,,1,0.0,black
polymer_6488,[*]c1ccc(Oc2ccc(C3(c4ccc(Oc5ccc(P([*])(C)=O)cc5)cc4)OC(=O)c4ccccc43)cc2)cc1,263.0,,GREA,536.15,,1,0.0,black
polymer_6489,[*]c1ccc(Oc2ccc(C3(c4ccc(Oc5ccc(S([*])(=O)=O)cc5)cc4)C4CC5CC(C4)CC3C5)cc2)cc1,297.0,,GREA,570.15,,1,0.0,black
polymer_6490,[*]c1ccc(Oc2ccc(C3(c4ccc(Oc5ccc(S([*])(=O)=O)cc5)cc4)CC4CCC3C4)cc2)cc1,250.0,,GREA,523.15,,1,0.0,black
polymer_6491,[*]c1ccc(Oc2ccc(C3(c4ccc(Oc5ccc(S([*])(=O)=O)cc5)cc4)CCCC3)cc2)cc1,230.0,,GREA,503.15,,1,0.0,black
polymer_6492,[*]c1ccc(Oc2ccc(C3(c4ccc(Oc5ccc(S([*])(=O)=O)cc5)cc4)CCCCC3)cc2)cc1,226.0,,GREA,499.15,,1,0.0,black
polymer_6493,[*]c1ccc(Oc2ccc(C3(c4ccc(Oc5ccc(S([*])(=O)=O)cc5)cc4)CCCCCC3)cc2)cc1,247.0,,GREA,520.15,,1,0.0,black
polymer_6494,[*]c1ccc(Oc2ccc(C3(c4ccc(Oc5ccc(S([*])(=O)=O)cc5)cc4)c4ccccc4-c4ccccc43)cc2)cc1,278.5,,GREA,551.65,,1,0.0,black
polymer_6495,[*]c1ccc(Oc2ccc(C34CC5CC(C3)CC(c3ccc(Oc6ccc(S([*])(=O)=O)cc6)cc3)(C5)C4)cc2)cc1,242.0,,GREA,515.15,,1,0.0,black
polymer_6496,[*]c1ccc(Oc2ccc(Cc3ccc(Oc4ccc(S([*])(=O)=O)cc4)cc3)cc2)cc1,189.55,,GREA,462.7,,1,0.0,black
polymer_6497,[*]c1ccc(Oc2ccc(N(c3ccc(OC)cc3)c3ccc4ccc(N([*])c5ccc(OC)cc5)cc4c3)cc2)cc1,197.0,,GREA,470.15,,1,0.0,black
polymer_6498,[*]c1ccc(Oc2ccc(N(c3ccc(OCCCCCC)cc3)c3ccc(-c4ccc(N([*])c5ccc(OCCCCCC)cc5)cc4)cc3)cc2)cc1,105.0,,GREA,378.15,,1,0.0,black
polymer_6499,[*]c1ccc(Oc2ccc(N(c3ccccc3)c3ccc(-c4ccc(N([*])c5ccccc5)cc4)cc3)cc2)cc1,218.0,,GREA,491.15,,1,0.0,black
polymer_6500,[*]c1ccc(Oc2ccc(N3C(=O)C(=O)N(CCCCCCN4C(=O)C(=O)N([*])C4=O)C3=O)cc2)cc1,172.0,,GREA,445.15,,1,0.0,black
polymer_6501,[*]c1ccc(Oc2ccc(N3C(=O)C(=O)N(c4ccccc4CCc4ccc(N5C(=O)C(=O)N([*])C5=O)cc4)C3=O)cc2)cc1,208.0,,GREA,481.15,,1,0.0,black
polymer_6502,[*]c1ccc(Oc2ccc(N3C(=O)C4CCC(C5CCC6C(=O)N(c7ccc(Oc8ccc(C([*])(C)C)cc8)cc7)C(=O)C6C5)CC4C3=O)cc2)cc1,225.0,,GREA,498.15,,1,0.0,black
polymer_6503,[*]c1ccc(Oc2ccc(N3C(=O)C4CCC5C(=O)N([*])C(=O)C5C4C3=O)cc2)cc1,342.0,,GREA,615.15,,1,0.0,black
polymer_6504,[*]c1ccc(Oc2ccc(N3C(=O)C4CCC5C(=O)N(c6ccc(Oc7ccc(C([*])(C)C)cc7)cc6)C(=O)C5C4C3=O)cc2)cc1,263.5,,GREA,536.65,,1,0.0,black
polymer_6505,[*]c1ccc(Oc2ccc(N3C(=O)CC(=O)N(c4ccc(Oc5ccc(C([*])(C)C)cc5)cc4)C3=S)cc2)cc1,150.0,,GREA,423.15,,1,0.0,black
polymer_6506,[*]c1ccc(Oc2ccc(N3C(=O)CC(C)(SCCOCCSC4(C)CC(=O)N(c5ccc(Oc6ccc(N7C(=O)C(C)C(SCCOCCSC8C(=O)N([*])C(=O)C8C)C7=O)cc6)cc5)C4=O)C3=O)cc2)cc1,145.0,,GREA,418.15,,1,0.0,black
polymer_6507,[*]c1ccc(Oc2ccc(N3C(=O)CC4C(CC5C(=O)N([*])C(=O)C54)C3=O)cc2)cc1,350.0,,GREA,623.15,,1,0.0,black
polymer_6508,[*]c1ccc(Oc2ccc(N3C(=O)N4C(c5ccc(OC)cc5)N([*])C(=O)N4C3c3ccc(OC)cc3)cc2)cc1,163.0,,GREA,436.15,,1,0.0,black
polymer_6509,[*]c1ccc(Oc2ccc(N3C(=O)c4c(c(-c5ccccc5)c(-c5ccc(-c6c(-c7ccccc7)c7c(c(-c8ccccc8)c6-c6ccccc6)C(=O)N([*])C7=O)cc5)c(-c5ccccc5)c4-c4ccccc4)C3=O)cc2)cc1,413.0,,GREA,686.15,,1,0.0,black
polymer_6510,[*]c1ccc(Oc2ccc(N3C(=O)c4c(c(-c5ccccc5)c(-c5ccc(Oc6ccc(-c7c(-c8ccccc8)c8c(c(-c9ccccc9)c7-c7ccccc7)C(=O)N([*])C8=O)cc6)cc5)c(-c5ccccc5)c4-c4ccccc4)C3=O)cc2)cc1,360.0,,GREA,633.15,,1,0.0,black
polymer_6511,[*]c1ccc(Oc2ccc(N3C(=O)c4ccc(-c5ccc(-c6ccc(-c7ccc(-c8ccc(-c9ccc%10c(c9)C(=O)N(c9ccc(Oc%11ccc(C([*])(C)C)cc%11)cc9)C%10=O)cc8)cc7)cc6)cc5)cc4C3=O)cc2)cc1,236.0,,GREA,509.15,,1,0.0,black
polymer_6512,[*]c1ccc(Oc2ccc(N3C(=O)c4ccc(C(=O)Nc5ccc(Oc6ccc(-c7ccc(Oc8ccc(NC(=O)c9ccc%10c(c9)C(=O)N(c9ccc(Oc%11ccc(C([*])(C)C)cc%11)cc9)C%10=O)cc8)cc7)cc6)cc5)cc4C3=O)cc2)cc1,283.0,,GREA,556.15,,1,0.0,black
polymer_6513,[*]c1ccc(Oc2ccc(N3C(=O)c4ccc(C(=O)Nc5ccc(Oc6ccccc6-c6ccccc6Oc6ccc(NC(=O)c7ccc8c(c7)C(=O)N(c7ccc(Oc9ccc(C([*])(C)C)cc9)cc7)C8=O)cc6)cc5)cc4C3=O)cc2)cc1,229.0,,GREA,502.15,,1,0.0,black
polymer_6514,[*]c1ccc(Oc2ccc(N3C(=O)c4ccc(Oc5ccc(C(C)(C)c6ccc(Oc7ccc8c(c7)C(=O)N(c7ccc(Oc9ccc(C([*])(C)C)cc9)cc7)C8=O)cc6)cc5)cc4C3=O)cc2)cc1,176.0,,GREA,449.15,,1,0.0,black
polymer_6515,[*]c1ccc(Oc2ccc(N3C(=O)c4ccc(Oc5ccc(C6(c7ccc(Oc8ccc9c(c8)C(=O)N(c8ccc(Oc%10ccc(C%11([*])CCC(C(C)(C)C)CC%11)cc%10)cc8)C9=O)cc7)CCC(c7ccccc7)CC6)cc5)cc4C3=O)cc2)cc1,243.0,,GREA,516.15,,1,0.0,black
polymer_6516,[*]c1ccc(Oc2ccc(N3C(=O)c4ccc(Oc5ccc(C6(c7ccc(Oc8ccc9c(c8)C(=O)N(c8ccc(Oc%10ccc(C%11([*])CCC(C(C)(C)C)CC%11)cc%10)cc8)C9=O)cc7)CCCCCCCCCCC6)cc5)cc4C3=O)cc2)cc1,254.0,,GREA,527.15,,1,0.0,black
polymer_6517,[*]c1ccc(Oc2ccc(N3C(=O)c4ccc(Oc5ccc6c(c5)C(=O)N(c5ccc(Oc7ccc(C([*])(C)C)cc7)cc5)C6=O)cc4C3=O)cc2)cc1,227.5,,GREA,500.65,,1,0.0,black
polymer_6518,[*]c1ccc(Oc2ccc(N3C(=O)c4ccc(Oc5ccccc5Oc5ccc6c(c5)C(=O)N(c5ccc(Oc7ccc(C([*])(C)C)cc7)c(C(F)(F)F)c5)C6=O)cc4C3=O)cc2C(F)(F)F)cc1,192.0,,GREA,465.15,,1,0.0,black
polymer_6519,[*]c1ccc(Oc2ccc(NC(=O)CN3C(=O)c4ccc(C(c5ccc6c(c5)C(=O)N(CC(=O)Nc5ccc(Oc7ccc(C([*])(C)C)cc7)cc5)C6=O)(C(F)(F)F)C(F)(F)F)cc4C3=O)cc2)cc1,224.0,,GREA,497.15,,1,0.0,black
polymer_6520,[*]c1ccc(Oc2ccc(NC(=O)c3ccc(N4C(=O)c5ccc(C(=O)Nc6ccc(Oc7ccc(C([*])(C)C)cc7)cc6)cc5C4=O)cc3)cc2)cc1,216.0,,GREA,489.15,,1,0.0,black
polymer_6521,[*]c1ccc(Oc2ccc(NC(=O)c3ccc(N4C(=O)c5ccc(C(c6ccc7c(c6)C(=O)N(c6ccc(C(=O)Nc8ccc(Oc9ccc(C([*])(C)C)cc9)cc8)cc6)C7=O)(C(F)(F)F)C(F)(F)F)cc5C4=O)cc3)cc2)cc1,266.0,,GREA,539.15,,1,0.0,black
polymer_6522,[*]c1ccc(Oc2ccc(NC(=O)c3ccc(Oc4ccc(C(C)(C)c5ccc(C(C)(C)c6ccc(Oc7ccc(C(=O)Nc8ccc(Oc9ccc(C([*])(C)C)cc9)cc8)cc7)cc6)cc5)cc4)cc3)cc2)cc1,163.0,,GREA,436.15,,1,0.0,black
polymer_6523,[*]c1ccc(Oc2ccc(NC(=O)c3ccc(Oc4ccc(C(C)(C)c5cccc(C(C)(C)c6ccc(Oc7ccc(C(=O)Nc8ccc(Oc9ccc(C([*])(C)C)cc9)cc8)cc7)cc6)c5)cc4)cc3)cc2)cc1,147.0,,GREA,420.15,,1,0.0,black
polymer_6524,[*]c1ccc(Oc2ccc(NC(=O)c3ccc(Oc4ccc5ccc(Oc6ccc(C(=O)Nc7ccc(Oc8ccc(C(C)(C)c9ccc(C([*])(C)C)cc9)cc8)cc7)cc6)cc5c4)cc3)cc2)cc1,166.0,,GREA,439.15,,1,0.0,black
polymer_6525,[*]c1ccc(Oc2ccc(NC(=O)c3ccc(Oc4ccc5ccc(Oc6ccc(C(=O)Nc7ccc(Oc8ccc(C([*])(C)C)cc8)cc7)cc6)cc5c4)cc3)cc2)cc1,143.0,,GREA,416.15,,1,0.0,black
polymer_6526,[*]c1ccc(Oc2ccc(NC(=O)c3ccc(Oc4ccc5ccc(Oc6ccc(C(=O)Nc7ccc(Oc8ccc(C([*])(C)c9ccccc9)cc8)cc7)cc6)cc5c4)cc3)cc2)cc1,177.0,,GREA,450.15,,1,0.0,black
polymer_6527,[*]c1ccc(Oc2ccc(NC(=O)c3ccc4c(c3)C(=O)N(c3ccc(-c5sc(-c6ccc(N7C(=O)c8ccc(C(=O)Nc9ccc(Oc%10ccc(C([*])(C)C)cc%10)cc9)cc8C7=O)cc6)c(-c6ccccc6)c5-c5ccccc5)cc3)C4=O)cc2)cc1,287.0,,GREA,560.15,,1,0.0,black
polymer_6528,[*]c1ccc(Oc2ccc(NC(=O)c3ccc4c(c3)C(=O)N(c3ccc(Oc5ccc(C(C)(C)c6cccc(C([*])(C)C)c6)cc5)cc3)C4=O)cc2)cc1,177.0,,GREA,450.15,,1,0.0,black
polymer_6529,[*]c1ccc(Oc2ccc(NC(=O)c3ccc4c(c3)C(=O)N(c3ccc(Oc5ccc6ccc(Oc7ccc(N8C(=O)c9ccc(C(=O)Nc%10ccc(Oc%11ccc(C([*])(C)C)cc%11)cc%10)cc9C8=O)cc7)cc6c5)cc3)C4=O)cc2)cc1,250.0,,GREA,523.15,,1,0.0,black
polymer_6530,[*]c1ccc(Oc2ccc(NC(=O)c3ccc4c(c3)C(=O)N(c3ccc(Oc5cccc(N6C(=O)c7ccc(C(=O)Nc8ccc(Oc9ccc(C([*])(C)C)cc9)cc8)cc7C6=O)c5)cc3)C4=O)cc2)cc1,207.0,,GREA,480.15,,1,0.0,black
polymer_6531,[*]c1ccc(Oc2ccc(NC(=O)c3ccc4c(c3)C(=O)N(c3ccc(Oc5cccc6c(Oc7ccc(N8C(=O)c9ccc(C(=O)Nc%10ccc(Oc%11ccc(C([*])(C)C)cc%11)cc%10)cc9C8=O)cc7)cccc56)cc3)C4=O)cc2)cc1,235.0,,GREA,508.15,,1,0.0,black
polymer_6532,[*]c1ccc(Oc2ccc(NC(=O)c3cccc(C(=O)Nc4ccc(Oc5ccc(C(C)(C)c6cccc(C([*])(C)C)c6)cc5)cc4)c3)cc2)cc1,180.0,,GREA,453.15,,1,0.0,black
polymer_6533,[*]c1ccc(Oc2ccc(NC(=O)c3cccc(N4C(=O)c5ccc(-c6ccc7c(c6)C(=O)N(c6cccc(C(=O)Nc8ccc(Oc9ccc(C([*])(C)C)cc9)cc8)c6)C7=O)cc5C4=O)c3)cc2)cc1,257.0,,GREA,530.15,,1,0.0,black
polymer_6534,[*]c1ccc(Oc2ccc(NC(=O)c3cccc(N4C(=O)c5ccc(C(c6ccc7c(c6)C(=O)N(c6cccc(C(=O)Nc8ccc(Oc9ccc(C([*])(C)C)cc9)cc8)c6)C7=O)(C(F)(F)F)C(F)(F)F)cc5C4=O)c3)cc2)cc1,259.0,,GREA,532.15,,1,0.0,black
polymer_6535,[*]c1ccc(Oc2ccc(NC(=O)c3cccc(N4C(=O)c5cccc(-c6ccc7c(c6)C(=O)N(c6cccc(C(=O)Nc8ccc(Oc9ccc(C([*])(C)C)cc9)cc8)c6)C7=O)c5C4=O)c3)cc2)cc1,261.0,,GREA,534.15,,1,0.0,black
polymer_6536,[*]c1ccc(Oc2ccc(Nc3ccc(S(=O)(=O)c4ccc(Nc5ccc(Oc6ccc(C([*])(C)C)cc6)cc5)cc4)cc3)cc2)cc1,145.0,,GREA,418.15,,1,0.0,black
polymer_6537,[*]c1ccc(Oc2ccc(Oc3ccc(-c4ccc(Oc5ccc(Oc6ccc(C7([*])OC(=O)c8ccccc87)cc6)cc5)c5ccccc45)c4ccccc34)cc2)cc1,198.0,,GREA,471.15,,1,0.0,black
polymer_6538,[*]c1ccc(Oc2ccc(Oc3ccc(-c4ccc(Oc5ccc(Oc6ccc(S([*])(=O)=O)cc6)cc5)c5ccccc45)c4ccccc34)cc2)cc1,214.0,,GREA,487.15,,1,0.0,black
polymer_6539,[*]c1ccc(Oc2ccc(Oc3ccc(-c4nc([*])nc(-c5ccccc5)n4)cc3)cc2)cc1,244.0,,GREA,517.15,,1,0.0,black
polymer_6540,[*]c1ccc(Oc2ccc(Oc3ccc(-c4nc5cc6sc(-c7ccc(Oc8ccc(Oc9ccc(P([*])(=O)c%10ccccc%10)cc9)cc8)cc7)nc6cc5s4)cc3)cc2)cc1,255.0,,GREA,528.15,,1,0.0,black
polymer_6541,[*]c1ccc(Oc2ccc(Oc3ccc(-c4nc5ccc(-c6ccc7nc(-c8ccc(Oc9ccc(Oc%10ccc(P([*])(=O)c%11ccccc%11)cc%10)cc9)cc8)oc7c6)cc5o4)cc3)cc2)cc1,223.0,,GREA,496.15,,1,0.0,black
polymer_6542,[*]c1ccc(Oc2ccc(Oc3ccc(-c4nc5ccccc5nc4-c4ccc(Oc5ccc(Oc6ccc(P([*])(=O)c7ccccc7)cc6)cc5)cc4)cc3)cc2)cc1,209.0,,GREA,482.15,,1,0.0,black
polymer_6543,[*]c1ccc(Oc2ccc(Oc3ccc(-c4nnc([*])c5c(-c6ccc(F)cc6)c(-c6ccc(F)cc6)c(-c6ccc(F)cc6)c(-c6ccc(F)cc6)c45)cc3)cc2)cc1,309.0,,GREA,582.15,,1,0.0,black
polymer_6544,[*]c1ccc(Oc2ccc(Oc3ccc(-n4c(=O)c5cc6c(=O)n([*])c(=O)c6cc5c4=O)cc3)c(-c3ccccc3)c2)cc1,271.0,,GREA,544.15,,1,0.0,black
polymer_6545,[*]c1ccc(Oc2ccc(Oc3ccc(-n4c(=O)c5cc6c(=O)n([*])c(=O)c6cc5c4=O)cc3C(F)(F)F)cc2)cc1,272.20000000000005,,GREA,545.35,,1,0.0,black
polymer_6546,[*]c1ccc(Oc2ccc(Oc3ccc(-n4c(=O)c5ccc6c(=O)n([*])c(=O)c6c5c4=O)cc3)cc2)cc1,292.0,,Qiu,565.15,,1,0.0,black
polymer_6547,[*]c1ccc(Oc2ccc(Oc3ccc(C([*])(C)C)cc3)nn2)cc1,180.0,,GREA,453.15,,1,0.0,black
polymer_6548,[*]c1ccc(Oc2ccc(Oc3ccc(N4C(=O)C5CCC6C(=O)N([*])C(=O)C6C5C4=O)cc3)cc2)cc1,274.0,,GREA,547.15,,1,0.0,black
polymer_6549,[*]c1ccc(Oc2ccc(Oc3ccc(N4C(=O)CC(=O)N([*])C4=S)cc3)cc2)cc1,157.0,,GREA,430.15,,1,0.0,black
polymer_6550,[*]c1ccc(Oc2ccc(Oc3ccc(Oc4ccc(-c5nc([*])nc(-c6ccccc6)n5)cc4)cc3)cc2)cc1,203.0,,GREA,476.15,,1,0.0,black
polymer_6551,[*]c1ccc(Oc2ccc(Oc3ccc(Oc4ccc(-n5c(=O)c6cc7c(=O)n([*])c(=O)c7cc6c5=O)cc4)cc3)cc2)cc1,295.0,,GREA,568.15,,1,0.0,black
polymer_6552,[*]c1ccc(Oc2ccc(Oc3ccc(Oc4ccc(C([*])(C)C)cc4)cc3)cc2)cc1,122.0,,GREA,395.15,,1,0.0,black
polymer_6553,[*]c1ccc(Oc2ccc(Oc3ccc(Oc4ccc(S([*])(=O)=O)cc4)cc3)cc2)cc1,192.0,,GREA,465.15,,1,0.0,black
polymer_6554,[*]c1ccc(Oc2ccc(Oc3ccc(P([*])(C)=O)cc3)cc2)cc1,213.0,,GREA,486.15,,1,0.0,black
polymer_6555,[*]c1ccc(Oc2ccc(Oc3ccc(S(=O)(=O)c4ccc(-c5ccc(-c6ccc(S([*])(=O)=O)cc6)cc5)cc4)cc3)cc2)cc1,259.0,,GREA,532.15,,1,0.0,black
polymer_6556,[*]c1ccc(Oc2ccc(Oc3ccc(S(=O)(=O)c4ccc(-c5ccc(S([*])(=O)=O)cc5)cc4)cc3)cc2)cc1,251.0,,GREA,524.15,,1,0.0,black
polymer_6557,[*]c1ccc(Oc2ccc(Oc3ccc(S([*])(=O)=O)cc3)cc2)cc1,210.0,,GREA,483.15,,1,0.0,black
polymer_6558,[*]c1ccc(Oc2ccc(Oc3ccc4nc(-c5ccc(-c6nc7ccc(Oc8ccc(Oc9ccc(P([*])(=O)c%10ccccc%10)cc9)cc8)cc7nc6-c6ccccc6)cc5)c(-c5ccccc5)nc4c3)cc2)cc1,248.0,,GREA,521.15,,1,0.0,black
polymer_6559,[*]c1ccc(Oc2ccc(Oc3cccc(Oc4ccc(Oc5ccc(P([*])(=O)c6ccccc6)cc5)cc4)n3)cc2)cc1,164.0,,GREA,437.15,,1,0.0,black
polymer_6560,[*]c1ccc(Oc2ccc(Oc3cccc(Oc4ccc(Oc5ccc(S([*])(=O)=O)cc5)cc4)n3)cc2)cc1,158.0,,GREA,431.15,,1,0.0,black
polymer_6561,[*]c1ccc(Oc2ccc(Oc3cccc(Oc4ccc(Oc5ccc(S([*])=O)cc5)cc4)n3)cc2)cc1,138.0,,GREA,411.15,,1,0.0,black
polymer_6562,[*]c1ccc(Oc2ccc(P(=O)(c3ccccc3)c3ccc(Oc4ccc(C([*])(C)C)cc4)cc3)cc2)cc1,199.0,,GREA,472.15,,1,0.0,black
polymer_6563,[*]c1ccc(Oc2ccc(P(=O)(c3ccccc3)c3ccc(Oc4ccc(P([*])(C)=O)cc4)cc3)cc2)cc1,238.0,,GREA,511.15,,1,0.0,black
polymer_6564,[*]c1ccc(Oc2ccc(P(=O)(c3ccccc3)c3ccc(Oc4cccc(-n5c(=O)c6cc7c(=O)n([*])c(=O)c7cc6c5=O)c4)cc3)cc2)cc1,254.0,,Qiu,527.15,,1,0.0,black
polymer_6565,[*]c1ccc(Oc2ccc(P(C)(=O)c3ccc(Oc4ccc(C([*])(C)C)cc4)cc3)cc2)cc1,192.0,,GREA,465.15,,1,0.0,black
polymer_6566,[*]c1ccc(Oc2ccc(P([*])(=O)c3ccccc3)cc2)cc1,240.0,,GREA,513.15,,1,0.0,black
polymer_6567,[*]c1ccc(Oc2ccc(P([*])(C)=O)cc2)cc1,238.0,,GREA,511.15,,1,0.0,black
polymer_6568,[*]c1ccc(Oc2ccc(S(=O)(=O)c3ccc(-c4ccc(-c5ccc(S(=O)(=O)c6ccc(Oc7ccc(S([*])(=O)=O)cc7)cc6)cc5)cc4)cc3)cc2)cc1,281.0,,GREA,554.15,,1,0.0,black
polymer_6569,[*]c1ccc(Oc2ccc(S(=O)(=O)c3ccc(-c4ccc(-c5ccc(S([*])(=O)=O)cc5)cc4)cc3)cc2)cc1,311.0,,GREA,584.15,,1,0.0,black
polymer_6570,[*]c1ccc(Oc2ccc(S(=O)(=O)c3ccc(-c4ccc(S(=O)(=O)c5ccc(Oc6ccc(S([*])(=O)=O)cc6)cc5)cc4)cc3)cc2)cc1,267.0,,GREA,540.15,,1,0.0,black
polymer_6571,[*]c1ccc(Oc2ccc(S(=O)(=O)c3ccc(-c4ccc(S([*])(=O)=O)cc4)cc3)cc2)cc1,282.0,,GREA,555.15,,1,0.0,black
polymer_6572,[*]c1ccc(Oc2ccc(S(=O)(=O)c3ccc(-n4nc([*])c5ccccc5c4=O)cc3)cc2)cc1F,283.0,,GREA,556.15,,1,0.0,black
polymer_6573,[*]c1ccc(Oc2ccc(S(=O)(=O)c3ccc(C)cc3)cc2)c(N2C(=O)c3ccc(-c4ccc5c(c4)C(=O)N([*])C5=O)cc3C2=O)c1,281.0,,GREA,554.15,,1,0.0,black
polymer_6574,[*]c1ccc(Oc2ccc(S(=O)(=O)c3ccc(C)cc3)cc2)c(N2C(=O)c3ccc(C(=O)c4ccc5c(c4)C(=O)N([*])C5=O)cc3C2=O)c1,293.0,,GREA,566.15,,1,0.0,black
polymer_6575,[*]c1ccc(Oc2ccc(S(=O)(=O)c3ccc(Oc4ccc(-c5c6c(c([*])c7ccccc57)C(=O)N(C)C6=O)cc4)cc3)cc2)cc1,314.0,,GREA,587.15,,1,0.0,black
polymer_6576,[*]c1ccc(Oc2ccc(S(=O)(=O)c3ccc(Oc4ccc(-c5c6c(c([*])c7ccccc57)C(=O)N(CCCCCCCCCCCC)C6=O)cc4)cc3)cc2)cc1,167.0,,GREA,440.15,,1,0.0,black
polymer_6577,[*]c1ccc(Oc2ccc(S(=O)(=O)c3ccc(Oc4ccc(-c5c6c(c([*])c7ccccc57)C(=O)N(c5ccc(C(F)(F)F)cc5)C6=O)cc4)cc3)cc2)cc1,290.0,,GREA,563.15,,1,0.0,black
polymer_6578,[*]c1ccc(Oc2ccc(S(=O)(=O)c3ccc(Oc4ccc(-c5c6c(c([*])c7ccccc57)C(=O)N(c5ccc(Cl)cc5)C6=O)cc4)cc3)cc2)cc1,280.0,,GREA,553.15,,1,0.0,black
polymer_6579,[*]c1ccc(Oc2ccc(S(=O)(=O)c3ccc(Oc4ccc(-c5c6c(c([*])c7ccccc57)C(=O)N(c5ccc(F)cc5)C6=O)cc4)cc3)cc2)cc1,300.0,,GREA,573.15,,1,0.0,black
polymer_6580,[*]c1ccc(Oc2ccc(S(=O)(=O)c3ccc(Oc4ccc(-c5c6c(c([*])c7ccccc57)C(=O)N(c5cccc(C(F)(F)F)c5)C6=O)cc4)cc3)cc2)cc1,280.5,,GREA,553.65,,1,0.0,black
polymer_6581,[*]c1ccc(Oc2ccc(S(=O)(=O)c3ccc(Oc4ccc(-c5c6c(c([*])c7ccccc57)C(=O)N(c5ccccc5)C6=O)cc4)cc3)cc2)cc1,310.0,,GREA,583.15,,1,0.0,black
polymer_6582,[*]c1ccc(Oc2ccc(S(=O)(=O)c3ccc(Oc4ccc(-c5c6c(c([*])c7ccccc57)C(=O)N(c5ccccc5-c5ccccc5)C6=O)cc4)cc3)cc2)cc1,278.0,,GREA,551.15,,1,0.0,black
polymer_6583,[*]c1ccc(Oc2ccc(S(=O)(=O)c3ccc(Oc4ccc(-c5c6c(c([*])c7ccccc57)C(=O)N(c5ccccc5C(F)(F)F)C6=O)cc4)cc3)cc2)cc1,290.0,,GREA,563.15,,1,0.0,black
polymer_6584,[*]c1ccc(Oc2ccc(S(=O)(=O)c3ccc(Oc4ccc(/C=C5\CCC/C(=C\c6ccc(Oc7ccc(S(=O)(=O)c8ccc(Oc9ccc(C([*])(C)C)cc9)cc8)cc7)cc6)C5=O)cc4)cc3)cc2)cc1,194.0,,GREA,467.15,,1,0.0,black
polymer_6585,[*]c1ccc(Oc2ccc(S(=O)(=O)c3ccc(Oc4ccc(/C=C5\CCCC/C(=C\c6ccc(Oc7ccc(S(=O)(=O)c8ccc(Oc9ccc(C([*])(C)C)cc9)cc8)cc7)cc6)C5=O)cc4)cc3)cc2)cc1,188.0,,GREA,461.15,,1,0.0,black
polymer_6586,[*]c1ccc(Oc2ccc(S(=O)(=O)c3ccc(Oc4ccc(C([*])(C(F)(F)F)C(F)(F)F)cc4[Si](C)(C)C)cc3)cc2)c([Si](C)(C)C)c1,168.60000000000002,,GREA,441.75,,1,0.0,black
polymer_6587,[*]c1ccc(Oc2ccc(S(=O)(=O)c3ccc(Oc4ccc(C([*])(C(F)(F)F)C(F)(F)F)cc4[Si](C)(C)C)cc3[Si](C)(C)C)c([Si](C)(C)C)c2)c([Si](C)(C)C)c1,148.90000000000003,,GREA,422.05,,1,0.0,black
polymer_6588,[*]c1ccc(Oc2ccc(S(=O)(=O)c3ccc(Oc4ccc(C([*])(C)C)cc4)c(S(=O)(=O)O)c3)cc2S(=O)(=O)O)cc1,188.0,,GREA,461.15,,1,0.0,black
polymer_6589,[*]c1ccc(Oc2ccc(S(=O)(=O)c3ccc(Oc4ccc(C([*])(C)C)cc4)c([N+](=O)[O-])c3)cc2[N+](=O)[O-])cc1,206.0,,GREA,479.15,,1,0.0,black
polymer_6590,[*]c1ccc(Oc2ccc(S(=O)(=O)c3ccc(Oc4ccc(C([*])(C)C)cc4)cc3)cc2)cc1,186.0,,GREA,459.15,,1,0.0,black
polymer_6591,[*]c1ccc(Oc2ccc(S(=O)(=O)c3ccc(Oc4ccc(C([*])(C)C)cc4)cc3N)c(N)c2)cc1,210.5,,GREA,483.65,,1,0.0,black
polymer_6592,[*]c1ccc(Oc2ccc(S(=O)(=O)c3ccc(Oc4ccc(C([*])(C)C)cc4)cc3N)cc2)cc1,202.0,,GREA,475.15,,1,0.0,black
polymer_6593,[*]c1ccc(Oc2ccc(S(=O)(=O)c3ccc(Oc4ccc(C([*])(C)C)cc4)s3)cc2)cc1,161.85000000000002,,GREA,435,,1,0.0,black
polymer_6594,[*]c1ccc(Oc2ccc(S(=O)(=O)c3ccc(Oc4ccc(C([*])(C)C)cc4C(O)(C(F)(F)F)C(F)(F)F)cc3)cc2)c(C(O)(C(F)(F)F)C(F)(F)F)c1,167.0,,GREA,440.15,,1,0.0,black
polymer_6595,[*]c1ccc(Oc2ccc(S(=O)(=O)c3ccc(Oc4ccc(C([*])(C)C)cc4C(OC)(C(F)(F)F)C(F)(F)F)cc3)cc2)c(C(OC)(C(F)(F)F)C(F)(F)F)c1,163.0,,GREA,436.15,,1,0.0,black
polymer_6596,[*]c1ccc(Oc2ccc(S(=O)(=O)c3ccc(Oc4ccc(C([*])(C)C)cc4C)cc3)cc2)c(C)c1,180.0,,GREA,453.15,,1,0.0,black
polymer_6597,[*]c1ccc(Oc2ccc(S(=O)(=O)c3ccc(Oc4ccc(C([*])(C)C)cc4Cl)cc3)cc2)c(Cl)c1,205.0,,GREA,478.15,,1,0.0,black
polymer_6598,[*]c1ccc(Oc2ccc(S(=O)(=O)c3ccc(Oc4ccc(C([*])(C)C)cc4N)cc3)cc2)c(N)c1,230.40000000000003,,GREA,503.55,,1,0.0,black
polymer_6599,[*]c1ccc(Oc2ccc(S(=O)(=O)c3ccc(Oc4ccc(C([*])(C)C)cc4N)cc3N)cc2)c(N)c1,237.10000000000002,,GREA,510.25,,1,0.0,black
polymer_6600,[*]c1ccc(Oc2ccc(S(=O)(=O)c3ccc(Oc4ccc(C([*])(C)C)cc4[N+](=O)[O-])cc3)cc2)cc1,190.0,,GREA,463.15,,1,0.0,black
polymer_6601,[*]c1ccc(Oc2ccc(S(=O)(=O)c3ccc(Oc4ccc(C([*])(C)CCC(=O)O)cc4)cc3)cc2)cc1,163.0,,GREA,436.15,,1,0.0,black
polymer_6602,[*]c1ccc(Oc2ccc(S(=O)(=O)c3ccc(Oc4ccc(C([*])(C)c5ccc(O)cc5)cc4)cc3)cc2)cc1,228.0,,GREA,501.15,,1,0.0,black
polymer_6603,[*]c1ccc(Oc2ccc(S(=O)(=O)c3ccc(Oc4ccc(C([*])(C)c5ccccc5)cc4)cc3)cc2)cc1,207.0,,GREA,480.15,,1,0.0,black
polymer_6604,[*]c1ccc(Oc2ccc(S(=O)(=O)c3ccc(Oc4ccc(C([*])C(C)C)cc4)cc3)cc2)cc1,200.0,,GREA,473.15,,1,0.0,black
polymer_6605,[*]c1ccc(Oc2ccc(S(=O)(=O)c3ccc(Oc4ccc(C([*])c5ccccc5C(=O)O)cc4)cc3)cc2)cc1,223.0,,GREA,496.15,,1,0.0,black
polymer_6606,[*]c1ccc(Oc2ccc(S(=O)(=O)c3ccc(Oc4ccc(C5([*])CCCCC5)cc4C)cc3)cc2)c(C)c1,197.0,,GREA,470.15,,1,0.0,black
polymer_6607,[*]c1ccc(Oc2ccc(S(=O)(=O)c3ccc(Oc4ccc(C5([*])OC(=O)c6ccccc65)cc4)cc3)cc2)cc1,247.0,,GREA,520.15,,1,0.0,black
polymer_6608,[*]c1ccc(Oc2ccc(S(=O)(=O)c3ccc(Oc4ccc(C5([*])OC(=O)c6ccccc65)cc4C)cc3)cc2)c(C)c1,245.0,,GREA,518.15,,1,0.0,black
polymer_6609,[*]c1ccc(Oc2ccc(S(=O)(=O)c3ccc(Oc4ccc(C5CCCC(C([*])C)C5)cc4)cc3)cc2)cc1,230.0,,GREA,503.15,,1,0.0,black
polymer_6610,[*]c1ccc(Oc2ccc(S(=O)(=O)c3ccc(Oc4ccc(P([*])(=O)c5ccccc5)cc4)cc3)cc2)cc1,231.0,,GREA,504.15,,1,0.0,black
polymer_6611,[*]c1ccc(Oc2ccc(S(=O)(=O)c3ccc(Oc4ccc(P([*])(C)=O)cc4)cc3)cc2)cc1,233.0,,GREA,506.15,,1,0.0,black
polymer_6612,[*]c1ccc(Oc2ccc(S(=O)(=O)c3ccc4ccc(S([*])(=O)=O)cc4c3)cc2)cc1,250.0,,GREA,523.15,,1,0.0,black
polymer_6613,[*]c1ccc(Oc2ccc(S(=O)(=O)c3ccc4oc5ccc(S([*])(=O)=O)cc5c4c3)cc2)cc1,290.0,,GREA,563.15,,1,0.0,black
polymer_6614,[*]c1ccc(Oc2ccc(S(=O)c3ccc(Oc4ccc(C([*])(C)C)cc4)cc3)cc2)cc1,165.0,,GREA,438.15,,1,0.0,black
polymer_6615,[*]c1ccc(Oc2ccc(S([*])(=O)=O)c3ccccc23)cc1,238.0,,GREA,511.15,,1,0.0,black
polymer_6616,[*]c1ccc(Oc2ccc(S([*])(=O)=O)cc2)cc1,225.0,,GREA,498.15,,1,0.0,black
polymer_6617,[*]c1ccc(Oc2ccc(Sc3ccc(Oc4ccc(-c5ccc([*])s5)cc4C(F)(F)F)cc3)cc2)c(C(F)(F)F)c1,142.0,,GREA,415.15,,1,0.0,black
polymer_6618,[*]c1ccc(Oc2ccc(Sc3ccc(Oc4ccc(-c5cccc([*])n5)cc4C(F)(F)F)cc3)cc2)c(C(F)(F)F)c1,144.5,,GREA,417.65,,1,0.0,black
polymer_6619,[*]c1ccc(Oc2ccc(Sc3ccc(Oc4ccc(-c5nc([*])nc(-c6ccccc6)n5)cc4)cc3)cc2)cc1,211.0,,GREA,484.15,,1,0.0,black
polymer_6620,[*]c1ccc(Oc2ccc(Sc3ccc(Oc4ccc(S([*])(=O)=O)cc4)cc3)cc2)cc1,175.0,,GREA,448.15,,1,0.0,black
polymer_6621,[*]c1ccc(Oc2ccc3c(-c4ccccc4)nn(-c4ccc(C(=O)c5ccc(-n6nc(-c7ccccc7)c7cc(Oc8ccc(C([*])(C)C)cc8)ccc7c6=O)cc5)cc4)c(=O)c3c2)cc1,195.0,,GREA,468.15,,1,0.0,black
polymer_6622,[*]c1ccc(Oc2ccc3c(-c4ccccc4)nn(-c4ccc(S(=O)(=O)c5ccc(-n6nc(-c7ccccc7)c7cc(Oc8ccc(C([*])(C)C)cc8)ccc7c6=O)cc5)cc4)c(=O)c3c2)cc1,210.5,,GREA,483.65,,1,0.0,black
polymer_6623,[*]c1ccc(Oc2ccc3c(-c4ccccc4)nn(-c4cccc(-n5nc(-c6ccccc6)c6cc(Oc7ccc(C([*])(C)C)cc7)ccc6c5=O)c4C#N)c(=O)c3c2)cc1,200.0,,GREA,473.15,,1,0.0,black
polymer_6624,[*]c1ccc(Oc2ccc3c(c2)C(=O)N(N2C(=O)c4ccc(Oc5ccc(C([*])(C)C)cc5)cc4C2=O)C3=O)cc1,216.70000000000005,,GREA,489.85,,1,0.0,black
polymer_6625,[*]c1ccc(Oc2ccc3c(c2)C(=O)N(c2ccc(-c4nc5cc(N6C(=O)c7ccc(Oc8ccc(C([*])(C)C)cc8)cc7C6=O)ccc5[nH]4)cc2)C3=O)cc1,324.0,,GREA,597.15,,1,0.0,black
polymer_6626,[*]c1ccc(Oc2ccc3c(c2)C(=O)N(c2ccc(Cc4ccc(N5C(=O)c6ccc(Oc7ccc(C([*])(C)C)cc7)cc6C5=O)cc4)cc2)C3=O)cc1,217.0,,GREA,490.15,,1,0.0,black
polymer_6627,[*]c1ccc(Oc2ccc3c(c2)C(=O)N(c2ccc(N(c4ccc(C#N)cc4)c4ccc(N5C(=O)c6ccc(Oc7ccc(C(C)(C)c8ccc(C([*])(C)C)cc8)cc7)cc6C5=O)cc4)cc2)C3=O)cc1,224.0,,GREA,497.15,,1,0.0,black
polymer_6628,[*]c1ccc(Oc2ccc3c(c2)C(=O)N(c2ccc(N(c4ccc(C#N)cc4)c4ccc(N5C(=O)c6ccc(Oc7ccc(C([*])(C)C)cc7)cc6C5=O)cc4)cc2)C3=O)cc1,230.0,,GREA,503.15,,1,0.0,black
polymer_6629,[*]c1ccc(Oc2ccc3c(c2)C(=O)N(c2ccc(N4C(=O)c5ccc(Oc6cccc(C([*])(C)C)c6)cc5C4=O)cc2)C3=O)cc1,268.0,,GREA,541.15,,1,0.0,black
polymer_6630,[*]c1ccc(Oc2ccc3c(c2)C(=O)N(c2ccc(O)c(N4C(=O)c5ccc(Oc6ccc(C([*])(C)C)cc6)cc5C4=O)c2)C3=O)cc1,246.0,,GREA,519.15,,1,0.0,black
polymer_6631,[*]c1ccc(Oc2ccc3c(c2)C(=O)N(c2ccc(Oc4ccc(-c5ccc(Oc6ccc(N7C(=O)c8ccc(Oc9ccc(C([*])(C)C)cc9)cc8C7=O)cc6)cc5)cc4)cc2)C3=O)cc1,220.0,,GREA,493.15,,1,0.0,black
polymer_6632,[*]c1ccc(Oc2ccc3c(c2)C(=O)N(c2ccc(Oc4ccc(C(c5ccc(Oc6ccc(N7C(=O)c8ccc(Oc9ccc(C%10([*])CCC(C(C)(C)C)CC%10)cc9)cc8C7=O)cc6)cc5)(C(F)(F)F)C(F)(F)F)cc4)cc2)C3=O)cc1,227.0,,GREA,500.15,,1,0.0,black
polymer_6633,[*]c1ccc(Oc2ccc3c(c2)C(=O)N(c2ccc(Oc4ccc(C5(c6ccc(Oc7ccc(N8C(=O)c9ccc(Oc%10ccc(C%11([*])CCC(C(C)(C)C)CC%11)cc%10)cc9C8=O)cc7)cc6)C6CC7CC(C6)CC5C7)cc4)cc2)C3=O)cc1,266.0,,GREA,539.15,,1,0.0,black
polymer_6634,[*]c1ccc(Oc2ccc3c(c2)C(=O)N(c2ccc(Oc4ccc(C5(c6ccc(Oc7ccc(N8C(=O)c9ccc(Oc%10ccc(C%11([*])CCC(C(C)(C)C)CC%11)cc%10)cc9C8=O)cc7)cc6)CC6CC5C5CCCC65)cc4)cc2)C3=O)cc1,257.0,,GREA,530.15,,1,0.0,black
polymer_6635,[*]c1ccc(Oc2ccc3c(c2)C(=O)N(c2ccc(Oc4ccc(N5C(=O)c6ccc(Oc7ccc(C([*])(C)C)cc7)cc6C5=O)cc4)cc2)C3=O)cc1,215.0,,GREA,488.15,,1,0.0,black
polymer_6636,[*]c1ccc(Oc2ccc3c(c2)C(=O)N(c2ccc(Oc4ccc(N5C(=O)c6ccc(Oc7cccc(C([*])(C)C)c7)cc6C5=O)cc4)cc2)C3=O)cc1,223.0,,Qiu,496.15,,1,0.0,black
polymer_6637,[*]c1ccc(Oc2ccc3c(c2)C(=O)N(c2ccc(Oc4ccc(S(=O)(=O)c5ccc(Oc6ccc(N7C(=O)c8ccc(Oc9ccc(C([*])(C)C)cc9)cc8C7=O)cc6)cc5)cc4)cc2)C3=O)cc1,200.0,,GREA,473.15,,1,0.0,black
polymer_6638,[*]c1ccc(Oc2ccc3c(c2)C(=O)N(c2ccc(Oc4cccc(Oc5ccc(N6C(=O)c7ccc(Oc8ccc(C([*])(C)C)cc8)cc7C6=O)cc5)c4)cc2)C3=O)cc1,246.0,,GREA,519.15,,1,0.0,black
polymer_6639,[*]c1ccc(Oc2ccc3c(c2)C(=O)N(c2ccc(Oc4cccc(Oc5ccc(N6C(=O)c7ccc(Oc8ccc(C([*])(C)C)cc8)cc7C6=O)cc5)c4C#N)cc2)C3=O)cc1,213.0,,GREA,486.15,,1,0.0,black
polymer_6640,[*]c1ccc(Oc2ccc3c(c2)C(=O)N(c2ccc(Oc4cccc(Oc5ccc(N6C(=O)c7ccc(Oc8cccc(C([*])(C)C)c8)cc7C6=O)cc5)c4)cc2)C3=O)cc1,178.0,,Qiu,451.15,,1,0.0,black
polymer_6641,[*]c1ccc(Oc2ccc3c(c2)C(=O)N(c2ccc(S(=O)(=O)c4ccc(N5C(=O)c6ccc(Oc7ccc(C([*])(C)C)cc7)cc6C5=O)cc4)cc2)C3=O)cc1,267.0,,GREA,540.15,,1,0.0,black
polymer_6642,[*]c1ccc(Oc2ccc3c(c2)C(=O)N(c2ccc(Sc4ccc(Oc5ccc(Sc6ccc(N7C(=O)c8ccc(Oc9ccc(C([*])(C)C)cc9)cc8C7=O)cc6)cc5)cc4)cc2)C3=O)cc1,199.0,,GREA,472.15,,1,0.0,black
polymer_6643,[*]c1ccc(Oc2ccc3c(c2)C(=O)N(c2cccc(N4C(=O)c5ccc(Oc6ccc(C([*])(C)C)cc6)cc5C4=O)c2)C3=O)cc1,217.5,,GREA,490.65,,1,0.0,black
polymer_6644,[*]c1ccc(Oc2ccc3c(c2)C(=O)N(c2cccc(N4C(=O)c5ccc(Oc6cccc(C([*])(C)C)c6)cc5C4=O)c2)C3=O)cc1,215.0,,Qiu,488.15,,1,0.0,black
polymer_6645,[*]c1ccc(Oc2ccc3c(c2)C(=O)N(c2cccc(P(=O)(c4ccccc4)c4cccc(N5C(=O)c6ccc(Oc7ccc(C([*])(C)C)cc7)cc6C5=O)c4)c2)C3=O)cc1,213.0,,GREA,486.15,,1,0.0,black
polymer_6646,[*]c1ccc(Oc2ccc3c(c2)C(=O)N(c2cccc(P(C)(=O)c4cccc(N5C(=O)c6ccc(Oc7ccc(C([*])(C)C)cc7)cc6C5=O)c4)c2)C3=O)cc1,228.0,,GREA,501.15,,1,0.0,black
polymer_6647,[*]c1ccc(Oc2ccc3c4c2cccc4c(=O)n2c4ccc(-c5ccc6nc7c8cccc9c(Oc%10ccc(C%11([*])c%12ccccc%12C(=O)c%12ccccc%12%11)cc%10)ccc(c(=O)n7c6c5)c98)cc4nc32)cc1,428.0,,GREA,701.15,,1,0.0,black
polymer_6648,[*]c1ccc(Oc2ccc3c4c2cccc4c(=O)n2c4ccc(-c5ccc6nc7c8cccc9c(Oc%10ccc(C([*])(C)C)cc%10)ccc(c(=O)n7c6c5)c98)cc4nc32)cc1,380.0,,GREA,653.15,,1,0.0,black
polymer_6649,[*]c1ccc(Oc2ccc3c4c2cccc4c(=O)n2c4ccc(Oc5ccc6nc7c8cccc9c(Oc%10ccc(C([*])(C)C)cc%10)ccc(c(=O)n7c6c5)c98)cc4nc32)cc1,334.0,,GREA,607.15,,1,0.0,black
polymer_6650,[*]c1ccc(Oc2ccc3cc(Oc4ccc(S([*])(=O)=O)cc4)ccc3c2)cc1,231.0,,GREA,504.15,,1,0.0,black
polymer_6651,[*]c1ccc(Oc2ccc3ccc(Oc4ccc(-c5nc([*])nc(-c6ccccc6)n5)cc4)cc3c2)cc1,255.0,,GREA,528.15,,1,0.0,black
polymer_6652,[*]c1ccc(Oc2ccc3ccc(Oc4ccc(-n5c(=O)c6cc7c(=O)n([*])c(=O)c7cc6c5=O)cc4)cc3c2)cc1,320.80000000000007,,GREA,593.95,,1,0.0,black
polymer_6653,[*]c1ccc(Oc2ccc3ccc(Oc4ccc(N5C(=O)CC(=O)N([*])C5=S)cc4)cc3c2)cc1,151.5,,GREA,424.65,,1,0.0,black
polymer_6654,[*]c1ccc(Oc2cccc(-c3cc(-c4ccccc4)cc(-c4cccc(Oc5ccc(-n6c(=O)c7cc8c(=O)n([*])c(=O)c8cc7c6=O)cc5)c4)n3)c2)cc1,264.0,,GREA,537.15,,1,0.0,black
polymer_6655,[*]c1ccc(Oc2cccc(Oc3ccc(-n4c(=O)c5cc6c(=O)n([*])c(=O)c6cc5c4=O)cc3)c2)cc1,326.0,,GREA,599.15,,1,0.0,black
polymer_6656,[*]c1ccc(Oc2cccc(Oc3ccc(C([*])(C)C)cc3)n2)cc1,107.0,,GREA,380.15,,1,0.0,black
polymer_6657,[*]c1ccc(Oc2cccc(Oc3ccc(N4C(=O)CC(=O)N([*])C4=S)cc3)c2)cc1,145.0,,GREA,418.15,,1,0.0,black
polymer_6658,[*]c1ccc(Oc2cccc(Oc3ccc(S([*])(=O)=O)cc3)c2)cc1,177.0,,GREA,450.15,,1,0.0,black
polymer_6659,[*]c1ccc(Oc2cccc(S([*])(=O)=O)c2)cc1,175.0,,GREA,448.15,,1,0.0,black
polymer_6660,[*]c1ccc(Oc2cccc3c2C(=O)N(c2ccc(Oc4ccc(-c5ccc(Oc6ccc(N7C(=O)c8cccc(Oc9ccc(C([*])(C)C)cc9)c8C7=O)cc6)cc5)cc4)cc2)C3=O)cc1,236.0,,GREA,509.15,,1,0.0,black
polymer_6661,[*]c1ccc(Oc2cccc3c2C(=O)N(c2ccc(Oc4ccc(N5C(=O)c6cccc(Oc7ccc(C([*])(C)C)cc7)c6C5=O)cc4)cc2)C3=O)cc1,235.0,,GREA,508.15,,1,0.0,black
polymer_6662,[*]c1ccc(Oc2cccc3c2C(=O)N(c2ccc(Oc4ccc(N5C(=O)c6cccc(Oc7cccc(C([*])(C)C)c7)c6C5=O)cc4)cc2)C3=O)cc1,235.0,,Qiu,508.15,,1,0.0,black
polymer_6663,[*]c1ccc(Oc2cccc3c2C(=O)N(c2ccc(Oc4cccc(Oc5ccc(N6C(=O)c7cccc(Oc8cccc(C([*])(C)C)c8)c7C6=O)cc5)c4)cc2)C3=O)cc1,202.0,,Qiu,475.15,,1,0.0,black
polymer_6664,[*]c1ccc(Oc2cccc3c2C(=O)N(c2cccc(N4C(=O)c5cccc(Oc6ccc(C([*])(C)C)cc6)c5C4=O)c2)C3=O)cc1,227.5,,GREA,500.65,,1,0.0,black
polymer_6665,[*]c1ccc(Oc2cccc3c2C(=O)N(c2cccc(N4C(=O)c5cccc(Oc6cccc(C([*])(C)C)c6)c5C4=O)c2)C3=O)cc1,236.0,,Qiu,509.15,,1,0.0,black
polymer_6666,[*]c1ccc(Oc2ccccc2Oc2ccc(-n3c(=O)c4cc5c(=O)n([*])c(=O)c5cc4c3=O)cc2)cc1,313.0,,GREA,586.15,,1,0.0,black
polymer_6667,[*]c1ccc(Oc2ccccc2Oc2ccc(-n3c(=O)c4cc5c(=O)n([*])c(=O)c5cc4c3=O)cc2C(F)(F)F)c(C(F)(F)F)c1,277.0,,GREA,550.15,,1,0.0,black
polymer_6668,[*]c1ccc(Oc2ccccc2Oc2ccc(S([*])(=O)=O)cc2)cc1,171.0,,GREA,444.15,,1,0.0,black
polymer_6669,[*]c1ccc(Oc2ccccc2S([*])(=O)=O)cc1,221.0,,GREA,494.15,,1,0.0,black
polymer_6670,[*]c1ccc(Oc2cncc(Oc3ccc(C([*])(C)C)cc3)n2)cc1,145.0,,GREA,418.15,,1,0.0,black
polymer_6671,[*]c1ccc(Oc2nc(Cl)nc(Oc3ccc(C([*])(C)C)cc3)n2)cc1,80.0,,GREA,353.15,,1,0.0,black
polymer_6672,[*]c1ccc(P(=O)(c2ccccc2)c2ccc(-n3c(=O)c4cc5c(=O)n([*])c(=O)c5cc4c3=O)cc2)cc1,425.0,,Qiu,698.15,,1,0.0,black
polymer_6673,[*]c1ccc(S(=O)(=O)c2ccc(-n3c(=O)c4cc5c(=O)n([*])c(=O)c5cc4c3=O)cc2)cc1,350.0,,GREA,623.15,,1,0.0,black
polymer_6674,[*]c1ccc(S(=O)(=O)c2ccc(N3C(=O)CC(C)(SCCOCCSC4(C)CC(=O)N(c5ccc(S(=O)(=O)c6ccc(N7C(=O)C(C)C(SCCOCCSC8C(=O)N([*])C(=O)C8C)C7=O)cc6)cc5)C4=O)C3=O)cc2)cc1,157.0,,GREA,430.15,,1,0.0,black
polymer_6675,[*]c1ccc(S([*])(=O)=O)cc1,219.5,,GREA,492.65,,1,0.0,black
polymer_6676,[*]c1ccc(Sc2ccc(-c3ccc(Sc4ccc(P([*])(=O)c5ccccc5)cc4)cc3)cc2)cc1,232.0,,GREA,505.15,,1,0.0,black
polymer_6677,[*]c1ccc(Sc2ccc(-c3nn(-c4ccc(S(=O)(=O)c5ccc(-n6nc([*])c7ccccc7c6=O)cc5)cc4)c(=O)c4ccccc34)cc2)cc1,279.0,,GREA,552.15,,1,0.0,black
polymer_6678,[*]c1ccc(Sc2ccc(-n3c(=O)c4cc5c(=O)n([*])c(=O)c5cc4c3=O)cc2)cc1,400.0,,GREA,673.15,,1,0.0,black
polymer_6679,[*]c1ccc(Sc2ccc(-n3c(=O)c4cc5c(=O)n([*])c(=O)c5cc4c3=O)cn2)nc1,359.0,,GREA,632.15,,1,0.0,black
polymer_6680,[*]c1ccc(Sc2ccc(S([*])(=O)=O)cc2)cc1,215.0,,GREA,488.15,,1,0.0,black
polymer_6681,[*]c1ccc(Sc2ccc(Sc3ccc(Sc4ccc(-n5c(=O)c6cc7c(=O)n([*])c(=O)c7cc6c5=O)cc4)cc3)cc2)cc1,234.05,,GREA,507.2,,1,0.0,black
polymer_6682,[*]c1ccc(Sc2ccc(Sc3ccc(Sc4ccc(P([*])(=O)c5ccccc5)cc4)cc3)cc2)cc1,175.0,,GREA,448.15,,1,0.0,black
polymer_6683,[*]c1ccc(Sc2ccc(Sc3ccc(Sc4ccc(S([*])(=O)=O)cc4S(=O)(=O)O)cc3)cc2)c(S(=O)(=O)O)c1,202.0,,GREA,475.15,,1,0.0,black
polymer_6684,[*]c1ccc(Sc2ccc(Sc3ccc(Sc4ccc(S([*])=O)cc4)cc3)cc2)cc1,133.0,,GREA,406.15,,1,0.0,black
polymer_6685,[*]c1ccc(Sc2ccc3c(c2)Sc2ccc(Sc4ccc(-n5c(=O)c6cc7c(=O)n([*])c(=O)c7cc6c5=O)cc4)cc2S3)cc1,254.75,,GREA,527.9,,1,0.0,black
polymer_6686,[*]c1ccc(Sc2cccc(Sc3ccc(S([*])=O)cc3)c2)cc1,121.0,,GREA,394.15,,1,0.0,black
polymer_6687,[*]c1ccc([*])c(C(=O)c2ccc(C)cc2)c1,202.0,,GREA,475.15,,1,0.0,black
polymer_6688,[*]c1ccc([*])c(C(=O)c2ccc(F)cc2)c1,194.0,,GREA,467.15,,1,0.0,black
polymer_6689,[*]c1ccc([*])c(C(=O)c2ccccc2)c1,180.0,,GREA,453.15,,1,0.0,black
polymer_6690,[*]c1ccc([Si](C)(C)[Si]([*])(C)C)s1,15.0,,GREA,288.15,,1,0.0,black
polymer_6691,[*]c1ccc([Si](C)(C)c2ccc3c(c2)C(=O)N(c2ccc(Cc4ccc(N5C(=O)c6ccc([Si]([*])(C)C)cc6C5=O)cc4)cc2)C3=O)cc1,295.0,,GREA,568.15,,1,0.0,black
polymer_6692,[*]c1ccc([Si](C)(C)c2ccc3c(c2)C(=O)N(c2cccc(Cc4cccc(N5C(=O)c6ccc([Si]([*])(C)C)cc6C5=O)c4)c2)C3=O)cc1,246.0,,GREA,519.15,,1,0.0,black
polymer_6693,[*]c1ccc([Si](CCCC)(CCCC)[Si]([*])(CCCC)CCCC)s1,-52.99999999999997,,GREA,220.15,,1,0.0,black
polymer_6694,[*]c1ccc([Si]([*])(C)C)s1,21.0,,GREA,294.15,,1,0.0,black
polymer_6695,[*]c1ccc([Si](c2ccccc2)(c2ccccc2)c2ccc(-c3ccc4c(c3)c3cc([*])ccc3n4CCCCCC#N)cc2)cc1,165.0,,GREA,438.15,,1,0.0,black
polymer_6696,[*]c1ccc2[nH]c(CCCCCCCCc3nc4cc([*])ccc4[nH]3)nc2c1,234.0,,GREA,507.15,,1,0.0,black
polymer_6697,[*]c1ccc2[nH]c(CCCc3nc4cc([*])ccc4[nH]3)nc2c1,275.0,,GREA,548.15,,1,0.0,black
polymer_6698,[*]c1ccc2[nH]c([*])nc2c1,398.0,,GREA,671.15,,1,0.0,black
polymer_6699,[*]c1ccc2c(-c3ccccc3)nn(-c3ccc(S(=O)(=O)c4ccc(-n5nc(-c6ccccc6)c6ccc(S([*])(=O)=O)cc6c5=O)cc4)cc3)c(=O)c2c1,422.0,,GREA,695.15,,1,0.0,black
polymer_6700,[*]c1ccc2c(c1)C(=O)N(C(=S)Nc1ccc(Oc3ccc(NC(=S)N4C(=O)c5ccc(C([*])(C(F)(F)F)C(F)(F)F)cc5C4=O)cc3)cc1)C2=O,260.0,,GREA,533.15,,1,0.0,black
polymer_6701,[*]c1ccc2c(c1)C(=O)N(C1CCC(CC3CCC(N4C(=O)c5ccc(C([*])(C(F)(F)F)C(F)(F)F)cc5C4=O)CC3)CC1)C2=O,265.0,,GREA,538.15,,1,0.0,black
polymer_6702,[*]c1ccc2c(c1)C(=O)N(C1CCC(CC3CCC(N4C(=O)c5ccc([*])cc5C4=O)CC3)CC1)C2=O,242.0,,GREA,515.15,,1,0.0,black
polymer_6703,[*]c1ccc2c(c1)C(=O)N(C1CCC(N3C(=O)c4ccc(C([*])(C(F)(F)F)C(F)(F)F)cc4C3=O)CC1)C2=O,346.5,,GREA,619.65,,1,0.0,black
polymer_6704,[*]c1ccc2c(c1)C(=O)N(C1CCC(N3C(=O)c4ccc(S([*])(=O)=O)cc4C3=O)CC1)C2=O,363.0,,GREA,636.15,,1,0.0,black
polymer_6705,[*]c1ccc2c(c1)C(=O)N(C1CCC(N3C(=O)c4ccc([*])cc4C3=O)CC1)C2=O,360.0,,GREA,633.15,,1,0.0,black
polymer_6706,[*]c1ccc2c(c1)C(=O)N(CC1CC3CC1C1CCC(CN4C(=O)c5ccc([*])cc5C4=O)C31)C2=O,230.0,,GREA,503.15,,1,0.0,black
polymer_6707,[*]c1ccc2c(c1)C(=O)N(CC1CCC3C4CC(CC4CN4C(=O)c5ccc(C([*])(C(F)(F)F)C(F)(F)F)cc5C4=O)C13)C2=O,207.0,,GREA,480.15,,1,0.0,black
polymer_6708,[*]c1ccc2c(c1)C(=O)N(CC1CCCC(CN3C(=O)c4ccc(C([*])(C(F)(F)F)C(F)(F)F)cc4C3=O)C1)C2=O,222.0,,GREA,495.15,,1,0.0,black
polymer_6709,[*]c1ccc2c(c1)C(=O)N(CC1CCCC(CN3C(=O)c4ccc([*])cc4C3=O)C1)C2=O,234.0,,GREA,507.15,,1,0.0,black
polymer_6710,[*]c1ccc2c(c1)C(=O)N(CCCCCCCCCCCCN1C(=O)c3ccc(C([*])(C(F)(F)F)C(F)(F)F)cc3C1=O)C2=O,101.0,,GREA,374.15,,1,0.0,black
polymer_6711,[*]c1ccc2c(c1)C(=O)N(CCCCCCCCCCCCN1C(=O)c3ccc4c5ccc6c7c(ccc(c8ccc(c3c48)C1=O)c75)C(=O)N(CCCCCCCCCCCCN1C(=O)c3ccc(C([*])(C(F)(F)F)C(F)(F)F)cc3C1=O)C6=O)C2=O,170.0,,GREA,443.15,,1,0.0,black
polymer_6712,[*]c1ccc2c(c1)C(=O)N(CCCCCCCCCCN1C(=O)c3ccc(C([*])(C(F)(F)F)C(F)(F)F)cc3C1=O)C2=O,123.0,,GREA,396.15,,1,0.0,black
polymer_6713,[*]c1ccc2c(c1)C(=O)N(CCCCCCCCCN1C(=O)c3ccc(C([*])(C(F)(F)F)C(F)(F)F)cc3C1=O)C2=O,135.0,,GREA,408.15,,1,0.0,black
polymer_6714,[*]c1ccc2c(c1)C(=O)N(CCCCCCCCN1C(=O)c3ccc(C([*])(C(F)(F)F)C(F)(F)F)cc3C1=O)C2=O,155.0,,GREA,428.15,,1,0.0,black
polymer_6715,[*]c1ccc2c(c1)C(=O)N(CCCCCCCN1C(=O)c3ccc(C([*])(C(F)(F)F)C(F)(F)F)cc3C1=O)C2=O,165.0,,GREA,438.15,,1,0.0,black
polymer_6716,[*]c1ccc2c(c1)C(=O)N(CCCCCCN1C(=O)c3ccc(C([*])(C(F)(F)F)C(F)(F)F)cc3C1=O)C2=O,155.0,,GREA,428.15,,1,0.0,black
polymer_6717,[*]c1ccc2c(c1)C(=O)N(CCCCCN1C(=O)c3ccc(C([*])(C(F)(F)F)C(F)(F)F)cc3C1=O)C2=O,180.0,,GREA,453.15,,1,0.0,black
polymer_6718,[*]c1ccc2c(c1)C(=O)N(CCCCN1C(=O)c3ccc(C([*])(C(F)(F)F)C(F)(F)F)cc3C1=O)C2=O,190.0,,GREA,463.15,,1,0.0,black
polymer_6719,[*]c1ccc2c(c1)C(=O)N(CCCN1C(=O)c3ccc(C([*])(C(F)(F)F)C(F)(F)F)cc3C1=O)C2=O,190.0,,GREA,463.15,,1,0.0,black
polymer_6720,[*]c1ccc2c(c1)C(=O)N(CCN(CCN1C(=O)c3ccc(C([*])(C(F)(F)F)C(F)(F)F)cc3C1=O)c1ccc(/N=N/c3ccc(C4OCCO4)cc3)cc1)C2=O,178.0,,GREA,451.15,,1,0.0,black
polymer_6721,[*]c1ccc2c(c1)C(=O)N(CCN(CCN1C(=O)c3ccc(C([*])(C(F)(F)F)C(F)(F)F)cc3C1=O)c1ccc(/N=N/c3ccc([N+](=O)[O-])cc3)cc1)C2=O,210.0,,GREA,483.15,,1,0.0,black
polymer_6722,[*]c1ccc2c(c1)C(=O)N(CCN1C(=O)c3ccc(C([*])(C(F)(F)F)C(F)(F)F)cc3C1=O)C2=O,180.0,,GREA,453.15,,1,0.0,black
polymer_6723,[*]c1ccc2c(c1)C(=O)N(Cc1nc3cc(-c4ccc5oc(CN6C(=O)c7ccc(C([*])(C(F)(F)F)C(F)(F)F)cc7C6=O)nc5c4)ccc3o1)C2=O,231.0,,GREA,504.15,,1,0.0,black
polymer_6724,[*]c1ccc2c(c1)C(=O)N(Cc1nnc(-c3ccc(-c4nnc(CN5C(=O)c6ccc(C([*])(C(F)(F)F)C(F)(F)F)cc6C5=O)o4)c(Oc4ccccc4)c3)o1)C2=O,208.0,,GREA,481.15,,1,0.0,black
polymer_6725,[*]c1ccc2c(c1)C(=O)N(Cc1nnc(-c3ccc(-c4nnc(CN5C(=O)c6ccc(C([*])(C(F)(F)F)C(F)(F)F)cc6C5=O)o4)cc3)o1)C2=O,214.0,,GREA,487.15,,1,0.0,black
polymer_6726,[*]c1ccc2c(c1)C(=O)N(Cc1nnc(-c3ccc(Oc4ccc(-c5nnc(CN6C(=O)c7ccc(C([*])(C(F)(F)F)C(F)(F)F)cc7C6=O)o5)cc4)cc3)o1)C2=O,210.0,,GREA,483.15,,1,0.0,black
polymer_6727,[*]c1ccc2c(c1)C(=O)N(c1c(F)cc(Oc3ccc(C(c4ccc(Oc5cc(F)c(N6C(=O)c7ccc(C([*])(C(F)(F)F)C(F)(F)F)cc7C6=O)c(F)c5)cc4)(C(F)(F)F)C(F)(F)F)cc3)cc1F)C2=O,224.0,,Qiu,497.15,,1,0.0,black
polymer_6728,[*]c1ccc2c(c1)C(=O)N(c1cc(-c3ccc(O)c(N4C(=O)c5ccc(C([*])(C(F)(F)F)C(F)(F)F)cc5C4=O)c3)ccc1O)C2=O,370.0,,GREA,643.15,,1,0.0,black
polymer_6729,[*]c1ccc2c(c1)C(=O)N(c1cc(Br)c(Oc3c(Br)cc(N4C(=O)c5ccc(C([*])(C(F)(F)F)C(F)(F)F)cc5C4=O)cc3Br)c(Br)c1)C2=O,303.0,,GREA,576.15,,1,0.0,black
polymer_6730,[*]c1ccc2c(c1)C(=O)N(c1cc(Br)c(Oc3c(Br)cc(N4C(=O)c5ccc(S([*])(=O)=O)cc5C4=O)cc3Br)c(Br)c1)C2=O,328.0,,GREA,601.15,,1,0.0,black
polymer_6731,[*]c1ccc2c(c1)C(=O)N(c1cc(Br)c(Oc3c(Br)cc(N4C(=O)c5ccc([*])cc5C4=O)cc3Br)c(Br)c1)C2=O,287.0,,GREA,560.15,,1,0.0,black
polymer_6732,[*]c1ccc2c(c1)C(=O)N(c1cc(C(F)(F)F)c(N3C(=O)c4ccc(C([*])(C(F)(F)F)C(F)(F)F)cc4C3=O)cc1C(F)(F)F)C2=O,365.0,,Qiu,638.15,,1,0.0,black
polymer_6733,[*]c1ccc2c(c1)C(=O)N(c1cc(C(F)(F)F)cc(N3C(=O)c4ccc(C([*])(C(F)(F)F)C(F)(F)F)cc4C3=O)c1OC(c1c(F)c(F)c(F)c(F)c1F)c1c(F)c(F)c(F)c(F)c1F)C2=O,321.70000000000005,,Qiu,594.85,,1,0.0,black
polymer_6734,[*]c1ccc2c(c1)C(=O)N(c1cc(C(c3ccc(O)c(N4C(=O)c5ccc(C([*])(C(F)(F)F)C(F)(F)F)cc5C4=O)c3)(C(F)(F)F)C(F)(F)F)ccc1O)C2=O,330.0,,GREA,603.15,,1,0.0,black
polymer_6735,[*]c1ccc2c(c1)C(=O)N(c1cc(C(c3ccc(OC(=O)C45CC6CC(CC(C6)C4)C5)c(N4C(=O)c5ccc(C([*])(C(F)(F)F)C(F)(F)F)cc5C4=O)c3)(C(F)(F)F)C(F)(F)F)ccc1OC(=O)C13CC4CC(CC(C4)C1)C3)C2=O,305.0,,GREA,578.15,,1,0.0,black
polymer_6736,[*]c1ccc2c(c1)C(=O)N(c1cc(C(c3ccc4nc([*])oc4c3)(C(F)(F)F)C(F)(F)F)ccc1O)C2=O,329.0,,GREA,602.15,,1,0.0,black
polymer_6737,[*]c1ccc2c(c1)C(=O)N(c1cc(N3C(=O)c4ccc(C([*])(C(F)(F)F)C(F)(F)F)cc4C3=O)c(O)cc1O)C2=O,324.0,,GREA,597.15,,1,0.0,black
polymer_6738,[*]c1ccc2c(c1)C(=O)N(c1cc(N3C(=O)c4ccc(P([*])(=O)c5ccccc5)cc4C3=O)cc(C(F)(F)F)c1)C2=O,317.0,,GREA,590.15,,1,0.0,black
polymer_6739,[*]c1ccc2c(c1)C(=O)N(c1cc(N3C(=O)c4ccc(S([*])(=O)=O)cc4C3=O)cc(C(F)(F)F)c1)C2=O,310.0,,Qiu,583.15,,1,0.0,black
polymer_6740,[*]c1ccc2c(c1)C(=O)N(c1cc(N3C(=O)c4ccc([*])cc4C3=O)c(O)cc1O)C2=O,343.0,,GREA,616.15,,1,0.0,black
polymer_6741,[*]c1ccc2c(c1)C(=O)N(c1cc(N3C(=O)c4ccc([*])cc4C3=O)cc(C(F)(F)F)c1)C2=O,329.0,,Qiu,602.15,,1,0.0,black
polymer_6742,[*]c1ccc2c(c1)C(=O)N(c1cc(N3C(=O)c4ccc([Si]([*])(C)C)cc4C3=O)cc(C(F)(F)F)c1)C2=O,263.0,,Qiu,536.15,,1,0.0,black
polymer_6743,[*]c1ccc2c(c1)C(=O)N(c1ccc(-c3ccc(N4C(=O)c5ccc(C([*])(C(F)(F)F)C(F)(F)F)cc5C4=O)c(O)c3)cc1O)C2=O,358.0,,GREA,631.15,,1,0.0,black
polymer_6744,[*]c1ccc2c(c1)C(=O)N(c1ccc(-c3ccc(N4C(=O)c5ccc(C([*])(C(F)(F)F)C(F)(F)F)cc5C4=O)c(OCCCCCCOc4ccc(/C=C/c5ccc(F)cc5)cc4)c3)cc1OCCCCCCOc1ccc(/C=C/c3ccc(F)cc3)cc1)C2=O,140.0,,GREA,413.15,,1,0.0,black
polymer_6745,[*]c1ccc2c(c1)C(=O)N(c1ccc(-c3ccc(N4C(=O)c5ccc(C([*])(C(F)(F)F)C(F)(F)F)cc5C4=O)cc3-c3cc(C(F)(F)F)cc(C(F)(F)F)c3)c(-c3cc(C(F)(F)F)cc(C(F)(F)F)c3)c1)C2=O,263.0,,Qiu,536.15,,1,0.0,black
polymer_6746,[*]c1ccc2c(c1)C(=O)N(c1ccc(-c3ccc(N4C(=O)c5ccc(C([*])(C(F)(F)F)C(F)(F)F)cc5C4=O)cc3-c3ccc(-c4ccccc4)cc3)c(-c3ccc(-c4ccccc4)cc3)c1)C2=O,285.0,,Qiu,558.15,,1,0.0,black
polymer_6747,[*]c1ccc2c(c1)C(=O)N(c1ccc(-c3ccc(N4C(=O)c5ccc(C([*])(C(F)(F)F)C(F)(F)F)cc5C4=O)cc3-c3ccc(C(F)(F)F)cc3)c(-c3ccc(C(F)(F)F)cc3)c1)C2=O,283.0,,Qiu,556.15,,1,0.0,black
polymer_6748,[*]c1ccc2c(c1)C(=O)N(c1ccc(-c3ccc(N4C(=O)c5ccc(C([*])(C(F)(F)F)C(F)(F)F)cc5C4=O)cc3-c3cccc(C(F)(F)F)c3)c(-c3cccc(C(F)(F)F)c3)c1)C2=O,278.0,,Qiu,551.15,,1,0.0,black
polymer_6749,[*]c1ccc2c(c1)C(=O)N(c1ccc(-c3ccc(N4C(=O)c5ccc(C([*])(C(F)(F)F)C(F)(F)F)cc5C4=O)cc3-c3ccccc3C(F)(F)F)c(-c3ccccc3C(F)(F)F)c1)C2=O,289.0,,Qiu,562.15,,1,0.0,black
polymer_6750,[*]c1ccc2c(c1)C(=O)N(c1ccc(-c3ccc(N4C(=O)c5ccc(C([*])(C(F)(F)F)C(F)(F)F)cc5C4=O)cc3Br)c(Br)c1)C2=O,329.0,,Qiu,602.15,,1,0.0,black
polymer_6751,[*]c1ccc2c(c1)C(=O)N(c1ccc(-c3ccc(N4C(=O)c5ccc(C([*])(C(F)(F)F)C(F)(F)F)cc5C4=O)cc3Cl)c(Cl)c1)C2=O,336.0,,Qiu,609.15,,1,0.0,black
polymer_6752,[*]c1ccc2c(c1)C(=O)N(c1ccc(-c3ccc(N4C(=O)c5ccc(C([*])(C(F)(F)F)C(F)(F)F)cc5C4=O)cc3I)c(I)c1)C2=O,319.0,,Qiu,592.15,,1,0.0,black
polymer_6753,[*]c1ccc2c(c1)C(=O)N(c1ccc(-c3ccc(N4C(=O)c5ccc(C([*])(c6ccccc6)C(F)(F)F)cc5C4=O)cc3C(F)(F)F)c(C(F)(F)F)c1)C2=O,280.0,,GREA,553.15,,1,0.0,black
polymer_6754,[*]c1ccc2c(c1)C(=O)N(c1ccc(-c3ccc(N4C(=O)c5ccc(S([*])(=O)=O)cc5C4=O)cc3C(F)(F)F)c(C(F)(F)F)c1)C2=O,320.0,,GREA,593.15,,1,0.0,black
polymer_6755,[*]c1ccc2c(c1)C(=O)N(c1ccc(-c3ccc(N4C(=O)c5ccc([*])cc5C4=O)cc3OC(F)(F)F)c(OC(F)(F)F)c1)C2=O,335.0,,Qiu,608.15,,1,0.0,black
polymer_6756,[*]c1ccc2c(c1)C(=O)N(c1ccc(-c3ccc(N4C(=O)c5cccc([*])c5C4=O)cc3C(F)(F)F)c(C(F)(F)F)c1)C2=O,346.0,,GREA,619.15,,1,0.0,black
polymer_6757,[*]c1ccc2c(c1)C(=O)N(c1ccc(-c3nc4cc(N5C(=O)c6ccc([*])cc6C5=O)ccc4[nH]3)cc1)C2=O,397.5,,GREA,670.65,,1,0.0,black
polymer_6758,[*]c1ccc2c(c1)C(=O)N(c1ccc(C(c3ccc(N4C(=O)c5ccc(C([*])(C(F)(F)F)C(F)(F)F)cc5C4=O)cc3)(C(F)(F)F)C(F)(F)F)cc1)C2=O,315.1,,GREA,588.25,,1,0.0,black
polymer_6759,[*]c1ccc2c(c1)C(=O)N(c1ccc(C(c3ccc(N4C(=O)c5ccc([*])cc5C4=O)cc3)(C(F)(F)F)C(F)(F)F)cc1)C2=O,343.0,,GREA,616.15,,1,0.0,black
polymer_6760,[*]c1ccc2c(c1)C(=O)N(c1ccc(C(c3ccccc3)(c3ccc(N4C(=O)c5ccc(C([*])(C(F)(F)F)C(F)(F)F)cc5C4=O)cc3)C(F)(F)F)cc1)C2=O,305.0,,GREA,578.15,,1,0.0,black
polymer_6761,[*]c1ccc2c(c1)C(=O)N(c1ccc(C(c3ccccc3)c3ccc(N4C(=O)c5ccc(S([*])(=O)=O)cc5C4=O)cc3)cc1)C2=O,305.0,,GREA,578.15,,1,0.0,black
polymer_6762,[*]c1ccc2c(c1)C(=O)N(c1ccc(C(c3ccccc3)c3ccc(N4C(=O)c5ccc([*])cc5C4=O)cc3)cc1)C2=O,315.0,,GREA,588.15,,1,0.0,black
polymer_6763,[*]c1ccc2c(c1)C(=O)N(c1ccc(C3(c4ccc(N5C(=O)c6ccc(C([*])(C(F)(F)F)C(F)(F)F)cc6C5=O)c(F)c4)c4ccccc4-c4ccccc43)cc1F)C2=O,352.0,,GREA,625.15,,1,0.0,black
polymer_6764,[*]c1ccc2c(c1)C(=O)N(c1ccc(C3(c4ccc(N5C(=O)c6ccc(C([*])(C(F)(F)F)C(F)(F)F)cc6C5=O)cc4)c4ccccc4-c4ccccc43)cc1)C2=O,370.0,,GREA,643.15,,1,0.0,black
polymer_6765,[*]c1ccc2c(c1)C(=O)N(c1ccc(C3(c4ccc(N5C(=O)c6ccc(S([*])(=O)=O)cc6C5=O)cc4)c4ccccc4-c4ccccc43)cc1)C2=O,392.0,,GREA,665.15,,1,0.0,black
polymer_6766,[*]c1ccc2c(c1)C(=O)N(c1ccc(C3(c4ccc(N5C(=O)c6ccc([*])cc6C5=O)cc4)c4ccccc4-c4ccccc43)cc1)C2=O,388.0,,GREA,661.15,,1,0.0,black
polymer_6767,[*]c1ccc2c(c1)C(=O)N(c1ccc(Cc3ccc(N4C(=O)c5ccc(C(F)(F)C(F)(F)C([*])(F)F)cc5C4=O)cc3)cc1)C2=O,290.0,,GREA,563.15,,1,0.0,black
polymer_6768,[*]c1ccc2c(c1)C(=O)N(c1ccc(Cc3ccc(N4C(=O)c5ccc(C([*])(C(F)(F)F)C(F)(F)F)cc5C4=O)cc3)cc1)C2=O,297.0,,GREA,570.15,,1,0.0,black
polymer_6769,[*]c1ccc2c(c1)C(=O)N(c1ccc(Cc3ccc(N4C(=O)c5ccc(S([*])(=O)=O)cc5C4=O)cc3)cc1)C2=O,319.0,,GREA,592.15,,1,0.0,black
polymer_6770,[*]c1ccc2c(c1)C(=O)N(c1ccc(Cc3ccc(N4C(=O)c5ccc([Si]([*])(C)C)cc5C4=O)cc3)cc1)C2=O,280.0,,GREA,553.15,,1,0.0,black
polymer_6771,[*]c1ccc2c(c1)C(=O)N(c1ccc(N(c3ccc(/C=C/c4ccc([N+](=O)[O-])cc4)cc3)c3ccc(N4C(=O)c5ccc(C([*])(C(F)(F)F)C(F)(F)F)cc5C4=O)cc3)cc1)C2=O,290.0,,GREA,563.15,,1,0.0,black
polymer_6772,[*]c1ccc2c(c1)C(=O)N(c1ccc(N3C(=O)c4ccc(-c5c(-c6ccccc6)c(-c6ccccc6)c(-c6ccc(Oc7ccc(-c8c(-c9ccccc9)c(-c9ccccc9)c([*])c(-c9ccccc9)c8-c8ccccc8)cc7)cc6)c(-c6ccccc6)c5-c5ccccc5)cc4C3=O)cc1)C2=O,353.0,,GREA,626.15,,1,0.0,black
polymer_6773,[*]c1ccc2c(c1)C(=O)N(c1ccc(N3C(=O)c4ccc(-c5c(-c6ccccc6)c(-c6ccccc6)c(-c6ccc(Sc7ccc(-c8c(-c9ccccc9)c(-c9ccccc9)c([*])c(-c9ccccc9)c8-c8ccccc8)cc7)cc6)c(-c6ccccc6)c5-c5ccccc5)cc4C3=O)cc1)C2=O,344.0,,GREA,617.15,,1,0.0,black
polymer_6774,[*]c1ccc2c(c1)C(=O)N(c1ccc(N3C(=O)c4ccc(C([*])(C(F)(F)F)C(F)(F)F)cc4C3=O)c(C(F)(F)F)c1)C2=O,366.0,,Qiu,639.15,,1,0.0,black
polymer_6775,[*]c1ccc2c(c1)C(=O)N(c1ccc(N3C(=O)c4ccc(C([*])(C(F)(F)F)C(F)(F)F)cc4C3=O)c(F)c1)C2=O,370.0,,Qiu,643.15,,1,0.0,black
polymer_6776,[*]c1ccc2c(c1)C(=O)N(c1ccc(N3C(=O)c4ccc(C(c5ccc6c(c5)C(=O)N(c5ccc(N7C(=O)c8ccc([*])cc8C7=O)cc5)C6=O)(C(F)(F)F)C(F)(F)F)cc4C3=O)cc1)C2=O,342.0,,GREA,615.15,,1,0.0,black
polymer_6777,[*]c1ccc2c(c1)C(=O)N(c1ccc(N3C(=O)c4ccc(P([*])(=O)c5ccccc5)cc4C3=O)cc1)C2=O,366.0,,GREA,639.15,,1,0.0,black
polymer_6778,[*]c1ccc2c(c1)C(=O)N(c1ccc(N3C(=O)c4ccc([*])cc4C3=O)cc1)C2=O,341.0,,GREA,614.15,,1,0.0,black
polymer_6779,[*]c1ccc2c(c1)C(=O)N(c1ccc(NC(=O)C(F)(F)C(F)(F)C(F)(F)C(F)(F)C(=O)Nc3ccc(N4C(=O)c5ccc(C([*])(C(F)(F)F)C(F)(F)F)cc5C4=O)cc3)cc1)C2=O,285.0,,GREA,558.15,,1,0.0,black
polymer_6780,[*]c1ccc2c(c1)C(=O)N(c1ccc(NC(=O)C(F)(F)C(F)(F)C(F)(F)C(F)(F)C(F)(F)C(F)(F)C(=O)Nc3ccc(N4C(=O)c5ccc(C([*])(C(F)(F)F)C(F)(F)F)cc5C4=O)cc3)cc1)C2=O,265.0,,GREA,538.15,,1,0.0,black
polymer_6781,[*]c1ccc2c(c1)C(=O)N(c1ccc(NC(=S)/N=C/c3ccc(Cl)c(N4C(=O)c5ccc(C([*])(C(F)(F)F)C(F)(F)F)cc5C4=O)c3)cc1)C2=O,272.0,,GREA,545.15,,1,0.0,black
polymer_6782,[*]c1ccc2c(c1)C(=O)N(c1ccc(OCC(F)(F)C(F)(F)C(F)(F)C(F)(F)C(F)(F)C(F)(F)C(F)(F)C(F)(F)C(F)(F)C(F)(F)F)c(N3C(=O)c4ccc(C([*])(C(F)(F)F)C(F)(F)F)cc4C3=O)c1)C2=O,189.0,,Qiu,462.15,,1,0.0,black
polymer_6783,[*]c1ccc2c(c1)C(=O)N(c1ccc(OCC(F)(F)C(F)(F)C(F)(F)C(F)(F)C(F)(F)C(F)(F)C(F)(F)C(F)(F)C(F)(F)C(F)(F)F)c(N3C(=O)c4ccc([*])cc4C3=O)c1)C2=O,230.0,,Qiu,503.15,,1,0.0,black
polymer_6784,[*]c1ccc2c(c1)C(=O)N(c1ccc(OCC(F)(F)C(F)(F)C(F)(F)C(F)(F)C(F)(F)C(F)(F)C(F)(F)F)c(N3C(=O)c4ccc(C([*])(C(F)(F)F)C(F)(F)F)cc4C3=O)c1)C2=O,226.0,,Qiu,499.15,,1,0.0,black
polymer_6785,[*]c1ccc2c(c1)C(=O)N(c1ccc(OCC(F)(F)C(F)(F)C(F)(F)C(F)(F)C(F)(F)C(F)(F)C(F)(F)F)c(N3C(=O)c4ccc([*])cc4C3=O)c1)C2=O,250.0,,Qiu,523.15,,1,0.0,black
polymer_6786,[*]c1ccc2c(c1)C(=O)N(c1ccc(OCC(F)(F)C(F)(F)C(F)(F)C(F)(F)C(F)(F)C(F)(F)F)c(N3C(=O)c4ccc(C([*])(C(F)(F)F)C(F)(F)F)cc4C3=O)c1)C2=O,228.0,,Qiu,501.15,,1,0.0,black
polymer_6787,[*]c1ccc2c(c1)C(=O)N(c1ccc(OCC(F)(F)C(F)(F)C(F)(F)C(F)(F)C(F)(F)C(F)(F)F)c(N3C(=O)c4ccc([*])cc4C3=O)c1)C2=O,262.0,,Qiu,535.15,,1,0.0,black
polymer_6788,[*]c1ccc2c(c1)C(=O)N(c1ccc(OCC(F)(F)C(F)(F)C(F)(F)F)c(N3C(=O)c4ccc(C([*])(C(F)(F)F)C(F)(F)F)cc4C3=O)c1)C2=O,266.0,,Qiu,539.15,,1,0.0,black
polymer_6789,[*]c1ccc2c(c1)C(=O)N(c1ccc(OCC(F)(F)C(F)(F)C(F)(F)F)c(N3C(=O)c4ccc([*])cc4C3=O)c1)C2=O,300.0,,Qiu,573.15,,1,0.0,black
polymer_6790,[*]c1ccc2c(c1)C(=O)N(c1ccc(OCC3CCC(COc4ccc(N5C(=O)c6ccc([*])cc6C5=O)cc4)CC3)cc1)C2=O,254.39999999999998,,GREA,527.55,,1,0.0,black
polymer_6791,[*]c1ccc2c(c1)C(=O)N(c1ccc(OCCCCCCCCCCOc3ccc(N4C(=O)c5ccc(C([*])(C(F)(F)F)C(F)(F)F)cc5C4=O)cc3)cc1)C2=O,143.0,,GREA,416.15,,1,0.0,black
polymer_6792,[*]c1ccc2c(c1)C(=O)N(c1ccc(OCCCCCCCCCCOc3ccc(N4C(=O)c5ccc([*])cc5C4=O)cc3)cc1)C2=O,153.0,,GREA,426.15,,1,0.0,black
polymer_6793,[*]c1ccc2c(c1)C(=O)N(c1ccc(OCCCCCCOc3ccc(N4C(=O)c5ccc(C([*])(C(F)(F)F)C(F)(F)F)cc5C4=O)cc3)cc1)C2=O,167.0,,GREA,440.15,,1,0.0,black
polymer_6794,[*]c1ccc2c(c1)C(=O)N(c1ccc(OCCCCCOc3ccc(N4C(=O)c5cccc([*])c5C4=O)cc3)cc1)C2=O,208.0,,GREA,481.15,,1,0.0,black
polymer_6795,[*]c1ccc2c(c1)C(=O)N(c1ccc(OCCCCOc3ccc(N4C(=O)c5ccc(C([*])(C(F)(F)F)C(F)(F)F)cc5C4=O)cc3)cc1)C2=O,169.0,,GREA,442.15,,1,0.0,black
polymer_6796,[*]c1ccc2c(c1)C(=O)N(c1ccc(OCCCOc3ccc(N4C(=O)c5cccc([*])c5C4=O)cc3)cc1)C2=O,237.5,,GREA,510.65,,1,0.0,black
polymer_6797,[*]c1ccc2c(c1)C(=O)N(c1ccc(OCCN(CCOc3ccc(N4C(=O)c5ccc(C([*])(C(F)(F)F)C(F)(F)F)cc5C4=O)cc3)c3ccccc3)cc1)C2=O,170.0,,GREA,443.15,,1,0.0,black
polymer_6798,[*]c1ccc2c(c1)C(=O)N(c1ccc(OCCOCCOCCOCCOc3ccc(N4C(=O)c5ccc(C([*])(C(F)(F)F)C(F)(F)F)cc5C4=O)cc3)cc1)C2=O,140.0,,GREA,413.15,,1,0.0,black
polymer_6799,[*]c1ccc2c(c1)C(=O)N(c1ccc(OCCOCCOCCOc3ccc(N4C(=O)c5ccc(C([*])(C(F)(F)F)C(F)(F)F)cc5C4=O)cc3)cc1)C2=O,166.0,,GREA,439.15,,1,0.0,black
polymer_6800,[*]c1ccc2c(c1)C(=O)N(c1ccc(OCCOCCOc3ccc(N4C(=O)c5ccc(C([*])(C(F)(F)F)C(F)(F)F)cc5C4=O)cc3)cc1)C2=O,187.5,,GREA,460.65,,1,0.0,black
polymer_6801,[*]c1ccc2c(c1)C(=O)N(c1ccc(OCCOc3ccc(N4C(=O)c5ccc(C([*])(C(F)(F)F)C(F)(F)F)cc5C4=O)cc3)cc1)C2=O,254.0,,GREA,527.15,,1,0.0,black
polymer_6802,[*]c1ccc2c(c1)C(=O)N(c1ccc(Oc3c(F)c(F)c(-c4c(F)c(F)c(Oc5ccc(N6C(=O)c7ccc(C([*])(C(F)(F)F)C(F)(F)F)cc7C6=O)cc5)c(F)c4F)c(F)c3F)cc1)C2=O,271.20000000000005,,Qiu,544.35,,1,0.0,black
polymer_6803,[*]c1ccc2c(c1)C(=O)N(c1ccc(Oc3c(F)c(F)c(Oc4ccc(N5C(=O)c6ccc(C([*])(C(F)(F)F)C(F)(F)F)cc6C5=O)cc4)c(F)c3F)cc1)C2=O,243.80000000000007,,Qiu,516.95,,1,0.0,black
polymer_6804,[*]c1ccc2c(c1)C(=O)N(c1ccc(Oc3cc4ccccc4cc3Oc3ccc(N4C(=O)c5ccc(S([*])(=O)=O)cc5C4=O)cc3)cc1)C2=O,275.0,,GREA,548.15,,1,0.0,black
polymer_6805,[*]c1ccc2c(c1)C(=O)N(c1ccc(Oc3cc4ccccc4cc3Oc3ccc(N4C(=O)c5ccc([*])cc5C4=O)cc3)cc1)C2=O,253.5,,GREA,526.65,,1,0.0,black
polymer_6806,[*]c1ccc2c(c1)C(=O)N(c1ccc(Oc3ccc(-c4ccc(Oc5ccc(N6C(=O)c7ccc(C([*])(C(F)(F)F)C(F)(F)F)cc7C6=O)cc5)cc4)cc3)cc1)C2=O,288.0,,GREA,561.15,,1,0.0,black
polymer_6807,[*]c1ccc2c(c1)C(=O)N(c1ccc(Oc3ccc(-c4cnc(N5C(=O)c6ccc(C([*])(C(F)(F)F)C(F)(F)F)cc6C5=O)s4)cc3)cc1)C2=O,268.20000000000005,,GREA,541.35,,1,0.0,black
polymer_6808,[*]c1ccc2c(c1)C(=O)N(c1ccc(Oc3ccc(C(=O)c4cccc(C(=O)c5ccc(Oc6ccc(N7C(=O)c8ccc([Si]([*])(C)C)cc8C7=O)cc6)cc5)c4)cc3)cc1)C2=O,208.0,,GREA,481.15,,1,0.0,black
polymer_6809,[*]c1ccc2c(c1)C(=O)N(c1ccc(Oc3ccc(C(c4ccc(Oc5ccc(N6C(=O)c7ccc(C([*])(C(F)(F)F)C(F)(F)F)cc7C6=O)cc5C(F)(F)F)cc4)(C(F)(F)F)C(F)(F)F)cc3)c(C(F)(F)F)c1)C2=O,234.0,,GREA,507.15,,1,0.0,black
polymer_6810,[*]c1ccc2c(c1)C(=O)N(c1ccc(Oc3ccc(C(c4ccc(Oc5ccc(N6C(=O)c7ccc([*])cc7C6=O)cc5C(F)(F)F)cc4)(C(F)(F)F)C(F)(F)F)cc3)c(C(F)(F)F)c1)C2=O,223.0,,GREA,496.15,,1,0.0,black
polymer_6811,[*]c1ccc2c(c1)C(=O)N(c1ccc(Oc3ccc(N4C(=O)c5ccc(-c6c(-c7ccccc7)c(-c7ccccc7)c(-c7ccc(Oc8ccc(-c9c(-c%10ccccc%10)c(-c%10ccccc%10)c([*])c(-c%10ccccc%10)c9-c9ccccc9)cc8)cc7)c(-c7ccccc7)c6-c6ccccc6)cc5C4=O)cc3)cc1)C2=O,329.0,,GREA,602.15,,1,0.0,black
polymer_6812,[*]c1ccc2c(c1)C(=O)N(c1ccc(Oc3ccc(N4C(=O)c5ccc(-c6c(-c7ccccc7)c(-c7ccccc7)c(-c7ccc(Sc8ccc(-c9c(-c%10ccccc%10)c(-c%10ccccc%10)c([*])c(-c%10ccccc%10)c9-c9ccccc9)cc8)cc7)c(-c7ccccc7)c6-c6ccccc6)cc5C4=O)cc3)cc1)C2=O,322.0,,GREA,595.15,,1,0.0,black
polymer_6813,[*]c1ccc2c(c1)C(=O)N(c1ccc(Oc3ccc(N4C(=O)c5ccc(C(F)(F)C(F)(F)C(F)(F)C(F)(F)C(F)(F)C(F)(F)C(F)(F)C([*])(F)F)cc5C4=O)cc3)cc1)C2=O,186.0,,GREA,459.15,,1,0.0,black
polymer_6814,[*]c1ccc2c(c1)C(=O)N(c1ccc(Oc3ccc(N4C(=O)c5ccc(C(F)(F)C(F)(F)C(F)(F)C(F)(F)C(F)(F)C(F)(F)C([*])(F)F)cc5C4=O)cc3)cc1)C2=O,178.0,,GREA,451.15,,1,0.0,black
polymer_6815,[*]c1ccc2c(c1)C(=O)N(c1ccc(Oc3ccc(N4C(=O)c5ccc(C(F)(F)C(F)(F)C(F)(F)C(F)(F)C(F)(F)C([*])(F)F)cc5C4=O)cc3)cc1)C2=O,185.0,,GREA,458.15,,1,0.0,black
polymer_6816,[*]c1ccc2c(c1)C(=O)N(c1ccc(Oc3ccc(N4C(=O)c5ccc(C(F)(F)C(F)(F)C(F)(F)C([*])(F)F)cc5C4=O)cc3)cc1)C2=O,212.0,,GREA,485.15,,1,0.0,black
polymer_6817,[*]c1ccc2c(c1)C(=O)N(c1ccc(Oc3ccc(N4C(=O)c5ccc(C(F)(F)C(F)(F)C([*])(F)F)cc5C4=O)cc3)cc1)C2=O,222.0,,GREA,495.15,,1,0.0,black
polymer_6818,[*]c1ccc2c(c1)C(=O)N(c1ccc(Oc3ccc(N4C(=O)c5ccc(C([*])(C(F)(F)F)C(F)(F)F)cc5C4=O)cc3Br)c(Br)c1)C2=O,299.0,,GREA,572.15,,1,0.0,black
polymer_6819,[*]c1ccc2c(c1)C(=O)N(c1ccc(Oc3ccc(N4C(=O)c5ccc(C([*])(C(F)(F)F)C(F)(F)F)cc5C4=O)cc3O)cc1)C2=O,292.0,,GREA,565.15,,1,0.0,black
polymer_6820,[*]c1ccc2c(c1)C(=O)N(c1ccc(Oc3ccc(N4C(=O)c5ccc(C([*])O)cc5C4=O)cc3)cc1)C2=O,250.0,,GREA,523.15,,1,0.0,black
polymer_6821,[*]c1ccc2c(c1)C(=O)N(c1ccc(Oc3ccc(N4C(=O)c5ccc(C([*])O[Si](C)(C)C)cc5C4=O)cc3)cc1)C2=O,210.0,,GREA,483.15,,1,0.0,black
polymer_6822,[*]c1ccc2c(c1)C(=O)N(c1ccc(Oc3ccc(N4C(=O)c5ccc(C([*])O[Si](C)(C)O[Si](C)(C)O[Si](C)(C)C)cc5C4=O)cc3)cc1)C2=O,167.0,,GREA,440.15,,1,0.0,black
polymer_6823,[*]c1ccc2c(c1)C(=O)N(c1ccc(Oc3ccc(N4C(=O)c5ccc(P([*])(=O)c6ccccc6)cc5C4=O)cc3)cc1)C2=O,318.0,,GREA,591.15,,1,0.0,black
polymer_6824,[*]c1ccc2c(c1)C(=O)N(c1ccc(Oc3ccc(N4C(=O)c5ccc(S([*])(=O)=O)cc5C4=O)cc3)cc1)C2=O,283.5,,GREA,556.65,,1,0.0,black
polymer_6825,[*]c1ccc2c(c1)C(=O)N(c1ccc(Oc3ccc(N4C(=O)c5ccc(S([*])(=O)=O)cc5C4=O)cc3Br)c(Br)c1)C2=O,281.0,,GREA,554.15,,1,0.0,black
polymer_6826,[*]c1ccc2c(c1)C(=O)N(c1ccc(Oc3ccc(N4C(=O)c5ccc([*])cc5C4=O)cc3)cc1)C2=O,279.0,,GREA,552.15,,1,0.0,black
polymer_6827,[*]c1ccc2c(c1)C(=O)N(c1ccc(Oc3ccc(N4C(=O)c5ccc([*])cc5C4=O)cc3Br)c(Br)c1)C2=O,275.0,,GREA,548.15,,1,0.0,black
polymer_6828,[*]c1ccc2c(c1)C(=O)N(c1ccc(Oc3ccc(N4C(=O)c5ccc([Si]([*])(C)C)cc5C4=O)cc3)cc1)C2=O,274.0,,GREA,547.15,,1,0.0,black
polymer_6829,[*]c1ccc2c(c1)C(=O)N(c1ccc(Oc3ccc(N4C(=O)c5cccc([*])c5C4=O)cc3)cc1)C2=O,320.0,,GREA,593.15,,1,0.0,black
polymer_6830,[*]c1ccc2c(c1)C(=O)N(c1ccc(Oc3ccc(Oc4ccc(N5C(=O)c6ccc(C([*])(C(F)(F)F)C(F)(F)F)cc6C5=O)cc4)cc3)cc1)C2=O,279.0,,GREA,552.15,,1,0.0,black
polymer_6831,[*]c1ccc2c(c1)C(=O)N(c1ccc(Oc3ccc(Oc4ccc(N5C(=O)c6ccc(C([*])(C(F)(F)F)C(F)(F)F)cc6C5=O)cc4C(F)(F)F)cc3)cc1)C2=O,260.80000000000007,,GREA,533.95,,1,0.0,black
polymer_6832,[*]c1ccc2c(c1)C(=O)N(c1ccc(Oc3ccc(Oc4ccc(N5C(=O)c6ccc([*])cc6C5=O)cc4)c(-c4ccccc4)c3)cc1)C2=O,247.0,,GREA,520.15,,1,0.0,black
polymer_6833,[*]c1ccc2c(c1)C(=O)N(c1ccc(Oc3ccc(Oc4ccc(N5C(=O)c6cccc([*])c6C5=O)cc4)cc3)cc1)C2=O,285.0,,GREA,558.15,,1,0.0,black
polymer_6834,[*]c1ccc2c(c1)C(=O)N(c1ccc(Oc3ccc(Oc4ccc(Oc5ccc(N6C(=O)c7ccc([*])cc7C6=O)cc5)cc4)cc3)cc1)C2=O,228.51000000000005,,GREA,501.66,,1,0.0,black
polymer_6835,[*]c1ccc2c(c1)C(=O)N(c1ccc(Oc3ccc(P(=O)(c4ccccc4)c4ccc(Oc5cccc(N6C(=O)c7ccc(C([*])(C(F)(F)F)C(F)(F)F)cc7C6=O)c5)cc4)cc3)cc1)C2=O,220.0,,Qiu,493.15,,1,0.0,black
polymer_6836,[*]c1ccc2c(c1)C(=O)N(c1ccc(Oc3ccc(P(=O)(c4ccccc4)c4ccc(Oc5cccc(N6C(=O)c7ccc([*])cc7C6=O)c5)cc4)cc3)cc1)C2=O,241.0,,Qiu,514.15,,1,0.0,black
polymer_6837,[*]c1ccc2c(c1)C(=O)N(c1ccc(Oc3ccc(S(=O)(=O)c4ccc(Oc5ccc(N6C(=O)c7ccc(C([*])(C(F)(F)F)C(F)(F)F)cc7C6=O)cc5)cc4)cc3)cc1)C2=O,276.5,,GREA,549.65,,1,0.0,black
polymer_6838,[*]c1ccc2c(c1)C(=O)N(c1ccc(Oc3ccc(S(=O)(=O)c4ccc(Oc5ccc(N6C(=O)c7ccc(S([*])(=O)=O)cc7C6=O)cc5)cc4)cc3)cc1)C2=O,274.0,,GREA,547.15,,1,0.0,black
polymer_6839,[*]c1ccc2c(c1)C(=O)N(c1ccc(Oc3ccc(S(=O)(=O)c4ccc(Oc5ccc(N6C(=O)c7ccc([Si]([*])(C)C)cc7C6=O)cc5)cc4)cc3)cc1)C2=O,246.0,,GREA,519.15,,1,0.0,black
polymer_6840,[*]c1ccc2c(c1)C(=O)N(c1ccc(Oc3ccc4ccc(Oc5ccc(N6C(=O)c7ccc(C([*])(C(F)(F)F)C(F)(F)F)cc7C6=O)cc5)cc4c3)cc1)C2=O,302.30000000000007,,GREA,575.45,,1,0.0,black
polymer_6841,[*]c1ccc2c(c1)C(=O)N(c1ccc(Oc3ccc4nc(-c5ccc(Oc6ccc(-c7nc8ccc(Oc9ccc(N%10C(=O)c%11ccc(C([*])(C(F)(F)F)C(F)(F)F)cc%11C%10=O)cc9)cc8nc7-c7ccccc7)cc6)cc5)c(-c5ccccc5)nc4c3)cc1)C2=O,267.0,,GREA,540.15,,1,0.0,black
polymer_6842,[*]c1ccc2c(c1)C(=O)N(c1ccc(Oc3cccc(-c4cc(-c5ccccc5)cc(-c5cccc(Oc6ccc(N7C(=O)c8ccc(C([*])(C(F)(F)F)C(F)(F)F)cc8C7=O)cc6)c5)n4)c3)cc1)C2=O,180.0,,GREA,453.15,,1,0.0,black
polymer_6843,[*]c1ccc2c(c1)C(=O)N(c1ccc(Oc3cccc(N4C(=O)c5ccc(-c6c(-c7ccccc7)c(-c7ccccc7)c(-c7ccc(Oc8ccc(-c9c(-c%10ccccc%10)c(-c%10ccccc%10)c([*])c(-c%10ccccc%10)c9-c9ccccc9)cc8)cc7)c(-c7ccccc7)c6-c6ccccc6)cc5C4=O)c3)cc1)C2=O,309.0,,GREA,582.15,,1,0.0,black
polymer_6844,[*]c1ccc2c(c1)C(=O)N(c1ccc(Oc3cccc(N4C(=O)c5ccc(-c6c(-c7ccccc7)c(-c7ccccc7)c(-c7ccc(Sc8ccc(-c9c(-c%10ccccc%10)c(-c%10ccccc%10)c([*])c(-c%10ccccc%10)c9-c9ccccc9)cc8)cc7)c(-c7ccccc7)c6-c6ccccc6)cc5C4=O)c3)cc1)C2=O,300.0,,GREA,573.15,,1,0.0,black
polymer_6845,[*]c1ccc2c(c1)C(=O)N(c1ccc(Oc3cccc(N4C(=O)c5ccc(C([*])(C(F)(F)F)C(F)(F)F)cc5C4=O)c3)cc1)C2=O,260.0,,GREA,533.15,,1,0.0,black
polymer_6846,[*]c1ccc2c(c1)C(=O)N(c1ccc(Oc3cccc(N4C(=O)c5ccc([*])cc5C4=O)c3)cc1)C2=O,259.0,,GREA,532.15,,1,0.0,black
polymer_6847,[*]c1ccc2c(c1)C(=O)N(c1ccc(Oc3cccc(Oc4ccc(N5C(=O)c6ccc([*])cc6C5=O)cc4)c3)cc1)C2=O,234.0,,GREA,507.15,,1,0.0,black
polymer_6848,[*]c1ccc2c(c1)C(=O)N(c1ccc(Oc3ccccc3-c3ccccc3Oc3ccc(N4C(=O)c5ccc(C([*])(C(F)(F)F)C(F)(F)F)cc5C4=O)cc3)cc1)C2=O,78.0,,GREA,351.15,,1,0.0,black
polymer_6849,[*]c1ccc2c(c1)C(=O)N(c1ccc(Oc3ccccc3N3C(=O)c4ccc(C([*])(C(F)(F)F)C(F)(F)F)cc4C3=O)cc1)C2=O,276.0,,GREA,549.15,,1,0.0,black
polymer_6850,[*]c1ccc2c(c1)C(=O)N(c1ccc(Oc3ccccc3Oc3ccc(N4C(=O)c5ccc(C([*])(C(F)(F)F)C(F)(F)F)cc5C4=O)cc3C(F)(F)F)c(C(F)(F)F)c1)C2=O,247.0,,GREA,520.15,,1,0.0,black
polymer_6851,[*]c1ccc2c(c1)C(=O)N(c1ccc(Oc3ccccc3Oc3ccc(N4C(=O)c5ccc(S([*])(=O)=O)cc5C4=O)cc3C(F)(F)F)c(C(F)(F)F)c1)C2=O,255.0,,GREA,528.15,,1,0.0,black
polymer_6852,[*]c1ccc2c(c1)C(=O)N(c1ccc(Oc3ccccc3Oc3ccc(N4C(=O)c5ccc([*])cc5C4=O)cc3)cc1)C2=O,241.0,,GREA,514.15,,1,0.0,black
polymer_6853,[*]c1ccc2c(c1)C(=O)N(c1ccc(Oc3ccccc3Oc3ccc(N4C(=O)c5ccc([*])cc5C4=O)cc3C(F)(F)F)c(C(F)(F)F)c1)C2=O,249.0,,GREA,522.15,,1,0.0,black
polymer_6854,[*]c1ccc2c(c1)C(=O)N(c1ccc(P(=O)(c3ccccc3)c3ccc(N4C(=O)c5ccc(C([*])(C(F)(F)F)C(F)(F)F)cc5C4=O)cc3)cc1)C2=O,345.0,,Qiu,618.15,,1,0.0,black
polymer_6855,[*]c1ccc2c(c1)C(=O)N(c1ccc(P(=O)(c3ccccc3)c3ccc(N4C(=O)c5ccc([*])cc5C4=O)cc3)cc1)C2=O,371.0,,Qiu,644.15,,1,0.0,black
polymer_6856,[*]c1ccc2c(c1)C(=O)N(c1ccc(S(=O)(=O)c3ccc(N4C(=O)c5ccc(C(F)(F)C(F)(F)C([*])(F)F)cc5C4=O)cc3)cc1)C2=O,259.0,,GREA,532.15,,1,0.0,black
polymer_6857,[*]c1ccc2c(c1)C(=O)N(c1ccc(S(=O)(=O)c3ccc(S(=O)(=O)c4ccc(N5C(=O)c6ccc(C([*])(C(F)(F)F)C(F)(F)F)cc6C5=O)cc4)cc3)cc1)C2=O,331.0,,GREA,604.15,,1,0.0,black
polymer_6858,[*]c1ccc2c(c1)C(=O)N(c1ccc(S(=O)(=O)c3ccc(S(=O)(=O)c4ccc(S(=O)(=O)c5ccc(N6C(=O)c7ccc(C([*])(C(F)(F)F)C(F)(F)F)cc7C6=O)cc5)cc4)cc3)cc1)C2=O,327.0,,GREA,600.15,,1,0.0,black
polymer_6859,[*]c1ccc2c(c1)C(=O)N(c1ccc(Sc3ccc(N4C(=O)c5ccc(C([*])(C(F)(F)F)C(F)(F)F)cc5C4=O)cc3)cc1)C2=O,301.0,,GREA,574.15,,1,0.0,black
polymer_6860,[*]c1ccc2c(c1)C(=O)N(c1ccc(Sc3ccc(Oc4ccc(Sc5ccc(N6C(=O)c7ccc(C([*])(C(F)(F)F)C(F)(F)F)cc7C6=O)cc5)cc4)cc3)cc1)C2=O,242.0,,GREA,515.15,,1,0.0,black
polymer_6861,[*]c1ccc2c(c1)C(=O)N(c1ccc(Sc3ccc(Sc4ccc(N5C(=O)c6ccc(C([*])(C(F)(F)F)C(F)(F)F)cc6C5=O)cc4)cc3)cc1)C2=O,257.0,,GREA,530.15,,1,0.0,black
polymer_6862,[*]c1ccc2c(c1)C(=O)N(c1ccc(Sc3ccc(Sc4ccc(Sc5ccc(N6C(=O)c7ccc(C([*])(C(F)(F)F)C(F)(F)F)cc7C6=O)cc5)cc4)cc3)cc1)C2=O,233.0,,GREA,506.15,,1,0.0,black
polymer_6863,[*]c1ccc2c(c1)C(=O)N(c1ccc(Sc3ccc(Sc4ccc(Sc5ccc(N6C(=O)c7ccc([*])cc7C6=O)cc5)cc4)cc3)cc1)C2=O,227.10000000000002,,GREA,500.25,,1,0.0,black
polymer_6864,[*]c1ccc2c(c1)C(=O)N(c1ccc(Sc3ccc(Sc4ccc(Sc5ccc(N6C(=O)c7cccc([*])c7C6=O)cc5)cc4)cc3)cc1)C2=O,226.70000000000005,,GREA,499.85,,1,0.0,black
polymer_6865,[*]c1ccc2c(c1)C(=O)N(c1ccc(Sc3ccc(Sc4ccc(Sc5ccc(Sc6ccc(N7C(=O)c8ccc(C([*])(C(F)(F)F)C(F)(F)F)cc8C7=O)cc6)cc5)cc4)cc3)cc1)C2=O,216.0,,GREA,489.15,,1,0.0,black
polymer_6866,[*]c1ccc2c(c1)C(=O)N(c1ccc3c(c1)-c1cc(N4C(=O)c5ccc(C([*])(C(F)(F)F)C(F)(F)F)cc5C4=O)ccc1C3)C2=O,394.0,,GREA,667.15,,1,0.0,black
polymer_6867,[*]c1ccc2c(c1)C(=O)N(c1ccc3c(c1)Cc1cc(N4C(=O)c5ccc(C([*])(C(F)(F)F)C(F)(F)F)cc5C4=O)ccc1-3)C2=O,394.0,,GREA,667.15,,1,0.0,black
polymer_6868,[*]c1ccc2c(c1)C(=O)N(c1cccc(-n3c(=O)c4cc5c(=O)n(-c6cccc(N7C(=O)c8ccc(C([*])(C(F)(F)F)C(F)(F)F)cc8C7=O)c6)c(=O)c5cc4c3=O)c1)C2=O,338.0,,GREA,611.15,,1,0.0,black
polymer_6869,[*]c1ccc2c(c1)C(=O)N(c1cccc(C(F)(F)C(F)(F)C(F)(F)C(F)(F)C(F)(F)c3cccc(N4C(=O)c5ccc(C(F)(F)C(F)(F)C(F)(F)C(F)(F)C(F)(F)C(F)(F)C([*])(F)F)cc5C4=O)c3)c1)C2=O,108.5,,GREA,381.65,,1,0.0,black
polymer_6870,[*]c1ccc2c(c1)C(=O)N(c1cccc(C(F)(F)C(F)(F)C(F)(F)C(F)(F)C(F)(F)c3cccc(N4C(=O)c5ccc(C(F)(F)C(F)(F)C(F)(F)C([*])(F)F)cc5C4=O)c3)c1)C2=O,144.0,,GREA,417.15,,1,0.0,black
polymer_6871,[*]c1ccc2c(c1)C(=O)N(c1cccc(C(F)(F)C(F)(F)C(F)(F)C(F)(F)C(F)(F)c3cccc(N4C(=O)c5ccc(C(F)(F)C(F)(F)C([*])(F)F)cc5C4=O)c3)c1)C2=O,111.0,,GREA,384.15,,1,0.0,black
polymer_6872,[*]c1ccc2c(c1)C(=O)N(c1cccc(C(F)(F)C(F)(F)C(F)(F)c3cccc(N4C(=O)c5ccc(C(F)(F)C(F)(F)C(F)(F)C(F)(F)C(F)(F)C(F)(F)C([*])(F)F)cc5C4=O)c3)c1)C2=O,133.5,,GREA,406.65,,1,0.0,black
polymer_6873,[*]c1ccc2c(c1)C(=O)N(c1cccc(C(F)(F)C(F)(F)C(F)(F)c3cccc(N4C(=O)c5ccc(C(F)(F)C(F)(F)C(F)(F)C([*])(F)F)cc5C4=O)c3)c1)C2=O,159.0,,GREA,432.15,,1,0.0,black
polymer_6874,[*]c1ccc2c(c1)C(=O)N(c1cccc(C(F)(F)C(F)(F)C(F)(F)c3cccc(N4C(=O)c5ccc(C(F)(F)C(F)(F)C([*])(F)F)cc5C4=O)c3)c1)C2=O,157.0,,GREA,430.15,,1,0.0,black
polymer_6875,[*]c1ccc2c(c1)C(=O)N(c1cccc(C(O)c3cccc(N4C(=O)c5ccc(C([*])(C(F)(F)F)C(F)(F)F)cc5C4=O)c3)c1)C2=O,262.0,,GREA,535.15,,1,0.0,black
polymer_6876,[*]c1ccc2c(c1)C(=O)N(c1cccc(C(c3cccc(N4C(=O)c5ccc(C([*])(C(F)(F)F)C(F)(F)F)cc5C4=O)c3)(C(F)(F)F)C(F)(F)F)c1)C2=O,263.0,,GREA,536.15,,1,0.0,black
polymer_6877,[*]c1ccc2c(c1)C(=O)N(c1cccc(C(c3cccc(N4C(=O)c5ccc([*])cc5C4=O)c3)(C(F)(F)F)C(F)(F)F)c1)C2=O,267.0,,GREA,540.15,,1,0.0,black
polymer_6878,[*]c1ccc2c(c1)C(=O)N(c1cccc(C(c3ccccc3)(c3cccc(N4C(=O)c5ccc(C([*])(C(F)(F)F)C(F)(F)F)cc5C4=O)c3)C(F)(F)F)c1)C2=O,305.0,,GREA,578.15,,1,0.0,black
polymer_6879,[*]c1ccc2c(c1)C(=O)N(c1cccc(CCCOc3cccc(N4C(=O)c5cccc([*])c5C4=O)c3)c1)C2=O,178.0,,GREA,451.15,,1,0.0,black
polymer_6880,[*]c1ccc2c(c1)C(=O)N(c1cccc(Cc3cccc(N4C(=O)c5ccc([Si]([*])(C)C)cc5C4=O)c3)c1)C2=O,238.0,,GREA,511.15,,1,0.0,black
polymer_6881,[*]c1ccc2c(c1)C(=O)N(c1cccc(N3C(=O)c4ccc(-c5ccc6c(c5)C(=O)N(c5cccc(N7C(=O)c8ccc(C([*])(C(F)(F)F)C(F)(F)F)cc8C7=O)c5)C6=O)cc4C3=O)c1)C2=O,308.0,,GREA,581.15,,1,0.0,black
polymer_6882,[*]c1ccc2c(c1)C(=O)N(c1cccc(N3C(=O)c4ccc(P([*])(=O)c5ccccc5)cc4C3=O)c1)C2=O,323.0,,GREA,596.15,,1,0.0,black
polymer_6883,[*]c1ccc2c(c1)C(=O)N(c1cccc(N3C(=O)c4cccc([*])c4C3=O)c1)C2=O,341.0,,GREA,614.15,,1,0.0,black
polymer_6884,[*]c1ccc2c(c1)C(=O)N(c1cccc(NC(=O)C(F)(F)C(F)(F)C(F)(F)C(F)(F)C(=O)Nc3cccc(N4C(=O)c5ccc(C([*])(C(F)(F)F)C(F)(F)F)cc5C4=O)c3)c1)C2=O,232.0,,GREA,505.15,,1,0.0,black
polymer_6885,[*]c1ccc2c(c1)C(=O)N(c1cccc(NC(=O)C(F)(F)C(F)(F)C(F)(F)C(F)(F)C(F)(F)C(F)(F)C(=O)Nc3cccc(N4C(=O)c5ccc(C([*])(C(F)(F)F)C(F)(F)F)cc5C4=O)c3)c1)C2=O,218.0,,GREA,491.15,,1,0.0,black
polymer_6886,[*]c1ccc2c(c1)C(=O)N(c1cccc(OCCCCCCCCCCCCOc3cccc(N4C(=O)c5ccc([*])cc5C4=O)c3)c1)C2=O,116.0,,GREA,389.15,,1,0.0,black
polymer_6887,[*]c1ccc2c(c1)C(=O)N(c1cccc(OCCCCCCCCCCCCOc3cccc(N4C(=O)c5cccc([*])c5C4=O)c3)c1)C2=O,116.0,,GREA,389.15,,1,0.0,black
polymer_6888,[*]c1ccc2c(c1)C(=O)N(c1cccc(OCCCCCCCCCCOc3cccc(N4C(=O)c5ccc([*])cc5C4=O)c3)c1)C2=O,125.0,,GREA,398.15,,1,0.0,black
polymer_6889,[*]c1ccc2c(c1)C(=O)N(c1cccc(OCCCCCCCCCCOc3cccc(N4C(=O)c5cccc([*])c5C4=O)c3)c1)C2=O,127.0,,GREA,400.15,,1,0.0,black
polymer_6890,[*]c1ccc2c(c1)C(=O)N(c1cccc(OCCCCCCCCCOc3cccc(N4C(=O)c5ccc([*])cc5C4=O)c3)c1)C2=O,132.0,,GREA,405.15,,1,0.0,black
polymer_6891,[*]c1ccc2c(c1)C(=O)N(c1cccc(OCCCCCCCCCOc3cccc(N4C(=O)c5cccc([*])c5C4=O)c3)c1)C2=O,134.0,,GREA,407.15,,1,0.0,black
polymer_6892,[*]c1ccc2c(c1)C(=O)N(c1cccc(OCCCCCCCCOc3cccc(N4C(=O)c5ccc([*])cc5C4=O)c3)c1)C2=O,138.0,,GREA,411.15,,1,0.0,black
polymer_6893,[*]c1ccc2c(c1)C(=O)N(c1cccc(OCCCCCCCCOc3cccc(N4C(=O)c5cccc([*])c5C4=O)c3)c1)C2=O,142.0,,GREA,415.15,,1,0.0,black
polymer_6894,[*]c1ccc2c(c1)C(=O)N(c1cccc(OCCCCCCOc3cccc(N4C(=O)c5ccc([*])cc5C4=O)c3)c1)C2=O,153.0,,GREA,426.15,,1,0.0,black
polymer_6895,[*]c1ccc2c(c1)C(=O)N(c1cccc(OCCCCCCOc3cccc(N4C(=O)c5cccc([*])c5C4=O)c3)c1)C2=O,157.0,,GREA,430.15,,1,0.0,black
polymer_6896,[*]c1ccc2c(c1)C(=O)N(c1cccc(OCCCCCOc3cccc(N4C(=O)c5ccc([*])cc5C4=O)c3)c1)C2=O,165.0,,GREA,438.15,,1,0.0,black
polymer_6897,[*]c1ccc2c(c1)C(=O)N(c1cccc(OCCCCCOc3cccc(N4C(=O)c5cccc([*])c5C4=O)c3)c1)C2=O,168.0,,GREA,441.15,,1,0.0,black
polymer_6898,[*]c1ccc2c(c1)C(=O)N(c1cccc(OCCCCOc3cccc(N4C(=O)c5ccc([*])cc5C4=O)c3)c1)C2=O,175.0,,GREA,448.15,,1,0.0,black
polymer_6899,[*]c1ccc2c(c1)C(=O)N(c1cccc(OCCCCOc3cccc(N4C(=O)c5cccc([*])c5C4=O)c3)c1)C2=O,178.0,,GREA,451.15,,1,0.0,black
polymer_6900,[*]c1ccc2c(c1)C(=O)N(c1cccc(OCCCOc3cccc(N4C(=O)c5ccc([*])cc5C4=O)c3)c1)C2=O,184.0,,GREA,457.15,,1,0.0,black
polymer_6901,[*]c1ccc2c(c1)C(=O)N(c1cccc(Oc3cc(Oc4cccc(N5C(=O)c6ccc(C([*])(C(F)(F)F)C(F)(F)F)cc6C5=O)c4)ccc3P(=O)(c3ccccc3)c3ccccc3)c1)C2=O,230.0,,GREA,503.15,,1,0.0,black
polymer_6902,[*]c1ccc2c(c1)C(=O)N(c1cccc(Oc3ccc(C(c4ccc(Oc5cccc(N6C(=O)c7ccc(C([*])(C(F)(F)F)C(F)(F)F)cc7C6=O)c5)cc4)(C(F)(F)F)C(F)(F)F)cc3)c1)C2=O,224.0,,GREA,497.15,,1,0.0,black
polymer_6903,[*]c1ccc2c(c1)C(=O)N(c1cccc(Oc3ccc(N4C(=O)c5cccc([*])c5C4=O)cc3)c1)C2=O,286.0,,GREA,559.15,,1,0.0,black
polymer_6904,[*]c1ccc2c(c1)C(=O)N(c1cccc(Oc3ccc(Oc4cccc(N5C(=O)c6ccc(C([*])(C(F)(F)F)C(F)(F)F)cc6C5=O)c4)cc3)c1)C2=O,230.0,,GREA,503.15,,1,0.0,black
polymer_6905,[*]c1ccc2c(c1)C(=O)N(c1cccc(Oc3ccc(P(=O)(c4ccccc4)c4ccc(Oc5cccc(N6C(=O)c7ccc(C([*])(C(F)(F)F)C(F)(F)F)cc7C6=O)c5)cc4)cc3)c1)C2=O,243.0,,GREA,516.15,,1,0.0,black
polymer_6906,[*]c1ccc2c(c1)C(=O)N(c1cccc(Oc3ccc(P(=O)(c4ccccc4)c4ccccc4)c(Oc4cccc(N5C(=O)c6ccc([*])cc6C5=O)c4)c3)c1)C2=O,234.0,,GREA,507.15,,1,0.0,black
polymer_6907,[*]c1ccc2c(c1)C(=O)N(c1cccc(Oc3ccc(S(=O)(=O)c4ccc(Oc5cccc(N6C(=O)c7ccc(C([*])(C(F)(F)F)C(F)(F)F)cc7C6=O)c5)cc4)cc3)c1)C2=O,209.5,,GREA,482.65,,1,0.0,black
polymer_6908,[*]c1ccc2c(c1)C(=O)N(c1cccc(Oc3cccc(N4C(=O)c5ccc(C(F)(F)C(F)(F)C([*])(F)F)cc5C4=O)c3)c1)C2=O,312.0,,GREA,585.15,,1,0.0,black
polymer_6909,[*]c1ccc2c(c1)C(=O)N(c1cccc(Oc3cccc(N4C(=O)c5ccc(C([*])(C(F)(F)F)C(F)(F)F)cc5C4=O)c3)c1)C2=O,244.0,,GREA,517.15,,1,0.0,black
polymer_6910,[*]c1ccc2c(c1)C(=O)N(c1cccc(Oc3cccc(Oc4cccc(N5C(=O)c6cccc([*])c6C5=O)c4)c3)c1)C2=O,213.0,,GREA,486.15,,1,0.0,black
polymer_6911,[*]c1ccc2c(c1)C(=O)N(c1cccc(P(=O)(c3ccc(C(F)(F)F)cc3)c3cccc(N4C(=O)c5ccc(C([*])(C(F)(F)F)C(F)(F)F)cc5C4=O)c3)c1)C2=O,260.0,,GREA,533.15,,1,0.0,black
polymer_6912,[*]c1ccc2c(c1)C(=O)N(c1cccc(P(=O)(c3ccc(Oc4ccc(C56CC7CC(CC(C7)C5)C6)cc4)cc3)c3cccc(N4C(=O)c5ccc(C([*])(C(F)(F)F)C(F)(F)F)cc5C4=O)c3)c1)C2=O,298.0,,GREA,571.15,,1,0.0,black
polymer_6913,[*]c1ccc2c(c1)C(=O)N(c1cccc(P(=O)(c3cccc(N4C(=O)c5ccc(C([*])(C(F)(F)F)C(F)(F)F)cc5C4=O)c3)c3cc(C(F)(F)F)cc(C(F)(F)F)c3)c1)C2=O,247.0,,GREA,520.15,,1,0.0,black
polymer_6914,[*]c1ccc2c(c1)C(=O)N(c1cccc(P(=O)(c3ccccc3)c3cccc(N4C(=O)c5ccc(C([*])(C(F)(F)F)C(F)(F)F)cc5C4=O)c3)c1)C2=O,271.0,,GREA,544.15,,1,0.0,black
polymer_6915,[*]c1ccc2c(c1)C(=O)N(c1cccc(S(=O)(=O)c3cccc(N4C(=O)c5ccc([*])cc5C4=O)c3)c1)C2=O,260.0,,Qiu,533.15,,1,0.0,black
polymer_6916,[*]c1ccc2c(c1)C(=O)N(c1cccc3c(N4C(=O)c5ccc(C([*])(C(F)(F)F)C(F)(F)F)cc5C4=O)cccc13)C2=O,390.0,,GREA,663.15,,1,0.0,black
polymer_6917,[*]c1ccc2c(c1)C(CCCCCC)(CCCCCC)c1cc(-c3cc(CCCCCC)c([*])cc3CCCCCC)ccc1-2,78.80000000000001,,GREA,351.95,,1,0.0,black
polymer_6918,[*]c1ccc2c(c1)C(CCCCCC)(CCCCCC)c1cc(-c3cc(CCCCCCCC)c([*])cc3CCCCCCCC)ccc1-2,74.5,,GREA,347.65,,1,0.0,black
polymer_6919,[*]c1ccc2c(c1)C(CCCCCC)(CCCCCC)c1cc(-c3cc(OCCCCCCCC)c([*])cc3OCCCCCCCC)ccc1-2,58.0,,GREA,331.15,,1,0.0,black
polymer_6920,[*]c1ccc2c(c1)C(CCCCCC)(CCCCCC)c1cc(-c3cc(OCc4ccccc4)c([*])cc3OCc3ccccc3)ccc1-2,73.0,,GREA,346.15,,1,0.0,black
polymer_6921,[*]c1ccc2c(c1)C(CCCCCC)(CCCCCC)c1cc(-c3ccc4c(c3)C(CC3=NC(Cc5ccccc5)CO3)(CC3=NC(Cc5ccccc5)CO3)c3cc([*])ccc3-4)ccc1-2,114.0,,GREA,387.15,,1,0.0,black
polymer_6922,[*]c1ccc2c(c1)C(CCCCCC)(CCCCCC)c1cc(-c3ccc4c(c3)c3cc([*])ccc3n4-c3ccc(C)cc3)ccc1-2,155.0,,GREA,428.15,,1,0.0,black
polymer_6923,[*]c1ccc2c(c1)C(CCCCCC)(CCCCCC)c1cc(-c3ccc4c(c3)c3cc([*])ccc3n4-c3ccc(OC)cc3)ccc1-2,174.0,,GREA,447.15,,1,0.0,black
polymer_6924,[*]c1ccc2c(c1)C(CCCCCC)(CCCCCC)c1cc(-c3ccc4c(c3)c3cc([*])ccc3n4-c3ccccc3)ccc1-2,170.0,,GREA,443.15,,1,0.0,black
polymer_6925,[*]c1ccc2c(c1)C(CCCCCCCC)(CCCCCCCC)c1cc(-c3c(F)c(F)c([*])c(F)c3F)ccc1-2,29.0,,GREA,302.15,,1,0.0,black
polymer_6926,[*]c1ccc2c(c1)C(CCCCCCCC)(CCCCCCCC)c1cc(-c3cc(F)c([*])cc3F)ccc1-2,34.0,,GREA,307.15,,1,0.0,black
polymer_6927,[*]c1ccc2c(c1)C(CCCCCCCC)(CCCCCCCC)c1cc(-c3ccc(-c4c(-c5ccccc5)c(-c5ccccc5)c(-c5ccc([*])s5)c5nc(-c6ccccc6)c(-c6ccccc6)nc45)s3)ccc1-2,192.0,,Xie,465.15,,1,0.0,black
polymer_6928,[*]c1ccc2c(c1)C(CCCCCCCC)(CCCCCCCC)c1cc(-c3ccc(-c4ccc(-c5ccc([*])s5)c5cc(-c6ccccc6)c(-c6ccccc6)nc45)s3)ccc1-2,142.0,,Xie,415.15,,1,0.0,black
polymer_6929,[*]c1ccc2c(c1)C(CCCCCCCC)(CCCCCCCC)c1cc(-c3ccc(-c4ccc(-c5ccc([*])s5)c5nsnc45)s3)ccc1-2,126.0,,Xie,399.15,,1,0.0,black
polymer_6930,[*]c1ccc2c(c1)C(CCCCCCCC)(CCCCCCCC)c1cc(-c3ccc(-c4ccc(-c5ccc([*])s5)cn4)s3)ccc1-2,127.5,,GREA,400.65,,1,0.0,black
polymer_6931,[*]c1ccc2c(c1)C(CCCCCCCC)(CCCCCCCC)c1cc(-c3ccc(-c4ccc([*])s4)s3)ccc1-2,102.0,,Xie,375.15,,1,0.0,black
polymer_6932,[*]c1ccc2c(c1)C(CCCCCCCC)(CCCCCCCC)c1cc(-c3ccc4c(c3)C(c3ccc(-c5nnc(-c6ccc(C(C)(C)C)cc6)o5)cc3)(c3ccc(-c5nnc(-c6ccc(C(C)(C)C)cc6)o5)cc3)c3cc([*])ccc3-4)ccc1-2,213.0,,GREA,486.15,,1,0.0,black
polymer_6933,[*]c1ccc2c(c1)C(CCCCCCCC)(CCCCCCCC)c1cc(-c3sc(-c4ccc(-c5cc(CCCCCC)c([*])s5)c5nsnc45)cc3CCCCCC)ccc1-2,79.0,,Xie,352.15,,1,0.0,black
polymer_6934,[*]c1ccc2c(c1)C(CCCCCCCCCCCC)(CCCCCCCCCCCC)c1cc([*])ccc1-2,16.0,,Xie,289.15,,1,0.0,black
polymer_6935,[*]c1ccc2c(c1)C([*])(C)CC2(C)C,215.5,,GREA,488.65,,1,0.0,black
polymer_6936,[*]c1ccc2c(c1)Cc1cc(-n3c(=O)c4cc5c(=O)n([*])c(=O)c5cc4c3=O)ccc1-2,322.0,,GREA,595.15,,1,0.0,black
polymer_6937,[*]c1ccc2c(c1)Sc1cc(-c3ccc(-c4ccc([*])s4)s3)ccc1N2CCCCCC,140.0,,GREA,413.15,,1,0.0,black
polymer_6938,[*]c1ccc2c(c1)Sc1cc(-c3ccc(-c4ccc([*])s4)s3)ccc1N2CCCCCCCCCC,142.0,,GREA,415.15,,1,0.0,black
polymer_6939,[*]c1ccc2c(c1)Sc1cc(-c3ccc(-c4ccc([*])s4)s3)ccc1N2CCCCCCCCCCCC,150.0,,GREA,423.15,,1,0.0,black
polymer_6940,[*]c1ccc2c(c1)Sc1cc(-c3sc4cc([*])sc4c3CCCCC)ccc1N2CCCCCC,126.0,,GREA,399.15,,1,0.0,black
polymer_6941,[*]c1ccc2c(c1)Sc1cc(-c3sc4cc([*])sc4c3CCCCC)ccc1N2CCCCCCCCCC,131.0,,GREA,404.15,,1,0.0,black
polymer_6942,[*]c1ccc2c(c1)Sc1cc(-c3sc4cc([*])sc4c3CCCCC)ccc1N2CCCCCCCCCCCC,136.0,,GREA,409.15,,1,0.0,black
polymer_6943,[*]c1ccc2c3c(cccc13)C(=O)N(CCCCCCCCCCCCN1C(=O)c3ccc4c5ccc6c7c(ccc(c8ccc(c3c48)C1=O)c75)C(=O)N(CCCCCCCCCCCCN1C(=O)c3cccc4c([*])ccc(c34)C1=O)C6=O)C2=O,210.0,,GREA,483.15,,1,0.0,black
polymer_6944,[*]c1ccc2c3ccc(-c4ccc(-c5ccc(-c6ccc([*])s6)c6nccnc56)s4)cc3n(C(CCCCCCCC)CCCCCCCC)c2c1,116.0,,GREA,389.15,,1,0.0,black
polymer_6945,[*]c1ccc2c3ccc(-c4sc(-c5ccc(-c6cc(CCCCCC)c([*])s6)c6nsnc56)cc4CCCCCC)cc3n(C(CCCCCCCC)CCCCCCCC)c2c1,74.0,,Xie,347.15,,1,0.0,black
polymer_6946,[*]c1ccc2c3ccc(-c4sc(-c5sc(-c6cc(CCCCCC)c([*])s6)c6nc(CC)c(CC)nc56)cc4CCCCCC)cc3n(CCCCCCCCCCCC)c2c1,89.0,,GREA,362.15,,1,0.0,black
polymer_6947,[*]c1ccc2cc(-c3nc4ccc(-c5ccc6nc([*])[nH]c6c5)cc4[nH]3)ccc2c1,403.0,,GREA,676.15,,1,0.0,black
polymer_6948,[*]c1ccc2cc3cc(-c4sc(-c5cc(CCCCCCCCCCCC)c([*])s5)cc4CCCCCCCCCCCC)ccc3cc2c1,158.0,,GREA,431.15,,1,0.0,black
polymer_6949,[*]c1ccc2nc(-c3ccc(-c4ccc(-c5cc(-c6ccc(-c7ccc(Oc8ccccc8)cc7)cc6)c6cc([*])ccc6n5)cc4)cc3)cc(-c3ccc(-c4ccc(Oc5ccccc5)cc4)cc3)c2c1,374.0,,GREA,647.15,,1,0.0,black
polymer_6950,[*]c1ccc2nc(-c3ccc(-c4ccc(-c5cc(-c6ccc(Oc7ccc(-c8ccccc8)cc7)cc6)c6cc([*])ccc6n5)cc4)cc3)cc(-c3ccc(Oc4ccc(-c5ccccc5)cc4)cc3)c2c1,364.0,,GREA,637.15,,1,0.0,black
polymer_6951,[*]c1ccc2nc(-c3ccc(-c4ccc(-c5cc(-c6ccc(Oc7ccc(Oc8ccccc8)cc7)cc6)c6cc([*])ccc6n5)cc4)cc3)cc(-c3ccc(Oc4ccc(Oc5ccccc5)cc4)cc3)c2c1,355.0,,GREA,628.15,,1,0.0,black
polymer_6952,[*]c1ccc2nc(-c3ccc(-c4ccc(-c5cc(-c6ccccc6)c6cc(C7([*])c8ccccc8C(=O)c8ccccc87)ccc6n5)cc4)cc3)cc(-c3ccccc3)c2c1,350.0,,GREA,623.15,,1,0.0,black
polymer_6953,[*]c1ccc2nc(-c3ccc(-c4ccc(-c5nc6ccc([*])cc6nc5-c5ccccc5)cc4)cc3)c(-c3ccccc3)nc2c1,404.0,,GREA,677.15,,1,0.0,black
polymer_6954,[*]c1ccc2nc(-c3ccc(-c4cnc5cc(S([*])(=O)=O)ccc5n4)cc3)cnc2c1,342.0,,GREA,615.15,,1,0.0,black
polymer_6955,[*]c1ccc2nc(-c3ccc(-c4nc5cc(S([*])(=O)=O)ccc5nc4-c4ccccc4)cc3)c(-c3ccccc3)nc2c1,277.5,,GREA,550.65,,1,0.0,black
polymer_6956,[*]c1ccc2nc(-c3ccc(-c4nc5cc([*])ccc5nc4-c4ccccc4)cc3)c(-c3ccccc3)nc2c1,391.5,,GREA,664.65,,1,0.0,black
polymer_6957,[*]c1ccc2nc(-c3ccc(-c4nc5ccc(S([*])(=O)=O)cc5nc4-c4ccccc4)cc3)c(-c3ccccc3)nc2c1,345.0,,GREA,618.15,,1,0.0,black
polymer_6958,[*]c1ccc2nc(-c3ccc(-c4nc5ccc([*])cc5nc4-c4ccccc4)cc3)c(-c3ccccc3)nc2c1,354.5,,GREA,627.65,,1,0.0,black
polymer_6959,[*]c1ccc2nc(-c3ccc(C4(c5ccc(-c6cc(-c7ccccc7)c7cc(C8([*])c9ccccc9C(=O)c9ccccc98)ccc7n6)cc5)c5ccccc5-c5ccccc54)cc3)cc(-c3ccccc3)c2c1,405.0,,GREA,678.15,,1,0.0,black
polymer_6960,[*]c1ccc2nc(-c3ccc(OCCCCOc4ccc(-c5nc6ccc([*])cc6nc5-c5ccccc5)cc4)cc3)c(-c3ccccc3)nc2c1,240.0,,GREA,513.15,,1,0.0,black
polymer_6961,[*]c1ccc2nc(-c3ccc(Oc4ccc(-c5cc(-c6ccccc6)c6cc(C7([*])c8ccccc8C(=O)c8ccccc87)ccc6n5)cc4)cc3)cc(-c3ccccc3)c2c1,320.0,,GREA,593.15,,1,0.0,black
polymer_6962,[*]c1ccc2nc(-c3ccc(Oc4ccc(-c5nc6cc([*])ccc6nc5-c5ccccc5)cc4)cc3)c(-c3ccccc3)nc2c1,292.5,,GREA,565.65,,1,0.0,black
polymer_6963,[*]c1ccc2nc(-c3ccc(Oc4ccc(-c5nc6ccc([*])cc6nc5-c5ccccc5)cc4)cc3)c(-c3ccccc3)nc2c1,306.0,,GREA,579.15,,1,0.0,black
polymer_6964,[*]c1ccc2nc(-c3ccc(Oc4ccc(Oc5ccc(Oc6ccc(-c7nc8ccc([*])cc8nc7-c7ccccc7)cc6)cc5)cc4)cc3)c(-c3ccccc3)nc2c1,263.0,,GREA,536.15,,1,0.0,black
polymer_6965,[*]c1ccc2nc(-c3ccc(Sc4ccc(-c5nc6ccc([*])cc6nc5-c5ccccc5)cc4)cc3)c(-c3ccccc3)nc2c1,288.0,,GREA,561.15,,1,0.0,black
polymer_6966,[*]c1ccc2nc(-c3ccc4ccccc4c3)c(-c3ccc(-c4nc5ccc([*])cc5nc4-c4ccc5ccccc5c4)cc3)nc2c1,333.0,,GREA,606.15,,1,0.0,black
polymer_6967,[*]c1ccc2nc(-c3ccc4ccccc4c3)c(-c3cccc(-c4nc5ccc([*])cc5nc4-c4ccc5ccccc5c4)c3)nc2c1,317.0,,GREA,590.15,,1,0.0,black
polymer_6968,[*]c1ccc2nc(-c3cccc(-c4nc5cc([*])ccc5nc4-c4ccccc4)c3)c(-c3ccccc3)nc2c1,319.0,,GREA,592.15,,1,0.0,black
polymer_6969,[*]c1ccc2nc(-c3ccccc3)c(-c3ccc(-c4ccc(-c5c(-c6ccccc6)nc6ccc([*])cc6c5-c5ccccc5)cc4)cc3)c(-c3ccccc3)c2c1,405.0,,GREA,678.15,,1,0.0,black
polymer_6970,[*]c1ccc2nc(-c3ccccc3)c(-c3ccc(-c4nc5cc(S([*])(=O)=O)ccc5nc4-c4ccccc4)cc3)nc2c1,345.0,,GREA,618.15,,1,0.0,black
polymer_6971,[*]c1ccc2nc(-c3ccccc3)c(-c3ccc(Oc4ccc(-c5c(-c6ccccc6)nc6ccc([*])cc6c5-c5ccccc5)cc4)cc3)c(-c3ccccc3)c2c1,307.5,,GREA,580.65,,1,0.0,black
polymer_6972,[*]c1ccc2nc(-c3ccccc3)c(-c3ccc(Oc4ccc(-c5nc6cc(S([*])(=O)=O)ccc6nc5-c5ccccc5)cc4)cc3)nc2c1,290.0,,GREA,563.15,,1,0.0,black
polymer_6973,[*]c1ccc2nc(-c3ccccc3)c(-c3ccc(Oc4ccc(-c5nc6cc([*])ccc6nc5-c5ccccc5)cc4)cc3)nc2c1,300.0,,GREA,573.15,,1,0.0,black
polymer_6974,[*]c1ccc2nc(-c3ccccc3)c(-c3ccc(Sc4ccc(-c5nc6cc([*])ccc6nc5-c5ccccc5)cc4)cc3)nc2c1,288.0,,GREA,561.15,,1,0.0,black
polymer_6975,[*]c1ccc2nc(-c3ccccc3)c(-c3cccc(-c4nc5cc([*])ccc5nc4-c4ccccc4)c3)nc2c1,320.0,,GREA,593.15,,1,0.0,black
polymer_6976,[*]c1ccc2nc(CCCCCCCCCCCCc3nc4ccc([*])cc4o3)oc2c1,55.0,,GREA,328.15,,1,0.0,black
polymer_6977,[*]c1ccc2nc(CCCCCCCCCCCc3nc4ccc([*])cc4o3)oc2c1,62.0,,GREA,335.15,,1,0.0,black
polymer_6978,[*]c1ccc2nc(CCCCCCCCCCc3nc4ccc([*])cc4o3)oc2c1,64.0,,GREA,337.15,,1,0.0,black
polymer_6979,[*]c1ccc2nc(CCCCCCCCCc3nc4ccc([*])cc4o3)oc2c1,64.0,,GREA,337.15,,1,0.0,black
polymer_6980,[*]c1ccc2nc(CCCCCCCCc3nc4ccc([*])cc4o3)oc2c1,223.5,,GREA,496.65,,1,0.0,black
polymer_6981,[*]c1ccc2nc(CCCCCCCCc3nc4ccc([*])cc4s3)sc2c1,238.0,,GREA,511.15,,1,0.0,black
polymer_6982,[*]c1ccc2nc(CCCCCCCc3nc4ccc([*])cc4o3)oc2c1,85.0,,GREA,358.15,,1,0.0,black
polymer_6983,[*]c1ccc2nc([*])cc(-c3ccccc3)c2c1,415.0,,GREA,688.15,,1,0.0,black
polymer_6984,[*]c1ccc2ncc(-c3ccc(-c4cnc5ccc(S([*])(=O)=O)cc5n4)cc3)nc2c1,342.0,,GREA,615.15,,1,0.0,black
polymer_6985,[*]c1ccc2oc(-c3ccc(-c4nc5cc(C([*])(C(F)(F)F)C(F)(F)F)ccc5o4)cc3)nc2c1,371.5,,GREA,644.65,,1,0.0,black
polymer_6986,[*]c1ccc2oc(-c3ccc(-c4nc5cc(C([*])(C(F)(F)F)C(F)(F)F)ccc5o4)nc3)nc2c1,352.0,,GREA,625.15,,1,0.0,black
polymer_6987,[*]c1ccc2oc(-c3ccc(-c4nc5cc(C([*])(c6ccccc6)C(F)(F)F)ccc5o4)cc3)nc2c1,369.0,,GREA,642.15,,1,0.0,black
polymer_6988,[*]c1ccc2oc(-c3ccc(C(c4ccc(-c5nc6cc(C([*])(c7ccccc7)C(F)(F)F)ccc6o5)cc4)(C(F)(F)F)C(F)(F)F)cc3)nc2c1,334.0,,GREA,607.15,,1,0.0,black
polymer_6989,[*]c1ccc2oc(-c3ccc(Oc4ccc(-c5nc6cc(C([*])(C(F)(F)F)C(F)(F)F)ccc6o5)cc4)cc3)nc2c1,303.0,,GREA,576.15,,1,0.0,black
polymer_6990,[*]c1ccc2oc(-c3ccc(Oc4ccc(-c5nc6cc(C([*])(c7ccccc7)C(F)(F)F)ccc6o5)cc4)cc3)nc2c1,299.0,,GREA,572.15,,1,0.0,black
polymer_6991,[*]c1ccc2oc(-c3ccc4oc5ccc(-c6nc7cc(C([*])(C(F)(F)F)C(F)(F)F)ccc7o6)cc5c4c3)nc2c1,195.0,,GREA,468.15,,1,0.0,black
polymer_6992,[*]c1ccc2oc(-c3cccc(-c4nc5cc(C([*])(C(F)(F)F)C(F)(F)F)ccc5o4)c3)nc2c1,301.0,,GREA,574.15,,1,0.0,black
polymer_6993,[*]c1ccc2oc(-c3cccc(-c4nc5cc(C([*])(C(F)(F)F)C(F)(F)F)ccc5o4)n3)nc2c1,329.0,,GREA,602.15,,1,0.0,black
polymer_6994,[*]c1ccc2oc(-c3cccc(-c4nc5cc(C([*])(c6ccccc6)C(F)(F)F)ccc5o4)c3)nc2c1,301.0,,GREA,574.15,,1,0.0,black
polymer_6995,[*]c1ccc2oc(C3CCC(c4nc5cc(C([*])(C(F)(F)F)C(F)(F)F)ccc5o4)CC3)nc2c1,271.0,,GREA,544.15,,1,0.0,black
polymer_6996,[*]c1ccc2oc(C3CCC(c4nc5cc(S([*])(=O)=O)ccc5o4)CC3)nc2c1,296.0,,GREA,569.15,,1,0.0,black
polymer_6997,[*]c1ccc2oc3ccc(S([*])(=O)=O)cc3c2c1,360.0,,GREA,633.15,,1,0.0,black
polymer_6998,[*]c1cccc(-c2cc(-c3ccc(Oc4ccc(-c5cc([*])nc6ccccc56)cc4)cc3)c3ccccc3n2)c1,268.0,,GREA,541.15,,1,0.0,black
polymer_6999,[*]c1cccc(-c2cc(-c3ccccc3)c3cc(-c4ccc(OCCCCCCCCCCCOc5ccc(-c6ccc7nc([*])cc(-c8ccccc8)c7c6)cc5)cc4)ccc3n2)c1,133.5,,GREA,406.65,,1,0.0,black
polymer_7000,[*]c1cccc(-c2cccc(C(F)(F)C(F)(F)C([*])(F)F)c2)c1,45.0,,GREA,318.15,,1,0.0,black
polymer_7001,[*]c1cccc(-c2ccn(-c3ccc(-n4ccc([*])n4)cc3)n2)c1,75.0,,GREA,348.15,,1,0.0,black
polymer_7002,[*]c1cccc(-c2ccn(CCCCCCn3ccc([*])n3)n2)c1,70.0,,GREA,343.15,,1,0.0,black
polymer_7003,[*]c1cccc(-c2ccnn2-c2ccc(Cc3ccc(-n4nccc4[*])cc3)cc2)c1,212.0,,GREA,485.15,,1,0.0,black
polymer_7004,[*]c1cccc(-c2ccnn2-c2ccc(Oc3ccc(-n4nccc4[*])cc3)cc2)c1,216.0,,GREA,489.15,,1,0.0,black
polymer_7005,[*]c1cccc(-c2nc3cc(-c4ccc5[nH]c([*])nc5c4)ccc3[nH]2)c1,410.0,,GREA,683.15,,1,0.0,black
polymer_7006,[*]c1cccc(-c2nc3cc(-c4ccc5c(c4)nc([*])n5C)ccc3[nH]2)c1,346.65999999999997,,GREA,619.81,,1,0.0,black
polymer_7007,[*]c1cccc(-c2nc3cc4nc(-c5ccccc5)c([*])nc4cc3nc2-c2ccccc2)c1,365.0,,GREA,638.15,,1,0.0,black
polymer_7008,[*]c1cccc(-c2nc3cc4nc([*])c(-c5ccccc5)nc4cc3nc2-c2ccccc2)c1,365.0,,GREA,638.15,,1,0.0,black
polymer_7009,[*]c1cccc(-c2nc3ccc(-c4ccc5nc([*])[nH]c5c4)cc3[nH]2)c1,420.0,,GREA,693.15,,1,0.0,black
polymer_7010,[*]c1cccc(-c2nc3ccc(-c4ccc5nc([*])sc5c4)cc3s2)c1,495.0,,GREA,768.15,,1,0.0,black
polymer_7011,[*]c1cccc(-c2ncc(-c3ccc(Oc4ccc(-c5cnnc([*])n5)cc4)cc3)nn2)n1,223.0,,GREA,496.15,,1,0.0,black
polymer_7012,[*]c1cccc(-c2nnc(-c3ccc(-c4nnc([*])o4)cc3)o2)c1,278.0,,GREA,551.15,,1,0.0,black
polymer_7013,[*]c1cccc(-c2nnc(-c3ccccc3)c(-c3ccc(-c4nc([*])nnc4-c4ccccc4)cc3)n2)n1,260.0,,GREA,533.15,,1,0.0,black
polymer_7014,[*]c1cccc(-c2nnc(-c3ccccc3)c(-c3ccc(Cc4ccc(-c5nc([*])nnc5-c5ccccc5)cc4)cc3)n2)n1,205.0,,GREA,478.15,,1,0.0,black
polymer_7015,[*]c1cccc(-c2nnc(-c3ccccc3)c(-c3ccc(Oc4ccc(-c5nc([*])nnc5-c5ccccc5)cc4)cc3)n2)n1,219.0,,GREA,492.15,,1,0.0,black
polymer_7016,[*]c1cccc(-n2c(=O)c3cc4c(=O)n([*])c(=O)c4cc3c2=O)c1,430.0,,GREA,703.15,,1,0.0,black
polymer_7017,[*]c1cccc(-n2c(=O)c3cc4c(=O)n([*])c(=O)c4cc3c2=O)n1,183.5,,GREA,456.65,,1,0.0,black
polymer_7018,[*]c1cccc(-n2nc(-c3ccccc3)c3ccc(Oc4ccc5c(=O)n([*])nc(-c6ccccc6)c5c4)cc3c2=O)c1C#N,301.0,,GREA,574.15,,1,0.0,black
polymer_7019,[*]c1cccc(C(F)(F)C(F)(F)C([*])(F)F)c1,29.0,,GREA,302.15,,1,0.0,black
polymer_7020,[*]c1cccc(C(c2cccc(-n3c(=O)c4cc5c(=O)n([*])c(=O)c5cc4c3=O)c2)(C(F)(F)F)C(F)(F)F)c1,296.0,,Qiu,569.15,,1,0.0,black
polymer_7021,[*]c1cccc(Cc2ccc(-n3c(=O)c4cc5c(=O)n([*])c(=O)c5cc4c3=O)cc2)c1,339.0,,GREA,612.15,,1,0.0,black
polymer_7022,[*]c1cccc(Cc2cccc(-n3c(=O)c4cc5c(=O)n([*])c(=O)c5cc4c3=O)c2)c1,327.5,,GREA,600.65,,1,0.0,black
polymer_7023,[*]c1cccc(N2C(=O)C(=O)N(CCCCCCN3C(=O)C(=O)N([*])C3=O)C2=O)n1,169.5,,GREA,442.65,,1,0.0,black
polymer_7024,[*]c1cccc(N2C(=O)C(=O)N(c3ccc(Cc4ccc(N5C(=O)C(=O)N([*])C5=O)cc4)cc3)C2=O)n1,237.0,,GREA,510.15,,1,0.0,black
polymer_7025,[*]c1cccc(N2C(=O)c3c(c(-c4ccccc4)c(-c4ccc(-c5c(-c6ccccc6)c6c(c(-c7ccccc7)c5-c5ccccc5)C(=O)N([*])C6=O)cc4)c(-c4ccccc4)c3-c3ccccc3)C2=O)c1,416.0,,GREA,689.15,,1,0.0,black
polymer_7026,[*]c1cccc(N2C(=O)c3c(c(-c4ccccc4)c(-c4ccc(Oc5ccc(-c6c(-c7ccccc7)c7c(c(-c8ccccc8)c6-c6ccccc6)C(=O)N([*])C7=O)cc5)cc4)c(-c4ccccc4)c3-c3ccccc3)C2=O)c1,357.0,,GREA,630.15,,1,0.0,black
polymer_7027,[*]c1cccc(N2C(=O)c3ccc(C(=O)c4ccc5c(c4)C(=O)N(c4cccc(C([*])O[Si](C)(C)O[Si](C)(C)O[Si](C)(C)C)c4)C5=O)cc3C2=O)c1,235.0,,GREA,508.15,,1,0.0,black
polymer_7028,[*]c1cccc(N2C(=O)c3ccc(C(c4ccc5c(c4)C(=O)N([*])C5=O)(C(F)(F)F)C(F)(F)F)cc3C2=O)c1C,353.5,,GREA,626.65,,1,0.0,black
polymer_7029,[*]c1cccc(N2C(=O)c3ccc(NC(=O)OCCOc4ccc(C(c5ccc(OCCOC(=O)Nc6ccc7c(c6)C(=O)N(c6cccc(P([*])(C)=O)c6)C7=O)cc5)(C(F)(F)F)C(F)(F)F)cc4)cc3C2=O)c1,204.0,,GREA,477.15,,1,0.0,black
polymer_7030,[*]c1cccc(N2C(=O)c3ccc(NC(=O)OCCOc4ccc(P(=O)(c5ccccc5)c5ccc(OCCOC(=O)Nc6ccc7c(c6)C(=O)N(c6cccc(P([*])(C)=O)c6)C7=O)cc5)cc4)cc3C2=O)c1,201.0,,GREA,474.15,,1,0.0,black
polymer_7031,[*]c1cccc(N2C(=O)c3ccc(Oc4ccc5c(c4)C(=O)N(c4cccc(C([*])O[Si](C)(C)O[Si](C)(C)O[Si](C)(C)C)c4)C5=O)cc3C2=O)c1,219.0,,GREA,492.15,,1,0.0,black
polymer_7032,[*]c1cccc(OP(=O)(Oc2cccc(-n3c(=O)c4cc5c(=O)n([*])c(=O)c5cc4c3=O)c2)c2ccccc2)c1,191.0,,GREA,464.15,,1,0.0,black
polymer_7033,[*]c1cccc(Oc2cc(Oc3cccc(-n4c(=O)c5cc6c(=O)n([*])c(=O)c6cc5c4=O)c3)ccc2P(=O)(c2ccccc2)c2ccccc2)c1,251.0,,GREA,524.15,,1,0.0,black
polymer_7034,[*]c1cccc(Oc2ccc(-c3ccc(Oc4cccc(-n5c(=O)c6cc7c(=O)n([*])c(=O)c7cc6c5=O)c4)cc3)cc2)c1,251.0,,GREA,524.15,,1,0.0,black
polymer_7035,[*]c1cccc(Oc2ccc(-c3nc4cc5sc(-c6ccc(Oc7cccc(-n8c(=O)c9cc%10c(=O)n([*])c(=O)c%10cc9c8=O)c7)cc6)nc5cc4s3)cc2)c1,400.0,,GREA,673.15,,1,0.0,black
polymer_7036,[*]c1cccc(Oc2ccc(-n3c(=O)c4cc5c(=O)n([*])c(=O)c5cc4c3=O)cc2)c1,397.0,,GREA,670.15,,1,0.0,black
polymer_7037,[*]c1cccc(Oc2ccc(S(=O)(=O)c3ccc(Oc4cccc(-n5c(=O)c6cc7c(=O)n([*])c(=O)c7cc6c5=O)c4)cc3)cc2)c1,223.15000000000003,,GREA,496.3,,1,0.0,black
polymer_7038,[*]c1cccc(Oc2cccc(Oc3cccc(-n4c(=O)c5cc6c(=O)n([*])c(=O)c6cc5c4=O)c3)c2)c1,221.0,,GREA,494.15,,1,0.0,black
polymer_7039,[*]c1cccc(Oc2cccc(Oc3cccc(N4C(=O)C5C6C=CC(C7C(=O)N([*])C(=O)C67)C5C4=O)c3)c2)c1,177.0,,GREA,450.15,,1,0.0,black
polymer_7040,[*]c1cccc(Oc2cccc(Oc3cccc(N4C(=O)c5c(c(-c6ccccc6)c(-c6ccc(-c7c(-c8ccccc8)c8c(c(-c9ccccc9)c7-c7ccccc7)C(=O)N([*])C8=O)cc6)c(-c6ccccc6)c5-c5ccccc5)C4=O)c3)c2)c1,280.0,,GREA,553.15,,1,0.0,black
polymer_7041,[*]c1cccc(Oc2cccc(Oc3cccc(N4C(=O)c5c(c(-c6ccccc6)c(-c6ccc(Oc7ccc(-c8c(-c9ccccc9)c9c(c(-c%10ccccc%10)c8-c8ccccc8)C(=O)N([*])C9=O)cc7)cc6)c(-c6ccccc6)c5-c5ccccc5)C4=O)c3)c2)c1,261.0,,GREA,534.15,,1,0.0,black
polymer_7042,[*]c1cccc(Oc2cccc(Oc3cccc(N4C(=O)c5c(c(-c6ccccc6)c(-c6ccc(Oc7ccc(Oc8ccc(-c9c(-c%10ccccc%10)c%10c(c(-c%11ccccc%11)c9-c9ccccc9)C(=O)N([*])C%10=O)cc8)cc7)cc6)c(-c6ccccc6)c5-c5ccccc5)C4=O)c3)c2)c1,238.0,,GREA,511.15,,1,0.0,black
polymer_7043,[*]c1cccc(P(=O)(c2ccc(C(F)(F)F)cc2)c2cccc(-n3c(=O)c4c(-c5cc(C(F)(F)F)cc(C(F)(F)F)c5)c5c(=O)n([*])c(=O)c5c(-c5cc(C(F)(F)F)cc(C(F)(F)F)c5)c4c3=O)c2)c1,311.0,,GREA,584.15,,1,0.0,black
polymer_7044,[*]c1cccc(P(=O)(c2ccc(C(F)(F)F)cc2)c2cccc(-n3c(=O)c4c(-c5ccc(C(F)(F)F)cc5)c5c(=O)n([*])c(=O)c5c(-c5ccc(C(F)(F)F)cc5)c4c3=O)c2)c1,324.0,,GREA,597.15,,1,0.0,black
polymer_7045,[*]c1cccc(P(=O)(c2ccc(C(F)(F)F)cc2)c2cccc(-n3c(=O)c4c(-c5ccccc5)c5c(=O)n([*])c(=O)c5c(-c5ccccc5)c4c3=O)c2)c1,337.0,,GREA,610.15,,1,0.0,black
polymer_7046,[*]c1cccc(P(=O)(c2ccc(C(F)(F)F)cc2)c2cccc(-n3c(=O)c4cc5c(=O)n([*])c(=O)c5c(-c5cc(C(F)(F)F)cc(C(F)(F)F)c5)c4c3=O)c2)c1,290.0,,GREA,563.15,,1,0.0,black
polymer_7047,[*]c1cccc(P(=O)(c2ccc(C(F)(F)F)cc2)c2cccc(-n3c(=O)c4cc5c(=O)n([*])c(=O)c5c(-c5ccc(C(F)(F)F)cc5)c4c3=O)c2)c1,303.0,,GREA,576.15,,1,0.0,black
polymer_7048,[*]c1cccc(P(=O)(c2ccc(C(F)(F)F)cc2)c2cccc(-n3c(=O)c4cc5c(=O)n([*])c(=O)c5c(-c5ccccc5)c4c3=O)c2)c1,311.0,,GREA,584.15,,1,0.0,black
polymer_7049,[*]c1cccc(P(=O)(c2ccc(C(F)(F)F)cc2)c2cccc(-n3c(=O)c4cc5c(=O)n([*])c(=O)c5cc4c3=O)c2)c1,311.0,,GREA,584.15,,1,0.0,black
polymer_7050,[*]c1cccc(P(=O)(c2ccc(Oc3ccc(C45CC6CC(CC(C6)C4)C5)cc3)cc2)c2cccc(-n3c(=O)c4cc5c(=O)n([*])c(=O)c5cc4c3=O)c2)c1,330.0,,GREA,603.15,,1,0.0,black
polymer_7051,[*]c1cccc(P(=O)(c2cccc(-n3c(=O)c4c(-c5cc(C(F)(F)F)cc(C(F)(F)F)c5)c5c(=O)n([*])c(=O)c5c(-c5cc(C(F)(F)F)cc(C(F)(F)F)c5)c4c3=O)c2)c2cc(C(F)(F)F)cc(C(F)(F)F)c2)c1,293.0,,GREA,566.15,,1,0.0,black
polymer_7052,[*]c1cccc(P(=O)(c2cccc(-n3c(=O)c4c(-c5ccc(C(F)(F)F)cc5)c5c(=O)n([*])c(=O)c5c(-c5ccc(C(F)(F)F)cc5)c4c3=O)c2)c2cc(C(F)(F)F)cc(C(F)(F)F)c2)c1,310.0,,GREA,583.15,,1,0.0,black
polymer_7053,[*]c1cccc(P(=O)(c2cccc(-n3c(=O)c4c(-c5ccccc5)c5c(=O)n([*])c(=O)c5c(-c5ccccc5)c4c3=O)c2)c2cc(C(F)(F)F)cc(C(F)(F)F)c2)c1,320.0,,GREA,593.15,,1,0.0,black
polymer_7054,[*]c1cccc(P(=O)(c2cccc(-n3c(=O)c4cc5c(=O)n([*])c(=O)c5c(-c5cc(C(F)(F)F)cc(C(F)(F)F)c5)c4c3=O)c2)c2cc(C(F)(F)F)cc(C(F)(F)F)c2)c1,280.0,,GREA,553.15,,1,0.0,black
polymer_7055,[*]c1cccc(P(=O)(c2cccc(-n3c(=O)c4cc5c(=O)n([*])c(=O)c5c(-c5ccc(C(F)(F)F)cc5)c4c3=O)c2)c2cc(C(F)(F)F)cc(C(F)(F)F)c2)c1,292.0,,GREA,565.15,,1,0.0,black
polymer_7056,[*]c1cccc(P(=O)(c2cccc(-n3c(=O)c4cc5c(=O)n([*])c(=O)c5c(-c5ccccc5)c4c3=O)c2)c2cc(C(F)(F)F)cc(C(F)(F)F)c2)c1,300.0,,GREA,573.15,,1,0.0,black
polymer_7057,[*]c1cccc(P(=O)(c2cccc(-n3c(=O)c4cc5c(=O)n([*])c(=O)c5cc4c3=O)c2)c2cc(C(F)(F)F)cc(C(F)(F)F)c2)c1,281.0,,GREA,554.15,,1,0.0,black
polymer_7058,[*]c1cccc(P(=O)(c2ccccc2)c2cccc(-n3c(=O)c4c(-c5cc(C(F)(F)F)cc(C(F)(F)F)c5)c5c(=O)n([*])c(=O)c5c(-c5cc(C(F)(F)F)cc(C(F)(F)F)c5)c4c3=O)c2)c1,324.0,,GREA,597.15,,1,0.0,black
polymer_7059,[*]c1cccc(P(=O)(c2ccccc2)c2cccc(-n3c(=O)c4c(-c5ccc(C(F)(F)F)cc5)c5c(=O)n([*])c(=O)c5c(-c5ccc(C(F)(F)F)cc5)c4c3=O)c2)c1,334.0,,GREA,607.15,,1,0.0,black
polymer_7060,[*]c1cccc(P(=O)(c2ccccc2)c2cccc(-n3c(=O)c4c(-c5ccccc5)c5c(=O)n([*])c(=O)c5c(-c5ccccc5)c4c3=O)c2)c1,342.0,,GREA,615.15,,1,0.0,black
polymer_7061,[*]c1cccc(P(=O)(c2ccccc2)c2cccc(-n3c(=O)c4cc5c(=O)n([*])c(=O)c5c(-c5cc(C(F)(F)F)cc(C(F)(F)F)c5)c4c3=O)c2)c1,299.0,,GREA,572.15,,1,0.0,black
polymer_7062,[*]c1cccc(P(=O)(c2ccccc2)c2cccc(-n3c(=O)c4cc5c(=O)n([*])c(=O)c5c(-c5ccc(C(F)(F)F)cc5)c4c3=O)c2)c1,321.0,,GREA,594.15,,1,0.0,black
polymer_7063,[*]c1cccc(P(=O)(c2ccccc2)c2cccc(-n3c(=O)c4cc5c(=O)n([*])c(=O)c5c(-c5ccccc5)c4c3=O)c2)c1,325.0,,GREA,598.15,,1,0.0,black
polymer_7064,[*]c1cccc(P(=O)(c2ccccc2)c2cccc(-n3c(=O)c4cc5c(=O)n([*])c(=O)c5cc4c3=O)c2)c1,331.0,,GREA,604.15,,1,0.0,black
polymer_7065,[*]c1cccc(S(=O)(=O)c2cccc(-n3c(=O)c4cc5c(=O)n([*])c(=O)c5cc4c3=O)c2)c1,360.0,,GREA,633.15,,1,0.0,black
polymer_7066,[*]c1cccc([*])c1,104.93,,GREA,378.08,,1,0.0,black
polymer_7067,[*]c1ccccc1C(=O)Oc1ccc2c([*])c3ccc(=O)cc-3oc2c1,250.0,,GREA,523.15,,1,0.0,black
polymer_7068,[*]c1ccccc1Cc1ccc(-n2c(=O)c3cc4c(=O)n([*])c(=O)c4cc3c2=O)cc1,356.5,,GREA,629.65,,1,0.0,black
polymer_7069,[*]c1ccccc1Oc1ccc(-n2c(=O)c3cc4c(=O)n([*])c(=O)c4cc3c2=O)cc1,386.0,,GREA,659.15,,1,0.0,black
polymer_7070,[*]c1ccccc1Oc1ccc(N2Cc3cc4c(cc3C2=O)C(=O)N([*])C4=O)cc1,386.0,,Qiu,659.15,,1,0.0,black
polymer_7071,[*]c1cn([*])c2ccccc12,65.0,,GREA,338.15,,1,0.0,black
polymer_7072,[*]c1cnc(C2C(c3ccccc3)C([*])C2c2ccccc2)cn1,150.0,,GREA,423.15,,1,0.0,black
polymer_7073,[*]c1nc(-c2ccccc2)nc(N(CCCCCCCCCCN([*])c2ccccc2)c2ccccc2)n1,62.0,,GREA,335.15,,1,0.0,black
polymer_7074,[*]c1nc(-c2ccccc2)nc(N(CCCCCCN([*])c2ccccc2)c2ccccc2)n1,74.0,,GREA,347.15,,1,0.0,black
polymer_7075,[*]c1nc(-c2ccccc2)nc(N(CCCCN([*])c2ccccc2)c2ccccc2)n1,94.0,,GREA,367.15,,1,0.0,black
polymer_7076,[*]c1nc(-c2ccccc2)nc(N(c2ccccc2)c2ncnc(N([*])c3ccccc3)n2)n1,279.0,,GREA,552.15,,1,0.0,black
polymer_7077,[*]c1nc(C(F)(F)C(F)(F)C(F)(F)F)nc(C(F)(F)C(F)(F)C(F)(F)C(F)(F)C(F)(F)C([*])(F)F)n1,-5.0,,GREA,268.15,,1,0.0,black
polymer_7078,[*]c1nc(C)nc(N(CCCCCCCCCCN([*])c2ccccc2)c2ccccc2)n1,48.0,,GREA,321.15,,1,0.0,black
polymer_7079,[*]c1nc(C)nc(N(CCCCCCN([*])c2ccccc2)c2ccccc2)n1,67.0,,GREA,340.15,,1,0.0,black
polymer_7080,[*]c1nc(C)nc(N(CCCCN([*])c2ccccc2)c2ccccc2)n1,85.0,,GREA,358.15,,1,0.0,black
polymer_7081,[*]c1nc2cc(C(c3ccc4oc(-c5cc(OCCCCCCCCCC)c([*])cc5OCCCCCCCCCC)nc4c3)(C(F)(F)F)C(F)(F)F)ccc2o1,94.0,,GREA,367.15,,1,0.0,black
polymer_7082,[*]c1nc2ccc(-c3cccc(-c4ccc5[nH]c(S([*])(=O)=O)nc5c4)c3)cc2[nH]1,290.0,,GREA,563.15,,1,0.0,black
polymer_7083,[*]c1nnc(-c2cc(CCCCCCCC)c(-c3ccc(-c4sc(-c5nnc(-c6cc(OCCCCCCCC)c([*])cc6OCCCCCCCC)o5)cc4CCCCCCCC)s3)s2)o1,34.10000000000002,,GREA,307.25,,1,0.0,black
polymer_7084,[*]c1nnc(-c2sc(-c3nnc(-c4cc(OCCCCCCCC)c([*])cc4OCCCCCCCC)o3)cc2CCCCCCCC)o1,124.30000000000001,,GREA,397.45,,1,0.0,black
polymer_7085,[*]c1sc(-c2cc3sc(-c4cc(CCCCCCCCCCCCCC)c([*])s4)cc3s2)cc1CCCCCCCCCCCCCC,5.0,,Xie,278.15,,1,0.0,black
polymer_7086,[*]c1sc(-c2nnc(-c3cc(OCCCCCCCC)c(-c4nnc(-c5cc(CCCCCCCCCC)c([*])s5)o4)cc3OCCCCCCCC)o2)cc1CCCCCCCCCC,53.80000000000001,,GREA,326.95,,1,0.0,black
polymer_7087,[*]c1sc([*])c(CCCCCCN(CC)c2ccc(/N=N/c3ccc([N+](=O)[O-])cc3)cc2)c1CCCCCC,17.0,,GREA,290.15,,1,0.0,black
polymer_7088,[*]=CCCC(=[*])CCC,-77.64999999999998,"Poly(2-n-propyl-1 ,4-butadiene) ",Schrodinger,195.0-196.0,"[196.0, 195.0]",2,0.707106781,yellow
polymer_7089,[*]=CCCCC=[*],-100.07499999999999,Poly(1-pentenylene),GREA,168.15-178.0,"[168.15, 178.0]",2,6.965001795,yellow
polymer_7090,[*]=Cc1ccc(C=[*])cc1,137.425,Poly(p-phenylenevinylene)s,GREA,308.0-513.15,"[513.15, 308.0]",2,145.0629562,yellow
polymer_7091,[*]C(=O)c1ccc(Oc2cccc(N3C(=O)c4ccc(Oc5cccc6c5C(=O)N(c5cccc(Oc7ccc([*])cc7)c5)C6=O)cc4C3=O)c2)cc1,205.5,,Qiu,477.15-480.15,"[477.15, 480.15]",2,2.121320344,yellow
polymer_7092,[*]C(=O)c1ccc2c(c1)C(=O)N(c1cc(N3C(=O)c4ccc([*])cc4C3=O)cc(C(F)(F)F)c1)C2=O,294.75,,GREA,567.15-568.65,"[568.65, 567.15]",2,1.060660172,yellow
polymer_7093,[*]C(=O)c1ccc2c(c1)C(=O)N(c1ccc(N3C(=O)c4ccc([*])cc4C3=O)cc1)C2=O,325.0,,GREA,590.15-606.15,"[590.15, 606.15]",2,11.3137085,yellow
polymer_7094,[*]C(=O)c1ccc2c(c1)C(=O)N(c1ccc(Oc3ccc(C(c4ccc(Oc5ccc(N6C(=O)c7ccc([*])cc7C6=O)cc5)cc4)(C(F)(F)F)C(F)(F)F)cc3)cc1)C2=O,248.75,,GREA,509.15-534.65,"[534.65, 509.15]",2,18.03122292,yellow
polymer_7095,[*]C(=O)c1ccc2c(c1)C(=O)N(c1cccc(S(=O)(=O)c3cccc(N4C(=O)c5ccc([*])cc5C4=O)c3)c1)C2=O,275.5,,GREA,546.15-551.15,"[551.15, 546.15]",2,3.535533906,yellow
polymer_7096,[*]C(F)(F)C([*])(F)Cl,69.47500000000002,Poly(chlorotrifluoroethylene),GREA,325.25-360.0,"[325.25, 360.0]",2,24.57196065,yellow
polymer_7097,[*]C([*])(F)F,118.42500000000001,Poly(tetrafluoroethylene),GREA,390.0-393.15,"[393.15, 390.0]",2,2.227386361,yellow
polymer_7098,[*]CC(CCl)O[*],-22.224999999999966,Poly(epichlorohydrin),GREA,249.85-252.0,"[249.85, 252.0]",2,1.52027958,yellow
polymer_7099,[*]CC(COCC=C)O[*],-35.32499999999999,poly(allyl glycidyl ether),GREA,197.65-278.0,"[197.65, 278.0]",2,56.81602987,yellow
polymer_7100,[*]CC([*])(C#N)C(=O)OCCCCCC,85.92500000000001,Poly(hexyl cyanoacrylate),GREA,359.0-359.15,"[359.15, 359.0]",2,0.106066017,yellow
polymer_7101,[*]CC([*])(C)C#N,101.67500000000001,Poly(methacrylonitrile),GREA,361.65-388.0,"[361.65, 388.0]",2,18.63226368,yellow
polymer_7102,[*]CC([*])(C)C(=O)OC(C)C,83.92500000000001,Poly(isopropyl methacrylate),GREA,356.0-358.15,"[358.15, 356.0]",2,1.52027958,yellow
polymer_7103,[*]CC([*])(C)C(=O)OC1CCCCC1,101.92500000000001,Poly(cyclohexyl methacrylate),GREA,361.15-389.0,"[361.15, 389.0]",2,19.69292386,yellow
polymer_7104,[*]CC([*])(C)C(=O)OCC(C)C,47.35000000000002,Poly(isobutyl methacrylate) ,Schrodinger,320.0-321.0,"[321.0, 320.0]",2,0.707106781,yellow
polymer_7105,[*]CC([*])(C)C(=O)OCC(CC)CC,10.350000000000023,Poly(2-ethylbutyl methacrylate) ,Schrodinger,283.0-284.0,"[284.0, 283.0]",2,0.707106781,yellow
polymer_7106,[*]CC([*])(C)C(=O)OCC(F)(F)C(F)F,75.42500000000001,"Poly(2,2,3,3-tetrafluoropropyl methacrylate)",GREA,344.0-353.15,"[353.15, 344.0]",2,6.470027048,yellow
polymer_7107,[*]CC([*])(C)C(=O)OCC(F)(F)F,74.42500000000001,"Poly(2,2,2-trifluoroethyl methacrylate)",GREA,347.0-348.15,"[348.15, 347.0]",2,0.813172798,yellow
polymer_7108,[*]CC([*])(C)C(=O)OCCCCCCCCCC,-63.82499999999999,Poly(decyl methacrylate),GREA,208.65-210.0,"[208.65, 210.0]",2,0.954594155,yellow
polymer_7109,[*]CC([*])(C)C(=O)OCCO,84.02500000000003,Poly(2-hydroxyethyl methacrylate),GREA,350.0-364.35,"[364.35, 350.0]",2,10.14698231,yellow
polymer_7110,[*]CC([*])(C)C(=O)OCCc1ccccc1,37.42500000000001,Poly(2-phenylethyl methacrylate),GREA,299.0-322.15,"[322.15, 299.0]",2,16.36952198,yellow
polymer_7111,[*]CC([*])(C)CC,-11.574999999999989,Poly(2-methylbutene),GREA,255.0-268.15,"[268.15, 255.0]",2,9.298454173,yellow
polymer_7112,[*]CC([*])(Cl)Cl,-9.824999999999989,Poly(vinylidene chloride),GREA,256.65-270.0,"[256.65, 270.0]",2,9.439875529,yellow
polymer_7113,[*]CC([*])(F)F,-32.77499999999998,Poly(vinylidene fluoride),GREA,238.75-242.0,"[238.75, 242.0]",2,2.298097039,yellow
polymer_7114,[*]CC([*])C(=O)NC(C)(C)C,131.425,Poly(N-tert-butyl acrylamide),GREA,401.0-408.15,"[408.15, 401.0]",2,5.055813485,yellow
polymer_7115,[*]CC([*])C(=O)Nc1ccccc1,155.925,Poly(N-phenyl acrylamide),GREA,425.0-433.15,"[433.15, 425.0]",2,5.762920267,yellow
polymer_7116,[*]CC([*])C(=O)OC(C)CCCCC,-39.14999999999998,Poly(2-heptyl acrylate) ,Schrodinger,233.0-235.0,"[235.0, 233.0]",2,1.414213562,yellow
polymer_7117,[*]CC([*])C(=O)OC1CCCCC1,20.42500000000001,Poly(cyclohexyl acrylate),GREA,289.0-298.15,"[298.15, 289.0]",2,6.470027048,yellow
polymer_7118,[*]CC([*])C(=O)OCC(CC)CCCC,-57.07499999999999,Poly(2-ethylhexyl acrylate),GREA,211.15-221.0,"[211.15, 221.0]",2,6.965001795,yellow
polymer_7119,[*]CC([*])C(=O)OCCCCCCCCCCCCCCCCCC,-2.3249999999999886,Poly(octadecyl acrylate),GREA,230.65-311.0,"[230.65, 311.0]",2,56.81602987,yellow
polymer_7120,[*]CC([*])C(=O)c1ccccc1,60.80000000000001,Poly(phenyl vinyl ketone),GREA,322.0-345.9,"[345.9, 322.0]",2,16.89985207,yellow
polymer_7121,[*]CC([*])C(N)=O,178.925,Poly(acrylamide),GREA,438.0-466.15,"[466.15, 438.0]",2,19.90505589,yellow
polymer_7122,[*]CC([*])C=C,-6.074999999999989,"Poly(1,2-butadiene)",GREA,266.15-268.0,"[266.15, 268.0]",2,1.308147545,yellow
polymer_7123,[*]CC([*])CCCCC,-44.32499999999999,Poly(pentylethylene),GREA,227.65-230.0,"[227.65, 230.0]",2,1.661700936,yellow
polymer_7124,[*]CC([*])CCCCCC,-54.57499999999999,Poly(hexylethylene),GREA,218.0-219.15,"[219.15, 218.0]",2,0.813172798,yellow
polymer_7125,[*]CC([*])CCCCCCC,-47.57499999999999,Poly(heptylethylene),GREA,225.0-226.15,"[226.15, 225.0]",2,0.813172798,yellow
polymer_7126,[*]CC([*])Cl,78.42500000000001,Poly(vinyl chloride),GREA,350.0-353.15,"[353.15, 350.0]",2,2.227386361,yellow
polymer_7127,[*]CC([*])F,33.92500000000001,Poly(vinyl fluoride),GREA,300.0-314.15,"[314.15, 300.0]",2,10.00556095,yellow
polymer_7128,[*]CC([*])OC(=O)CCC,1.8500000000000227,Poly(vinyl butyrate) ,Schrodinger,272.0-278.0,"[278.0, 272.0]",2,4.242640687,yellow
polymer_7129,[*]CC([*])OC(C)=O,40.92500000000001,poly(vinyl acetate),GREA,305.15-323.0,"[305.15, 323.0]",2,12.62185604,yellow
polymer_7130,[*]CC([*])OCCCC,-52.07499999999999,Poly(butyl vinyl ether),GREA,220.0-222.15,"[222.15, 220.0]",2,1.52027958,yellow
polymer_7131,[*]CC([*])c1ccc(C(=O)c2ccc(C)cc2)cc1,98.92500000000001,Poly(4-p-toluoylstyrene),GREA,372.0-372.15,"[372.15, 372.0]",2,0.106066017,yellow
polymer_7132,[*]CC([*])c1ccc(C(C)CC)cc1,85.35000000000002,Poly(p-sec-butyl styrene) ,Schrodinger,358.0-359.0,"[359.0, 358.0]",2,0.707106781,yellow
polymer_7133,[*]CC([*])c1ccc(CO)cc1,138.85000000000002,Poly(p-hydroxymethyl styrene) ,Schrodinger,411.0-413.0,"[413.0, 411.0]",2,1.414213562,yellow
polymer_7134,[*]CC([*])c1ccc(O)cc1,157.425,Poly(4-hydroxystyrene),GREA,430.0-431.15,"[431.15, 430.0]",2,0.813172798,yellow
polymer_7135,[*]CC([*])c1ccc(OC(C)=O)cc1,121.42500000000001,poly(4-acetoxystyrene),GREA,386.15-403.0,"[386.15, 403.0]",2,11.91474926,yellow
polymer_7136,[*]CC([*])c1ccc(OC)cc1C,87.35000000000002,Poly(4-methoxy-2-methyl styrene) ,Schrodinger,358.0-363.0,"[363.0, 358.0]",2,3.535533906,yellow
polymer_7137,[*]CC([*])c1cccc(CO)c1,124.35000000000002,Poly(m-hydroxymethyl styrene) ,Schrodinger,397.0-398.0,"[398.0, 397.0]",2,0.707106781,yellow
polymer_7138,[*]CC([*])c1ccccc1CC,101.85000000000002,Poly(o-ethyl styrene) ,Schrodinger,374.0-376.0,"[376.0, 374.0]",2,1.414213562,yellow
polymer_7139,[*]CC([*])c1ccccc1OCCCCCCCC,11.850000000000023,Poly(o-n-octoxy styrene) ,Schrodinger,284.0-286.0,"[286.0, 284.0]",2,1.414213562,yellow
polymer_7140,[*]CCC(=O)OCCOC([*])=O,-8.625,Poly(ethylene succinate),GREA,262.05-267.0,"[262.05, 267.0]",2,3.500178567,yellow
polymer_7141,[*]CCCCC(=O)NCCCCCCNC([*])=O,54.525000000000034,Poly(hexamethylene adipamide),GREA,324.0-331.35,"[331.35, 324.0]",2,5.197234842,yellow
polymer_7142,[*]CCCCC(=O)OCCOC([*])=O,-48.82499999999999,Poly(ethylene adipate),GREA,218.65-230.0,"[218.65, 230.0]",2,8.025661966,yellow
polymer_7143,[*]CCCCCCCC(=O)NCCCCCCNC([*])=O,50.575000000000045,Poly(hexamethylene azelamide),GREA,315.45-332.0,"[315.45, 332.0]",2,11.70261723,yellow
polymer_7144,[*]CCCCCCCCCCC(=O)NCCCCCCNC([*])=O,45.92500000000001,Poly(iminohexamethyleneiminododecanedioyl),GREA,319.0-319.15,"[319.15, 319.0]",2,0.106066017,yellow
polymer_7145,[*]CCCCCCCCCCCCCCOC([*])=O,-24.62499999999997,poly(pentadecalactone),GREA,246.0-251.05,"[251.05, 246.0]",2,3.570889245,yellow
polymer_7146,[*]CCCCCCCCCNC([*])=O,42.42500000000001,Poly(decano-10-lactam),GREA,315.0-316.15,"[316.15, 315.0]",2,0.813172798,yellow
polymer_7147,[*]CCCOCCC[*],-71.64999999999998,Polyoxyhexamethylene ,Schrodinger,199.0-204.0,"[204.0, 199.0]",2,3.535533906,yellow
polymer_7148,[*]CCNC([*])=O,128.175,Poly(propano-3-lactam),GREA,384.0-418.65,"[418.65, 384.0]",2,24.50124997,yellow
polymer_7149,[*]CNC[*],-35.77499999999998,poly(2-oxazoline)s,GREA,225.15-249.6,"[225.15, 249.6]",2,17.2887608,yellow
polymer_7150,[*]COC(=O)OC([*])C,35.72500000000002,Poly(propylene carbonate),GREA,307.75-310.0,"[307.75, 310.0]",2,1.590990258,yellow
polymer_7151,[*]CSC[*],-25.82499999999999,Poly(ethylene sulfide),GREA,223.0-271.65,"[271.65, 223.0]",2,34.4007449,yellow
polymer_7152,[*]Cc1cc(C)c(N2C(=O)c3ccc(C(=O)c4ccc5c(c4)C(=O)N(c4c(C)cc([*])cc4C)C5=O)cc3C2=O)c(C)c1,320.0,,GREA,582.15-604.15,"[604.15, 582.15]",2,15.55634919,yellow
polymer_7153,[*]Cc1cc(CC)c(N2C(=O)c3ccc(C(=O)c4ccc5c(c4)C(=O)N(c4c(CC)cc([*])cc4CC)C5=O)cc3C2=O)c(CC)c1,272.5,,GREA,522.15-569.15,"[569.15, 522.15]",2,33.23401872,yellow
polymer_7154,[*]Cc1ccc(N2C(=O)c3ccc(C(=O)c4ccc5c(c4)C(=O)N(c4ccc([*])cc4C)C5=O)cc3C2=O)c(C)c1,297.5,,GREA,558.15-583.15,"[583.15, 558.15]",2,17.67766953,yellow
polymer_7155,[*]Cc1ccc(N2C(=O)c3cccc(-c4cccc5c4C(=O)N(c4ccc([*])cc4C)C5=O)c3C2=O)c(C)c1,299.5,,Qiu,572.15-573.15,"[572.15, 573.15]",2,0.707106781,yellow
polymer_7156,[*]Cc1ccc(N2C(=O)c3cccc(Sc4ccc5c(c4)C(=O)N(c4cc([*])ccc4C)C5=O)c3C2=O)c(C)c1,257.5,,Qiu,523.15-538.15,"[523.15, 538.15]",2,10.60660172,yellow
polymer_7157,[*]OCCCCOC(=O)c1ccc(C([*])=O)cc1,44.125,Poly(butylene terephthalate),GREA,313.0-321.55,"[321.55, 313.0]",2,6.045762979,yellow
polymer_7158,[*]OCCCCOC(=O)c1cccc(C([*])=O)c1,21.42500000000001,Poly(tetramethylene isophthalate),GREA,292.15-297.0,"[292.15, 297.0]",2,3.429467889,yellow
polymer_7159,[*]OCCCOC(=O)c1ccc(C([*])=O)cc1,52.92500000000001,Poly(trimethylene terephthalate),GREA,325.15-327.0,"[325.15, 327.0]",2,1.308147545,yellow
polymer_7160,[*]OCCOC(=O)c1ccccc1C([*])=O,60.17500000000001,Poly(ethylene phthalate),GREA,297.0-369.65,"[369.65, 297.0]",2,51.37130765,yellow
polymer_7161,[*]OCCOC([*])=O,10.925000000000011,Poly(ethylene carbonate),GREA,278.15-290.0,"[278.15, 290.0]",2,8.379215357,yellow
polymer_7162,[*]Oc1ccc(C(c2ccc(Oc3ccc4c(c3)C(=O)N(c3ccc(Cc5ccc(N6C(=O)c7ccc([*])cc7C6=O)cc5)cc3)C4=O)cc2)(C(F)(F)F)C(F)(F)F)cc1,227.0,,Qiu,497.15-503.15,"[497.15, 503.15]",2,4.242640687,yellow
polymer_7163,[*]Oc1ccc(C(c2ccc(Oc3ccc4c(c3)C(=O)N(c3ccc(Oc5ccc(N6C(=O)c7ccc([*])cc7C6=O)cc5)cc3)C4=O)cc2)(C(F)(F)F)C(F)(F)F)cc1,226.5,,GREA,469.15-530.15,"[530.15, 469.15]",2,43.13351365,yellow
polymer_7164,[*]Oc1ccc(Oc2ccc(Oc3ccc4c(c3)C(=O)N(CCCCCCN3C(=O)c5ccc([*])cc5C3=O)C4=O)cc2)cc1,126.35000000000002,Polyetherimide 1 ,Schrodinger,398.0-401.0,"[401.0, 398.0]",2,2.121320344,yellow
polymer_7165,[*]Oc1ccc2c(c1)C(=O)N(c1ccc(N3C(=O)c4ccc([*])cc4C3=O)cc1)C2=O,355.75,,GREA,599.15-658.65,"[658.65, 599.15]",2,42.07285348,yellow
polymer_7166,[*]Oc1ccc2c(c1)C(=O)N(c1ccc(Oc3cccc(N4C(=O)c5ccc([*])cc5C4=O)c3)cc1)C2=O,232.0,,GREA,492.15-518.15,"[518.15, 492.15]",2,18.38477631,yellow
polymer_7167,[*]Oc1ccc2c(c1)C(=O)N(c1ccc(Oc3cccc(Oc4ccc(N5C(=O)c6ccc([*])cc6C5=O)cc4)c3)cc1)C2=O,208.25,,GREA,473.15-489.65,"[489.65, 473.15]",2,11.66726189,yellow
polymer_7168,[*]Oc1ccc2c(c1)C(=O)N(c1ccc(S(=O)(=O)c3ccc(N4C(=O)c5ccc([*])cc5C4=O)cc3)cc1)C2=O,286.0,,GREA,535.15-583.15,"[535.15, 583.15]",2,33.9411255,yellow
polymer_7169,[*]Oc1ccc2c(c1)C(=O)N(c1cccc(N3C(=O)c4ccc([*])cc4C3=O)c1)C2=O,270.5,,GREA,534.15-553.15,"[553.15, 534.15]",2,13.43502884,yellow
polymer_7170,[*]Oc1ccc2c(c1)C(=O)N(c1cccc(Oc3cccc(N4C(=O)c5ccc([*])cc5C4=O)c3)c1)C2=O,206.0,,GREA,478.15-480.15,"[480.15, 478.15]",2,1.414213562,yellow
polymer_7171,[*]Oc1ccc2c(c1)C(=O)N(c1cccc(Oc3cccc(Oc4cccc(N5C(=O)c6ccc([*])cc6C5=O)c4)c3)c1)C2=O,193.0,,GREA,460.15-472.15,"[472.15, 460.15]",2,8.485281374,yellow
polymer_7172,[*]Oc1cccc2c1C(=O)N(c1ccc(Oc3ccc(N4C(=O)c5cccc([*])c5C4=O)cc3)cc1)C2=O,293.75,,GREA,565.65-568.15,"[565.65, 568.15]",2,1.767766953,yellow
polymer_7173,[*]Oc1cccc2c1C(=O)N(c1ccc(Oc3ccc(Oc4ccc(N5C(=O)c6cccc([*])c6C5=O)cc4)cc3)cc1)C2=O,260.5,,GREA,531.15-536.15,"[531.15, 536.15]",2,3.535533906,yellow
polymer_7174,[*]Oc1cccc2c1C(=O)N(c1cccc(Oc3ccc(Oc4ccc(N5C(=O)c6ccc([*])cc6C5=O)cc4)cc3)c1)C2=O,249.0,,Qiu,518.15-526.15,"[518.15, 526.15]",2,5.656854249,yellow
polymer_7175,[*]Sc1cccc2c1C(=O)N(c1ccc(N3C(=O)c4ccc([*])cc4C3=O)cc1)C2=O,319.5,,Qiu,592.15-593.15,"[592.15, 593.15]",2,0.707106781,yellow
polymer_7176,[*]Sc1cccc2c1C(=O)N(c1ccc(Oc3ccc(N4C(=O)c5cccc([*])c5C4=O)cc3)cc1)C2=O,287.0,,Qiu,554.15-566.15,"[566.15, 554.15]",2,8.485281374,yellow
polymer_7177,[*]Sc1cccc2c1C(=O)N(c1ccc(Oc3ccc(Oc4ccc(N5C(=O)c6ccc([*])cc6C5=O)cc4)cc3)cc1)C2=O,238.0,,Qiu,507.15-515.15,"[507.15, 515.15]",2,5.656854249,yellow
polymer_7178,[*]c1c(C)cc(C)c(N2C(=O)c3ccc(C(=O)c4ccc5c(c4)C(=O)N([*])C5=O)cc3C2=O)c1C,404.0,,GREA,671.15-683.15,"[683.15, 671.15]",2,8.485281374,yellow
polymer_7179,[*]c1cc(C)c(N2C(=O)c3ccc(C(c4ccc5c(c4)C(=O)N([*])C5=O)(C(F)(F)F)C(F)(F)F)cc3C2=O)cc1C,367.0,,GREA,628.15-652.15,"[628.15, 652.15]",2,16.97056275,yellow
polymer_7180,[*]c1cc(CCCC)c([*])s1,54.5,,GREA,323.15-332.15,"[332.15, 323.15]",2,6.363961031,yellow
polymer_7181,[*]c1cc(CCCCCC)c([*])s1,15.150000000000034,,GREA,283.15-293.45,"[293.45, 283.15]",2,7.283199846,yellow
polymer_7182,[*]c1cc(CCCCCCCC)c([*])s1,-13.099999999999966,,GREA,256.15-263.95,"[263.95, 256.15]",2,5.515432893,yellow
polymer_7183,[*]c1cc(CCCCCCCCCC)c([*])s1,-29.99999999999997,,GREA,240.15-246.15,"[240.15, 246.15]",2,4.242640687,yellow
polymer_7184,[*]c1cc(CCCCCCCCCCCC)c([*])s1,-24.24999999999997,,GREA,243.15-254.65,"[254.65, 243.15]",2,8.131727984,yellow
polymer_7185,[*]c1cc(N2C(=O)c3ccc(C(=O)c4ccc5c(c4)C(=O)N([*])C5=O)cc3C2=O)ccc1C,317.25,,GREA,588.15-592.65,"[592.65, 588.15]",2,3.181980515,yellow
polymer_7186,[*]c1ccc(-c2ccc(-n3c(=O)c4cc5c(=O)n([*])c(=O)c5cc4c3=O)cc2C)c(C)c1,369.25,,GREA,637.65-647.15,"[637.65, 647.15]",2,6.717514421,yellow
polymer_7187,[*]c1ccc(-c2ccc(-n3c(=O)c4cc5c(=O)n([*])c(=O)c5cc4c3=O)cc2OC(F)(F)F)c(OC(F)(F)F)c1,373.5,,GREA,636.15-657.15,"[657.15, 636.15]",2,14.8492424,yellow
polymer_7188,[*]c1ccc(C(c2ccc(-n3c(=O)c4cc5c(=O)n([*])c(=O)c5cc4c3=O)cc2)(C(F)(F)F)C(F)(F)F)cc1,362.5,,GREA,618.15-653.15,"[653.15, 618.15]",2,24.74873734,yellow
polymer_7189,[*]c1ccc(N2C(=O)c3cccc(-c4cccc5c4C(=O)N(c4ccc(C6([*])CCCCC6)cc4C)C5=O)c3C2=O)c(C)c1,302.5,,Qiu,573.15-578.15,"[578.15, 573.15]",2,3.535533906,yellow
polymer_7190,[*]c1ccc(N2C(=O)c3cccc(-c4cccc5c4C(=O)N(c4ccc(C6([*])c7ccccc7-c7ccccc76)cc4C)C5=O)c3C2=O)c(C)c1,313.0,,Qiu,584.15-588.15,"[584.15, 588.15]",2,2.828427125,yellow
polymer_7191,[*]c1ccc(OC(=O)Oc2ccc(C([*])(C)C)cc2)cc1,152.425,Poly(bisphenol A carbonate),GREA,421.15-430.0,"[421.15, 430.0]",2,6.257895014,yellow
polymer_7192,[*]c1ccc(OC(=O)c2ccc(C(=O)Oc3ccc(C([*])(C)C)cc3)cc2)cc1,199.925,Poly(Bisphenol A terephthalate),GREA,472.0-474.15,"[474.15, 472.0]",2,1.52027958,yellow
polymer_7193,[*]c1ccc(OC(=O)c2cccc(C(=O)Oc3ccc(C([*])(C)C)cc3)c2)cc1,184.425,Poly(bisphenol A isophthalate),GREA,453.15-462.0,"[453.15, 462.0]",2,6.257895014,yellow
polymer_7194,[*]c1ccc(Oc2ccc(C(c3ccc(Oc4ccc(-n5c(=O)c6cc7c(=O)n([*])c(=O)c7cc6c5=O)cc4)cc3)(C(F)(F)F)C(F)(F)F)cc2)cc1,302.5,,GREA,568.15-583.15,"[583.15, 568.15]",2,10.60660172,yellow
polymer_7195,[*]c1ccc(Oc2ccc(N3C(=O)c4ccc(C(=O)c5ccc6c(c5)C(=O)N(c5ccc(Oc7ccc(C([*])(C)C)cc7)cc5)C6=O)cc4C3=O)cc2)cc1,256.0,,GREA,479.15-579.15,"[579.15, 479.15]",2,70.71067812,yellow
polymer_7196,[*]c1ccc(Oc2ccc(N3C(=O)c4ccc(C(c5ccc6c(c5)C(=O)N(c5ccc(Oc7ccc(C([*])(C)C)cc7)cc5)C6=O)(C(F)(F)F)C(F)(F)F)cc4C3=O)cc2)cc1,246.70000000000005,,GREA,517.55-522.15,"[517.55, 522.15]",2,3.252691193,yellow
polymer_7197,[*]c1ccc(Oc2ccc(Oc3ccc(-n4c(=O)c5cc6c(=O)n([*])c(=O)c6cc5c4=O)cc3)cc2)cc1,292.0,,GREA,545.15-585.15,"[585.15, 545.15]",2,28.28427125,yellow
polymer_7198,[*]c1ccc([*])[nH]1,86.42500000000001,Poly(pyrrole),GREA,343.0-376.15,"[376.15, 343.0]",2,23.4405898,yellow
polymer_7199,[*]c1ccc([*])cc1,278.17500000000007,"Poly(1,4-phenylene)",GREA,538.0-564.65,"[564.65, 538.0]",2,18.84439572,yellow
polymer_7200,[*]c1ccc([*])s1,152.175,,GREA,362.5-488.15,"[362.5, 488.15]",2,88.84796706,yellow
polymer_7201,[*]c1ccc2c(c1)C(=O)N(c1c(F)c(F)c(-c3c(F)c(F)c(N4C(=O)c5ccc(C([*])(C(F)(F)F)C(F)(F)F)cc5C4=O)c(F)c3F)c(F)c1F)C2=O,374.5,,Qiu,637.15-658.15,"[637.15, 658.15]",2,14.8492424,yellow
polymer_7202,[*]c1ccc2c(c1)C(=O)N(c1c(F)c(F)c(N3C(=O)c4ccc(C([*])(C(F)(F)F)C(F)(F)F)cc4C3=O)c(F)c1F)C2=O,375.5,,Qiu,644.15-653.15,"[644.15, 653.15]",2,6.363961031,yellow
polymer_7203,[*]c1ccc2c(c1)C(=O)N(c1cc(N3C(=O)c4ccc(C([*])(C(F)(F)F)C(F)(F)F)cc4C3=O)cc(C(F)(F)F)c1)C2=O,290.5,,GREA,557.15-570.15,"[557.15, 570.15]",2,9.192388155,yellow
polymer_7204,[*]c1ccc2c(c1)C(=O)N(c1ccc(Oc3ccc(C(c4ccc(Oc5ccc(N6C(=O)c7ccc([*])cc7C6=O)cc5)cc4)(C(F)(F)F)C(F)(F)F)cc3)cc1)C2=O,249.5,,GREA,510.15-535.15,"[535.15, 510.15]",2,17.67766953,yellow
polymer_7205,[*]c1ccc2c(c1)C(=O)N(c1ccc(Oc3ccc(N4C(=O)c5ccc(C([*])(C(F)(F)F)C(F)(F)F)cc5C4=O)cc3)cc1)C2=O,295.5,,GREA,561.15-576.15,"[576.15, 561.15]",2,10.60660172,yellow
polymer_7206,[*]c1ccc2c(c1)C(=O)N(c1ccc(Oc3cccc(Oc4ccc(N5C(=O)c6ccc(C([*])(C(F)(F)F)C(F)(F)F)cc6C5=O)cc4)c3)cc1)C2=O,241.5,,GREA,502.15-527.15,"[527.15, 502.15]",2,17.67766953,yellow
polymer_7207,[*]c1ccc2c(c1)C(=O)N(c1ccc(S(=O)(=O)c3ccc(N4C(=O)c5ccc(C([*])(C(F)(F)F)C(F)(F)F)cc5C4=O)cc3)cc1)C2=O,336.5,,GREA,609.15-610.15,"[610.15, 609.15]",2,0.707106781,yellow
polymer_7208,[*]c1ccc2c(c1)C(=O)N(c1ccc(S(=O)(=O)c3ccc(N4C(=O)c5ccc([*])cc5C4=O)cc3)cc1)C2=O,340.0,,GREA,603.15-623.15,"[623.15, 603.15]",2,14.14213562,yellow
polymer_7209,[*]c1ccc2c(c1)C(=O)N(c1cccc(Oc3cccc(Oc4cccc(N5C(=O)c6ccc(C([*])(C(F)(F)F)C(F)(F)F)cc6C5=O)c4)c3)c1)C2=O,206.5,,GREA,479.15-480.15,"[480.15, 479.15]",2,0.707106781,yellow
polymer_7210,[*]c1ccc2c(c1)C(=O)N(c1cccc(S(=O)(=O)c3cccc(N4C(=O)c5ccc(C([*])(C(F)(F)F)C(F)(F)F)cc5C4=O)c3)c1)C2=O,275.0,,GREA,544.15-552.15,"[544.15, 552.15]",2,5.656854249,yellow
polymer_7211,[*]c1ccc2c(c1)C(CC(CC)CCCC)(CC(CC)CCCC)c1cc([*])ccc1-2,44.0,,GREA,302.15-332.15,"[302.15, 332.15]",2,21.21320344,yellow
polymer_7212,[*]c1ccc2c(c1)C(CCCCCC)(CCCCCC)c1cc([*])ccc1-2,102.5,,GREA,374.15-377.15,"[377.15, 374.15]",2,2.121320344,yellow
polymer_7213,[*]c1ccc2c(c1)C(CCCCCCCC)(CCCCCCCC)c1cc(-c3ccc([*])c4nsnc34)ccc1-2,113.25,,GREA,385.15-387.65,"[387.65, 385.15]",2,1.767766953,yellow
polymer_7214,[*]c1ccc2c3ccc(-c4ccc(-c5ccc(-c6ccc([*])s6)c6nsnc56)s4)cc3n(C(CCCCCCCC)CCCCCCCC)c2c1,121.0,,GREA,389.15-399.15,"[399.15, 389.15]",2,7.071067812,yellow
polymer_7215,[*]c1ccc2nc(-c3ccccc3)c(-c3ccc(-c4nc5cc([*])ccc5nc4-c4ccccc4)cc3)nc2c1,367.42500000000007,poly(phenylquinoxaline),GREA,638.15-643.0,"[638.15, 643.0]",2,3.429467889,yellow
polymer_7216,[*]c1cccc(Oc2ccc(C(c3ccc(Oc4cccc(-n5c(=O)c6cc7c(=O)n([*])c(=O)c7cc6c5=O)c4)cc3)(C(F)(F)F)C(F)(F)F)cc2)c1,226.5,,GREA,491.15-508.15,"[508.15, 491.15]",2,12.02081528,yellow
polymer_7217,[*]c1cccc(Oc2cccc(-n3c(=O)c4cc5c(=O)n([*])c(=O)c5cc4c3=O)c2)c1,285.25,,GREA,556.65-560.15,"[556.65, 560.15]",2,2.474873734,yellow
polymer_7218,[*]c1nc(C(F)(F)C(F)(F)OC(F)(F)F)nc(C(F)(F)C(F)(F)C(F)(F)C([*])(F)F)n1,-18.649999999999977,Perfluoropolymer 2 ,Schrodinger,254.0-255.0,"[255.0, 254.0]",2,0.707106781,yellow
polymer_7219,[*]c1nc(C(F)(F)F)nc(C(F)(OC(F)(F)C(F)(F)C(F)(F)C(F)(F)C(F)(F)C(F)(F)OC([*])(F)C(F)(F)F)C(F)(F)F)n1,-13.649999999999977,Perfluoropolymer 1,Schrodinger,259.0-260.0,"[260.0, 259.0]",2,0.707106781,yellow
polymer_7220,[*]=CCCC(=[*])C,-66.99999999999997,Polyisoprene (cis),GREA,204.0-217.0,"[206.15, 204.0, 217.0]",3,6.968321175,gold
polymer_7221,[*]=CCCC(=[*])Cl,-48.14999999999998,Polychloroprene ,GREA,221.0-253.15,"[253.15, 225.0, 221.0]",3,17.52162949,gold
polymer_7222,[*]=CCCC=[*],-90.99999999999997,"1,4-polybutadiene",GREA,174.0-183.0,"[182.15, 183.0, 174.0]",3,4.968987154,gold
polymer_7223,[*]C(=O)c1ccc(N2C(=O)c3ccc(C(=O)c4ccc5c(c4)C(=O)N(c4ccc([*])cc4)C5=O)cc3C2=O)cc1,293.0,,GREA,558.15-567.15,"[567.15, 566.15, 558.15]",3,4.932882862,gold
polymer_7224,[*]C(=O)c1ccc(Oc2ccc(Oc3ccc([*])cc3)cc2)cc1,145.85000000000002,"Poly(oxy- 1 ,4-phenylene-oxy- 1 ,4-phenylene-carbonyl-1 ,4-phenylene)",GREA,418.0-420.65,"[420.65, 419.0, 418.0]",3,1.338220211,gold
polymer_7225,[*]C(=O)c1ccc2c(c1)C(=O)N(c1ccc(Cc3ccc(N4C(=O)c5ccc([*])cc5C4=O)cc3)cc1)C2=O,292.5,,GREA,557.15-579.15,"[568.15, 579.15, 563.15, 557.15]",4,9.322910847,gold
polymer_7226,[*]C(=O)c1ccc2c(c1)C(=O)N(c1ccc(Oc3ccc(N4C(=O)c5ccc([*])cc5C4=O)cc3)cc1)C2=O,290.0,,GREA,548.65-616.15,"[548.65, 563.15, 550.15, 616.15, 579.15]",5,27.83792377,gold
polymer_7227,[*]C(=O)c1ccc2c(c1)C(=O)N(c1cccc(C(=O)c3cccc(N4C(=O)c5ccc([*])cc5C4=O)c3)c1)C2=O,219.85000000000002,Polyimide,Qiu,153.0-555.7,"[537.15, 530.15, 555.7, 440.0, 463.0, 358.0, 523.0, 153.0]",8,134.8346262,red
polymer_7228,[*]C(=O)c1ccc2c(c1)C(=O)N(c1cccc(Cc3cccc(N4C(=O)c5ccc([*])cc5C4=O)c3)c1)C2=O,249.5,,GREA,505.15-545.15,"[522.65, 545.15, 505.15]",3,20.05201569,gold
polymer_7229,[*]C(=O)c1ccc2c(c1)C(=O)N(c1cccc(N3C(=O)c4ccc([*])cc4C3=O)c1)C2=O,300.0,,GREA,563.15-581.15,"[563.15, 573.15, 581.15]",3,9.018499506,gold
polymer_7230,[*]C(=O)c1cccc(-n2c(=O)c3cc4c(=O)n(-c5ccc([*])cc5)c(=O)c4cc3c2=O)c1,340.0,,GREA,594.15-614.15,"[613.15, 594.15, 614.15]",3,11.26942767,gold
polymer_7231,[*]C(=O)c1cccc(N2C(=O)c3ccc(C(=O)c4ccc5c(c4)C(=O)N(c4ccc([*])cc4)C5=O)cc3C2=O)c1,282.0,,GREA,550.15-555.65,"[555.65, 555.15, 550.15]",3,3.041381265,gold
polymer_7232,[*]C(=O)c1cccc(N2C(=O)c3ccc(Oc4ccc5c(c4)C(=O)N(c4cccc([*])c4)C5=O)cc3C2=O)c1,239.0,,Qiu,508.15-516.15,"[516.15, 512.15, 508.15]",3,4.0,gold
polymer_7233,[*]C(F)(F)C1(F)C(F)(F)C([*])(F)C(F)(F)C1(F)F,116.85000000000002,Perfluoropolymer 3,GREA,389.0-390.15,"[390.15, 390.0, 389.0]",3,0.625166644,gold
polymer_7234,[*]CC(C)O[*],-69.17499999999998,Poly(propylene glycol),GREA,200.0-206.0,"[202.95, 200.0, 206.0, 205.0]",4,2.649017113,gold
polymer_7235,[*]CC(C)S[*],-47.14999999999998,Poly(propylene sulfide) ,GREA,225.0-230.15,"[230.15, 226.0, 225.0]",3,2.730842361,gold
polymer_7236,[*]CC(COC)O[*],-62.14999999999998,Poly(3-methoxypropylene oxide) ,GREA,209.0-211.15,"[211.15, 211.0, 209.0]",3,1.200347172,gold
polymer_7237,[*]CC([*])(C)C,-74.14999999999998,Poly(isobutene),GREA,193.0-202.0,"[201.15, 202.0, 193.0, 199.0, 197.0]",5,3.605481937,gold
polymer_7238,[*]CC([*])(C)C(=O)OC,108.92500000000001,poly(methyl methacrylate),GREA,350.0-393.0,"[381.15, 393.0, 388.0, 373.0, 383.0, 350.0]",6,15.28998855,red
polymer_7239,[*]CC([*])(C)C(=O)OC(C)(C)C,106.85000000000002,Poly(t-butyl methacrylate) ,GREA,379.0-380.15,"[380.15, 380.0, 379.0]",3,0.625166644,gold
polymer_7240,[*]CC([*])(C)C(=O)OC(C)CC,56.85000000000002,Poly(sec-butyl methacrylate),GREA,328.0-333.15,"[333.15, 330.0, 328.0]",3,2.596311486,gold
polymer_7241,[*]CC([*])(C)C(=O)OCC,19.850000000000023,Poly(1-(Diethylamino)ethyl methacrylate),GREA,291.0-339.15,"[339.15, 293.0, 291.0]",3,27.24042645,gold
polymer_7242,[*]CC([*])(C)C(=O)OCC(C)(C)C,32.85000000000002,Poly(neopentyl methacrylate) ,GREA,304.0-311.15,"[311.15, 306.0, 304.0]",3,3.688834504,gold
polymer_7243,[*]CC([*])(C)C(=O)OCC(C)O,75.35000000000002,Poly(2-hydroxypropyl methacrylate),GREA,345.0-349.15,"[349.15, 345.0, 349.0, 348.0]",4,1.927163287,gold
polymer_7244,[*]CC([*])(C)C(=O)OCCC,34.85000000000002,Poly(n-propyl methacrylate) ,GREA,306.0-316.15,"[316.15, 308.0, 306.0]",3,5.376569538,gold
polymer_7245,[*]CC([*])(C)C(=O)OCCC(C)(C)C,44.85000000000002,"Poly(3,3-dimethylbutyl methacrylate)",GREA,316.0-318.15,"[318.15, 318.0, 316.0]",3,1.200347172,gold
polymer_7246,[*]CC([*])(C)C(=O)OCCCC,22.42500000000001,poly(butyl methacrylate),GREA,286.0-300.0,"[298.15, 300.0, 293.0, 286.0]",4,6.268755193,gold
polymer_7247,[*]CC([*])(C)C(=O)OCCCCCC,-6.649999999999977,poly(hexyl methacrylate),GREA,253.0-268.15,"[268.15, 253.0, 268.0, 265.0]",4,7.173257628,gold
polymer_7248,[*]CC([*])(C)C(=O)OCCCl,89.85000000000002,Poly(2-chloroethyl methacrylate) ,GREA,336.15-365.0,"[336.15, 365.0, 363.0]",3,16.11027105,gold
polymer_7249,[*]CC([*])(C)C(=O)OCc1ccccc1,54.0,Poly(benzyl methacrylate),GREA,327.0-328.0,"[327.15, 328.0, 327.0]",3,0.539289656,gold
polymer_7250,[*]CC([*])(C)c1ccccc1,168.0,poly(alpha-methylstyrene),GREA,193.0-446.0,"[441.15, 193.0, 446.0]",3,144.6898666,gold
polymer_7251,[*]CC([*])(Cl)C(=O)OCC,91.85000000000002,Poly(ethyl a-chloroacrylate) ,GREA,357.15-366.0,"[357.15, 366.0, 365.0]",3,4.846734296,gold
polymer_7252,[*]CC([*])C,-24.649999999999977,Poly(propylene),GREA,229.0-270.15,"[270.15, 264.0, 233.0, 229.0]",4,21.04215511,gold
polymer_7253,[*]CC([*])C#N,109.85000000000002,Poly(acrylonitrile),GREA,368.15-393.0,"[368.15, 383.0, 393.0]",3,12.50363281,gold
polymer_7254,[*]CC([*])C(=O)NC(C)C,85.15000000000003,Poly(N-isopropyl acrylamide),GREA,305.0-407.77,"[407.77, 403.0, 305.0, 313.6]",4,55.61979167,gold
polymer_7255,[*]CC([*])C(=O)O,104.85000000000002,Poly(acrylic acid),GREA,374.0-388.15,"[388.15, 374.0, 378.0]",3,7.294347126,gold
polymer_7256,[*]CC([*])C(=O)OC,8.850000000000023,Poly(methyl acrylate) ,GREA,279.0-283.15,"[283.15, 281.0, 283.0, 279.0]",4,1.9550682,gold
polymer_7257,[*]CC([*])C(=O)OC(C)(C)C,40.85000000000002,Poly(t-butyl acrylate),GREA,313.15-315.0,"[313.15, 315.0, 314.0]",3,0.926012959,gold
polymer_7258,[*]CC([*])C(=O)OC(C)CC,-20.149999999999977,Poly(sec-butyl acrylate),GREA,250.0-253.15,"[253.15, 253.0, 250.0]",3,1.776935564,gold
polymer_7259,[*]CC([*])C(=O)OCC,-22.149999999999977,Poly(ethyl acrylate) ,GREA,249.0-253.15,"[253.15, 251.0, 249.0]",3,2.075451758,gold
polymer_7260,[*]CC([*])C(=O)OCC(C)C,-24.149999999999977,Poly(isobutyl acrylate) ,GREA,243.0-298.15,"[298.15, 249.0, 243.0]",3,30.2579053,gold
polymer_7261,[*]CC([*])C(=O)OCCC,-41.32499999999999,Poly(n-propyl acrylate) ,GREA,228.0-236.0,"[234.65, 229.0, 236.0, 228.0]",4,3.999661444,gold
polymer_7262,[*]CC([*])C(=O)OCCCC,-51.57499999999999,Poly(tert-butyl acrylate),GREA,218.0-311.0,"[224.15, 311.0, 219.0, 218.0]",4,45.38838646,gold
polymer_7263,[*]CC([*])C(=O)OCCCCCCCC,-65.14999999999998,Poly(n-octyl acrylate) ,GREA,207.0-208.15,"[208.15, 208.0, 207.0]",3,0.625166644,gold
polymer_7264,[*]CC([*])C(=O)OCCCCCCCCC,-60.14999999999998,Poly(n-nonyl acrylate) ,GREA,184.15-215.0,"[184.15, 215.0, 213.0]",3,17.26289373,gold
polymer_7265,[*]CC([*])C(C)C,48.85000000000002,Poly(isopropylethylene),GREA,292.0-333.15,"[333.15, 292.0, 323.0, 321.0]",4,17.67759293,gold
polymer_7266,[*]CC([*])C(F)(F)C(F)(F)C(F)(F)F,57.85000000000002,Poly[(heptafluoropropyl)ethylene] ,GREA,330.0-331.15,"[331.15, 331.0, 330.0]",3,0.625166644,gold
polymer_7267,[*]CC([*])C(F)(F)C(F)(F)F,40.85000000000002,Poly[(pentafluoroethyl)ethylene] ,GREA,313.0-314.15,"[314.15, 314.0, 313.0]",3,0.625166644,gold
polymer_7268,[*]CC([*])C(F)(F)F,26.850000000000023,"Poly(3,3,3-trifluoropropylene) ",GREA,298.0-302.65,"[302.65, 300.0, 298.0]",3,2.332559395,gold
polymer_7269,[*]CC([*])C1CCCC1,74.85000000000002,Poly(vinyl cyclopentane) ,GREA,347.0-348.15,"[348.15, 348.0, 347.0]",3,0.625166644,gold
polymer_7270,[*]CC([*])C1CCCCC1,104.77500000000003,poly(vinylcyclohexane),GREA,362.0-420.0,"[392.85, 420.0, 363.0, 362.0]",4,27.67951634,gold
polymer_7271,[*]CC([*])CC,-36.64999999999998,Poly(butylene),GREA,226.0-249.05,"[249.05, 245.0, 228.0, 226.0]",4,11.70757412,gold
polymer_7272,[*]CC([*])CCC,-35.14999999999998,Poly(propylethylene),GREA,236.15-316.0,"[236.15, 238.0, 316.0]",3,45.5767576,gold
polymer_7273,[*]CC([*])N1CCCC1=O,144.85000000000002,Poly(N-vinyl pyrrolidone),GREA,417.0-431.15,"[431.15, 418.0, 417.0]",3,7.896676516,gold
polymer_7274,[*]CC([*])O,79.67500000000001,Poly(vinyl alcohol),GREA,290.0-358.0,"[349.65, 290.0, 358.0, 356.0]",4,32.47071437,gold
polymer_7275,[*]CC([*])OC,-26.974999999999966,Poly(methyl vinyl ether),GREA,242.0-251.0,"[247.35, 245.0, 251.0, 242.0]",4,3.802055365,gold
polymer_7276,[*]CC([*])OC(=O)C(F)(F)F,45.85000000000002,Poly(vinyl trifluoroacetate) ,GREA,318.0-328.15,"[328.15, 319.0, 318.0]",3,5.593820996,gold
polymer_7277,[*]CC([*])OC(=O)CC,9.850000000000023,Poly(vinyl propionate) ,GREA,281.0-285.05,"[285.05, 283.0, 281.0]",3,2.02505144,gold
polymer_7278,[*]CC([*])OC(C)C,-4.149999999999977,Poly(vinyl isopropyl ether) ,GREA,265.65-270.0,"[265.65, 270.0, 269.0]",3,2.278340039,gold
polymer_7279,[*]CC([*])OC(C)CC,-22.149999999999977,Poly(vinyl sec-butyl ether) ,GREA,247.15-253.0,"[247.15, 253.0, 251.0]",3,2.973353886,gold
polymer_7280,[*]CC([*])OC=O,32.35000000000002,Poly(vinyl formate),GREA,302.0-310.15,"[310.15, 307.0, 304.0, 302.0]",4,3.560986521,gold
polymer_7281,[*]CC([*])OCC,-26.57499999999999,Poly(ethyl vinyl ether),GREA,234.0-254.0,"[240.15, 234.0, 254.0, 253.0]",4,9.818212244,gold
polymer_7282,[*]CC([*])OCC(C)C,-22.07499999999999,Poly(isobutyl vinyl ether),GREA,249.0-255.0,"[251.15, 255.0, 251.0, 249.0]",4,2.507779562,gold
polymer_7283,[*]CC([*])OCCCCC,-66.14999999999998,Poly(vinyl n-pentyl ether),GREA,206.0-207.15,"[207.15, 207.0, 206.0]",3,0.625166644,gold
polymer_7284,[*]CC([*])OCCCCCC,-69.57499999999999,Poly(hexyl vinyl ether),GREA,198.0-209.0,"[199.15, 198.0, 209.0, 208.0]",4,5.763878179,gold
polymer_7285,[*]CC([*])OCCCCCCCC,-79.82499999999999,Poly(octyl vinyl ether),GREA,192.0-194.0,"[193.65, 193.0, 194.0, 192.0]",4,0.878801267,gold
polymer_7286,[*]CC([*])OCCCCCCCCCC,-76.14999999999998,Poly(vinyl n-decyl ether) ,GREA,196.0-211.15,"[211.15, 197.0, 196.0]",3,8.472947146,gold
polymer_7287,[*]CC([*])SC,-1.1499999999999773,Poly(vinyl methyl sulfide) ,GREA,270.0-272.15,"[272.15, 272.0, 270.0]",3,1.200347172,gold
polymer_7288,[*]CC([*])c1cc(C)ccc1C,142.85000000000002,"Poly(2,5-dimethyl styrene) ",GREA,415.0-416.15,"[416.15, 416.0, 415.0]",3,0.625166644,gold
polymer_7289,[*]CC([*])c1ccc(-c2ccccc2)cc1,137.85000000000002,Poly(p-phenyl styrene) ,GREA,410.0-434.65,"[434.65, 411.0, 410.0]",3,13.95197119,gold
polymer_7290,[*]CC([*])c1ccc(Br)cc1,140.35000000000002,Poly(4-bromostyrene),GREA,405.15-417.0,"[405.15, 411.0, 417.0, 416.0]",4,5.434208774,gold
polymer_7291,[*]CC([*])c1ccc(C(=O)OC)cc1,112.85000000000002,Poly(p-methoxycarbonyl styrene) ,GREA,385.0-395.15,"[395.15, 386.0, 385.0]",3,5.593820996,gold
polymer_7292,[*]CC([*])c1ccc(C(C)(C)C)cc1,128.85000000000002,Poly(p-t-butyl styrene),GREA,401.0-411.15,"[411.15, 402.0, 401.0]",3,5.593820996,gold
polymer_7293,[*]CC([*])c1ccc(C)c(C)c1,110.85000000000002,"Poly(3,4-dimethyl styrene) ",GREA,380.0-384.15,"[384.15, 384.0, 380.0]",3,2.353897477,gold
polymer_7294,[*]CC([*])c1ccc(C)cc1,100.85000000000002,Poly(p-methyl styrene) ,GREA,373.0-376.15,"[376.15, 374.0, 373.0]",3,1.609606577,gold
polymer_7295,[*]CC([*])c1ccc(C)cc1C,111.85000000000002,"Poly(2,4-dimethyl styrene) ",GREA,384.0-385.15,"[385.15, 385.0, 384.0]",3,0.625166644,gold
polymer_7296,[*]CC([*])c1ccc(CCCC)cc1,5.850000000000023,Poly(p-n-butyl styrene) ,GREA,278.0-279.15,"[279.15, 279.0, 278.0]",3,0.625166644,gold
polymer_7297,[*]CC([*])c1ccc(COC)cc1,76.85000000000002,Poly(p-methoxymethyl styrene),GREA,349.0-350.15,"[350.15, 350.0, 349.0]",3,0.625166644,gold
polymer_7298,[*]CC([*])c1ccc(COCCC)cc1,21.850000000000023,Poly(p-n-propoxymethyl styrene) ,GREA,293.0-295.15,"[295.15, 295.0, 293.0]",3,1.200347172,gold
polymer_7299,[*]CC([*])c1ccc(Cl)c(F)c1,121.85000000000002,Poly(3-fluoro-4-chloro styrene) ,GREA,394.0-395.15,"[395.15, 395.0, 394.0]",3,0.625166644,gold
polymer_7300,[*]CC([*])c1ccc(Cl)cc1,119.92500000000001,Poly(4-chlorostyrene),GREA,388.0-398.0,"[397.15, 398.0, 389.0, 388.0]",4,5.266778744,gold
polymer_7301,[*]CC([*])c1ccc(Cl)cc1Cl,132.85000000000002,"Poly(2,4-dichloro styrene) ",GREA,403.0-408.15,"[408.15, 406.0, 403.0]",3,2.586664519,gold
polymer_7302,[*]CC([*])c1ccc(F)cc1,103.85000000000002,Poly(4-fluorostyrene),GREA,368.15-379.0,"[368.15, 376.0, 379.0, 378.0]",4,4.919074269,gold
polymer_7303,[*]CC([*])c1ccc(OC)cc1,88.85000000000002,Poly(p-methoxy styrene) ,GREA,360.0-381.55,"[381.55, 362.0, 360.0]",3,11.90661581,gold
polymer_7304,[*]CC([*])c1ccc(OCCC)cc1,69.85000000000002,Poly(p-n-propoxy styrene),GREA,337.0-343.15,"[343.15, 343.0, 337.0]",3,3.508204669,gold
polymer_7305,[*]CC([*])c1ccc(OCCCC)cc1,46.85000000000002,Poly(p-n-butoxy styrene) ,GREA,319.0-325.15,"[325.15, 320.0, 319.0]",3,3.30012626,gold
polymer_7306,[*]CC([*])c1cccc(C)c1,94.85000000000002,Poly(m-methyl styrene) ,GREA,348.15-374.0,"[348.15, 370.0, 374.0, 366.0]",4,11.40273176,gold
polymer_7307,[*]CC([*])c1ccccc1,95.96000000000004,atactic polystyrene,GREA,305.0-382.0,"[373.05, 368.22, 305.0, 382.0, 345.0, 370.0]",6,28.37330465,red
polymer_7308,[*]CC([*])c1ccccc1Cl,118.92500000000001,Poly(2-chlorostyrene),GREA,390.0-395.0,"[392.15, 395.0, 392.0, 390.0]",4,2.056848317,gold
polymer_7309,[*]CC([*])c1ccccn1,103.85000000000002,Poly(o-vinyl pyridine) ,GREA,376.0-378.15,"[378.15, 377.0, 376.0]",3,1.07587174,gold
polymer_7310,[*]CC([*])c1ccncc1,141.85000000000002,Poly(p-vinyl pyridine) ,GREA,413.0-423.15,"[423.15, 415.0, 413.0]",3,5.376569538,gold
polymer_7311,[*]CC([*])n1c2ccccc2c2ccccc21,149.85000000000002,Poly(N-vinyl carbazole),GREA,422.0-498.15,"[498.15, 423.0, 422.0]",3,43.67940972,gold
polymer_7312,[*]CC1CC([*])OC(CCC)O1,54.42500000000001,Poly(vinyl butyral),GREA,323.0-343.0,"[331.15, 343.0, 324.0, 323.0]",4,9.219397576,gold
polymer_7313,[*]CC1CC([*])OCO1,103.85000000000002,Poly(vinyl formal) ,GREA,341.15-378.0,"[341.15, 378.0, 377.0]",3,20.9926376,gold
polymer_7314,[*]CCCCC(=O)OCCCCCCCCCCOC([*])=O,-57.14999999999998,Poly(decamethylene adipate) ,GREA,205.15-217.0,"[205.15, 217.0, 216.0]",3,6.571973321,gold
polymer_7315,[*]CCCCC(=O)OCCCCOC([*])=O,-68.14999999999998,Poly(tetramethylene adipate) ,GREA,203.0-207.15,"[207.15, 205.0, 203.0]",3,2.075451758,gold
polymer_7316,[*]CCCCCCCCC(=O)NCCCCCCNC([*])=O,39.85000000000002,Poly(hexamethylene sebacamide) ,GREA,310.0-318.15,"[318.15, 313.0, 310.0]",3,4.121993854,gold
polymer_7317,[*]CCCCCCCCC(=O)OCCOC([*])=O,-29.649999999999977,Poly(ethylene sebacate),GREA,241.0-250.15,"[250.15, 244.0, 243.0, 241.0]",4,3.944061992,gold
polymer_7318,[*]CCCCCCCCCCCNC([*])=O,38.35000000000002,Poly(dodecano-12-lactam),GREA,308.0-315.15,"[315.15, 313.0, 310.0, 308.0]",4,3.16580032,gold
polymer_7319,[*]CCCCCNC([*])=O,55.72500000000002,Poly(6-aminohexanoic acid),GREA,324.0-335.0,"[324.75, 324.0, 335.0, 333.0]",4,5.625,gold
polymer_7320,[*]CCCCCOC([*])=O,54.950000000000045,Poly(caprolactone),GREA,208.0-388.0,"[213.15, 208.0, 324.0, 332.2, 388.0, 373.0]",6,78.03543052,gold
polymer_7321,[*]CCCCOCCCC[*],-70.14999999999998,Polyoxyoctamethylene ,GREA,201.0-260.15,"[260.15, 203.0, 201.0]",3,33.58780781,gold
polymer_7322,[*]CCOC(=O)CCC([*])C,-53.14999999999998,Poly(oxycarbonyl-3-methylpentamethylene) ,GREA,219.0-220.15,"[220.15, 220.0, 219.0]",3,0.625166644,gold
polymer_7323,[*]CCOCC[*],-83.64999999999998,Poly(tetramethylene glycol),GREA,188.0-193.15,"[193.15, 189.0, 190.0, 188.0]",4,2.229863598,gold
polymer_7324,[*]CCOC[*],-78.14999999999998,Polyoxytrimethylene ,GREA,194.0-199.55,"[199.55, 195.0, 194.0]",3,2.958180747,gold
polymer_7325,[*]CCc1ccc([*])cc1,69.85000000000002,Poly(p-xylene),GREA,338.15-358.0,"[338.15, 343.0, 358.0]",3,10.3484701,gold
polymer_7326,[*]CCc1ccc([*])cc1C,54.85000000000002,Poly(methyl-p-xylylene) ,GREA,327.0-330.65,"[330.65, 328.0, 327.0]",3,1.886133611,gold
polymer_7327,[*]COCC([*])(CCl)CCl,-8.149999999999977,"Poly(oxy-2,2-dichloromethyltrimethylene) ",GREA,260.0-279.65,"[279.65, 265.0, 260.0]",3,10.21228835,gold
polymer_7328,[*]COC[*],-15.649999999999977,Poly(ethylene glycol),GREA,217.15-298.0,"[217.15, 225.0, 298.0, 290.0]",4,42.35117816,gold
polymer_7329,[*]CO[*],-56.14999999999998,Polyoxymethylene ,GREA,202.15-218.0,"[202.15, 218.0, 217.0]",3,8.876420074,gold
polymer_7330,[*]C[*],-53.99999999999997,Poly(ethylene),GREA,197.0-394.0,"[219.15, 200.0, 394.0, 197.0, 331.0]",5,89.29733759,gold
polymer_7331,[*]NCCCCCCNC(=O)c1cccc(C([*])=O)c1,128.85000000000002,Poly(hexamethylene isophthalamide) ,GREA,393.15-403.0,"[393.15, 403.0, 402.0]",3,5.421331325,gold
polymer_7332,[*]OC(C)C([*])=O,51.35000000000002,poly(l - lactic acid),GREA,192.0-333.0,"[331.55, 318.4, 333.0, 320.0, 331.0, 330.0, 313.0, 192.0, 316.0, 329.0]",10,42.57738347,red
polymer_7333,[*]OCCOC(=O)c1ccc(C([*])=O)c2ccccc12,63.85000000000002,"Poly(ethylene- 1 ,4-naphthalenedicarboxylate) ",GREA,335.0-337.15,"[337.15, 337.0, 335.0]",3,1.200347172,gold
polymer_7334,[*]OCCOC(=O)c1ccc(C([*])=O)cc1,74.85000000000002,Poly(ethylene terephthalate),GREA,344.0-353.0,"[350.15, 344.0, 353.0, 346.0, 348.0]",5,3.512762446,gold
polymer_7335,[*]OCCOC(=O)c1ccc2cc(C([*])=O)ccc2c1,121.42500000000001,"Poly(ethylene 2,6-naphthalate)",GREA,392.0-397.0,"[393.15, 392.0, 397.0, 396.0]",4,2.349955673,gold
polymer_7336,[*]O[Si]([*])(C)C,-124.14999999999998,Poly(dimethylsiloxane),GREA,146.0-150.35,"[150.35, 148.0, 146.0, 150.0]",4,2.011788176,gold
polymer_7337,[*]Oc1ccc(C([*])=O)cc1,146.85000000000002,Poly(p-hydroxybenzoate),GREA,419.0-434.15,"[434.15, 420.0, 419.0]",3,8.472947146,gold
polymer_7338,[*]Oc1ccc(Oc2ccc3c(c2)C(=O)N(c2ccc(Oc4ccc(N5C(=O)c6ccc([*])cc6C5=O)cc4)cc2)C3=O)cc1,241.0,,GREA,505.15-533.65,"[533.65, 518.15, 510.15, 505.15]",4,12.45909975,gold
polymer_7339,[*]Oc1ccc(Oc2cccc3c2C(=O)N(c2ccc(Oc4ccc(N5C(=O)c6cccc([*])c6C5=O)cc4)cc2)C3=O)cc1,254.0,,GREA,510.15-542.15,"[536.15, 518.15, 542.15, 510.15]",4,15.0,gold
polymer_7340,[*]Oc1ccc(Sc2ccc(OC([*])=O)cc2)cc1,113.35000000000002,"Poly(4,4'-thiodiphenylene carbonate)",GREA,383.15-388.0,"[383.15, 386.0, 388.0, 387.0]",4,2.091002551,gold
polymer_7341,[*]Oc1ccc2c(c1)C(=O)N(c1ccc(Oc3ccc(N4C(=O)c5ccc([*])cc5C4=O)cc3)cc1)C2=O,269.0,,GREA,515.15-551.15,"[538.15, 543.15, 542.15, 551.15, 515.15]",5,13.59043781,gold
polymer_7342,[*]Oc1ccc2c(c1)C(=O)N(c1ccc(Oc3ccc(Oc4ccc(N5C(=O)c6ccc([*])cc6C5=O)cc4)cc3)cc1)C2=O,247.5,,GREA,511.15-526.15,"[511.15, 523.15, 518.15, 526.15]",4,6.557438524,gold
polymer_7343,[*]Oc1ccc2c(c1)C(=O)N(c1cccc(S(=O)(=O)c3cccc(N4C(=O)c5ccc([*])cc5C4=O)c3)c1)C2=O,246.0,,GREA,517.15-526.15,"[519.15, 517.15, 526.15]",3,4.725815626,gold
polymer_7344,[*]Sc1ccc([*])cc1,86.85000000000002,Poly[thio(p-phenylene)] ,GREA,359.0-363.15,"[363.15, 360.0, 359.0]",3,2.165833173,gold
polymer_7345,[*]Sc1cccc2c1C(=O)N(c1ccc(Oc3ccc(N4C(=O)c5ccc([*])cc5C4=O)cc3)cc1)C2=O,267.5,,Qiu,536.15-555.15,"[539.15, 536.15, 555.15, 542.15]",4,8.366600265,gold
polymer_7346,[*]c1ccc(-c2ccc(-n3c(=O)c4cc5c(=O)n([*])c(=O)c5cc4c3=O)cc2C(F)(F)F)c(C(F)(F)F)c1,379.0,,GREA,631.15-673.15,"[631.15, 673.15, 652.15]",3,21.0,gold
polymer_7347,[*]c1ccc(OC(=O)Oc2ccc(C([*])(C)CCC)cc2)cc1,136.85000000000002,"Poly[2,2-pentane bis(4-phenyl)carbonate]",GREA,409.0-410.15,"[410.15, 410.0, 409.0]",3,0.625166644,gold
polymer_7348,[*]c1ccc(OC(=O)Oc2ccc(C([*])(CCC)CCC)cc2)cc1,147.85000000000002,"Poly[4,4-heptane bis(4-phenyl)carbonate]",GREA,420.0-421.15,"[421.15, 421.0, 420.0]",3,0.625166644,gold
polymer_7349,[*]c1ccc(OC(=O)Oc2ccc(C([*])C(C)C)cc2)cc1,148.85000000000002,"Poly[1,1-(2-methyl propane) bis(4-phenyl)carbonate]",GREA,421.0-422.15,"[422.15, 422.0, 421.0]",3,0.625166644,gold
polymer_7350,[*]c1ccc(OC(=O)Oc2ccc(C([*])CCC)cc2)cc1,122.85000000000002,"Poly[1,1-butane bis(4-phenyl)carbonate] ",GREA,395.0-396.15,"[396.15, 396.0, 395.0]",3,0.625166644,gold
polymer_7351,[*]c1ccc(Oc2ccc(-n3c(=O)c4cc5c(=O)n([*])c(=O)c5cc4c3=O)cc2)cc1,385.0,,GREA,634.15-673.15,"[658.15, 634.15, 673.15]",3,19.67231557,gold
polymer_7352,[*]c1ccc(Oc2ccc(N3C(=O)c4ccc(-c5ccc6c(c5)C(=O)N(c5ccc(Oc7ccc(C([*])(C)C)cc7)cc5)C6=O)cc4C3=O)cc2)cc1,237.5,,GREA,502.15-533.15,"[503.15, 533.15, 518.15, 502.15]",4,14.62873884,gold
polymer_7353,[*]c1ccc2c(c1)C(=O)N(c1ccc(-c3ccc(N4C(=O)c5ccc(C([*])(C(F)(F)F)C(F)(F)F)cc5C4=O)cc3C(F)(F)F)c(C(F)(F)F)c1)C2=O,327.0,,GREA,588.15-635.15,"[593.15, 635.15, 608.15, 600.15, 588.15]",5,18.48512916,gold
polymer_7354,[*]c1ccc2c(c1)C(=O)N(c1ccc(-c3ccc(N4C(=O)c5ccc([*])cc5C4=O)cc3C(F)(F)F)c(C(F)(F)F)c1)C2=O,323.75,,GREA,560.15-616.15,"[590.65, 616.15, 560.15, 603.15]",4,23.96307924,gold
polymer_7355,[*]c1ccc2c(c1)C(=O)N(c1ccc(Cc3ccc(N4C(=O)c5ccc([*])cc5C4=O)cc3)cc1)C2=O,308.0,,GREA,571.15-584.15,"[571.15, 584.15, 581.15]",3,6.806859286,gold
polymer_7356,[*]c1ccc2c(c1)C(=O)N(c1ccc(N3C(=O)c4ccc(C([*])(C(F)(F)F)C(F)(F)F)cc4C3=O)cc1)C2=O,355.5,,GREA,599.15-643.15,"[624.15, 599.15, 643.15, 633.15]",4,18.83923211,gold
polymer_7357,[*]c1ccc2c(c1)C(=O)N(c1ccc(N3C(=O)c4cccc([*])c4C3=O)cc1)C2=O,405.0,,GREA,618.15-683.65,"[683.65, 618.15, 678.15]",3,36.33295107,gold
polymer_7358,[*]c1ccc2c(c1)C(=O)N(c1ccc(Oc3ccc(C(c4ccc(Oc5ccc(N6C(=O)c7ccc(C([*])(C(F)(F)F)C(F)(F)F)cc7C6=O)cc5)cc4)(C(F)(F)F)C(F)(F)F)cc3)cc1)C2=O,247.0,,GREA,504.85-535.15,"[533.15, 507.15, 535.15, 504.85]",4,16.29997444,gold
polymer_7359,[*]c1ccc2c(c1)C(=O)N(c1ccc(Oc3ccc(Oc4ccc(N5C(=O)c6ccc([*])cc6C5=O)cc4)cc3)cc1)C2=O,278.0,,GREA,530.15-566.15,"[538.15, 566.15, 530.15, 556.15, 551.15]",5,14.32480366,gold
polymer_7360,[*]c1ccc2c(c1)C(=O)N(c1ccc(Oc3cccc(Oc4ccc(N5C(=O)c6cccc([*])c6C5=O)cc4)c3)cc1)C2=O,248.0,,GREA,484.15-532.15,"[532.15, 484.15, 521.15]",3,25.14623895,gold
polymer_7361,[*]c1ccc2c(c1)C(=O)N(c1cccc(N3C(=O)c4ccc(C([*])(C(F)(F)F)C(F)(F)F)cc4C3=O)c1)C2=O,298.0,,GREA,570.15-576.15,"[571.15, 570.15, 576.15]",3,3.214550254,gold
polymer_7362,[*]c1ccc2c(c1)C(=O)N(c1cccc(N3C(=O)c4ccc([*])cc4C3=O)c1)C2=O,333.25,,GREA,605.15-673.15,"[606.4, 673.15, 605.15]",3,38.90399508,gold
polymer_7363,[*]c1ccc2c(c1)C(=O)N(c1cccc(Oc3cccc(N4C(=O)c5cccc([*])c5C4=O)c3)c1)C2=O,245.0,,Qiu,516.15-519.15,"[519.15, 516.15, 518.15]",3,1.527525232,gold
polymer_7364,[*]c1ccc2c(c1)C(=O)N(c1cccc(Oc3cccc(Oc4cccc(N5C(=O)c6ccc([*])cc6C5=O)c4)c3)c1)C2=O,205.0,,GREA,473.15-481.15,"[481.15, 479.15, 473.15, 478.15, 477.15]",5,2.966479395,gold
polymer_7365,[*]c1ccc2c(c1)C(CCCCCCCC)(CCCCCCCC)c1cc([*])ccc1-2,71.0,"poly(9,9-dioctylfluorene)",GREA,328.15-348.0,"[328.15, 344.15, 348.0]",3,10.52651414,gold
polymer_7366,[*]c1cccc2c1C(=O)N(c1ccc(Oc3ccc(N4C(=O)c5cccc([*])c5C4=O)cc3)cc1)C2=O,306.0,,Qiu,535.15-603.15,"[603.15, 535.15, 592.15, 579.15, 569.15]",5,26.09214441,gold
